[
  {
    "op": "add",
    "path": "/fpHandTransformByType/knifeblade-antler",
    "value": {
      "translation": {
        "x": 0.1,
        "y": 0.2,
        "z": 0.4
      },
      "rotation": {
        "x": -20,
        "y": 71,
        "z": 61
      },
      "scale": 2.77
    },
    "file": "game:itemtypes/toolhead/knifeblade.json"
  },
  {
    "op": "add",
    "path": "/guiTransformByType/knifeblade-antler",
    "value": {
      "rotate": false,
      "translation": {
        "x": 0,
        "y": 0,
        "z": 0
      },
      "rotation": {
        "x": -8,
        "y": -152,
        "z": 142
      },
      "origin": {
        "x": 0.49,
        "y": 0.06,
        "z": 0.56
      },
      "scale": 3.4
    },
    "file": "game:itemtypes/toolhead/knifeblade.json"
  },
  {
    "op": "add",
    "path": "/texturesByType/knifeblade-antler",
    "value": {
      "material": {
        "base": "game:block/bonesrotten"
      },
      "string": {
        "base": "game:block/transparent"
      },
      "handle": {
        "base": "game:block/transparent"
      }
    },
    "file": "game:itemtypes/toolhead/knifeblade.json"
  },
  {
    "op": "add",
    "path": "/tpHandTransformByType/knifeblade-antler",
    "value": {
      "translation": {
        "x": -0.74,
        "y": -0.11,
        "z": -0.48
      },
      "rotation": {
        "x": 0,
        "y": 0,
        "z": -10
      },
      "scale": 1
    },
    "file": "game:itemtypes/toolhead/knifeblade.json"
  },
  {
    "op": "add",
    "path": "/variantgroups/0/states/15",
    "value": "antler",
    "file": "game:itemtypes/toolhead/knifeblade.json"
  },
  
  
      {
    "op": "move",
    "frompath": "/texturesByType/*",
	 "path": "/hax",
    "file": "game:itemtypes/toolhead/knifeblade.json"
  },
  {
    "op": "move",
    "frompath": "/hax",
	 "path": "/texturesByType/*",
    "file": "game:itemtypes/toolhead/knifeblade.json"
  }
  

]