[
  {
    "op": "add",
    "path": "/attackpowerbytype/knife-antler",
    "value": 0.75,
    "file": "game:itemtypes/tool/knife.json"
  },
  {
    "op": "add",
    "path": "/durabilitybytype/knife-antler",
    "value": 50,
    "file": "game:itemtypes/tool/knife.json"
  },
  {
    "op": "add",
    "path": "/miningspeedbytype/knife-antler",
    "value": {
      "plant": 1
    },
    "file": "game:itemtypes/tool/knife.json"
  },
  {
    "op": "add",
    "path": "/shapeByType/knife-antler",
    "value": {
      "base": "item/tool/knife-stone"
    },
    "file": "game:itemtypes/tool/knife.json"
  },
  {
    "op": "add",
    "path": "/texturesByType/knife-antler",
    "value": {
      "material": {
        "base": "game:block/bonesrotten"
      }
    },
    "file": "game:itemtypes/tool/knife.json"
  },
  {
    "op": "add",
    "path": "/variantgroups/0/states/15",
    "value": "antler",
    "file": "game:itemtypes/tool/knife.json"
  },
  
  
  
  {
    "op": "add",
    "path": "/attackpowerbytype/knife-bone-antler",
    "value": 0.75,
    "file": "game:itemtypes/tool/knife.json"
  },
  {
    "op": "add",
    "path": "/durabilitybytype/knife-bone-antler",
    "value": 50,
    "file": "game:itemtypes/tool/knife.json"
  },
  {
    "op": "add",
    "path": "/miningspeedbytype/knife-bone-antler",
    "value": {
      "plant": 1
    },
    "file": "game:itemtypes/tool/knife.json"
  },
  {
    "op": "add",
    "path": "/shapeByType/knife-bone-antler",
    "value": {
      "base": "item/tool/knife-stone"
    },
    "file": "game:itemtypes/tool/knife.json"
  },
  {
    "op": "add",
    "path": "/texturesByType/knife-bone-antler",
    "value": {
      "material": {
        "base": "game:block/bonesrotten"
      },
	  "handle": { base: "game:block/bone-yellow" }
    },
    "file": "game:itemtypes/tool/knife.json"
  },
  {
    "op": "add",
    "path": "/variantgroups/0/states/15",
    "value": "bone-antler",
    "file": "game:itemtypes/tool/knife.json"
  },
  
  {
    "op": "move",
    "frompath": "/shapeByType/*",
	 "path": "/hax",
    "file": "game:itemtypes/tool/knife.json"
  },
  {
    "op": "move",
    "frompath": "/hax",
	 "path": "/shapeByType/*",
    "file": "game:itemtypes/tool/knife.json"
  },
  
      {
    "op": "move",
    "frompath": "/texturesByType/*",
	 "path": "/hax",
    "file": "game:itemtypes/tool/knife.json"
  },
  {
    "op": "move",
    "frompath": "/hax",
	 "path": "/texturesByType/*",
    "file": "game:itemtypes/tool/knife.json"
  }

]