[
  {
    "op": "add",
    "path": "/guiTransformByType/arrowhead-antler",
    "value": {
      "translation": {
        "x": 7,
        "y": -3,
        "z": 0
      },
      "rotation": {
        "x": -56,
        "y": 32,
        "z": 0
      },
      "origin": {
        "x": 0.85,
        "y": 0.76,
        "z": 0.1
      },
      "scale": 5.46
    },
    "file": "game:itemtypes/toolhead/arrowhead.json"
  },
  {
    "op": "add",
    "path": "/shapeByType/arrowhead-antler",
    "value": {
      "base": "game:item/tool/arrowhead-stone"
    },
    "file": "game:itemtypes/toolhead/arrowhead.json"
  },
  {
    "op": "add",
    "path": "/texturesByType/arrowhead-antler",
    "value": {
      "material": {
        "base": "game:block/bonesrotten"
      }
    },
    "file": "game:itemtypes/toolhead/arrowhead.json"
  },
  {
    "op": "add",
    "path": "/variantgroups/0/states/10",
    "value": "antler",
    "file": "game:itemtypes/toolhead/arrowhead.json"
  },

  
  
      {
    "op": "move",
    "frompath": "/texturesByType/*",
	 "path": "/hax",
    "file": "game:itemtypes/toolhead/arrowhead.json"
  },
  {
    "op": "move",
    "frompath": "/hax",
	 "path": "/texturesByType/*",
    "file": "game:itemtypes/toolhead/arrowhead.json"
  }
]