[
 {
  ingredients: [
    {inputs: [{ type: "item", code: "game:vegetable-bellpepper",  quantity: 1 }]},
    {inputs: [{ type: "item", code: "expandedfoods:choppedvegetable-*", allowedVariants: ["carrot", "cabbage", "onion", "turnip", "parsnip", "pumpkin", "cassava", "bellpepper"], quantity: 1 }, { type: "item", code: "expandedfoods:choppedmushroom-*", quantity: 1 }, { type: "item", code: "expandedfoods:meatnugget-*-raw", quantity: 1 }, { type: "item", code: "expandedfoods:meatnugget-*-cured", quantity: 1 }, { type: "item", code: "expandedfoods:agedmeat-*-raw", quantity: 1 }, { type: "item", code: "expandedfoods:sausage-*-raw", quantity: 1 }, { type: "item", code: "expandedfoods:sausage-*-dried", quantity: 1 }, { type: "item", code: "game:grain-*", quantity: 1 }, { type: "item", code: "expandedfoods:dryfruit-*", quantity: 1 }, { type: "item", code: "expandedfoods:dehydratedfruit-*", quantity: 1 }, { type: "item", code: "game:fruit-pineapple", quantity: 1 }, { type: "item", code: "game:cheese-cheddar-1slice", quantity: 1 }, { type: "item", code: "game:cheese-blue-1slice", quantity: 1 }, { type: "item", code: "game:cottagecheeseportion", quantity: 1 }, {"type":  "item", "code":  "game:pickledvegetable-*", "allowedVariants":  ["cabbage", "bellpepper"] }]},
    {inputs: [{ type: "item", code: "game:honeyportion",  quantity: 10 }, { type: "item", code: "aculinaryartillery:eggyolkfullportion-*", quantity: 10 }, { type: "item", code: "aculinaryartillery:eggyolkportion-*", quantity: 10 }, { type: "item", code: "aculinaryartillery:eggwhiteportion", quantity: 10 }, { type: "item", code: "expandedfoods:foodoilportion-*",  quantity: 10 }, { type: "item", code: "expandedfoods:treesyrupportion-*",  quantity: 10 }, { type: "item", code: "expandedfoods:fruitsyrupportion-*",  quantity: 10 }, { type: "item", code: "expandedfoods:lard",  quantity: 10 }, { type: "item", code: "expandedfoods:peanutliquid-butter",  quantity: 10 }, { type: "item", code: "expandedfoods:peanutliquid-sauce",  quantity: 10 },]},
    {inputs: [{ type: "item", code: "expandedfoods:acornbreadcrumbs-*", quantity: 1 }]},  
    {inputs: [{ type: "item", code: "game:flour-*", quantity: 1 }, { type: "item", code: "acorns:flour-acorn", quantity: 1 }]},
  ],
  output: { type: "item", code: "expandedfoods:acornstuffedpepper-raw", stackSize: 1}
 },
 {
  ingredients: [
    {inputs: [{ type: "item", code: "game:vegetable-bellpepper",  quantity: 1 }]},
    {inputs: [{ type: "item", code: "expandedfoods:choppedvegetable-*", allowedVariants: ["carrot", "cabbage", "onion", "turnip", "parsnip", "pumpkin", "cassava", "bellpepper"], quantity: 1 }, { type: "item", code: "expandedfoods:choppedmushroom-*", quantity: 1 },  { type: "item", code: "expandedfoods:meatnugget-*-raw", quantity: 1 }, { type: "item", code: "expandedfoods:meatnugget-*-cured", quantity: 1 }, { type: "item", code: "expandedfoods:agedmeat-*-raw", quantity: 1 }, { type: "item", code: "expandedfoods:sausage-*-raw", quantity: 1 }, { type: "item", code: "expandedfoods:sausage-*-dried", quantity: 1 }, { type: "item", code: "game:grain-*", quantity: 1 }, { type: "item", code: "expandedfoods:dryfruit-*", quantity: 1 }, { type: "item", code: "expandedfoods:dehydratedfruit-*", quantity: 1 }, { type: "item", code: "game:fruit-pineapple", quantity: 1 }, { type: "item", code: "game:cheese-cheddar-1slice", quantity: 1 }, { type: "item", code: "game:cheese-blue-1slice", quantity: 1 }, { type: "item", code: "game:cottagecheeseportion", quantity: 1 }, {"type":  "item", "code":  "game:pickledvegetable-*", "allowedVariants":  ["cabbage", "bellpepper"] }]},
    {inputs: [{ type: "item", code: "expandedfoods:choppedvegetable-*", allowedVariants: ["carrot", "cabbage", "onion", "turnip", "parsnip", "pumpkin", "cassava", "bellpepper"], quantity: 1 }, { type: "item", code: "expandedfoods:choppedmushroom-*", quantity: 1 },  { type: "item", code: "expandedfoods:meatnugget-*-raw", quantity: 1 }, { type: "item", code: "expandedfoods:meatnugget-*-cured", quantity: 1 }, { type: "item", code: "expandedfoods:agedmeat-*-raw", quantity: 1 }, { type: "item", code: "expandedfoods:sausage-*-raw", quantity: 1 }, { type: "item", code: "expandedfoods:sausage-*-dried", quantity: 1 }, { type: "item", code: "game:grain-*", quantity: 1 }, { type: "item", code: "expandedfoods:dryfruit-*", quantity: 1 }, { type: "item", code: "expandedfoods:dehydratedfruit-*", quantity: 1 }, { type: "item", code: "game:fruit-pineapple", quantity: 1 }, { type: "item", code: "game:cheese-cheddar-1slice", quantity: 1 }, { type: "item", code: "game:cheese-blue-1slice", quantity: 1 }, { type: "item", code: "game:cottagecheeseportion", quantity: 1 }, {"type":  "item", "code":  "game:pickledvegetable-*", "allowedVariants":  ["cabbage", "bellpepper"] }]},
    {inputs: [{ type: "item", code: "game:honeyportion",  quantity: 10 }, { type: "item", code: "aculinaryartillery:eggyolkfullportion-*", quantity: 10 }, { type: "item", code: "aculinaryartillery:eggyolkportion-*", quantity: 10 }, { type: "item", code: "aculinaryartillery:eggwhiteportion", quantity: 10 }, { type: "item", code: "expandedfoods:foodoilportion-*",  quantity: 10 }, { type: "item", code: "expandedfoods:treesyrupportion-*",  quantity: 10 }, { type: "item", code: "expandedfoods:fruitsyrupportion-*",  quantity: 10 }, { type: "item", code: "expandedfoods:lard",  quantity: 10 }, { type: "item", code: "expandedfoods:peanutliquid-butter",  quantity: 10 }, { type: "item", code: "expandedfoods:peanutliquid-sauce",  quantity: 10 },]},
    {inputs: [{ type: "item", code: "expandedfoods:acornbreadcrumbs-*", quantity: 1 }]},  
    {inputs: [{ type: "item", code: "game:flour-*", quantity: 1 }, { type: "item", code: "acorns:flour-acorn", quantity: 1 }]},
  ],
  output: { type: "item", code: "expandedfoods:acornstuffedpepper-raw", stackSize: 1}
 },
 {
  ingredients: [
    {inputs: [{ type: "item", code: "game:vegetable-bellpepper",  quantity: 1 }]},
    {inputs: [{ type: "item", code: "expandedfoods:choppedvegetable-*", allowedVariants: ["carrot", "cabbage", "onion", "turnip", "parsnip", "pumpkin", "cassava", "bellpepper"], quantity: 1 }, { type: "item", code: "expandedfoods:choppedmushroom-*", quantity: 1 },  { type: "item", code: "expandedfoods:meatnugget-*-raw", quantity: 1 }, { type: "item", code: "expandedfoods:meatnugget-*-cured", quantity: 1 }, { type: "item", code: "expandedfoods:agedmeat-*-raw", quantity: 1 }, { type: "item", code: "expandedfoods:sausage-*-raw", quantity: 1 }, { type: "item", code: "expandedfoods:sausage-*-dried", quantity: 1 }, { type: "item", code: "game:grain-*", quantity: 1 }, { type: "item", code: "expandedfoods:dryfruit-*", quantity: 1 }, { type: "item", code: "expandedfoods:dehydratedfruit-*", quantity: 1 }, { type: "item", code: "game:fruit-pineapple", quantity: 1 }, { type: "item", code: "game:cheese-cheddar-1slice", quantity: 1 }, { type: "item", code: "game:cheese-blue-1slice", quantity: 1 }, { type: "item", code: "game:cottagecheeseportion", quantity: 1 }, {"type":  "item", "code":  "game:pickledvegetable-*", "allowedVariants":  ["cabbage", "bellpepper"] }]},
    {inputs: [{ type: "item", code: "game:honeyportion",  quantity: 10 }, { type: "item", code: "aculinaryartillery:eggyolkfullportion-*", quantity: 10 }, { type: "item", code: "aculinaryartillery:eggyolkportion-*", quantity: 10 }, { type: "item", code: "aculinaryartillery:eggwhiteportion", quantity: 10 }, { type: "item", code: "expandedfoods:foodoilportion-*",  quantity: 10 }, { type: "item", code: "expandedfoods:treesyrupportion-*",  quantity: 10 }, { type: "item", code: "expandedfoods:fruitsyrupportion-*",  quantity: 10 }, { type: "item", code: "expandedfoods:lard",  quantity: 10 }, { type: "item", code: "expandedfoods:peanutliquid-butter",  quantity: 10 }, { type: "item", code: "expandedfoods:peanutliquid-sauce",  quantity: 10 },]},
    {inputs: [{ type: "item", code: "expandedfoods:acornbreadcrumbs-*", quantity: 1 }]},  
    {inputs: [{ type: "item", code: "game:flour-*", quantity: 1 }, { type: "item", code: "acorns:flour-acorn", quantity: 1 }]},
    {inputs: [{ type: "item", code: "game:salt", quantity: 1 }]} 
  ],
  output: { type: "item", code: "expandedfoods:acornstuffedpepper-raw", stackSize: 1}
 }
]