{
	"editor": {
		"allAngles": false,
		"entityTextureMode": false
	},
	"textureWidth": 16,
	"textureHeight": 16,
	"textureSizes": {
	},
	"textures": {
		"accent": "game:block/wood/debarked/birch",
		"primary": "game:block/wood/debarked/maple",
		"beeswax": "fromgoldencombs:block/beehive/beeswax"
	},
	"elements": [
		{
			"name": "LargeBrood",
			"from": [ 7.2, 8.0, 1.5 ], 
			"to": [ 8.7, 9.3, 14.5 ], 
			"rotationOrigin": [ 8.7, 27.0, 15.5 ],
			"faces": {
				"north": { "texture": "#primary", "uv": [ 0.0, 0.0, 1.5, 1.0 ] },
				"east": { "texture": "#primary", "uv": [ 0.0, 0.0, 12.5, 1.0 ] },
				"south": { "texture": "#primary", "uv": [ 0.0, 0.0, 1.5, 1.0 ] },
				"west": { "texture": "#primary", "uv": [ 0.0, 0.0, 12.5, 1.0 ] },
				"up": { "texture": "#primary", "uv": [ 0.0, 0.0, 1.5, 12.5 ] },
				"down": { "texture": "#primary", "uv": [ 0.0, 0.0, 1.5, 12.5 ] }
			},
			"children": [
				{
					"name": "NorthTopEave",
					"from": [ -2.98, -1.01, 11.2 ], 
					"to": [ -1.98, 4.49, 12.2 ], 
					"rotationOrigin": [ -1.9799, -1.01, 12.2 ],
					"rotationX": -6.0E-6,
					"rotationY": -6.0E-6,
					"rotationZ": -89.499869,
					"faces": {
						"north": { "texture": "#primary", "uv": [ 0.0, 0.0, 1.0, 5.5 ] },
						"east": { "texture": "#primary", "uv": [ 0.0, 0.0, 1.0, 5.5 ] },
						"south": { "texture": "#primary", "uv": [ 0.0, 0.0, 1.0, 5.5 ] },
						"west": { "texture": "#primary", "uv": [ 0.0, 0.0, 1.0, 5.5 ] },
						"up": { "texture": "#primary", "uv": [ 0.0, 0.0, 1.0, 1.0 ] },
						"down": { "texture": "#primary", "uv": [ 0.0, 0.0, 1.0, 1.0 ] }
					},
					"children": [
						{
							"name": "NorthBottomEave",
							"from": [ 0.8168, -1.7165, -0.5 ], 
							"to": [ 1.8168, 7.2835, 0.7 ], 
							"rotationOrigin": [ 0.817, -1.7184, 0.7 ],
							"faces": {
								"north": { "texture": "#primary", "uv": [ 0.0, 0.0, 1.0, 9.0 ] },
								"east": { "texture": "#primary", "uv": [ 0.0, 0.0, 1.0, 9.0 ] },
								"south": { "texture": "#primary", "uv": [ 0.0, 0.0, 1.0, 9.0 ] },
								"west": { "texture": "#primary", "uv": [ 0.0, 0.0, 1.0, 9.0 ] },
								"up": { "texture": "#primary", "uv": [ 0.0, 0.0, 1.0, 1.0 ] },
								"down": { "texture": "#primary", "uv": [ 0.0, 0.0, 1.0, 1.0 ] }
							}
						},
						{
							"name": "EastRoof",
							"from": [ 1.8883, -4.4104, -10.6 ], 
							"to": [ 2.8883, 3.7896, 1.4 ], 
							"rotationOrigin": [ 2.8881, -4.4169, 1.4 ],
							"rotationX": 2.0E-6,
							"rotationY": -1.0E-6,
							"rotationZ": 22.499947,
							"faces": {
								"north": { "texture": "#accent", "uv": [ 0.0, 0.0, 1.0, 8.0 ] },
								"east": { "texture": "#accent", "uv": [ 0.0, 0.0, 12.0, 8.0 ] },
								"south": { "texture": "#accent", "uv": [ 0.0, 0.0, 1.0, 8.0 ] },
								"west": { "texture": "#accent", "uv": [ 0.0, 0.0, 12.0, 8.0 ] },
								"up": { "texture": "#accent", "uv": [ 0.0, 0.0, 1.0, 12.0 ] },
								"down": { "texture": "#accent", "uv": [ 0.0, 0.0, 1.0, 12.0 ] }
							}
						},
						{
							"name": "SouthTopEave",
							"from": [ 0.0065, 0.5021, -10.5 ], 
							"to": [ 1.0065, 5.4021, -9.5 ], 
							"rotationOrigin": [ 1.0066, 0.5, -9.5 ],
							"faces": {
								"north": { "texture": "#primary", "uv": [ 0.0, 0.0, 1.0, 4.5 ] },
								"east": { "texture": "#primary", "uv": [ 0.0, 0.0, 1.0, 4.5 ] },
								"south": { "texture": "#primary", "uv": [ 0.0, 0.0, 1.0, 4.5 ] },
								"west": { "texture": "#primary", "uv": [ 0.0, 0.0, 1.0, 4.5 ] },
								"up": { "texture": "#primary", "uv": [ 0.0, 0.0, 1.0, 1.0 ] },
								"down": { "texture": "#primary", "uv": [ 0.0, 0.0, 1.0, 1.0 ] }
							}
						},
						{
							"name": "WestRoof",
							"from": [ 1.0807, 10.3709, -10.7 ], 
							"to": [ 2.0807, 18.3709, 1.3 ], 
							"rotationOrigin": [ 2.0807, 10.3709, 1.3 ],
							"rotationX": 3.0E-6,
							"rotationY": -1.3E-5,
							"rotationZ": 156.499849,
							"faces": {
								"north": { "texture": "#accent", "uv": [ 0.0, 0.0, 1.0, 8.0 ] },
								"east": { "texture": "#accent", "uv": [ 0.0, 0.0, 12.0, 8.0 ] },
								"south": { "texture": "#accent", "uv": [ 0.0, 0.0, 1.0, 8.0 ] },
								"west": { "texture": "#accent", "uv": [ 0.0, 0.0, 12.0, 8.0 ] },
								"up": { "texture": "#accent", "uv": [ 0.0, 0.0, 1.0, 12.0 ] },
								"down": { "texture": "#accent", "uv": [ 0.0, 0.0, 1.0, 12.0 ] }
							}
						},
						{
							"name": "SouthBottomEave",
							"from": [ 0.815, -1.9165, -10.1 ], 
							"to": [ 1.815, 7.3835, -8.9 ], 
							"rotationOrigin": [ 0.8152, -1.9184, -8.9 ],
							"faces": {
								"north": { "texture": "#primary", "uv": [ 0.0, 0.0, 1.0, 9.0 ] },
								"east": { "texture": "#primary", "uv": [ 0.0, 0.0, 1.0, 9.0 ] },
								"south": { "texture": "#primary", "uv": [ 0.0, 0.0, 1.0, 9.0 ] },
								"west": { "texture": "#primary", "uv": [ 0.0, 0.0, 1.0, 9.0 ] },
								"up": { "texture": "#primary", "uv": [ 0.0, 0.0, 1.0, 1.0 ] },
								"down": { "texture": "#primary", "uv": [ 0.0, 0.0, 1.0, 1.0 ] }
							}
						}
					]
				},
				{
					"name": "Super1-NorthBarBottom43",
					"from": [ -4.4, -7.4, 10.5 ], 
					"to": [ 5.6, -2.4, 11.5 ], 
					"rotationOrigin": [ 0.6, -5.4, 6.5 ],
					"faces": {
						"north": { "texture": "#accent", "uv": [ 0.0, 0.0, 10.0, 5.0 ] },
						"east": { "texture": "#accent", "uv": [ 0.0, 0.0, 1.0, 5.0 ] },
						"south": { "texture": "#accent", "uv": [ 0.0, 0.0, 10.0, 5.0 ] },
						"west": { "texture": "#accent", "uv": [ 0.0, 0.0, 1.0, 5.0 ] },
						"up": { "texture": "#accent", "uv": [ 0.0, 0.0, 10.0, 1.0 ] },
						"down": { "texture": "#accent", "uv": [ 0.0, 0.0, 10.0, 1.0 ] }
					}
				},
				{
					"name": "Comb",
					"from": [ 0.39, -0.41, 13.0 ], 
					"to": [ 1.11, 1.72, 13.5 ], 
					"rotationOrigin": [ 1.0982, -0.3992, 13.5 ],
					"faces": {
						"north": { "texture": "#beeswax", "uv": [ 0.0, 0.0, 16.5, 16.0 ], "autoUv": false },
						"east": { "texture": "#beeswax", "uv": [ 0.0, 0.0, 0.5, 2.0 ] },
						"south": { "texture": "#beeswax", "uv": [ 0.0, 0.0, 0.5, 2.0 ] },
						"west": { "texture": "#beeswax", "uv": [ 0.0, 0.0, 0.5, 2.0 ] },
						"up": { "texture": "#beeswax", "uv": [ 0.0, 0.0, 0.5, 0.5 ] },
						"down": { "texture": "#beeswax", "uv": [ 0.0, 0.0, 0.5, 0.5 ] }
					},
					"children": [
						{
							"name": "Cube23",
							"from": [ -0.711, 0.71, 0.0 ], 
							"to": [ 1.419, 1.41, 0.5 ], 
							"rotationOrigin": [ 1.3949, 0.71, 0.5 ],
							"faces": {
								"north": { "texture": "#beeswax", "uv": [ 0.0, 0.0, 16.0, 15.5 ], "autoUv": false },
								"east": { "texture": "#beeswax", "uv": [ 0.0, 0.0, 16.0, 16.0 ], "autoUv": false },
								"south": { "texture": "#beeswax", "uv": [ 0.0, 0.0, 16.0, 16.0 ], "autoUv": false },
								"west": { "texture": "#beeswax", "uv": [ 0.0, 0.0, 16.0, 16.0 ], "autoUv": false },
								"up": { "texture": "#beeswax", "uv": [ 0.0, 0.0, 16.0, 16.0 ], "autoUv": false },
								"down": { "texture": "#beeswax", "uv": [ 0.0, 0.0, 16.0, 16.0 ], "autoUv": false }
							}
						},
						{
							"name": "Cube21",
							"from": [ -0.991, 0.01, 0.0 ], 
							"to": [ 0.009, 2.01, 0.5 ], 
							"rotationOrigin": [ 0.0019, 0.02, 0.5 ],
							"rotationX": -5.0E-6,
							"rotationY": -2.0E-6,
							"rotationZ": -44.999982,
							"faces": {
								"north": { "texture": "#beeswax", "uv": [ 0.0, 0.0, 16.0, 16.0 ], "autoUv": false },
								"east": { "texture": "#beeswax", "uv": [ 0.0, 0.0, 16.0, 16.0 ], "autoUv": false },
								"south": { "texture": "#beeswax", "uv": [ 0.0, 0.0, 16.0, 16.0 ], "autoUv": false },
								"west": { "texture": "#beeswax", "uv": [ 0.0, 0.0, 16.0, 16.0 ], "autoUv": false },
								"up": { "texture": "#beeswax", "uv": [ 0.0, 0.0, 16.0, 16.0 ], "autoUv": false },
								"down": { "texture": "#beeswax", "uv": [ 0.0, 0.0, 16.0, 16.0 ], "autoUv": false }
							}
						},
						{
							"name": "Cube24",
							"from": [ -0.99, 0.11, 0.0 ], 
							"to": [ 0.009, 2.13, 0.5 ], 
							"rotationOrigin": [ 0.0019, 2.12, 0.5 ],
							"rotationX": 5.0E-6,
							"rotationY": -2.0E-6,
							"rotationZ": 44.999982,
							"faces": {
								"north": { "texture": "#beeswax", "uv": [ 0.0, 0.0, 16.0, 16.0 ], "autoUv": false },
								"east": { "texture": "#beeswax", "uv": [ 0.0, 0.0, 16.0, 16.0 ], "autoUv": false },
								"south": { "texture": "#beeswax", "uv": [ 0.0, 0.0, 16.0, 16.0 ], "autoUv": false },
								"west": { "texture": "#beeswax", "uv": [ 0.0, 0.0, 16.0, 16.0 ], "autoUv": false },
								"up": { "texture": "#beeswax", "uv": [ 0.0, 0.0, 16.0, 16.0 ], "autoUv": false },
								"down": { "texture": "#beeswax", "uv": [ 0.0, 0.0, 16.0, 16.0 ], "autoUv": false }
							}
						}
					]
				},
				{
					"name": "Super1-West45",
					"from": [ 5.6, -7.4, 1.5 ], 
					"to": [ 6.6, -2.4, 11.5 ], 
					"rotationOrigin": [ 6.6, -7.4, 11.5 ],
					"faces": {
						"north": { "texture": "#primary", "uv": [ 0.0, 0.0, 1.0, 5.0 ] },
						"east": { "texture": "#primary", "uv": [ 0.0, 0.0, 10.0, 5.0 ] },
						"south": { "texture": "#primary", "uv": [ 0.0, 0.0, 1.0, 5.0 ] },
						"west": { "texture": "#primary", "uv": [ 0.0, 0.0, 10.0, 5.0 ] },
						"up": { "texture": "#primary", "uv": [ 0.0, 0.0, 1.0, 10.0 ] },
						"down": { "texture": "#primary", "uv": [ 0.0, 0.0, 1.0, 10.0 ] }
					},
					"children": [
						{
							"name": "Super1-East46",
							"from": [ -11.0, -1.0, 0.0 ], 
							"to": [ -10.0, 5.0, 10.0 ], 
							"rotationOrigin": [ -10.0, -1.0, 10.0 ],
							"faces": {
								"north": { "texture": "#primary", "uv": [ 0.0, 0.0, 1.0, 6.0 ] },
								"east": { "texture": "#primary", "uv": [ 0.0, 0.0, 10.0, 6.0 ] },
								"south": { "texture": "#primary", "uv": [ 0.0, 0.0, 1.0, 6.0 ] },
								"west": { "texture": "#primary", "uv": [ 0.0, 0.0, 10.0, 6.0 ] },
								"up": { "texture": "#primary", "uv": [ 0.0, 0.0, 1.0, 10.0 ] },
								"down": { "texture": "#primary", "uv": [ 0.0, 0.0, 1.0, 10.0 ] }
							}
						},
						{
							"name": "Super1-South44",
							"from": [ -10.0, 0.0, 0.0 ], 
							"to": [ 0.0, 5.0, 0.9 ], 
							"rotationOrigin": [ 0.0, 0.0, 0.9 ],
							"faces": {
								"north": { "texture": "#accent", "uv": [ 0.0, 0.0, 10.0, 5.0 ] },
								"east": { "texture": "#accent", "uv": [ 0.0, 0.0, 0.5, 5.0 ] },
								"south": { "texture": "#accent", "uv": [ 0.0, 0.0, 10.0, 5.0 ] },
								"west": { "texture": "#accent", "uv": [ 0.0, 0.0, 0.5, 5.0 ] },
								"up": { "texture": "#accent", "uv": [ 0.0, 0.0, 10.0, 0.5 ] },
								"down": { "texture": "#accent", "uv": [ 0.0, 0.0, 10.0, 0.5 ] }
							}
						},
						{
							"name": "BroodTop47",
							"from": [ -11.0, 5.0, 0.0 ], 
							"to": [ 1.0, 5.7, 10.0 ], 
							"rotationOrigin": [ 1.0, 4.9971, 10.0 ],
							"faces": {
								"north": { "texture": "#primary", "uv": [ 0.0, 0.0, 12.0, 0.5 ] },
								"east": { "texture": "#primary", "uv": [ 0.0, 0.0, 10.0, 0.5 ] },
								"south": { "texture": "#primary", "uv": [ 0.0, 0.0, 12.0, 0.5 ] },
								"west": { "texture": "#primary", "uv": [ 0.0, 0.0, 10.0, 0.5 ] },
								"up": { "texture": "#primary", "uv": [ 0.0, 0.0, 12.0, 10.0 ] },
								"down": { "texture": "#primary", "uv": [ 0.0, 0.0, 12.0, 10.0 ] }
							},
							"children": [
								{
									"name": "BroodBottom48",
									"from": [ 0.0, -5.7, 0.0 ], 
									"to": [ 12.0, -5.0, 10.0 ], 
									"rotationOrigin": [ 12.0, -5.7, 10.0 ],
									"faces": {
										"north": { "texture": "#accent", "uv": [ 0.0, 0.0, 12.0, 0.5 ] },
										"east": { "texture": "#accent", "uv": [ 0.0, 0.0, 10.0, 0.5 ] },
										"south": { "texture": "#accent", "uv": [ 0.0, 0.0, 12.0, 0.5 ] },
										"west": { "texture": "#accent", "uv": [ 0.0, 0.0, 10.0, 0.5 ] },
										"up": { "texture": "#accent", "uv": [ 0.0, 0.0, 12.0, 10.0 ] },
										"down": { "texture": "#accent", "uv": [ 0.0, 0.0, 12.0, 10.0 ] }
									}
								}
							]
						},
						{
							"name": "BaseRidgeWest51",
							"from": [ 1.0, -0.8, -0.5 ], 
							"to": [ 1.5, -0.3, 10.5 ], 
							"rotationOrigin": [ 1.5, -0.8, 10.5 ],
							"faces": {
								"north": { "texture": "#primary", "uv": [ 0.0, 0.0, 0.5, 0.5 ] },
								"east": { "texture": "#primary", "uv": [ 0.0, 0.0, 11.0, 0.5 ] },
								"south": { "texture": "#primary", "uv": [ 0.0, 0.0, 0.5, 0.5 ] },
								"west": { "texture": "#primary", "uv": [ 0.0, 0.0, 11.0, 0.5 ] },
								"up": { "texture": "#primary", "uv": [ 0.0, 0.0, 0.5, 11.0 ] },
								"down": { "texture": "#primary", "uv": [ 0.0, 0.0, 0.5, 11.0 ] }
							},
							"children": [
								{
									"name": "BaseRidgeSouth52",
									"from": [ -12.0, 0.0, 0.0 ], 
									"to": [ 0.0, 0.5, 0.5 ], 
									"rotationOrigin": [ 0.0, 0.0, 0.5 ],
									"faces": {
										"north": { "texture": "#primary", "uv": [ 0.0, 0.0, 12.0, 0.5 ] },
										"east": { "texture": "#primary", "uv": [ 0.0, 0.0, 0.5, 0.5 ] },
										"south": { "texture": "#primary", "uv": [ 0.0, 0.0, 12.0, 0.5 ] },
										"west": { "texture": "#primary", "uv": [ 0.0, 0.0, 0.5, 0.5 ] },
										"up": { "texture": "#primary", "uv": [ 0.0, 0.0, 12.0, 0.5 ] },
										"down": { "texture": "#primary", "uv": [ 0.0, 0.0, 12.0, 0.5 ] }
									}
								},
								{
									"name": "BaseRidgeEast53",
									"from": [ -12.5, 0.0, 0.0 ], 
									"to": [ -12.0, 0.5, 11.0 ], 
									"rotationOrigin": [ -12.0, 0.0, 11.0 ],
									"faces": {
										"north": { "texture": "#primary", "uv": [ 0.0, 0.0, 0.5, 0.5 ] },
										"east": { "texture": "#primary", "uv": [ 0.0, 0.0, 11.0, 0.5 ] },
										"south": { "texture": "#primary", "uv": [ 0.0, 0.0, 0.5, 0.5 ] },
										"west": { "texture": "#primary", "uv": [ 0.0, 0.0, 11.0, 0.5 ] },
										"up": { "texture": "#primary", "uv": [ 0.0, 0.0, 0.5, 11.0 ] },
										"down": { "texture": "#primary", "uv": [ 0.0, 0.0, 0.5, 11.0 ] }
									}
								},
								{
									"name": "BaseRidgeNorth54",
									"from": [ -12.0, 0.0, 10.5 ], 
									"to": [ 0.0, 0.5, 11.0 ], 
									"rotationOrigin": [ 0.0, 0.0, 11.0 ],
									"faces": {
										"north": { "texture": "#primary", "uv": [ 0.0, 0.0, 12.0, 0.5 ] },
										"east": { "texture": "#primary", "uv": [ 0.0, 0.0, 0.5, 0.5 ] },
										"south": { "texture": "#primary", "uv": [ 0.0, 0.0, 12.0, 0.5 ] },
										"west": { "texture": "#primary", "uv": [ 0.0, 0.0, 0.5, 0.5 ] },
										"up": { "texture": "#primary", "uv": [ 0.0, 0.0, 12.0, 0.5 ] },
										"down": { "texture": "#primary", "uv": [ 0.0, 0.0, 12.0, 0.5 ] }
									}
								}
							]
						}
					]
				},
				{
					"name": "EastHandle49",
					"from": [ -6.4, -5.8, 2.5 ], 
					"to": [ -5.4, -4.8, 10.5 ], 
					"rotationOrigin": [ -5.4, -5.8, 10.5 ],
					"faces": {
						"north": { "texture": "#accent", "uv": [ 0.0, 0.0, 1.0, 1.0 ] },
						"east": { "texture": "#accent", "uv": [ 0.0, 0.0, 8.0, 1.0 ] },
						"south": { "texture": "#accent", "uv": [ 0.0, 0.0, 1.0, 1.0 ] },
						"west": { "texture": "#accent", "uv": [ 0.0, 0.0, 8.0, 1.0 ] },
						"up": { "texture": "#accent", "uv": [ 0.0, 0.0, 1.0, 8.0 ] },
						"down": { "texture": "#accent", "uv": [ 0.0, 0.0, 1.0, 8.0 ] }
					},
					"children": [
						{
							"name": "WestHandle50",
							"from": [ 13.0, 0.0, 0.0 ], 
							"to": [ 14.0, 1.0, 8.0 ], 
							"rotationOrigin": [ 14.0, 0.0, 8.0 ],
							"faces": {
								"north": { "texture": "#accent", "uv": [ 0.0, 0.0, 1.0, 1.0 ] },
								"east": { "texture": "#accent", "uv": [ 0.0, 0.0, 8.0, 1.0 ] },
								"south": { "texture": "#accent", "uv": [ 0.0, 0.0, 1.0, 1.0 ] },
								"west": { "texture": "#accent", "uv": [ 0.0, 0.0, 8.0, 1.0 ] },
								"up": { "texture": "#accent", "uv": [ 0.0, 0.0, 1.0, 8.0 ] },
								"down": { "texture": "#accent", "uv": [ 0.0, 0.0, 1.0, 8.0 ] }
							}
						}
					]
				}
			]
		}
	]}