{
	"editor": {
		"allAngles": false,
		"entityTextureMode": false
	},
	"textureWidth": 16,
	"textureHeight": 16,
	"textureSizes": {
		"metal": [16,16],
		"wood": [16,16],
		"handle": [8,8]
	},
	"textures": {
	},
	"elements": [
		{
			"name": "origin",
			"from": [ 9.0, 0.5, 7.5 ], 
			"to": [ 9.0, 0.5, 7.5 ], 
			"rotationOrigin": [ 7.5, 0.0, 8.0 ],
			"faces": {
				"north": { "texture": "#string", "uv": [ 0.0, 0.0, 0.5, 0.5 ] },
				"east": { "texture": "#string", "uv": [ 0.0, 0.0, 0.5, 0.5 ] },
				"south": { "texture": "#string", "uv": [ 0.0, 0.0, 0.5, 0.5 ] },
				"west": { "texture": "#string", "uv": [ 0.0, 0.0, 0.5, 0.5 ] },
				"up": { "texture": "#string", "uv": [ 0.0, 0.0, 0.5, 0.5 ] },
				"down": { "texture": "#string", "uv": [ 0.0, 0.0, 0.5, 0.5 ] }
			},
			"children": [
				{
					"name": "Blade",
					"from": [ 0.0, -0.05, -1.75 ], 
					"to": [ 5.0, 0.25, 2.75 ], 
					"rotationOrigin": [ 0.0, -0.5, -1.1 ],
					"faces": {
						"north": { "texture": "#metal", "uv": [ 0.0, 0.0, 5.0, 0.5 ] },
						"east": { "texture": "#metal", "uv": [ 0.0, 0.0, 4.5, 0.5 ] },
						"south": { "texture": "#metal", "uv": [ 0.0, 0.0, 5.0, 0.5 ] },
						"west": { "texture": "#metal", "uv": [ 0.0, 0.0, 4.5, 0.5 ] },
						"up": { "texture": "#metal", "uv": [ 2.0, 1.5, 7.0, 6.0 ] },
						"down": { "texture": "#metal", "uv": [ 1.5, 1.5, 6.5, 6.0 ] }
					}
				},
				{
					"name": "Blade Tip U",
					"from": [ 5.0, 0.15, -1.75 ], 
					"to": [ 6.0, 0.25, 2.75 ], 
					"rotationOrigin": [ 5.0, 0.25, 1.5 ],
					"rotationZ": -6.0,
					"faces": {
						"north": { "texture": "#metal", "uv": [ 0.0, 0.0, 1.0, 0.5 ] },
						"east": { "texture": "#metal", "uv": [ 1.0, 0.0, 5.5, 0.5 ] },
						"south": { "texture": "#metal", "uv": [ 0.0, 0.0, 1.0, 0.5 ] },
						"west": { "texture": "#metal", "uv": [ 1.0, 0.0, 5.5, 0.5 ] },
						"up": { "texture": "#metal", "uv": [ 0.5, 6.5, 1.5, 11.0 ] },
						"down": { "texture": "#metal", "uv": [ 0.0, 5.0, 1.0, 9.5 ] }
					}
				},
				{
					"name": "Blade Tip D",
					"from": [ 5.0, -0.05, -1.75 ], 
					"to": [ 6.0, 0.15, 2.75 ], 
					"rotationOrigin": [ 5.0, 0.0, 1.5 ],
					"faces": {
						"north": { "texture": "#metal", "uv": [ 0.0, 0.0, 1.0, 0.5 ] },
						"east": { "texture": "#metal", "uv": [ 5.0, 0.0, 9.5, 0.5 ] },
						"south": { "texture": "#metal", "uv": [ 0.0, 0.0, 1.0, 0.5 ] },
						"west": { "texture": "#metal", "uv": [ 4.0, 0.0, 8.5, 0.5 ] },
						"up": { "texture": "#metal", "uv": [ 0.0, 0.0, 1.0, 4.5 ], "enabled": false },
						"down": { "texture": "#metal", "uv": [ 0.0, 0.0, 1.0, 4.5 ] }
					}
				},
				{
					"name": "Handle ring",
					"from": [ -0.25, -0.6, -0.2 ], 
					"to": [ 0.25, 0.8, 1.2 ], 
					"rotationOrigin": [ -0.2, -0.6, -0.2 ],
					"faces": {
						"north": { "texture": "#metal", "uv": [ 0.0, 0.0, 0.5, 1.0 ] },
						"east": { "texture": "#metal", "uv": [ 0.0, 0.0, 1.0, 1.0 ] },
						"south": { "texture": "#metal", "uv": [ 0.0, 0.0, 0.5, 1.0 ] },
						"west": { "texture": "#metal", "uv": [ 0.0, 0.0, 1.0, 1.0 ] },
						"up": { "texture": "#metal", "uv": [ 0.0, 0.0, 0.5, 1.0 ] },
						"down": { "texture": "#metal", "uv": [ 0.0, 0.0, 0.5, 1.0 ] }
					}
				}
			]
		}
	]}