{
  "code": "claypothive",
  "class": "claypothive",
  "entityClassByType": {"*-populated-*": "beclaypothive" },
  "storageFlags": 2,
  "maxstacksize": 1,
  "heldTpIdleAnimation": "holdbothhands",
  "variantgroups": [
      { "code": "populated", "states": [ "empty", "populated" ]},
      { "code": "harvestable", "states": [ "none", "harvestable" ]},
      { "code": "top", "states": [ "withtop", "notop" ]}
    ],
  "behaviorsByType": {
    "*-*-*-notop": [{ "name": "RightClickPickup" }]
    },
    "skipVariants": [
    "*-*-harvestable-notop",
    "*-empty-harvestable-*"
    ],
    "shapeByType": {
      "*-empty-none-notop": { "base": "block/hive/ceramic/claypothive-empty-none-notop" },
      "*-empty-none-withtop": { "base": "block/hive/ceramic/claypothive-empty-none-withtop" },
      "*-populated-none-notop": { "base": "block/hive/ceramic/claypothive-empty-none-notop" },
      "*-populated-none-withtop": { "base": "block/hive/ceramic/claypothive-empty-none-withtop" },
      "*-populated-harvestable-withtop": { "base": "block/hive/ceramic/claypothive-populated-harvestable-withtop" }
    },
    "lightAbsorption": 1,
    "sideopaque": { "all": false },
    "sidesolid": { "all": false },
    "blockmaterial": "Ceramic",
    "sounds": {
      "place": "game:block/planks",
      "ambientByType": { "*-populated-*-*": "game:creature/beehive" }
    },
    "tpHandTransform": {
    "translation": { "x": -0.9, "y": -0.4, "z": -0.7 },
    "rotation": { "x": 51, "y": 13, "z": -84 },
    "origin": { "x": 0.5, "y": 0.2, "z": 0.5 },
    "scale": 0.59
    },
    "groundTransform": {
      "scale": 2.01
    },
    "collisionboxesByType": {
      "*-*-*-notop": [
    { "x1": 0.25, "y1": 0.5625, "z1": 0.25, "x2": 0.75, "y2": 0.625, "z2": 0.75 },
    { "x1": 0.125, "y1": 0.125, "z1": 0.125, "x2": 0.875, "y2": 0.4375, "z2": 0.875 },
    { "x1": 0.1875, "y1": 0.4375, "z1": 0.1875, "x2": 0.8125, "y2": 0.5625, "z2": 0.8125 },
    { "x1": 0.1875, "y1": 0.0625, "z1": 0.1875, "x2": 0.8125, "y2": 0.125, "z2": 0.8125 },
    { "x1": 0.25, "y1": 0, "z1": 0.25, "x2": 0.75, "y2": 0.0625, "z2": 0.75 }
      ],
      "*-*-*-withtop": [
      { "x1": 0.3125, "y1": 0.625, "z1": 0.3125, "x2": 0.6875, "y2": 0.6875, "z2": 0.6875},
      { "x1": 0.25, "y1": 0.6875, "z1": 0.25, "x2": 0.75, "y2": 0.875, "z2": 0.75 },
      { "x1": 0.3125, "y1": 0.625, "z1": 0.3125, "x2": 0.6875, "y2": 0.6875, "z2": 0.6875},
      { "x1": 0.25, "y1": 0.5625, "z1": 0.25, "x2": 0.75, "y2": 0.625, "z2": 0.75 },
      { "x1": 0.125, "y1": 0.125, "z1": 0.125, "x2": 0.875, "y2": 0.4375, "z2": 0.875 },
      { "x1": 0.1875, "y1": 0.4375, "z1": 0.1875, "x2": 0.8125, "y2": 0.5625, "z2": 0.8125 },
      { "x1": 0.1875, "y1": 0.0625, "z1": 0.1875, "x2": 0.8125, "y2": 0.125, "z2": 0.8125 },
      { "x1": 0.25, "y1": 0, "z1": 0.25, "x2": 0.75, "y2": 0.0625, "z2": 0.75 }  
      ]
    },
    "selectionboxesByType": {
      "*-*-*-notop": [
      { "x1": 0.25, "y1": 0.5625, "z1": 0.25, "x2": 0.75, "y2": 0.625, "z2": 0.75 },
      { "x1": 0.125, "y1": 0.125, "z1": 0.125, "x2": 0.875, "y2": 0.4375, "z2": 0.875 },
      { "x1": 0.1875, "y1": 0.4375, "z1": 0.1875, "x2": 0.8125, "y2": 0.5625, "z2": 0.8125 },
      { "x1": 0.1875, "y1": 0.0625, "z1": 0.1875, "x2": 0.8125, "y2": 0.125, "z2": 0.8125 },
      { "x1": 0.25, "y1": 0, "z1": 0.25, "x2": 0.75, "y2": 0.0625, "z2": 0.75 }
      ],
      "*-*-*-withtop": [
      { "x1": 0.3125, "y1": 0.625, "z1": 0.3125, "x2": 0.6875, "y2": 0.6875, "z2": 0.6875},
      { "x1": 0.25, "y1": 0.6875, "z1": 0.25, "x2": 0.75, "y2": 0.875, "z2": 0.75 },
      { "x1": 0.3125, "y1": 0.625, "z1": 0.3125, "x2": 0.6875, "y2": 0.6875, "z2": 0.6875},
      { "x1": 0.25, "y1": 0.5625, "z1": 0.25, "x2": 0.75, "y2": 0.625, "z2": 0.75 },
      { "x1": 0.125, "y1": 0.125, "z1": 0.125, "x2": 0.875, "y2": 0.4375, "z2": 0.875 },
      { "x1": 0.1875, "y1": 0.4375, "z1": 0.1875, "x2": 0.8125, "y2": 0.5625, "z2": 0.8125 },
      { "x1": 0.1875, "y1": 0.0625, "z1": 0.1875, "x2": 0.8125, "y2": 0.125, "z2": 0.8125 },
      { "x1": 0.25, "y1": 0, "z1": 0.25, "x2": 0.75, "y2": 0.0625, "z2": 0.75 }  
      ]
    }

  }