[
  {
    "ingredientPattern": "TKT,LHL",
    "recipeGroup": 1,
    "ingredients": {
      "K": { "type": "item", "code": "game:knife-*", "isTool": true },
      "T": { "type": "item", "code": "spidersilk:silkthread" },
      "L": { "type": "item", "code": "game:leather-plain" },
      "H": { "type": "item", "code": "hide-medium-boar-normal" }
    },
    "width": 3,
    "height": 2,
    "output": { "type": "item", "code": "hideboots-boar-normal" }
  },
  {
    "ingredientPattern": "TKT,LHL",
    "recipeGroup": 1,
    "ingredients": {
      "K": { "type": "item", "code": "game:knife-*", "isTool": true },
      "T": { "type": "item", "code": "spidersilk:silkthread" },
      "L": { "type": "item", "code": "game:leather-plain" },
      "H": { "type": "item", "code": "hide-small-fox-*", "quantity": 2, "name": "coat" }
    },
    "width": 3,
    "height": 2,
    "output": { "type": "item", "code": "hideboots-fox-{coat}" }
  },
  {
    "ingredientPattern": "TKT,LHL",
    "recipeGroup": 1,
    "ingredients": {
      "K": { "type": "item", "code": "game:knife-*", "isTool": true },
      "T": { "type": "item", "code": "spidersilk:silkthread" },
      "L": { "type": "item", "code": "game:leather-plain" },
      "H": { "type": "item", "code": "hide-small-hare-*", "quantity": 2, "name": "coat" }
    },
    "width": 3,
    "height": 2,
    "output": { "type": "item", "code": "hideboots-hare-{coat}" }
  },
  {
    "ingredientPattern": "TKT,LHL",
    "recipeGroup": 1,
    "ingredients": {
      "K": { "type": "item", "code": "game:knife-*", "isTool": true },
      "T": { "type": "item", "code": "spidersilk:silkthread" },
      "L": { "type": "item", "code": "game:leather-plain" },
      "H": { "type": "item", "code": "hide-small-raccoon-normal", "quantity": 2 }
    },
    "width": 3,
    "height": 2,
    "output": { "type": "item", "code": "hideboots-raccoon-normal" }
  },
  {
    "ingredientPattern": "TKT,LHL",
    "recipeGroup": 1,
    "ingredients": {
      "K": { "type": "item", "code": "game:knife-*", "isTool": true },
      "T": { "type": "item", "code": "spidersilk:silkthread" },
      "L": { "type": "item", "code": "game:leather-plain" },
      "H": { "type": "item", "code": "hide-*-sheep-normal" }
    },
    "width": 3,
    "height": 2,
    "output": { "type": "item", "code": "hideboots-sheep-normal" }
  },
  {
    "ingredientPattern": "TKT,LHL",
    "recipeGroup": 1,
    "ingredients": {
      "K": { "type": "item", "code": "game:knife-*", "isTool": true },
      "T": { "type": "item", "code": "spidersilk:silkthread" },
      "L": { "type": "item", "code": "game:leather-plain" },
      "H": { "type": "item", "code": "hide-medium-wolf-normal" }
    },
    "width": 3,
    "height": 2,
    "output": { "type": "item", "code": "hideboots-wolf-wolf5" }
  }
]
