{
	"editor": {
		"allAngles": false,
		"entityTextureMode": false
	},
	"textureWidth": 16,
	"textureHeight": 16,
	"textureSizes": {
	},
	"textures": {
	},
	"elements": [
		{
			"name": "sign",
			"from": [ 1.0, 9.0, 0.0 ],
			"to": [ 15.0, 14.0, 1.0 ],
			"rotationOrigin": [ 7.0, 8.0, 0.0 ],
			"faces": {
				"north": { "texture": "#sign", "uv": [ 0.0, 0.0, 14.0, 5.0 ] },
				"east": { "texture": "#sign", "uv": [ 0.0, 0.0, 1.0, 5.0 ] },
				"south": { "texture": "#sign", "uv": [ 0.0, 0.0, 14.0, 5.0 ] },
				"west": { "texture": "#sign", "uv": [ 0.0, 0.0, 1.0, 5.0 ] },
				"up": { "texture": "#sign", "uv": [ 1.0, 8.0, 15.0, 9.0 ], "rotation": 180 },
				"down": { "texture": "#sign", "uv": [ 0.0, 0.0, 14.0, 1.0 ] }
			},
			"children": [
				{
					"name": "rahmen1",
					"from": [ 0.0, -1.0, 0.0 ],
					"to": [ 14.0, 0.0, 1.25 ],
					"rotationOrigin": [ 0.0, -1.0, 0.0 ],
					"faces": {
						"north": { "texture": "#rahmen", "uv": [ 0.0, 0.0, 14.0, 1.0 ] },
						"east": { "texture": "#rahmen", "uv": [ 0.0, 0.0, 1.0, 1.0 ] },
						"south": { "texture": "#rahmen", "uv": [ 0.0, 0.0, 14.0, 1.0 ] },
						"west": { "texture": "#rahmen", "uv": [ 0.0, 0.0, 1.0, 1.0 ] },
						"up": { "texture": "#rahmen", "uv": [ 0.0, 0.0, 14.0, 1.0 ] },
						"down": { "texture": "#rahmen", "uv": [ 0.0, 0.0, 14.0, 1.0 ] }
					}
				},
				{
					"name": "rahmen2",
					"from": [ 0.0, 5.0, 0.0 ],
					"to": [ 14.0, 6.0, 1.25 ],
					"rotationOrigin": [ 0.0, 5.0, 0.0 ],
					"faces": {
						"north": { "texture": "#rahmen", "uv": [ 0.0, 0.0, 14.0, 1.0 ] },
						"east": { "texture": "#rahmen", "uv": [ 0.0, 0.0, 1.0, 1.0 ] },
						"south": { "texture": "#rahmen", "uv": [ 0.0, 0.0, 14.0, 1.0 ] },
						"west": { "texture": "#rahmen", "uv": [ 0.0, 0.0, 1.0, 1.0 ] },
						"up": { "texture": "#rahmen", "uv": [ 0.0, 0.0, 14.0, 1.0 ] },
						"down": { "texture": "#rahmen", "uv": [ 0.0, 0.0, 14.0, 1.0 ] }
					}
				},
				{
					"name": "rahmen3",
					"from": [ 0.0, 0.0, 0.0 ],
					"to": [ 5.0, 1.0, 1.25 ],
					"rotationOrigin": [ 0.0, 0.0, 0.0 ],
					"rotationZ": 90.0,
					"faces": {
						"north": { "texture": "#rahmen", "uv": [ 0.0, 0.0, 5.0, 1.0 ] },
						"east": { "texture": "#rahmen", "uv": [ 0.0, 0.0, 1.0, 1.0 ] },
						"south": { "texture": "#rahmen", "uv": [ 0.0, 0.0, 5.0, 1.0 ] },
						"west": { "texture": "#rahmen", "uv": [ 0.0, 0.0, 1.0, 1.0 ] },
						"up": { "texture": "#rahmen", "uv": [ 0.0, 0.0, 5.0, 1.0 ] },
						"down": { "texture": "#rahmen", "uv": [ 0.0, 0.0, 5.0, 1.0 ] }
					}
				},
				{
					"name": "rahmen4",
					"from": [ 15.0, 0.0, 0.0 ],
					"to": [ 20.0, 1.0, 1.25 ],
					"rotationOrigin": [ 15.0, 0.0, 0.0 ],
					"rotationZ": 90.0,
					"faces": {
						"north": { "texture": "#rahmen", "uv": [ 0.0, 0.0, 5.0, 1.0 ] },
						"east": { "texture": "#rahmen", "uv": [ 0.0, 0.0, 1.0, 1.0 ] },
						"south": { "texture": "#rahmen", "uv": [ 0.0, 0.0, 5.0, 1.0 ] },
						"west": { "texture": "#rahmen", "uv": [ 0.0, 0.0, 1.0, 1.0 ] },
						"up": { "texture": "#rahmen", "uv": [ 0.0, 0.0, 5.0, 1.0 ] },
						"down": { "texture": "#rahmen", "uv": [ 0.0, 0.0, 5.0, 1.0 ] }
					}
				},
				{
					"name": "rahmen5",
					"from": [ 14.0, -1.0, 0.0 ],
					"to": [ 15.4, 0.0, 1.25 ],
					"rotationOrigin": [ 14.0, -1.0, 0.0 ],
					"rotationZ": 45.0,
					"faces": {
						"north": { "texture": "#rahmen", "uv": [ 0.0, 0.0, 1.0, 1.0 ] },
						"east": { "texture": "#rahmen", "uv": [ 0.0, 0.0, 1.0, 1.0 ] },
						"south": { "texture": "#rahmen", "uv": [ 0.0, 0.0, 1.0, 1.0 ] },
						"west": { "texture": "#rahmen", "uv": [ 0.0, 0.0, 1.0, 1.0 ] },
						"up": { "texture": "#rahmen", "uv": [ 0.0, 0.0, 1.0, 1.0 ] },
						"down": { "texture": "#rahmen", "uv": [ 0.0, 0.0, 1.0, 1.0 ] }
					}
				},
				{
					"name": "rahmen6",
					"from": [ -1.0, 0.0, 0.0 ],
					"to": [ 0.4, 1.0, 1.25 ],
					"rotationOrigin": [ -1.0, 0.0, 0.0 ],
					"rotationZ": -45.0,
					"faces": {
						"north": { "texture": "#rahmen", "uv": [ 0.0, 0.0, 1.0, 1.0 ] },
						"east": { "texture": "#rahmen", "uv": [ 0.0, 0.0, 1.0, 1.0 ] },
						"south": { "texture": "#rahmen", "uv": [ 0.0, 0.0, 1.0, 1.0 ] },
						"west": { "texture": "#rahmen", "uv": [ 0.0, 0.0, 1.0, 1.0 ] },
						"up": { "texture": "#rahmen", "uv": [ 0.0, 0.0, 1.0, 1.0 ] },
						"down": { "texture": "#rahmen", "uv": [ 0.0, 0.0, 1.0, 1.0 ] }
					}
				},
				{
					"name": "rahmen7",
					"from": [ 0.0, 6.0, 0.0 ],
					"to": [ 1.4, 7.0, 1.25 ],
					"rotationOrigin": [ 0.0, 6.0, 0.0 ],
					"rotationZ": -135.0,
					"faces": {
						"north": { "texture": "#rahmen", "uv": [ 0.0, 0.0, 1.0, 1.0 ] },
						"east": { "texture": "#rahmen", "uv": [ 0.0, 0.0, 1.0, 1.0 ] },
						"south": { "texture": "#rahmen", "uv": [ 0.0, 0.0, 1.0, 1.0 ] },
						"west": { "texture": "#rahmen", "uv": [ 0.0, 0.0, 1.0, 1.0 ] },
						"up": { "texture": "#rahmen", "uv": [ 0.0, 0.0, 1.0, 1.0 ] },
						"down": { "texture": "#rahmen", "uv": [ 0.0, 0.0, 1.0, 1.0 ] }
					}
				},
				{
					"name": "rahmen8",
					"from": [ 15.0, 5.0, 0.0 ],
					"to": [ 16.4, 6.0, 1.25 ],
					"rotationOrigin": [ 15.0, 5.0, 0.0 ],
					"rotationZ": 135.0,
					"faces": {
						"north": { "texture": "#rahmen", "uv": [ 0.0, 0.0, 1.0, 1.0 ] },
						"east": { "texture": "#rahmen", "uv": [ 0.0, 0.0, 1.0, 1.0 ] },
						"south": { "texture": "#rahmen", "uv": [ 0.0, 0.0, 1.0, 1.0 ] },
						"west": { "texture": "#rahmen", "uv": [ 0.0, 0.0, 1.0, 1.0 ] },
						"up": { "texture": "#rahmen", "uv": [ 0.0, 0.0, 1.0, 1.0 ] },
						"down": { "texture": "#rahmen", "uv": [ 0.0, 0.0, 1.0, 1.0 ] }
					}
				}
			]
		}
	]}