{
	"editor": {
		"allAngles": false,
		"entityTextureMode": false
	},
	"textureWidth": 16,
	"textureHeight": 16,
	"textureSizes": {
	},
	"textures": {
	},
	"elements": [
		{
			"name": "sign",
			"from": [ 7.95, 3.0, 0.0 ],
			"to": [ 56.08, 13.0, 0.1 ],
			"rotationOrigin": [ 8.0, 3.0, 0.0 ],
			"faces": {
				"north": { "texture": "#sign", "uv": [ 0.0, 0.0, 16.0, 10.0 ], "autoUv": false },
				"east": { "texture": "#sign", "uv": [ 0.0, 0.0, 0.5, 10.0 ] },
				"south": { "texture": "#sign", "uv": [ 0.0, 0.0, 16.0, 10.0 ], "autoUv": false, "windMode": [-1,-1,-1,-1] },
				"west": { "texture": "#sign", "uv": [ 0.0, 0.0, 0.5, 10.0 ], "windMode": [-1,-1,-1,-1] },
				"up": { "texture": "#sign", "uv": [ 0.0, 0.0, 16.0, 0.5 ], "autoUv": false, "windMode": [-1,-1,-1,-1] },
				"down": { "texture": "#sign", "uv": [ 0.0, 0.0, 16.0, 0.5 ], "autoUv": false, "windMode": [-1,-1,-1,-1] }
			},
			"children": [
				{
					"name": "sign2",
					"from": [ 0.05, -1.0, 0.02 ],
					"to": [ 26.05, 1.0, 0.07 ],
					"rotationOrigin": [ 0.05, -1.0, 0.0 ],
					"rotationZ": 3.0,
					"faces": {
						"north": { "texture": "#sign", "uv": [ 0.0, 0.0, 16.0, 2.0 ], "autoUv": false },
						"east": { "texture": "#sign", "uv": [ 0.0, 0.0, 0.5, 2.0 ] },
						"south": { "texture": "#sign", "uv": [ 0.0, 0.0, 16.0, 2.0 ], "autoUv": false, "windMode": [-1,-1,-1,-1] },
						"west": { "texture": "#sign", "uv": [ 0.0, 0.0, 0.5, 2.0 ] },
						"up": { "texture": "#sign", "uv": [ 0.0, 0.0, 16.0, 0.5 ], "autoUv": false, "windMode": [-1,-1,-1,-1] },
						"down": { "texture": "#sign", "uv": [ 0.0, 0.0, 16.0, 0.5 ], "autoUv": false, "windMode": [-1,-1,-1,-1] }
					}
				},
				{
					"name": "sign3",
					"from": [ 0.05, 9.0, 0.02 ],
					"to": [ 26.05, 11.0, 0.07 ],
					"rotationOrigin": [ 0.05, 11.0, 0.0 ],
					"rotationZ": -3.0,
					"faces": {
						"north": { "texture": "#sign", "uv": [ 0.0, 0.0, 16.0, 2.0 ], "autoUv": false },
						"east": { "texture": "#sign", "uv": [ 0.0, 0.0, 0.5, 2.0 ] },
						"south": { "texture": "#sign", "uv": [ 0.0, 0.0, 16.0, 2.0 ], "autoUv": false, "windMode": [-1,-1,-1,-1] },
						"west": { "texture": "#sign", "uv": [ 0.0, 0.0, 0.5, 2.0 ] },
						"up": { "texture": "#sign", "uv": [ 0.0, 0.0, 16.0, 0.5 ], "autoUv": false, "windMode": [-1,-1,-1,-1] },
						"down": { "texture": "#sign", "uv": [ 0.0, 0.0, 16.0, 0.5 ], "autoUv": false, "windMode": [-1,-1,-1,-1] }
					}
				},
				{
					"name": "sign4",
					"from": [ 48.05, -3.0, 0.02 ],
					"to": [ 74.05, -1.0, 0.07 ],
					"rotationOrigin": [ 48.05, -1.0, 0.0 ],
					"rotationZ": 177.0,
					"faces": {
						"north": { "texture": "#sign", "uv": [ 0.0, 0.0, 16.0, 2.0 ], "autoUv": false },
						"east": { "texture": "#sign", "uv": [ 0.0, 0.0, 0.5, 2.0 ] },
						"south": { "texture": "#sign", "uv": [ 0.0, 0.0, 16.0, 2.0 ], "autoUv": false, "windMode": [-1,-1,-1,-1] },
						"west": { "texture": "#sign", "uv": [ 0.0, 0.0, 0.5, 2.0 ] },
						"up": { "texture": "#sign", "uv": [ 0.0, 0.0, 16.0, 0.5 ], "autoUv": false, "windMode": [-1,-1,-1,-1] },
						"down": { "texture": "#sign", "uv": [ 0.0, 0.0, 16.0, 0.5 ], "autoUv": false, "windMode": [-1,-1,-1,-1] }
					}
				},
				{
					"name": "sign5",
					"from": [ 48.05, 11.0, 0.02 ],
					"to": [ 74.05, 13.0, 0.07 ],
					"rotationOrigin": [ 48.05, 11.0, 0.0 ],
					"rotationZ": -177.0,
					"faces": {
						"north": { "texture": "#sign", "uv": [ 0.0, 0.0, 16.0, 2.0 ], "autoUv": false },
						"east": { "texture": "#sign", "uv": [ 0.0, 0.0, 0.5, 2.0 ] },
						"south": { "texture": "#sign", "uv": [ 0.0, 0.0, 16.0, 2.0 ], "autoUv": false, "windMode": [-1,-1,-1,-1] },
						"west": { "texture": "#sign", "uv": [ 0.0, 0.0, 0.5, 2.0 ] },
						"up": { "texture": "#sign", "uv": [ 0.0, 0.0, 16.0, 0.5 ], "autoUv": false, "windMode": [-1,-1,-1,-1] },
						"down": { "texture": "#sign", "uv": [ 0.0, 0.0, 16.0, 0.5 ], "autoUv": false, "windMode": [-1,-1,-1,-1] }
					}
				}
			]
		},
		{
			"name": "band1",
			"from": [ 0.0, 0.0, 0.0 ],
			"to": [ 9.0, 0.3, 0.3 ],
			"rotationOrigin": [ 0.0, 0.0, 0.0 ],
			"rotationZ": 14.0,
			"faces": {
				"north": { "texture": "#band", "uv": [ 0.0, 0.0, 9.0, 0.5 ] },
				"east": { "texture": "#band", "uv": [ 0.0, 0.0, 0.5, 0.5 ] },
				"south": { "texture": "#band", "uv": [ 0.0, 0.0, 9.0, 0.5 ] },
				"west": { "texture": "#band", "uv": [ 0.0, 0.0, 0.5, 0.5 ] },
				"up": { "texture": "#band", "uv": [ 0.0, 0.0, 9.0, 0.5 ] },
				"down": { "texture": "#band", "uv": [ 0.0, 0.0, 9.0, 0.5 ] }
			},
			"children": [
				{
					"name": "band2",
					"from": [ 3.8708, 15.7247, 0.0 ],
					"to": [ 12.8708, 16.0247, 0.3 ],
					"rotationOrigin": [ 3.8708, 15.5247, 0.0 ],
					"rotationZ": -31.0,
					"faces": {
						"north": { "texture": "#band", "uv": [ 0.0, 0.0, 9.0, 0.5 ] },
						"east": { "texture": "#band", "uv": [ 0.0, 0.0, 0.5, 0.5 ] },
						"south": { "texture": "#band", "uv": [ 0.0, 0.0, 9.0, 0.5 ] },
						"west": { "texture": "#band", "uv": [ 0.0, 0.0, 0.5, 0.5 ] },
						"up": { "texture": "#band", "uv": [ 0.0, 0.0, 9.0, 0.5 ] },
						"down": { "texture": "#band", "uv": [ 0.0, 0.0, 9.0, 0.5 ] }
					}
				},
				{
					"name": "band3",
					"from": [ 65.9697, 0.0417, 0.0 ],
					"to": [ 74.9697, 0.3417, 0.3 ],
					"rotationOrigin": [ 65.9697, 0.0417, 0.0 ],
					"rotationZ": -180.0,
					"faces": {
						"north": { "texture": "#band", "uv": [ 0.0, 0.0, 9.0, 0.5 ] },
						"east": { "texture": "#band", "uv": [ 0.0, 0.0, 0.5, 0.5 ] },
						"south": { "texture": "#band", "uv": [ 0.0, 0.0, 9.0, 0.5 ] },
						"west": { "texture": "#band", "uv": [ 0.0, 0.0, 0.5, 0.5 ] },
						"up": { "texture": "#band", "uv": [ 0.0, 0.0, 9.0, 0.5 ] },
						"down": { "texture": "#band", "uv": [ 0.0, 0.0, 9.0, 0.5 ] }
					}
				},
				{
					"name": "band4",
					"from": [ 62.0989, -16.083, 0.0 ],
					"to": [ 71.0989, -15.783, 0.3 ],
					"rotationOrigin": [ 62.0989, -15.483, 0.0 ],
					"rotationZ": 155.0,
					"faces": {
						"north": { "texture": "#band", "uv": [ 0.0, 0.0, 9.0, 0.5 ] },
						"east": { "texture": "#band", "uv": [ 0.0, 0.0, 0.5, 0.5 ] },
						"south": { "texture": "#band", "uv": [ 0.0, 0.0, 9.0, 0.5 ] },
						"west": { "texture": "#band", "uv": [ 0.0, 0.0, 0.5, 0.5 ] },
						"up": { "texture": "#band", "uv": [ 0.0, 0.0, 9.0, 0.5 ] },
						"down": { "texture": "#band", "uv": [ 0.0, 0.0, 9.0, 0.5 ] }
					}
				}
			]
		}
	]}