{
	"editor": {
		"allAngles": false,
		"entityTextureMode": false
	},
	"textureWidth": 16,
	"textureHeight": 16,
	"textureSizes": {
	},
	"textures": {
		"stemandlsmallleaves": "morecrops:block/plant/crop/jalapeno/stemandlsmallleaves"
	},
	"elements": [
		{
			"name": "stem",
			"from": [ 7.7, -0.1, 7.7 ], 
			"to": [ 8.3, 6.9, 8.3 ], 
			"rotationOrigin": [ 8.0, -0.1, 8.0 ],
			"faces": {
				"north": { "texture": "#stemandlsmallleaves", "uv": [ 0.5, 5.0, 1.5, 15.5 ], "autoUv": false, "windMode": [0,4,4,0] },
				"east": { "texture": "#stemandlsmallleaves", "uv": [ 0.0, 3.0, 1.0, 13.5 ], "autoUv": false, "windMode": [0,4,4,0] },
				"south": { "texture": "#stemandlsmallleaves", "uv": [ 0.5, 5.0, 1.5, 15.5 ], "autoUv": false, "windMode": [0,0,4,4] },
				"west": { "texture": "#stemandlsmallleaves", "uv": [ 0.5, 4.5, 1.5, 15.0 ], "autoUv": false, "windMode": [0,0,4,4] },
				"up": { "texture": "#stemandlsmallleaves", "uv": [ 0.5, 3.5, 1.5, 4.5 ], "autoUv": false, "windMode": [4,4,4,4] },
				"down": { "texture": "#stemandlsmallleaves", "uv": [ 0.0, 0.0, 0.5, 0.5 ], "enabled": false, "windMode": [0,0,0,0] }
			},
			"children": [
				{
					"name": "leaf 1",
					"from": [ 0.1, 2.4, -0.4 ], 
					"to": [ 0.1, 4.9, 1.0 ], 
					"rotationOrigin": [ 0.1, 2.4, 0.3 ],
					"rotationZ": 67.5,
					"faces": {
						"north": { "texture": "#null", "uv": [ 0.0, 0.0, 0.5, 2.5 ], "enabled": false, "windMode": [-1,-1,-1,-1] },
						"east": { "texture": "#stemandlsmallleaves", "uv": [ 11.0, 11.5, 13.5, 16.0 ], "autoUv": false, "windMode": [4,7,7,4] },
						"south": { "texture": "#null", "uv": [ 0.0, 0.0, 0.5, 2.5 ], "enabled": false, "windMode": [-1,-1,-1,-1] },
						"west": { "texture": "#null", "uv": [ 0.0, 0.0, 1.0, 2.5 ], "enabled": false, "windMode": [-1,-1,-1,-1] },
						"up": { "texture": "#null", "uv": [ 0.0, 0.0, 0.5, 1.0 ], "enabled": false, "windMode": [-1,-1,-1,-1] },
						"down": { "texture": "#null", "uv": [ 0.0, 0.0, 0.5, 1.0 ], "enabled": false, "windMode": [-1,-1,-1,-1] }
					}
				},
				{
					"name": "leaf 2",
					"from": [ 0.5, 2.4, -0.4 ], 
					"to": [ 0.5, 4.9, 1.0 ], 
					"rotationOrigin": [ 0.5, 2.4, 0.3 ],
					"rotationZ": -67.5,
					"faces": {
						"north": { "texture": "#null", "uv": [ 0.0, 0.0, 0.5, 2.5 ], "enabled": false, "windMode": [-1,-1,-1,-1] },
						"east": { "texture": "#null", "uv": [ 0.0, 0.0, 1.0, 2.5 ], "enabled": false, "windMode": [-1,-1,-1,-1] },
						"south": { "texture": "#null", "uv": [ 0.0, 0.0, 0.5, 2.5 ], "enabled": false, "windMode": [-1,-1,-1,-1] },
						"west": { "texture": "#stemandlsmallleaves", "uv": [ 11.0, 11.5, 13.5, 16.0 ], "autoUv": false, "windMode": [4,4,7,7] },
						"up": { "texture": "#null", "uv": [ 0.0, 0.0, 0.5, 1.0 ], "enabled": false, "windMode": [-1,-1,-1,-1] },
						"down": { "texture": "#null", "uv": [ 0.0, 0.0, 0.5, 1.0 ], "enabled": false, "windMode": [-1,-1,-1,-1] }
					}
				},
				{
					"name": "leaf 3",
					"from": [ -0.7, 5.4, 0.1 ], 
					"to": [ 1.2, 8.4, 0.1 ], 
					"rotationOrigin": [ -0.1, 5.4, 0.1 ],
					"rotationX": -67.5,
					"faces": {
						"north": { "texture": "#null", "uv": [ 0.0, 0.0, 1.5, 3.0 ], "enabled": false, "windMode": [-1,-1,-1,-1] },
						"east": { "texture": "#null", "uv": [ 0.0, 0.0, 0.5, 3.0 ], "enabled": false, "windMode": [-1,-1,-1,-1] },
						"south": { "texture": "#stemandlsmallleaves", "uv": [ 7.0, 10.5, 10.5, 16.0 ], "autoUv": false, "windMode": [4,4,1,1] },
						"west": { "texture": "#null", "uv": [ 0.0, 0.0, 0.5, 3.0 ], "enabled": false, "windMode": [-1,-1,-1,-1] },
						"up": { "texture": "#null", "uv": [ 0.0, 0.0, 1.5, 0.5 ], "enabled": false, "windMode": [-1,-1,-1,-1] },
						"down": { "texture": "#null", "uv": [ 0.0, 0.0, 1.5, 0.5 ], "enabled": false, "windMode": [-1,-1,-1,-1] }
					}
				},
				{
					"name": "leaf 4",
					"from": [ -0.7, 5.4, 0.5 ], 
					"to": [ 1.2, 8.4, 0.5 ], 
					"rotationOrigin": [ -0.1, 5.4, 0.5 ],
					"rotationX": 67.5,
					"faces": {
						"north": { "texture": "#stemandlsmallleaves", "uv": [ 7.0, 10.5, 10.5, 16.0 ], "autoUv": false, "windMode": [4,1,1,4] },
						"east": { "texture": "#null", "uv": [ 0.0, 0.0, 0.5, 3.0 ], "enabled": false, "windMode": [-1,-1,-1,-1] },
						"south": { "texture": "#null", "uv": [ 0.0, 0.0, 1.5, 3.0 ], "enabled": false, "windMode": [-1,-1,-1,-1] },
						"west": { "texture": "#null", "uv": [ 0.0, 0.0, 0.5, 3.0 ], "enabled": false, "windMode": [-1,-1,-1,-1] },
						"up": { "texture": "#null", "uv": [ 0.0, 0.0, 1.5, 0.5 ], "enabled": false, "windMode": [-1,-1,-1,-1] },
						"down": { "texture": "#null", "uv": [ 0.0, 0.0, 1.5, 0.5 ], "enabled": false, "windMode": [-1,-1,-1,-1] }
					}
				},
				{
					"name": "leaf 5",
					"from": [ 0.1, 4.9, -0.7 ], 
					"to": [ 0.1, 7.9, 1.3 ], 
					"rotationOrigin": [ 0.1, 4.9, 0.0 ],
					"rotationZ": 67.5,
					"faces": {
						"north": { "texture": "#null", "uv": [ 0.0, 0.0, 0.5, 3.0 ], "enabled": false },
						"east": { "texture": "#stemandlsmallleaves", "uv": [ 7.0, 10.5, 10.5, 16.0 ], "autoUv": false, "windMode": [4,1,1,4] },
						"south": { "texture": "#null", "uv": [ 0.0, 0.0, 0.5, 3.0 ], "enabled": false },
						"west": { "texture": "#null", "uv": [ 0.0, 0.0, 2.0, 3.0 ], "enabled": false, "windMode": [-1,-1,-1,-1] },
						"up": { "texture": "#null", "uv": [ 0.0, 0.0, 0.5, 2.0 ], "enabled": false },
						"down": { "texture": "#null", "uv": [ 0.0, 0.0, 0.5, 2.0 ], "enabled": false }
					}
				},
				{
					"name": "leaf 6",
					"from": [ 0.5, 4.9, -0.7 ], 
					"to": [ 0.5, 7.9, 1.3 ], 
					"rotationOrigin": [ 0.5, 4.9, 0.0 ],
					"rotationZ": -67.5,
					"faces": {
						"north": { "texture": "#null", "uv": [ 0.0, 0.0, 0.5, 3.0 ], "enabled": false, "windMode": [-1,-1,-1,-1] },
						"east": { "texture": "#null", "uv": [ 0.0, 0.0, 2.0, 3.0 ], "enabled": false, "windMode": [-1,-1,-1,-1] },
						"south": { "texture": "#null", "uv": [ 0.0, 0.0, 0.5, 3.0 ], "enabled": false },
						"west": { "texture": "#stemandlsmallleaves", "uv": [ 7.0, 10.5, 10.5, 16.0 ], "autoUv": false, "windMode": [4,4,1,1] },
						"up": { "texture": "#null", "uv": [ 0.0, 0.0, 0.5, 2.0 ], "enabled": false },
						"down": { "texture": "#null", "uv": [ 0.0, 0.0, 0.5, 2.0 ], "enabled": false }
					}
				},
				{
					"name": "leaf 7",
					"from": [ 0.1, 6.6, -0.4 ], 
					"to": [ 0.1, 8.6, 1.0 ], 
					"rotationOrigin": [ 0.1, 6.6, 0.3 ],
					"rotationZ": 67.5,
					"faces": {
						"north": { "texture": "#null", "uv": [ 0.0, 0.0, 0.5, 2.0 ], "enabled": false },
						"east": { "texture": "#stemandlsmallleaves", "uv": [ 11.0, 11.5, 13.5, 16.0 ], "autoUv": false, "windMode": [4,1,1,4] },
						"south": { "texture": "#null", "uv": [ 0.0, 0.0, 0.5, 2.0 ], "enabled": false },
						"west": { "texture": "#null", "uv": [ 0.0, 0.0, 1.0, 2.0 ], "enabled": false, "windMode": [-1,-1,-1,-1] },
						"up": { "texture": "#null", "uv": [ 0.0, 0.0, 0.5, 1.0 ], "enabled": false },
						"down": { "texture": "#null", "uv": [ 0.0, 0.0, 0.5, 1.0 ], "enabled": false }
					}
				},
				{
					"name": "leaf 8",
					"from": [ 0.5, 6.6, -0.4 ], 
					"to": [ 0.5, 8.6, 1.0 ], 
					"rotationOrigin": [ 0.5, 6.6, 0.3 ],
					"rotationZ": -67.5,
					"faces": {
						"north": { "texture": "#null", "uv": [ 0.0, 0.0, 0.5, 2.0 ], "enabled": false },
						"east": { "texture": "#null", "uv": [ 0.0, 0.0, 1.0, 2.0 ], "enabled": false },
						"south": { "texture": "#null", "uv": [ 0.0, 0.0, 0.5, 2.0 ], "enabled": false },
						"west": { "texture": "#stemandlsmallleaves", "uv": [ 11.0, 11.5, 13.5, 16.0 ], "autoUv": false, "windMode": [4,4,1,1] },
						"up": { "texture": "#null", "uv": [ 0.0, 0.0, 0.5, 1.0 ], "enabled": false },
						"down": { "texture": "#null", "uv": [ 0.0, 0.0, 0.5, 1.0 ], "enabled": false }
					}
				}
			]
		}
	]}