{
	"editor": {
		"allAngles": false,
		"entityTextureMode": false
	},
	"textureWidth": 16,
	"textureHeight": 16,
	"textureSizes": {
	},
	"textures": {
		"stemandlsmallleaves": "morecrops:block/plant/crop/jalapeno/stemandlsmallleaves"
	},
	"elements": [
		{
			"name": "stem",
			"from": [ 7.6, -0.1, 7.6 ], 
			"to": [ 8.4, 14.9, 8.4 ], 
			"rotationOrigin": [ 7.9, -0.1, 7.9 ],
			"faces": {
				"north": { "texture": "#stemandlsmallleaves", "uv": [ 0.5, 0.0, 1.5, 15.0 ], "autoUv": false, "windMode": [0,4,4,0] },
				"east": { "texture": "#stemandlsmallleaves", "uv": [ 0.5, 0.5, 1.5, 15.5 ], "autoUv": false, "windMode": [0,4,4,0] },
				"south": { "texture": "#stemandlsmallleaves", "uv": [ 0.5, 0.0, 1.5, 15.0 ], "autoUv": false, "windMode": [0,0,4,4] },
				"west": { "texture": "#stemandlsmallleaves", "uv": [ 0.5, 0.5, 1.5, 15.5 ], "autoUv": false, "windMode": [0,0,4,4] },
				"up": { "texture": "#stemandlsmallleaves", "uv": [ 0.0, 0.0, 0.5, 0.5 ], "windMode": [4,4,4,4] },
				"down": { "texture": "#stemandlsmallleaves", "uv": [ 0.0, 0.0, 0.5, 0.5 ], "enabled": false, "windMode": [0,0,0,0] }
			},
			"children": [
				{
					"name": "leaf 1",
					"from": [ 0.1, 4.0, -0.8 ], 
					"to": [ 0.1, 7.0, 1.6 ], 
					"rotationOrigin": [ 0.1, 4.0, -0.1 ],
					"rotationZ": 67.5,
					"faces": {
						"north": { "texture": "#stemandlsmallleaves", "uv": [ 0.0, 0.0, 0.5, 3.0 ], "enabled": false, "windMode": [-1,-1,-1,-1] },
						"east": { "texture": "#stemandlsmallleaves", "uv": [ 11.0, 11.5, 13.5, 15.0 ], "autoUv": false, "windMode": [4,7,7,4] },
						"south": { "texture": "#stemandlsmallleaves", "uv": [ 0.0, 0.0, 0.5, 3.0 ], "enabled": false, "windMode": [-1,-1,-1,-1] },
						"west": { "texture": "#stemandlsmallleaves", "uv": [ 0.0, 0.0, 2.0, 3.0 ], "enabled": false, "windMode": [-1,-1,-1,-1] },
						"up": { "texture": "#stemandlsmallleaves", "uv": [ 0.0, 0.0, 0.5, 2.0 ], "enabled": false, "windMode": [-1,-1,-1,-1] },
						"down": { "texture": "#stemandlsmallleaves", "uv": [ 0.0, 0.0, 0.5, 2.0 ], "enabled": false, "windMode": [-1,-1,-1,-1] }
					}
				},
				{
					"name": "leaf 2",
					"from": [ 0.7, 4.0, -0.8 ], 
					"to": [ 0.7, 7.0, 1.6 ], 
					"rotationOrigin": [ 0.7, 4.0, -0.1 ],
					"rotationZ": -67.5,
					"faces": {
						"north": { "texture": "#stemandlsmallleaves", "uv": [ 0.0, 0.0, 0.5, 3.0 ], "enabled": false, "windMode": [-1,-1,-1,-1] },
						"east": { "texture": "#stemandlsmallleaves", "uv": [ 0.0, 0.0, 2.0, 3.0 ], "enabled": false, "windMode": [-1,-1,-1,-1] },
						"south": { "texture": "#stemandlsmallleaves", "uv": [ 0.0, 0.0, 0.5, 3.0 ], "enabled": false, "windMode": [-1,-1,-1,-1] },
						"west": { "texture": "#stemandlsmallleaves", "uv": [ 11.0, 11.5, 13.5, 15.0 ], "autoUv": false, "windMode": [4,4,7,7] },
						"up": { "texture": "#stemandlsmallleaves", "uv": [ 0.0, 0.0, 0.5, 2.0 ], "enabled": false, "windMode": [-1,-1,-1,-1] },
						"down": { "texture": "#stemandlsmallleaves", "uv": [ 0.0, 0.0, 0.5, 2.0 ], "enabled": false, "windMode": [-1,-1,-1,-1] }
					}
				},
				{
					"name": "leaf 3",
					"from": [ -1.0, 8.4, 0.1 ], 
					"to": [ 1.8, 13.9, 0.1 ], 
					"rotationOrigin": [ -0.4, 8.4, 0.1 ],
					"rotationX": -67.5,
					"faces": {
						"north": { "texture": "#null", "uv": [ 0.0, 0.0, 2.5, 5.5 ], "enabled": false, "windMode": [-1,-1,-1,-1] },
						"east": { "texture": "#null", "uv": [ 0.0, 0.0, 0.5, 5.5 ], "enabled": false, "windMode": [-1,-1,-1,-1] },
						"south": { "texture": "#stemandlsmallleaves", "uv": [ 11.0, 11.5, 13.5, 16.0 ], "autoUv": false, "windMode": [4,4,1,1] },
						"west": { "texture": "#null", "uv": [ 0.0, 0.0, 0.5, 5.5 ], "enabled": false, "windMode": [-1,-1,-1,-1] },
						"up": { "texture": "#null", "uv": [ 0.0, 0.0, 2.5, 0.5 ], "enabled": false, "windMode": [-1,-1,-1,-1] },
						"down": { "texture": "#null", "uv": [ 0.0, 0.0, 2.5, 0.5 ], "enabled": false, "windMode": [-1,-1,-1,-1] }
					}
				},
				{
					"name": "leaf 4",
					"from": [ -1.0, 8.4, 0.7 ], 
					"to": [ 1.8, 13.9, 0.7 ], 
					"rotationOrigin": [ -0.4, 8.4, 0.7 ],
					"rotationX": 67.5,
					"faces": {
						"north": { "texture": "#stemandlsmallleaves", "uv": [ 11.0, 11.5, 13.5, 16.0 ], "autoUv": false, "windMode": [4,1,1,4] },
						"east": { "texture": "#stemandlsmallleaves", "uv": [ 0.0, 0.0, 0.5, 5.5 ], "enabled": false, "windMode": [-1,-1,-1,-1] },
						"south": { "texture": "#stemandlsmallleaves", "uv": [ 0.0, 0.0, 2.5, 5.5 ], "enabled": false, "windMode": [-1,-1,-1,-1] },
						"west": { "texture": "#stemandlsmallleaves", "uv": [ 0.0, 0.0, 0.5, 5.5 ], "enabled": false, "windMode": [-1,-1,-1,-1] },
						"up": { "texture": "#stemandlsmallleaves", "uv": [ 0.0, 0.0, 2.5, 0.5 ], "enabled": false, "windMode": [-1,-1,-1,-1] },
						"down": { "texture": "#stemandlsmallleaves", "uv": [ 0.0, 0.0, 2.5, 0.5 ], "enabled": false, "windMode": [-1,-1,-1,-1] }
					}
				},
				{
					"name": "leaf 5",
					"from": [ 0.1, 6.4, -0.9 ], 
					"to": [ 0.1, 10.4, 1.7 ], 
					"rotationOrigin": [ 0.1, 6.4, -0.2 ],
					"rotationZ": 67.5,
					"faces": {
						"north": { "texture": "#stemandlsmallleaves", "uv": [ 0.0, 0.0, 0.5, 4.0 ], "enabled": false },
						"east": { "texture": "#stemandlsmallleaves", "uv": [ 11.0, 11.5, 13.5, 16.0 ], "autoUv": false, "windMode": [4,1,1,4] },
						"south": { "texture": "#stemandlsmallleaves", "uv": [ 0.0, 0.0, 0.5, 4.0 ], "enabled": false },
						"west": { "texture": "#stemandlsmallleaves", "uv": [ 0.0, 0.0, 2.5, 4.0 ], "enabled": false, "windMode": [-1,-1,-1,-1] },
						"up": { "texture": "#stemandlsmallleaves", "uv": [ 0.0, 0.0, 0.5, 2.5 ], "enabled": false },
						"down": { "texture": "#stemandlsmallleaves", "uv": [ 0.0, 0.0, 0.5, 2.5 ], "enabled": false }
					}
				},
				{
					"name": "leaf 6",
					"from": [ 0.7, 6.4, -0.9 ], 
					"to": [ 0.7, 10.4, 1.7 ], 
					"rotationOrigin": [ 0.7, 6.4, -0.2 ],
					"rotationZ": -67.5,
					"faces": {
						"north": { "texture": "#stemandlsmallleaves", "uv": [ 0.0, 0.0, 0.5, 4.0 ], "enabled": false, "windMode": [-1,-1,-1,-1] },
						"east": { "texture": "#stemandlsmallleaves", "uv": [ 0.0, 0.0, 2.5, 4.0 ], "enabled": false, "windMode": [-1,-1,-1,-1] },
						"south": { "texture": "#stemandlsmallleaves", "uv": [ 0.0, 0.0, 0.5, 4.0 ], "enabled": false },
						"west": { "texture": "#stemandlsmallleaves", "uv": [ 11.0, 11.5, 13.5, 16.0 ], "autoUv": false, "windMode": [4,4,1,1] },
						"up": { "texture": "#stemandlsmallleaves", "uv": [ 0.0, 0.0, 0.5, 2.5 ], "enabled": false },
						"down": { "texture": "#stemandlsmallleaves", "uv": [ 0.0, 0.0, 0.5, 2.5 ], "enabled": false }
					}
				},
				{
					"name": "leaf 7",
					"from": [ 0.1, 14.6, -0.7 ], 
					"to": [ 0.1, 17.6, 1.5 ], 
					"rotationOrigin": [ 0.1, 14.6, 0.0 ],
					"rotationZ": 67.5,
					"faces": {
						"north": { "texture": "#null", "uv": [ 0.0, 0.0, 0.5, 3.0 ], "enabled": false },
						"east": { "texture": "#stemandlsmallleaves", "uv": [ 11.0, 11.5, 13.5, 15.0 ], "autoUv": false, "windMode": [4,1,1,4] },
						"south": { "texture": "#null", "uv": [ 0.0, 0.0, 0.5, 3.0 ], "enabled": false },
						"west": { "texture": "#null", "uv": [ 0.0, 0.0, 2.0, 3.0 ], "enabled": false, "windMode": [-1,-1,-1,-1] },
						"up": { "texture": "#null", "uv": [ 0.0, 0.0, 0.5, 2.0 ], "enabled": false },
						"down": { "texture": "#null", "uv": [ 0.0, 0.0, 0.5, 2.0 ], "enabled": false }
					}
				},
				{
					"name": "leaf 8",
					"from": [ 0.7, 14.6, -0.7 ], 
					"to": [ 0.7, 17.6, 1.5 ], 
					"rotationOrigin": [ 0.7, 14.6, 0.0 ],
					"rotationZ": -67.5,
					"faces": {
						"north": { "texture": "#stemandlsmallleaves", "uv": [ 0.0, 0.0, 0.5, 3.0 ], "enabled": false },
						"east": { "texture": "#stemandlsmallleaves", "uv": [ 0.0, 0.0, 2.0, 3.0 ], "enabled": false },
						"south": { "texture": "#stemandlsmallleaves", "uv": [ 0.0, 0.0, 0.5, 3.0 ], "enabled": false },
						"west": { "texture": "#stemandlsmallleaves", "uv": [ 11.0, 11.5, 13.5, 15.0 ], "autoUv": false, "windMode": [4,4,1,1] },
						"up": { "texture": "#stemandlsmallleaves", "uv": [ 0.0, 0.0, 0.5, 2.0 ], "enabled": false },
						"down": { "texture": "#stemandlsmallleaves", "uv": [ 0.0, 0.0, 0.5, 2.0 ], "enabled": false }
					}
				},
				{
					"name": "branch 1",
					"from": [ 0.1, 10.5, 0.1 ], 
					"to": [ 0.7, 15.5, 0.7 ], 
					"rotationOrigin": [ 0.4, 10.5, 0.4 ],
					"rotationY": -22.5,
					"rotationZ": 67.5,
					"faces": {
						"north": { "texture": "#stemandlsmallleaves", "uv": [ 0.5, 4.5, 1.5, 9.5 ], "autoUv": false, "windMode": [4,4,4,4] },
						"east": { "texture": "#stemandlsmallleaves", "uv": [ 0.5, 3.0, 1.5, 8.0 ], "autoUv": false, "windMode": [4,4,4,4] },
						"south": { "texture": "#stemandlsmallleaves", "uv": [ 0.5, 7.0, 1.5, 12.0 ], "autoUv": false, "windMode": [4,4,4,4] },
						"west": { "texture": "#stemandlsmallleaves", "uv": [ 0.5, 3.0, 1.5, 8.0 ], "autoUv": false, "windMode": [4,4,4,4] },
						"up": { "texture": "#stemandlsmallleaves", "uv": [ 0.5, 9.0, 1.5, 10.0 ], "autoUv": false, "windMode": [4,4,4,4] },
						"down": { "texture": "#stemandlsmallleaves", "uv": [ 0.5, 3.0, 1.5, 4.0 ], "autoUv": false, "windMode": [4,4,4,4] }
					},
					"children": [
						{
							"name": "leaf 9",
							"from": [ 0.3424, 4.26, -0.45 ], 
							"to": [ 0.3424, 6.76, 1.05 ], 
							"rotationOrigin": [ 0.3424, 4.256, 0.247 ],
							"rotationZ": -45.0,
							"faces": {
								"north": { "texture": "#stemandlsmallleaves", "uv": [ 0.0, 0.0, 0.5, 2.5 ], "enabled": false },
								"east": { "texture": "#stemandlsmallleaves", "uv": [ 14.0, 12.5, 15.5, 16.0 ], "autoUv": false, "windMode": [4,1,1,4] },
								"south": { "texture": "#stemandlsmallleaves", "uv": [ 0.0, 0.0, 0.5, 2.5 ], "enabled": false },
								"west": { "texture": "#stemandlsmallleaves", "uv": [ 0.0, 0.0, 1.5, 2.5 ], "enabled": false, "windMode": [4,4,1,1] },
								"up": { "texture": "#stemandlsmallleaves", "uv": [ 0.0, 0.0, 0.5, 1.5 ], "enabled": false },
								"down": { "texture": "#stemandlsmallleaves", "uv": [ 0.0, 0.0, 0.5, 1.5 ], "enabled": false }
							}
						},
						{
							"name": "flower 1",
							"from": [ 0.3424, 0.86, -0.45 ], 
							"to": [ 0.3424, 3.36, 1.65 ], 
							"rotationOrigin": [ 0.3424, 0.856, 0.247 ],
							"rotationX": 45.0,
							"rotationY": 22.5,
							"rotationZ": 67.5,
							"faces": {
								"north": { "texture": "#null", "uv": [ 0.0, 0.0, 0.5, 2.5 ], "enabled": false },
								"east": { "texture": "#stemandlsmallleaves", "uv": [ 11.5, 0.5, 15.5, 4.5 ], "rotation": 180, "autoUv": false, "windMode": [4,1,1,4] },
								"south": { "texture": "#null", "uv": [ 0.0, 0.0, 0.5, 2.5 ], "enabled": false },
								"west": { "texture": "#null", "uv": [ 0.0, 0.0, 2.0, 2.5 ], "enabled": false, "windMode": [-1,-1,-1,-1] },
								"up": { "texture": "#null", "uv": [ 0.0, 0.0, 0.5, 2.0 ], "enabled": false },
								"down": { "texture": "#null", "uv": [ 0.0, 0.0, 0.5, 2.0 ], "enabled": false }
							}
						},
						{
							"name": "leaf 10",
							"from": [ 0.3424, 4.26, -0.45 ], 
							"to": [ 0.3424, 6.76, 1.05 ], 
							"rotationOrigin": [ 0.3424, 4.256, 0.247 ],
							"rotationX": -67.5,
							"faces": {
								"north": { "texture": "#stemandlsmallleaves", "uv": [ 0.0, 0.0, 0.5, 2.5 ], "enabled": false },
								"east": { "texture": "#stemandlsmallleaves", "uv": [ 14.0, 12.5, 15.5, 16.0 ], "autoUv": false, "windMode": [4,1,1,4] },
								"south": { "texture": "#stemandlsmallleaves", "uv": [ 0.0, 0.0, 0.5, 2.5 ], "enabled": false },
								"west": { "texture": "#stemandlsmallleaves", "uv": [ 0.0, 0.0, 1.5, 2.5 ], "enabled": false, "windMode": [-1,-1,-1,-1] },
								"up": { "texture": "#stemandlsmallleaves", "uv": [ 0.0, 0.0, 0.5, 1.5 ], "enabled": false },
								"down": { "texture": "#stemandlsmallleaves", "uv": [ 0.0, 0.0, 0.5, 1.5 ], "enabled": false }
							}
						},
						{
							"name": "leaf 11",
							"from": [ 0.3424, 4.26, -0.45 ], 
							"to": [ 0.3424, 6.76, 1.05 ], 
							"rotationOrigin": [ 0.3424, 4.256, 0.247 ],
							"rotationX": 90.0,
							"rotationY": 22.5,
							"faces": {
								"north": { "texture": "#stemandlsmallleaves", "uv": [ 0.0, 0.0, 0.5, 2.5 ], "enabled": false },
								"east": { "texture": "#stemandlsmallleaves", "uv": [ 14.0, 12.5, 15.5, 16.0 ], "autoUv": false, "windMode": [4,1,1,4] },
								"south": { "texture": "#stemandlsmallleaves", "uv": [ 0.0, 0.0, 0.5, 2.5 ], "enabled": false },
								"west": { "texture": "#stemandlsmallleaves", "uv": [ 0.0, 0.0, 1.5, 2.5 ], "enabled": false, "windMode": [-1,-1,-1,-1] },
								"up": { "texture": "#stemandlsmallleaves", "uv": [ 0.0, 0.0, 0.5, 1.5 ], "enabled": false },
								"down": { "texture": "#stemandlsmallleaves", "uv": [ 0.0, 0.0, 0.5, 1.5 ], "enabled": false }
							}
						},
						{
							"name": "flower 2",
							"from": [ 0.3424, 3.86, -0.45 ], 
							"to": [ 0.3424, 6.36, 1.65 ], 
							"rotationOrigin": [ 0.3424, 3.856, 0.247 ],
							"rotationX": 22.5,
							"rotationY": 22.5,
							"rotationZ": 90.0,
							"faces": {
								"north": { "texture": "#null", "uv": [ 0.0, 0.0, 0.5, 2.5 ], "enabled": false },
								"east": { "texture": "#stemandlsmallleaves", "uv": [ 11.5, 5.5, 15.5, 9.5 ], "rotation": 180, "autoUv": false, "windMode": [4,1,1,4] },
								"south": { "texture": "#null", "uv": [ 0.0, 0.0, 0.5, 2.5 ], "enabled": false },
								"west": { "texture": "#null", "uv": [ 0.0, 0.0, 2.0, 2.5 ], "enabled": false },
								"up": { "texture": "#null", "uv": [ 0.0, 0.0, 0.5, 2.0 ], "enabled": false },
								"down": { "texture": "#null", "uv": [ 0.0, 0.0, 0.5, 2.0 ], "enabled": false }
							}
						}
					]
				},
				{
					"name": "branch 2",
					"from": [ 0.1, 11.1, 0.1 ], 
					"to": [ 0.7, 16.1, 0.7 ], 
					"rotationOrigin": [ 0.4, 11.1, 0.4 ],
					"rotationY": -45.0,
					"rotationZ": -67.5,
					"faces": {
						"north": { "texture": "#stemandlsmallleaves", "uv": [ 0.5, 4.5, 1.5, 9.5 ], "autoUv": false, "windMode": [4,4,4,4] },
						"east": { "texture": "#stemandlsmallleaves", "uv": [ 0.5, 5.0, 1.5, 10.0 ], "autoUv": false, "windMode": [4,4,4,4] },
						"south": { "texture": "#stemandlsmallleaves", "uv": [ 0.5, 7.0, 1.5, 12.0 ], "autoUv": false, "windMode": [4,4,4,4] },
						"west": { "texture": "#stemandlsmallleaves", "uv": [ 0.5, 5.5, 1.5, 10.5 ], "autoUv": false, "windMode": [4,4,4,4] },
						"up": { "texture": "#stemandlsmallleaves", "uv": [ 0.5, 4.0, 1.5, 5.0 ], "autoUv": false, "windMode": [4,4,4,4] },
						"down": { "texture": "#stemandlsmallleaves", "uv": [ 0.5, 7.0, 1.5, 8.0 ], "autoUv": false, "windMode": [4,4,4,4] }
					},
					"children": [
						{
							"name": "leaf 12",
							"from": [ 0.13, 4.41, -0.4707 ], 
							"to": [ 0.13, 6.91, 1.0293 ], 
							"rotationOrigin": [ 0.1319, 4.4138, 0.2293 ],
							"rotationZ": 45.0,
							"faces": {
								"north": { "texture": "#null", "uv": [ 0.0, 0.0, 0.5, 2.5 ], "enabled": false },
								"east": { "texture": "#stemandlsmallleaves", "uv": [ 14.0, 12.5, 15.5, 16.0 ], "enabled": false, "autoUv": false, "windMode": [4,1,1,4] },
								"south": { "texture": "#null", "uv": [ 0.0, 0.0, 0.5, 2.5 ], "enabled": false },
								"west": { "texture": "#stemandlsmallleaves", "uv": [ 14.0, 12.5, 15.5, 16.0 ], "autoUv": false, "windMode": [4,4,1,1] },
								"up": { "texture": "#null", "uv": [ 0.0, 0.0, 0.5, 1.5 ], "enabled": false },
								"down": { "texture": "#null", "uv": [ 0.0, 0.0, 0.5, 1.5 ], "enabled": false }
							}
						},
						{
							"name": "flower 3",
							"from": [ 0.13, 0.71, -0.4707 ], 
							"to": [ 0.13, 3.21, 1.6293 ], 
							"rotationOrigin": [ 0.1319, 0.7138, 0.2293 ],
							"rotationX": -22.5,
							"rotationY": 180.0,
							"rotationZ": 67.5,
							"faces": {
								"north": { "texture": "#null", "uv": [ 0.0, 0.0, 0.5, 2.5 ], "enabled": false },
								"east": { "texture": "#stemandlsmallleaves", "uv": [ 11.5, 5.5, 15.5, 9.5 ], "rotation": 180, "autoUv": false, "windMode": [4,1,1,4] },
								"south": { "texture": "#null", "uv": [ 0.0, 0.0, 0.5, 2.5 ], "enabled": false },
								"west": { "texture": "#null", "uv": [ 0.0, 0.0, 2.0, 2.5 ], "enabled": false, "windMode": [-1,-1,-1,-1] },
								"up": { "texture": "#null", "uv": [ 0.0, 0.0, 0.5, 2.0 ], "enabled": false },
								"down": { "texture": "#null", "uv": [ 0.0, 0.0, 0.5, 2.0 ], "enabled": false }
							}
						},
						{
							"name": "leaf 13",
							"from": [ 0.13, 4.41, -0.4707 ], 
							"to": [ 0.13, 6.91, 1.0293 ], 
							"rotationOrigin": [ 0.1319, 4.4138, 0.2293 ],
							"rotationX": -112.5,
							"rotationY": 45.0,
							"faces": {
								"north": { "texture": "#stemandlsmallleaves", "uv": [ 0.0, 0.0, 0.5, 2.5 ], "enabled": false },
								"east": { "texture": "#stemandlsmallleaves", "uv": [ 0.0, 0.0, 1.5, 2.5 ], "enabled": false },
								"south": { "texture": "#stemandlsmallleaves", "uv": [ 0.0, 0.0, 0.5, 2.5 ], "enabled": false },
								"west": { "texture": "#stemandlsmallleaves", "uv": [ 14.0, 12.5, 15.5, 16.0 ], "autoUv": false, "windMode": [4,4,1,1] },
								"up": { "texture": "#stemandlsmallleaves", "uv": [ 0.0, 0.0, 0.5, 1.5 ], "enabled": false },
								"down": { "texture": "#stemandlsmallleaves", "uv": [ 0.0, 0.0, 0.5, 1.5 ], "enabled": false }
							}
						},
						{
							"name": "leaf 14",
							"from": [ 0.13, 4.41, -0.4707 ], 
							"to": [ 0.13, 6.91, 1.0293 ], 
							"rotationOrigin": [ 0.1319, 4.4138, 0.2293 ],
							"rotationX": 90.0,
							"rotationY": 22.5,
							"rotationZ": -22.5,
							"faces": {
								"north": { "texture": "#null", "uv": [ 0.0, 0.0, 0.5, 2.5 ], "enabled": false },
								"east": { "texture": "#null", "uv": [ 0.0, 0.0, 1.5, 2.5 ], "enabled": false, "windMode": [4,1,1,4] },
								"south": { "texture": "#null", "uv": [ 0.0, 0.0, 0.5, 2.5 ], "enabled": false },
								"west": { "texture": "#stemandlsmallleaves", "uv": [ 14.0, 12.5, 15.5, 16.0 ], "autoUv": false, "windMode": [4,4,1,1] },
								"up": { "texture": "#null", "uv": [ 0.0, 0.0, 0.5, 1.5 ], "enabled": false },
								"down": { "texture": "#null", "uv": [ 0.0, 0.0, 0.5, 1.5 ], "enabled": false }
							}
						},
						{
							"name": "flower 4",
							"from": [ 0.13, 4.21, -0.47 ], 
							"to": [ 0.13, 6.71, 1.63 ], 
							"rotationOrigin": [ 0.1319, 4.2138, 0.2293 ],
							"rotationX": 67.5,
							"rotationY": 157.5,
							"rotationZ": 90.0,
							"faces": {
								"north": { "texture": "#null", "uv": [ 0.0, 0.0, 0.5, 2.5 ], "enabled": false },
								"east": { "texture": "#stemandlsmallleaves", "uv": [ 11.5, 0.5, 15.5, 4.5 ], "rotation": 180, "autoUv": false, "windMode": [4,1,1,4] },
								"south": { "texture": "#null", "uv": [ 0.0, 0.0, 0.5, 2.5 ], "enabled": false },
								"west": { "texture": "#null", "uv": [ 0.0, 0.0, 2.0, 2.5 ], "enabled": false, "windMode": [4,4,1,1] },
								"up": { "texture": "#null", "uv": [ 0.0, 0.0, 0.5, 2.0 ], "enabled": false },
								"down": { "texture": "#null", "uv": [ 0.0, 0.0, 0.5, 2.0 ], "enabled": false }
							}
						}
					]
				}
			]
		}
	]}