{
	"editor": {
		"allAngles": true,
		"entityTextureMode": false
	},
	"textureWidth": 16,
	"textureHeight": 16,
	"textureSizes": {
	},
	"textures": {
		"largeleavesjalapenos": "morecrops:block/plant/crop/jalapeno/largeleavesjalapenos",
		"stemandlsmallleaves": "morecrops:block/plant/crop/jalapeno/stemandlsmallleaves"
	},
	"elements": [
		{
			"name": "stem",
			"from": [ 7.6, -0.1, 7.6 ], 
			"to": [ 8.4, 14.9, 8.4 ], 
			"rotationOrigin": [ 7.9, -0.1, 7.9 ],
			"faces": {
				"north": { "texture": "#stemandlsmallleaves", "uv": [ 0.5, 0.5, 1.5, 15.5 ], "autoUv": false, "windMode": [0,4,4,0] },
				"east": { "texture": "#stemandlsmallleaves", "uv": [ 0.5, 0.5, 1.5, 15.5 ], "autoUv": false, "windMode": [0,4,4,0] },
				"south": { "texture": "#stemandlsmallleaves", "uv": [ 0.5, 0.5, 1.5, 15.5 ], "autoUv": false, "windMode": [0,0,4,4] },
				"west": { "texture": "#stemandlsmallleaves", "uv": [ 0.5, 0.5, 1.5, 15.5 ], "autoUv": false, "windMode": [0,0,4,4] },
				"up": { "texture": "#stemandlsmallleaves", "uv": [ 0.5, 2.0, 1.5, 3.0 ], "autoUv": false, "windMode": [4,4,4,4] },
				"down": { "texture": "#stemandlsmallleaves", "uv": [ 0.0, 0.0, 0.5, 0.5 ], "enabled": false, "windMode": [0,0,0,0] }
			},
			"children": [
				{
					"name": "leaf 1",
					"from": [ 0.1, 4.0, -0.8 ], 
					"to": [ 0.1, 7.2, 1.6 ], 
					"rotationOrigin": [ 0.1, 4.0, -0.1 ],
					"rotationZ": 67.5,
					"faces": {
						"north": { "texture": "#null", "uv": [ 0.0, 0.0, 0.5, 3.0 ], "enabled": false, "windMode": [-1,-1,-1,-1] },
						"east": { "texture": "#stemandlsmallleaves", "uv": [ 11.0, 11.5, 13.5, 15.5 ], "autoUv": false, "windMode": [4,7,7,4] },
						"south": { "texture": "#null", "uv": [ 0.0, 0.0, 0.5, 3.0 ], "enabled": false, "windMode": [-1,-1,-1,-1] },
						"west": { "texture": "#null", "uv": [ 0.0, 0.0, 2.0, 3.0 ], "enabled": false, "windMode": [-1,-1,-1,-1] },
						"up": { "texture": "#null", "uv": [ 0.0, 0.0, 0.5, 2.0 ], "enabled": false, "windMode": [-1,-1,-1,-1] },
						"down": { "texture": "#null", "uv": [ 0.0, 0.0, 0.5, 2.0 ], "enabled": false, "windMode": [-1,-1,-1,-1] }
					}
				},
				{
					"name": "leaf 2",
					"from": [ 0.7, 4.0, -0.8 ], 
					"to": [ 0.7, 7.2, 1.6 ], 
					"rotationOrigin": [ 0.7, 4.0, -0.1 ],
					"rotationZ": -67.5,
					"faces": {
						"north": { "texture": "#stemandlsmallleaves", "uv": [ 0.0, 0.0, 0.5, 3.0 ], "enabled": false, "windMode": [-1,-1,-1,-1] },
						"east": { "texture": "#stemandlsmallleaves", "uv": [ 0.0, 0.0, 2.0, 3.0 ], "enabled": false, "windMode": [-1,-1,-1,-1] },
						"south": { "texture": "#stemandlsmallleaves", "uv": [ 0.0, 0.0, 0.5, 3.0 ], "enabled": false, "windMode": [-1,-1,-1,-1] },
						"west": { "texture": "#stemandlsmallleaves", "uv": [ 11.0, 11.5, 13.5, 15.5 ], "autoUv": false, "windMode": [4,4,7,7] },
						"up": { "texture": "#stemandlsmallleaves", "uv": [ 0.0, 0.0, 0.5, 2.0 ], "enabled": false, "windMode": [-1,-1,-1,-1] },
						"down": { "texture": "#stemandlsmallleaves", "uv": [ 0.0, 0.0, 0.5, 2.0 ], "enabled": false, "windMode": [-1,-1,-1,-1] }
					}
				},
				{
					"name": "leaf 3",
					"from": [ -1.0, 8.4, 0.1 ], 
					"to": [ 1.8, 14.1, 0.1 ], 
					"rotationOrigin": [ -0.4, 8.4, 0.1 ],
					"rotationX": -67.5,
					"faces": {
						"north": { "texture": "#stemandlsmallleaves", "uv": [ 0.0, 0.0, 2.5, 5.5 ], "enabled": false, "windMode": [-1,-1,-1,-1] },
						"east": { "texture": "#stemandlsmallleaves", "uv": [ 0.0, 0.0, 0.5, 5.5 ], "enabled": false, "windMode": [-1,-1,-1,-1] },
						"south": { "texture": "#stemandlsmallleaves", "uv": [ 7.0, 10.1, 10.5, 16.0 ], "autoUv": false, "windMode": [4,4,1,1] },
						"west": { "texture": "#stemandlsmallleaves", "uv": [ 0.0, 0.0, 0.5, 5.5 ], "enabled": false, "windMode": [-1,-1,-1,-1] },
						"up": { "texture": "#stemandlsmallleaves", "uv": [ 0.0, 0.0, 2.5, 0.5 ], "enabled": false, "windMode": [-1,-1,-1,-1] },
						"down": { "texture": "#stemandlsmallleaves", "uv": [ 0.0, 0.0, 2.5, 0.5 ], "enabled": false, "windMode": [-1,-1,-1,-1] }
					}
				},
				{
					"name": "leaf 4",
					"from": [ -1.0, 8.4, 0.7 ], 
					"to": [ 1.8, 14.1, 0.7 ], 
					"rotationOrigin": [ -0.4, 8.4, 0.7 ],
					"rotationX": 67.5,
					"faces": {
						"north": { "texture": "#stemandlsmallleaves", "uv": [ 7.0, 10.2, 10.5, 16.0 ], "autoUv": false, "windMode": [4,1,1,4] },
						"east": { "texture": "#stemandlsmallleaves", "uv": [ 0.0, 0.0, 0.5, 5.5 ], "enabled": false, "windMode": [-1,-1,-1,-1] },
						"south": { "texture": "#stemandlsmallleaves", "uv": [ 0.0, 0.0, 2.5, 5.5 ], "enabled": false, "windMode": [-1,-1,-1,-1] },
						"west": { "texture": "#stemandlsmallleaves", "uv": [ 0.0, 0.0, 0.5, 5.5 ], "enabled": false, "windMode": [-1,-1,-1,-1] },
						"up": { "texture": "#stemandlsmallleaves", "uv": [ 0.0, 0.0, 2.5, 0.5 ], "enabled": false, "windMode": [-1,-1,-1,-1] },
						"down": { "texture": "#stemandlsmallleaves", "uv": [ 0.0, 0.0, 2.5, 0.5 ], "enabled": false, "windMode": [-1,-1,-1,-1] }
					}
				},
				{
					"name": "leaf 5",
					"from": [ 0.1, 6.4, -0.9 ], 
					"to": [ 0.1, 10.6, 1.7 ], 
					"rotationOrigin": [ 0.1, 6.4, -0.2 ],
					"rotationZ": 67.5,
					"faces": {
						"north": { "texture": "#stemandlsmallleaves", "uv": [ 0.0, 0.0, 0.5, 4.0 ], "enabled": false },
						"east": { "texture": "#stemandlsmallleaves", "uv": [ 7.0, 10.5, 10.5, 16.0 ], "autoUv": false, "windMode": [4,1,1,4] },
						"south": { "texture": "#stemandlsmallleaves", "uv": [ 0.0, 0.0, 0.5, 4.0 ], "enabled": false },
						"west": { "texture": "#stemandlsmallleaves", "uv": [ 0.0, 0.0, 2.5, 4.0 ], "enabled": false, "windMode": [-1,-1,-1,-1] },
						"up": { "texture": "#stemandlsmallleaves", "uv": [ 0.0, 0.0, 0.5, 2.5 ], "enabled": false },
						"down": { "texture": "#stemandlsmallleaves", "uv": [ 0.0, 0.0, 0.5, 2.5 ], "enabled": false }
					}
				},
				{
					"name": "leaf 6",
					"from": [ 0.7, 6.4, -0.9 ], 
					"to": [ 0.7, 10.6, 1.7 ], 
					"rotationOrigin": [ 0.7, 6.4, -0.2 ],
					"rotationZ": -67.5,
					"faces": {
						"north": { "texture": "#stemandlsmallleaves", "uv": [ 0.0, 0.0, 0.5, 4.0 ], "enabled": false, "windMode": [-1,-1,-1,-1] },
						"east": { "texture": "#stemandlsmallleaves", "uv": [ 0.0, 0.0, 2.5, 4.0 ], "enabled": false, "windMode": [-1,-1,-1,-1] },
						"south": { "texture": "#stemandlsmallleaves", "uv": [ 0.0, 0.0, 0.5, 4.0 ], "enabled": false },
						"west": { "texture": "#stemandlsmallleaves", "uv": [ 7.0, 10.5, 10.5, 16.0 ], "autoUv": false, "windMode": [4,4,1,1] },
						"up": { "texture": "#stemandlsmallleaves", "uv": [ 0.0, 0.0, 0.5, 2.5 ], "enabled": false },
						"down": { "texture": "#stemandlsmallleaves", "uv": [ 0.0, 0.0, 0.5, 2.5 ], "enabled": false }
					}
				},
				{
					"name": "leaf 7",
					"from": [ 0.1, 14.6, -0.7 ], 
					"to": [ 0.1, 18.1, 1.5 ], 
					"rotationOrigin": [ 0.1, 14.6, 0.0 ],
					"rotationZ": 67.5,
					"faces": {
						"north": { "texture": "#null", "uv": [ 0.0, 0.0, 0.5, 3.5 ], "enabled": false },
						"east": { "texture": "#stemandlsmallleaves", "uv": [ 11.0, 11.2, 13.5, 16.0 ], "autoUv": false, "windMode": [4,1,1,4] },
						"south": { "texture": "#null", "uv": [ 0.0, 0.0, 0.5, 3.5 ], "enabled": false },
						"west": { "texture": "#null", "uv": [ 0.0, 0.0, 2.0, 3.5 ], "enabled": false, "windMode": [-1,-1,-1,-1] },
						"up": { "texture": "#null", "uv": [ 0.0, 0.0, 0.5, 2.0 ], "enabled": false },
						"down": { "texture": "#null", "uv": [ 0.0, 0.0, 0.5, 2.0 ], "enabled": false }
					}
				},
				{
					"name": "leaf 8",
					"from": [ 0.7, 14.6, -0.7 ], 
					"to": [ 0.7, 18.1, 1.5 ], 
					"rotationOrigin": [ 0.7, 14.6, 0.0 ],
					"rotationZ": -67.5,
					"faces": {
						"north": { "texture": "#stemandlsmallleaves", "uv": [ 0.0, 0.0, 0.5, 3.5 ], "enabled": false },
						"east": { "texture": "#stemandlsmallleaves", "uv": [ 0.0, 0.0, 2.0, 3.5 ], "enabled": false },
						"south": { "texture": "#stemandlsmallleaves", "uv": [ 0.0, 0.0, 0.5, 3.5 ], "enabled": false },
						"west": { "texture": "#stemandlsmallleaves", "uv": [ 11.0, 11.2, 13.5, 16.0 ], "autoUv": false, "windMode": [4,4,1,1] },
						"up": { "texture": "#stemandlsmallleaves", "uv": [ 0.0, 0.0, 0.5, 2.0 ], "enabled": false },
						"down": { "texture": "#stemandlsmallleaves", "uv": [ 0.0, 0.0, 0.5, 2.0 ], "enabled": false }
					}
				},
				{
					"name": "branch 1",
					"from": [ 0.1, 10.5, 0.1 ], 
					"to": [ 0.7, 15.5, 0.7 ], 
					"rotationOrigin": [ 0.4, 10.5, 0.4 ],
					"rotationY": -22.5,
					"rotationZ": 78.0,
					"faces": {
						"north": { "texture": "#stemandlsmallleaves", "uv": [ 0.5, 5.0, 1.5, 10.0 ], "autoUv": false, "windMode": [4,4,4,4] },
						"east": { "texture": "#stemandlsmallleaves", "uv": [ 0.5, 4.0, 1.5, 9.0 ], "autoUv": false, "windMode": [4,4,4,4] },
						"south": { "texture": "#stemandlsmallleaves", "uv": [ 0.5, 7.5, 1.5, 12.5 ], "autoUv": false, "windMode": [4,4,4,4] },
						"west": { "texture": "#stemandlsmallleaves", "uv": [ 0.5, 4.0, 1.5, 9.0 ], "autoUv": false, "windMode": [4,4,4,4] },
						"up": { "texture": "#stemandlsmallleaves", "uv": [ 0.5, 6.0, 1.5, 7.0 ], "autoUv": false, "windMode": [4,4,4,4] },
						"down": { "texture": "#stemandlsmallleaves", "uv": [ 0.5, 7.5, 1.5, 8.5 ], "autoUv": false, "windMode": [4,4,4,4] }
					},
					"children": [
						{
							"name": "leaf 9",
							"from": [ 0.3424, 4.26, -0.45 ], 
							"to": [ 0.3424, 6.96, 1.05 ], 
							"rotationOrigin": [ 0.3424, 4.256, 0.247 ],
							"rotationZ": -45.0,
							"faces": {
								"north": { "texture": "#null", "uv": [ 0.0, 0.0, 0.5, 2.5 ], "enabled": false },
								"east": { "texture": "#stemandlsmallleaves", "uv": [ 13.9, 12.5, 15.5, 16.0 ], "autoUv": false, "windMode": [4,1,1,4] },
								"south": { "texture": "#null", "uv": [ 0.0, 0.0, 0.5, 2.5 ], "enabled": false },
								"west": { "texture": "#stemandlsmallleaves", "uv": [ 14.0, 12.5, 15.5, 16.0 ], "enabled": false, "autoUv": false, "windMode": [4,4,1,1] },
								"up": { "texture": "#null", "uv": [ 0.0, 0.0, 0.5, 1.5 ], "enabled": false },
								"down": { "texture": "#null", "uv": [ 0.0, 0.0, 0.5, 1.5 ], "enabled": false }
							}
						},
						{
							"name": "leaf 10",
							"from": [ 0.3424, 4.26, -0.45 ], 
							"to": [ 0.3424, 6.96, 1.05 ], 
							"rotationOrigin": [ 0.3424, 4.256, 0.247 ],
							"rotationX": -67.5,
							"faces": {
								"north": { "texture": "#null", "uv": [ 0.0, 0.0, 0.5, 2.5 ], "enabled": false },
								"east": { "texture": "#stemandlsmallleaves", "uv": [ 13.9, 12.5, 15.5, 16.0 ], "autoUv": false, "windMode": [4,1,1,4] },
								"south": { "texture": "#null", "uv": [ 0.0, 0.0, 0.5, 2.5 ], "enabled": false },
								"west": { "texture": "#null", "uv": [ 0.0, 0.0, 1.5, 2.5 ], "enabled": false, "windMode": [-1,-1,-1,-1] },
								"up": { "texture": "#null", "uv": [ 0.0, 0.0, 0.5, 1.5 ], "enabled": false },
								"down": { "texture": "#null", "uv": [ 0.0, 0.0, 0.5, 1.5 ], "enabled": false }
							}
						},
						{
							"name": "leaf 11",
							"from": [ 0.3424, 4.26, -0.45 ], 
							"to": [ 0.3424, 6.96, 1.05 ], 
							"rotationOrigin": [ 0.3424, 4.256, 0.247 ],
							"rotationX": 90.0,
							"rotationY": 22.5,
							"faces": {
								"north": { "texture": "#stemandlsmallleaves", "uv": [ 0.0, 0.0, 0.5, 2.5 ], "enabled": false },
								"east": { "texture": "#stemandlsmallleaves", "uv": [ 13.9, 12.5, 15.5, 16.0 ], "autoUv": false, "windMode": [4,1,1,4] },
								"south": { "texture": "#stemandlsmallleaves", "uv": [ 0.0, 0.0, 0.5, 2.5 ], "enabled": false },
								"west": { "texture": "#stemandlsmallleaves", "uv": [ 0.0, 0.0, 1.5, 2.5 ], "enabled": false, "windMode": [-1,-1,-1,-1] },
								"up": { "texture": "#stemandlsmallleaves", "uv": [ 0.0, 0.0, 0.5, 1.5 ], "enabled": false },
								"down": { "texture": "#stemandlsmallleaves", "uv": [ 0.0, 0.0, 0.5, 1.5 ], "enabled": false }
							}
						},
						{
							"name": "pepper stem 1",
							"from": [ -0.6, 3.8, 0.1 ], 
							"to": [ 0.1, 4.1, 0.4 ], 
							"rotationOrigin": [ -0.1, 3.9, 0.2 ],
							"rotationZ": -9.0,
							"faces": {
								"north": { "texture": "#stemandlsmallleaves", "uv": [ 0.0, 0.0, 0.5, 0.5 ], "windMode": [4,4,4,4] },
								"east": { "texture": "#stemandlsmallleaves", "uv": [ 0.0, 0.0, 0.5, 0.5 ], "windMode": [4,4,4,4] },
								"south": { "texture": "#stemandlsmallleaves", "uv": [ 0.0, 0.0, 0.5, 0.5 ], "windMode": [4,4,4,4] },
								"west": { "texture": "#stemandlsmallleaves", "uv": [ 0.0, 0.0, 0.5, 0.5 ], "windMode": [4,4,4,4] },
								"up": { "texture": "#stemandlsmallleaves", "uv": [ 0.0, 0.0, 0.5, 0.5 ], "windMode": [4,4,4,4] },
								"down": { "texture": "#stemandlsmallleaves", "uv": [ 0.0, 0.0, 0.5, 0.5 ], "windMode": [4,4,4,4] }
							},
							"children": [
								{
									"name": "pepper top 1",
									"from": [ -0.75, -0.77, -0.4 ], 
									"to": [ 0.45, 0.33, 0.7 ], 
									"rotationOrigin": [ -0.748, -0.767, -0.4 ],
									"rotationZ": 22.5,
									"faces": {
										"north": { "texture": "#largeleavesjalapenos", "uv": [ 4.5, 1.5, 6.0, 3.0 ], "autoUv": false, "windMode": [4,4,4,4] },
										"east": { "texture": "#largeleavesjalapenos", "uv": [ 9.0, 1.0, 10.5, 2.5 ], "autoUv": false, "windMode": [4,4,4,4] },
										"south": { "texture": "#largeleavesjalapenos", "uv": [ 8.5, 1.0, 10.0, 2.5 ], "autoUv": false, "windMode": [4,4,4,4] },
										"west": { "texture": "#largeleavesjalapenos", "uv": [ 6.0, 1.5, 7.5, 3.0 ], "autoUv": false, "windMode": [4,4,4,4] },
										"up": { "texture": "#largeleavesjalapenos", "uv": [ 3.5, 1.5, 5.0, 3.0 ], "autoUv": false, "windMode": [4,4,4,4] },
										"down": { "texture": "#largeleavesjalapenos", "uv": [ 10.0, 1.0, 11.5, 2.5 ], "autoUv": false, "windMode": [4,4,4,4] }
									},
									"children": [
										{
											"name": "pepper middle 1",
											"from": [ -0.8, 0.1, 0.1 ], 
											"to": [ 0.1, 1.0, 1.0 ], 
											"rotationOrigin": [ 1.2, 0.4, 0.4 ],
											"faces": {
												"north": { "texture": "#largeleavesjalapenos", "uv": [ 5.0, 1.5, 6.0, 2.5 ], "autoUv": false, "windMode": [4,4,4,4] },
												"east": { "texture": "#largeleavesjalapenos", "uv": [ 8.0, 1.5, 9.0, 2.5 ], "autoUv": false, "windMode": [4,4,4,4] },
												"south": { "texture": "#largeleavesjalapenos", "uv": [ 10.0, 1.5, 11.0, 2.5 ], "autoUv": false, "windMode": [4,4,4,4] },
												"west": { "texture": "#largeleavesjalapenos", "uv": [ 7.5, 2.0, 8.5, 3.0 ], "autoUv": false, "windMode": [4,4,4,4] },
												"up": { "texture": "#largeleavesjalapenos", "uv": [ 10.5, 1.0, 11.5, 2.0 ], "autoUv": false, "windMode": [4,4,4,4] },
												"down": { "texture": "#largeleavesjalapenos", "uv": [ 5.5, 1.0, 6.5, 2.0 ], "autoUv": false, "windMode": [4,4,4,4] }
											},
											"children": [
												{
													"name": "pepper bottom 1",
													"from": [ -0.63, 0.24, 0.25 ], 
													"to": [ 0.17, 0.69, 0.7 ], 
													"rotationOrigin": [ 0.37, 0.54, 0.5 ],
													"faces": {
														"north": { "texture": "#largeleavesjalapenos", "uv": [ 5.0, 1.0, 6.0, 1.5 ], "autoUv": false, "windMode": [4,4,4,4] },
														"east": { "texture": "#largeleavesjalapenos", "uv": [ 4.5, 2.0, 5.0, 2.5 ], "autoUv": false, "windMode": [4,4,4,4] },
														"south": { "texture": "#largeleavesjalapenos", "uv": [ 5.5, 1.0, 6.5, 1.5 ], "autoUv": false, "windMode": [4,4,4,4] },
														"west": { "texture": "#largeleavesjalapenos", "uv": [ 5.5, 1.0, 6.0, 1.5 ], "autoUv": false, "windMode": [4,4,4,4] },
														"up": { "texture": "#largeleavesjalapenos", "uv": [ 4.0, 1.0, 5.0, 1.5 ], "autoUv": false, "windMode": [4,4,4,4] },
														"down": { "texture": "#largeleavesjalapenos", "uv": [ 4.6, 1.5, 5.5, 2.0 ], "autoUv": false, "windMode": [4,4,4,4] }
													}
												}
											]
										}
									]
								}
							]
						},
						{
							"name": "pepper stem 2",
							"from": [ -0.6, 1.3, 0.1 ], 
							"to": [ 0.1, 1.6, 0.4 ], 
							"rotationOrigin": [ -0.1, 1.4, 0.2 ],
							"rotationX": 75.0,
							"rotationZ": -20.0,
							"faces": {
								"north": { "texture": "#stemandlsmallleaves", "uv": [ 0.0, 0.0, 0.5, 0.5 ], "windMode": [4,4,4,4] },
								"east": { "texture": "#stemandlsmallleaves", "uv": [ 0.0, 0.0, 0.5, 0.5 ], "windMode": [4,4,4,4] },
								"south": { "texture": "#stemandlsmallleaves", "uv": [ 0.0, 0.0, 0.5, 0.5 ], "windMode": [4,4,4,4] },
								"west": { "texture": "#stemandlsmallleaves", "uv": [ 0.0, 0.0, 0.5, 0.5 ], "windMode": [4,4,4,4] },
								"up": { "texture": "#stemandlsmallleaves", "uv": [ 0.0, 0.0, 0.5, 0.5 ], "windMode": [4,4,4,4] },
								"down": { "texture": "#stemandlsmallleaves", "uv": [ 0.0, 0.0, 0.5, 0.5 ], "windMode": [4,4,4,4] }
							},
							"children": [
								{
									"name": "pepper top 2",
									"from": [ -0.75, -0.77, -0.4 ], 
									"to": [ 0.45, 0.33, 0.7 ], 
									"rotationOrigin": [ -0.748, -0.767, -0.4 ],
									"rotationZ": 22.5,
									"faces": {
										"north": { "texture": "#largeleavesjalapenos", "uv": [ 8.5, 1.0, 10.0, 2.5 ], "autoUv": false, "windMode": [4,4,4,4] },
										"east": { "texture": "#largeleavesjalapenos", "uv": [ 9.5, 1.0, 11.0, 2.5 ], "autoUv": false, "windMode": [4,4,4,4] },
										"south": { "texture": "#largeleavesjalapenos", "uv": [ 7.0, 1.0, 8.5, 2.5 ], "autoUv": false, "windMode": [4,4,4,4] },
										"west": { "texture": "#largeleavesjalapenos", "uv": [ 5.0, 1.5, 6.5, 3.0 ], "autoUv": false, "windMode": [4,4,4,4] },
										"up": { "texture": "#largeleavesjalapenos", "uv": [ 3.0, 1.0, 4.5, 2.5 ], "autoUv": false, "windMode": [4,4,4,4] },
										"down": { "texture": "#largeleavesjalapenos", "uv": [ 3.5, 1.0, 5.0, 2.5 ], "autoUv": false, "windMode": [4,4,4,4] }
									},
									"children": [
										{
											"name": "pepper middle 2",
											"from": [ -0.8, 0.1, 0.1 ], 
											"to": [ 0.1, 1.0, 1.0 ], 
											"rotationOrigin": [ 1.2, 0.4, 0.4 ],
											"faces": {
												"north": { "texture": "#largeleavesjalapenos", "uv": [ 9.0, 2.5, 10.0, 3.5 ], "autoUv": false, "windMode": [4,4,4,4] },
												"east": { "texture": "#largeleavesjalapenos", "uv": [ 10.0, 1.0, 11.0, 2.0 ], "autoUv": false, "windMode": [4,4,4,4] },
												"south": { "texture": "#largeleavesjalapenos", "uv": [ 7.5, 1.5, 8.5, 2.5 ], "autoUv": false, "windMode": [4,4,4,4] },
												"west": { "texture": "#largeleavesjalapenos", "uv": [ 6.5, 0.0, 7.5, 1.0 ], "autoUv": false, "windMode": [4,4,4,4] },
												"up": { "texture": "#largeleavesjalapenos", "uv": [ 6.5, 2.0, 7.5, 3.0 ], "autoUv": false, "windMode": [4,4,4,4] },
												"down": { "texture": "#largeleavesjalapenos", "uv": [ 5.5, 1.0, 6.5, 2.0 ], "autoUv": false, "windMode": [4,4,4,4] }
											},
											"children": [
												{
													"name": "pepper bottom 2",
													"from": [ -0.63, 0.24, 0.25 ], 
													"to": [ 0.17, 0.69, 0.7 ], 
													"rotationOrigin": [ 0.37, 0.54, 0.5 ],
													"faces": {
														"north": { "texture": "#largeleavesjalapenos", "uv": [ 6.5, 2.0, 7.5, 2.5 ], "autoUv": false, "windMode": [4,4,4,4] },
														"east": { "texture": "#largeleavesjalapenos", "uv": [ 5.0, 2.0, 5.5, 2.5 ], "windMode": [4,4,4,4] },
														"south": { "texture": "#largeleavesjalapenos", "uv": [ 8.0, 2.0, 9.0, 2.5 ], "autoUv": false, "windMode": [4,4,4,4] },
														"west": { "texture": "#largeleavesjalapenos", "uv": [ 5.0, 1.5, 5.5, 2.0 ], "windMode": [4,4,4,4] },
														"up": { "texture": "#largeleavesjalapenos", "uv": [ 5.5, 2.0, 6.5, 2.5 ], "autoUv": false, "windMode": [4,4,4,4] },
														"down": { "texture": "#largeleavesjalapenos", "uv": [ 7.0, 2.5, 8.0, 3.0 ], "autoUv": false, "windMode": [4,4,4,4] }
													}
												}
											]
										}
									]
								}
							]
						}
					]
				},
				{
					"name": "branch 2",
					"from": [ 0.1, 11.1, 0.1 ], 
					"to": [ 0.7, 16.1, 0.7 ], 
					"rotationOrigin": [ 0.4, 11.1, 0.4 ],
					"rotationY": -45.0,
					"rotationZ": -80.0,
					"faces": {
						"north": { "texture": "#stemandlsmallleaves", "uv": [ 0.5, 7.0, 1.5, 12.0 ], "autoUv": false, "windMode": [4,4,4,4] },
						"east": { "texture": "#stemandlsmallleaves", "uv": [ 0.5, 3.5, 1.5, 8.5 ], "autoUv": false, "windMode": [4,4,4,4] },
						"south": { "texture": "#stemandlsmallleaves", "uv": [ 0.5, 4.0, 1.5, 9.0 ], "autoUv": false, "windMode": [4,4,4,4] },
						"west": { "texture": "#stemandlsmallleaves", "uv": [ 0.5, 9.0, 1.5, 14.0 ], "autoUv": false, "windMode": [4,4,4,4] },
						"up": { "texture": "#stemandlsmallleaves", "uv": [ 0.5, 3.0, 1.5, 4.0 ], "autoUv": false, "windMode": [4,4,4,4] },
						"down": { "texture": "#stemandlsmallleaves", "uv": [ 0.5, 8.5, 1.5, 9.5 ], "autoUv": false, "windMode": [4,4,4,4] }
					},
					"children": [
						{
							"name": "leaf 12",
							"from": [ 0.13, 4.41, -0.4707 ], 
							"to": [ 0.13, 7.11, 1.0293 ], 
							"rotationOrigin": [ 0.1319, 4.4138, 0.2293 ],
							"rotationZ": 45.0,
							"faces": {
								"north": { "texture": "#null", "uv": [ 0.0, 0.0, 0.5, 2.5 ], "enabled": false },
								"east": { "texture": "#stemandlsmallleaves", "uv": [ 13.9, 12.5, 15.5, 16.0 ], "enabled": false, "autoUv": false, "windMode": [4,1,1,4] },
								"south": { "texture": "#null", "uv": [ 0.0, 0.0, 0.5, 2.5 ], "enabled": false },
								"west": { "texture": "#stemandlsmallleaves", "uv": [ 14.0, 12.5, 15.5, 16.0 ], "autoUv": false, "windMode": [4,4,1,1] },
								"up": { "texture": "#null", "uv": [ 0.0, 0.0, 0.5, 1.5 ], "enabled": false },
								"down": { "texture": "#null", "uv": [ 0.0, 0.0, 0.5, 1.5 ], "enabled": false }
							}
						},
						{
							"name": "leaf 13",
							"from": [ 0.13, 4.41, -0.4707 ], 
							"to": [ 0.13, 7.11, 1.0293 ], 
							"rotationOrigin": [ 0.1319, 4.4138, 0.2293 ],
							"rotationX": -112.5,
							"rotationY": 45.0,
							"faces": {
								"north": { "texture": "#stemandlsmallleaves", "uv": [ 0.0, 0.0, 0.5, 2.5 ], "enabled": false },
								"east": { "texture": "#stemandlsmallleaves", "uv": [ 0.0, 0.0, 1.5, 2.5 ], "enabled": false },
								"south": { "texture": "#stemandlsmallleaves", "uv": [ 0.0, 0.0, 0.5, 2.5 ], "enabled": false },
								"west": { "texture": "#stemandlsmallleaves", "uv": [ 13.9, 12.5, 15.5, 16.0 ], "autoUv": false, "windMode": [4,4,1,1] },
								"up": { "texture": "#stemandlsmallleaves", "uv": [ 0.0, 0.0, 0.5, 1.5 ], "enabled": false },
								"down": { "texture": "#stemandlsmallleaves", "uv": [ 0.0, 0.0, 0.5, 1.5 ], "enabled": false }
							}
						},
						{
							"name": "leaf 14",
							"from": [ 0.13, 4.41, -0.4707 ], 
							"to": [ 0.13, 7.11, 1.0293 ], 
							"rotationOrigin": [ 0.1319, 4.4138, 0.2293 ],
							"rotationX": 90.0,
							"rotationY": 22.5,
							"rotationZ": -22.5,
							"faces": {
								"north": { "texture": "#null", "uv": [ 0.0, 0.0, 0.5, 2.5 ], "enabled": false, "windMode": [-1,-1,-1,-1] },
								"east": { "texture": "#null", "uv": [ 0.0, 0.0, 1.5, 2.5 ], "enabled": false, "windMode": [4,1,1,4] },
								"south": { "texture": "#null", "uv": [ 0.0, 0.0, 0.5, 2.5 ], "enabled": false, "windMode": [-1,-1,-1,-1] },
								"west": { "texture": "#stemandlsmallleaves", "uv": [ 13.9, 12.5, 15.5, 16.0 ], "autoUv": false, "windMode": [4,4,1,1] },
								"up": { "texture": "#null", "uv": [ 0.0, 0.0, 0.5, 1.5 ], "enabled": false, "windMode": [-1,-1,-1,-1] },
								"down": { "texture": "#null", "uv": [ 0.0, 0.0, 0.5, 1.5 ], "enabled": false, "windMode": [-1,-1,-1,-1] }
							}
						},
						{
							"name": "pepper stem 3",
							"from": [ 0.09, 1.82, 0.1603 ], 
							"to": [ 0.79, 2.12, 0.4603 ], 
							"rotationOrigin": [ 0.5932, 1.9207, 0.2603 ],
							"rotationX": -58.0,
							"rotationY": 13.0,
							"rotationZ": 160.0,
							"faces": {
								"north": { "texture": "#stemandlsmallleaves", "uv": [ 0.0, 0.0, 0.5, 0.5 ], "windMode": [4,4,4,4] },
								"east": { "texture": "#stemandlsmallleaves", "uv": [ 0.0, 0.0, 0.5, 0.5 ], "windMode": [4,4,4,4] },
								"south": { "texture": "#stemandlsmallleaves", "uv": [ 0.0, 0.0, 0.5, 0.5 ], "windMode": [4,4,4,4] },
								"west": { "texture": "#stemandlsmallleaves", "uv": [ 0.0, 0.0, 0.5, 0.5 ], "windMode": [4,4,4,4] },
								"up": { "texture": "#stemandlsmallleaves", "uv": [ 0.0, 0.0, 0.5, 0.5 ], "windMode": [4,4,4,4] },
								"down": { "texture": "#stemandlsmallleaves", "uv": [ 0.0, 0.0, 0.5, 0.5 ], "windMode": [4,4,4,4] }
							},
							"children": [
								{
									"name": "pepper top 3",
									"from": [ -0.75, -0.77, -0.4 ], 
									"to": [ 0.45, 0.33, 0.7 ], 
									"rotationOrigin": [ -0.748, -0.767, -0.4 ],
									"rotationZ": 22.5,
									"faces": {
										"north": { "texture": "#largeleavesjalapenos", "uv": [ 10.5, 0.0, 12.0, 1.5 ], "autoUv": false, "windMode": [4,4,4,4] },
										"east": { "texture": "#largeleavesjalapenos", "uv": [ 10.5, 1.0, 12.0, 2.5 ], "autoUv": false, "windMode": [4,4,4,4] },
										"south": { "texture": "#largeleavesjalapenos", "uv": [ 10.0, 0.5, 11.5, 2.0 ], "autoUv": false, "windMode": [4,4,4,4] },
										"west": { "texture": "#largeleavesjalapenos", "uv": [ 7.0, 1.5, 8.5, 3.0 ], "autoUv": false, "windMode": [4,4,4,4] },
										"up": { "texture": "#largeleavesjalapenos", "uv": [ 6.0, 1.5, 7.5, 3.0 ], "autoUv": false, "windMode": [4,4,4,4] },
										"down": { "texture": "#largeleavesjalapenos", "uv": [ 3.5, 0.5, 5.0, 2.0 ], "autoUv": false, "windMode": [4,4,4,4] }
									},
									"children": [
										{
											"name": "pepper middle 3",
											"from": [ -0.8, 0.1, 0.1 ], 
											"to": [ 0.1, 1.0, 1.0 ], 
											"rotationOrigin": [ 1.2, 0.4, 0.4 ],
											"faces": {
												"north": { "texture": "#largeleavesjalapenos", "uv": [ 6.5, 2.0, 7.5, 3.0 ], "autoUv": false, "windMode": [4,4,4,4] },
												"east": { "texture": "#largeleavesjalapenos", "uv": [ 10.0, 1.0, 11.0, 2.0 ], "autoUv": false, "windMode": [4,4,4,4] },
												"south": { "texture": "#largeleavesjalapenos", "uv": [ 10.0, 1.5, 11.0, 2.5 ], "autoUv": false, "windMode": [4,4,4,4] },
												"west": { "texture": "#largeleavesjalapenos", "uv": [ 5.0, 2.0, 6.0, 3.0 ], "autoUv": false, "windMode": [4,4,4,4] },
												"up": { "texture": "#largeleavesjalapenos", "uv": [ 10.0, 1.0, 11.0, 2.0 ], "autoUv": false, "windMode": [4,4,4,4] },
												"down": { "texture": "#largeleavesjalapenos", "uv": [ 4.0, 1.0, 5.0, 2.0 ], "autoUv": false, "windMode": [4,4,4,4] }
											},
											"children": [
												{
													"name": "pepper bottom 3",
													"from": [ -0.63, 0.24, 0.25 ], 
													"to": [ 0.17, 0.69, 0.7 ], 
													"rotationOrigin": [ 0.37, 0.44, 0.4 ],
													"faces": {
														"north": { "texture": "#largeleavesjalapenos", "uv": [ 7.5, 2.5, 8.5, 3.0 ], "autoUv": false, "windMode": [4,4,4,4] },
														"east": { "texture": "#largeleavesjalapenos", "uv": [ 8.5, 1.5, 9.0, 2.0 ], "windMode": [4,4,4,4] },
														"south": { "texture": "#largeleavesjalapenos", "uv": [ 4.0, 1.5, 5.0, 2.0 ], "autoUv": false, "windMode": [4,4,4,4] },
														"west": { "texture": "#largeleavesjalapenos", "uv": [ 5.5, 1.0, 6.0, 1.5 ], "windMode": [4,4,4,4] },
														"up": { "texture": "#largeleavesjalapenos", "uv": [ 4.5, 1.5, 5.5, 2.0 ], "autoUv": false, "windMode": [4,4,4,4] },
														"down": { "texture": "#largeleavesjalapenos", "uv": [ 5.0, 3.0, 6.0, 3.5 ], "autoUv": false, "windMode": [4,4,4,4] }
													}
												}
											]
										}
									]
								}
							]
						},
						{
							"name": "pepper stem 4",
							"from": [ -0.0068, 3.92, 0.1603 ], 
							"to": [ 0.5932, 4.22, 0.4603 ], 
							"rotationOrigin": [ 0.4932, 4.0207, 0.2603 ],
							"rotationX": 48.0,
							"rotationY": -1.0,
							"rotationZ": 160.0,
							"faces": {
								"north": { "texture": "#stemandlsmallleaves", "uv": [ 0.0, 0.0, 0.5, 0.5 ], "windMode": [4,4,4,4] },
								"east": { "texture": "#stemandlsmallleaves", "uv": [ 0.0, 0.0, 0.5, 0.5 ], "windMode": [4,4,4,4] },
								"south": { "texture": "#stemandlsmallleaves", "uv": [ 0.0, 0.0, 0.5, 0.5 ], "windMode": [4,4,4,4] },
								"west": { "texture": "#stemandlsmallleaves", "uv": [ 0.0, 0.0, 0.5, 0.5 ], "windMode": [4,4,4,4] },
								"up": { "texture": "#stemandlsmallleaves", "uv": [ 0.0, 0.0, 0.5, 0.5 ], "windMode": [4,4,4,4] },
								"down": { "texture": "#stemandlsmallleaves", "uv": [ 0.0, 0.0, 0.5, 0.5 ], "windMode": [4,4,4,4] }
							},
							"children": [
								{
									"name": "pepper top 4",
									"from": [ -0.75, -0.77, -0.4 ], 
									"to": [ 0.45, 0.33, 0.7 ], 
									"rotationOrigin": [ -0.748, -0.767, -0.4 ],
									"rotationZ": 22.5,
									"faces": {
										"north": { "texture": "#largeleavesjalapenos", "uv": [ 6.5, 1.5, 8.0, 3.0 ], "autoUv": false, "windMode": [4,4,4,4] },
										"east": { "texture": "#largeleavesjalapenos", "uv": [ 6.5, 1.0, 8.0, 2.5 ], "autoUv": false, "windMode": [4,4,4,4] },
										"south": { "texture": "#largeleavesjalapenos", "uv": [ 10.0, 0.5, 11.5, 2.0 ], "autoUv": false, "windMode": [4,4,4,4] },
										"west": { "texture": "#largeleavesjalapenos", "uv": [ 4.5, 1.0, 6.0, 2.5 ], "autoUv": false, "windMode": [4,4,4,4] },
										"up": { "texture": "#largeleavesjalapenos", "uv": [ 5.5, 1.0, 7.0, 2.5 ], "autoUv": false, "windMode": [4,4,4,4] },
										"down": { "texture": "#largeleavesjalapenos", "uv": [ 3.5, 0.5, 5.0, 2.0 ], "autoUv": false, "windMode": [4,4,4,4] }
									},
									"children": [
										{
											"name": "pepper middle 4",
											"from": [ -0.8, 0.1, 0.1 ], 
											"to": [ 0.1, 1.0, 1.0 ], 
											"rotationOrigin": [ 1.2, 0.4, 0.4 ],
											"faces": {
												"north": { "texture": "#largeleavesjalapenos", "uv": [ 9.0, 2.5, 10.0, 3.5 ], "autoUv": false, "windMode": [4,4,4,4] },
												"east": { "texture": "#largeleavesjalapenos", "uv": [ 9.5, 2.0, 10.5, 3.0 ], "autoUv": false, "windMode": [4,4,4,4] },
												"south": { "texture": "#largeleavesjalapenos", "uv": [ 8.5, 1.0, 9.5, 2.0 ], "autoUv": false, "windMode": [4,4,4,4] },
												"west": { "texture": "#largeleavesjalapenos", "uv": [ 5.0, 1.0, 6.0, 2.0 ], "autoUv": false, "windMode": [4,4,4,4] },
												"up": { "texture": "#largeleavesjalapenos", "uv": [ 4.5, 1.0, 5.5, 2.0 ], "autoUv": false, "windMode": [4,4,4,4] },
												"down": { "texture": "#largeleavesjalapenos", "uv": [ 5.5, 2.0, 6.5, 3.0 ], "autoUv": false, "windMode": [4,4,4,4] }
											},
											"children": [
												{
													"name": "pepper bottom 4",
													"from": [ -0.63, 0.24, 0.25 ], 
													"to": [ 0.17, 0.69, 0.7 ], 
													"rotationOrigin": [ 0.37, 0.54, 0.5 ],
													"faces": {
														"north": { "texture": "#largeleavesjalapenos", "uv": [ 5.0, 1.0, 6.0, 1.5 ], "autoUv": false, "windMode": [4,4,4,4] },
														"east": { "texture": "#largeleavesjalapenos", "uv": [ 3.5, 1.5, 4.5, 2.0 ], "autoUv": false, "windMode": [4,4,4,4] },
														"south": { "texture": "#largeleavesjalapenos", "uv": [ 8.0, 2.5, 9.0, 3.0 ], "autoUv": false, "windMode": [4,4,4,4] },
														"west": { "texture": "#largeleavesjalapenos", "uv": [ 7.5, 1.0, 8.0, 1.5 ], "windMode": [4,4,4,4] },
														"up": { "texture": "#largeleavesjalapenos", "uv": [ 9.5, 1.0, 10.0, 1.5 ], "windMode": [4,4,4,4] },
														"down": { "texture": "#largeleavesjalapenos", "uv": [ 5.5, 1.0, 6.5, 1.5 ], "autoUv": false, "windMode": [4,4,4,4] }
													}
												}
											]
										}
									]
								}
							]
						}
					]
				}
			]
		}
	]}