{
	"editor": {
		"allAngles": false,
		"entityTextureMode": false
	},
	"textureWidth": 16,
	"textureHeight": 16,
	"textureSizes": {
		"normal1": [16,16],
		"stem": [4,32]
	},
	"textures": {
		"corn2": "morecrops:block/plant/crop/corn/corn2",
		"corn1": "morecrops:block/plant/crop/corn/corn1",
		"stem": "morecrops:block/plant/crop/corn/stem"
	},
	"elements": [
		{
			"name": "origin",
			"from": [ 8.0, 0.0, 8.0 ], 
			"to": [ 8.0, 0.0, 8.0 ], 
			"rotationOrigin": [ 8.0, 0.0, 8.0 ],
			"faces": {
				"north": { "texture": "#corn2", "uv": [ 0.0, 0.0, 0.5, 0.5 ], "enabled": false },
				"east": { "texture": "#corn2", "uv": [ 0.0, 0.0, 0.5, 0.5 ], "enabled": false },
				"south": { "texture": "#corn2", "uv": [ 0.0, 0.0, 0.5, 0.5 ], "enabled": false },
				"west": { "texture": "#corn2", "uv": [ 0.0, 0.0, 0.5, 0.5 ], "enabled": false },
				"up": { "texture": "#corn2", "uv": [ 0.0, 0.0, 0.5, 0.5 ], "enabled": false },
				"down": { "texture": "#corn2", "uv": [ 0.0, 0.0, 0.5, 0.5 ], "enabled": false }
			},
			"children": [
				{
					"name": "stemdown",
					"from": [ -4.5, -0.1, -4.5 ], 
					"to": [ -3.5, 18.9, -3.5 ], 
					"rotationOrigin": [ -4.0, -0.1, -4.0 ],
					"rotationY": -45.0,
					"faces": {
						"north": { "texture": "#stem", "uv": [ 0.0, 11.0, 1.0, 30.0 ], "windMode": [0,4,4,0], "windData": [0,1,1,0] },
						"east": { "texture": "#stem", "uv": [ 0.0, 0.0, 1.0, 19.0 ], "windMode": [0,4,4,0], "windData": [0,1,1,0] },
						"south": { "texture": "#stem", "uv": [ 1.0, 3.5, 2.0, 22.5 ], "windMode": [0,0,4,4], "windData": [0,0,1,1] },
						"west": { "texture": "#stem", "uv": [ 0.0, 0.0, 1.0, 19.0 ], "windMode": [0,0,4,4], "windData": [0,0,1,1] },
						"up": { "texture": "#stem", "uv": [ 0.0, 0.0, 1.0, 1.0 ], "windMode": [4,4,4,4], "windData": [1,1,1,1] },
						"down": { "texture": "#stem", "uv": [ 0.5, 14.5, 1.5, 15.5 ], "windMode": [0,0,0,0] }
					},
					"children": [
						{
							"name": "Leaf1",
							"from": [ -0.5, 7.0, -10.5 ], 
							"to": [ 1.5, 7.0, 0.0 ], 
							"shade": false,
							"renderPass": 2,
							"rotationOrigin": [ 0.5, 7.0, 0.0 ],
							"rotationX": 67.5,
							"faces": {
								"north": { "texture": "#corn1", "uv": [ 0.0, 0.0, 2.0, 0.5 ], "enabled": false },
								"east": { "texture": "#corn1", "uv": [ 0.0, 0.0, 10.5, 0.5 ], "enabled": false },
								"south": { "texture": "#corn1", "uv": [ 0.0, 0.0, 2.0, 0.5 ], "enabled": false },
								"west": { "texture": "#corn1", "uv": [ 0.0, 0.0, 10.5, 0.5 ], "enabled": false },
								"up": { "texture": "#corn1", "uv": [ 12.0, 5.5, 14.0, 16.0 ], "windMode": [1,4,4,1], "windData": [1,0,0,1] },
								"down": { "texture": "#corn1", "uv": [ 0.0, 0.0, 2.0, 10.5 ], "enabled": false }
							}
						},
						{
							"name": "Leaf2",
							"from": [ -0.5, 11.0, -8.4 ], 
							"to": [ 1.5, 11.0, -0.4 ], 
							"shade": false,
							"renderPass": 2,
							"rotationOrigin": [ 0.5, 11.0, 0.5 ],
							"rotationX": 90.0,
							"rotationY": 22.5,
							"rotationZ": -90.0,
							"faces": {
								"north": { "texture": "#corn2", "uv": [ 0.0, 0.0, 2.0, 0.5 ], "enabled": false },
								"east": { "texture": "#corn2", "uv": [ 0.0, 0.0, 8.0, 0.5 ], "enabled": false },
								"south": { "texture": "#corn2", "uv": [ 0.0, 0.0, 2.0, 0.5 ], "enabled": false },
								"west": { "texture": "#corn2", "uv": [ 0.0, 0.0, 8.0, 0.5 ], "enabled": false },
								"up": { "texture": "#corn2", "uv": [ 6.0, 8.0, 8.0, 16.0 ], "windMode": [1,4,4,1], "windData": [1,0,0,1] },
								"down": { "texture": "#corn2", "uv": [ 0.0, 0.0, 2.0, 8.0 ], "enabled": false }
							}
						},
						{
							"name": "Leaf3",
							"from": [ -0.5, 3.0, -13.5 ], 
							"to": [ 1.5, 3.0, 1.0 ], 
							"shade": false,
							"renderPass": 2,
							"rotationOrigin": [ 0.5, 3.0, 1.0 ],
							"rotationX": -70.0,
							"rotationY": -180.0,
							"rotationZ": 180.0,
							"faces": {
								"north": { "texture": "#corn1", "uv": [ 0.0, 0.0, 2.0, 0.5 ], "enabled": false },
								"east": { "texture": "#corn1", "uv": [ 0.0, 0.0, 14.5, 0.5 ], "enabled": false },
								"south": { "texture": "#corn1", "uv": [ 0.0, 0.0, 2.0, 0.5 ], "enabled": false },
								"west": { "texture": "#corn1", "uv": [ 0.0, 0.0, 14.5, 0.5 ], "enabled": false },
								"up": { "texture": "#corn1", "uv": [ 14.0, 1.5, 16.0, 16.0 ], "windMode": [1,4,4,1], "windData": [1,0,0,1] },
								"down": { "texture": "#corn1", "uv": [ 0.0, 0.0, 2.0, 14.5 ], "enabled": false }
							}
						},
						{
							"name": "Leaf4",
							"from": [ -0.5, 13.0, -8.5 ], 
							"to": [ 1.5, 13.0, -0.5 ], 
							"shade": false,
							"renderPass": 2,
							"rotationOrigin": [ 0.5, 13.0, 0.5 ],
							"rotationX": -112.5,
							"rotationY": 157.5,
							"rotationZ": 135.0,
							"faces": {
								"north": { "texture": "#corn2", "uv": [ 0.0, 0.0, 2.0, 0.5 ], "enabled": false },
								"east": { "texture": "#corn2", "uv": [ 0.0, 0.0, 8.0, 0.5 ], "enabled": false },
								"south": { "texture": "#corn2", "uv": [ 0.0, 0.0, 2.0, 0.5 ], "enabled": false },
								"west": { "texture": "#corn2", "uv": [ 0.0, 0.0, 8.0, 0.5 ], "enabled": false },
								"up": { "texture": "#corn2", "uv": [ 6.0, 8.0, 8.0, 16.0 ], "windMode": [1,4,4,1], "windData": [1,0,0,1] },
								"down": { "texture": "#corn2", "uv": [ 0.0, 0.0, 2.0, 8.0 ], "enabled": false }
							}
						},
						{
							"name": "Leaf5",
							"from": [ 0.7, 11.0, -6.5 ], 
							"to": [ 2.7, 11.0, 1.5 ], 
							"shade": false,
							"renderPass": 2,
							"rotationOrigin": [ 1.5, 11.0, 0.5 ],
							"rotationX": -90.0,
							"rotationY": -157.5,
							"rotationZ": -67.5,
							"faces": {
								"north": { "texture": "#corn2", "uv": [ 0.0, 0.0, 2.0, 0.5 ], "enabled": false },
								"east": { "texture": "#corn2", "uv": [ 0.0, 0.0, 8.0, 0.5 ], "enabled": false },
								"south": { "texture": "#corn2", "uv": [ 0.0, 0.0, 2.0, 0.5 ], "enabled": false },
								"west": { "texture": "#corn2", "uv": [ 0.0, 0.0, 8.0, 0.5 ], "enabled": false },
								"up": { "texture": "#corn2", "uv": [ 6.0, 8.0, 8.0, 16.0 ], "windMode": [1,4,4,1], "windData": [1,0,0,1] },
								"down": { "texture": "#corn2", "uv": [ 0.0, 0.0, 2.0, 8.0 ], "enabled": false }
							}
						},
						{
							"name": "Leaf6",
							"from": [ -0.5, 15.0, -7.9 ], 
							"to": [ 1.5, 15.0, 0.1 ], 
							"shade": false,
							"renderPass": 2,
							"rotationOrigin": [ 0.5, 15.0, 0.5 ],
							"rotationX": -90.0,
							"rotationY": -157.5,
							"rotationZ": -90.0,
							"faces": {
								"north": { "texture": "#corn2", "uv": [ 0.0, 0.0, 2.0, 0.5 ], "enabled": false },
								"east": { "texture": "#corn2", "uv": [ 0.0, 0.0, 8.0, 0.5 ], "enabled": false },
								"south": { "texture": "#corn2", "uv": [ 0.0, 0.0, 2.0, 0.5 ], "enabled": false },
								"west": { "texture": "#corn2", "uv": [ 0.0, 0.0, 8.0, 0.5 ], "enabled": false },
								"up": { "texture": "#corn2", "uv": [ 8.5, 6.0, 10.5, 14.0 ], "windMode": [1,4,4,1], "windData": [1,0,0,1] },
								"down": { "texture": "#corn2", "uv": [ 0.0, 0.0, 2.0, 8.0 ], "enabled": false }
							}
						},
						{
							"name": "Tuft1",
							"from": [ -1.7, 20.35, -4.6 ], 
							"to": [ 2.8, 20.35, 1.9 ], 
							"shade": false,
							"renderPass": 2,
							"rotationOrigin": [ 0.5, 20.3, 0.5 ],
							"rotationX": 90.0,
							"rotationZ": 90.0,
							"faces": {
								"north": { "texture": "#corn2", "uv": [ 0.0, 0.0, 4.5, 0.5 ], "enabled": false },
								"east": { "texture": "#corn2", "uv": [ 0.0, 0.0, 6.5, 0.5 ], "enabled": false },
								"south": { "texture": "#corn2", "uv": [ 0.0, 0.0, 4.5, 0.5 ], "enabled": false },
								"west": { "texture": "#corn2", "uv": [ 0.0, 0.0, 6.5, 0.5 ], "enabled": false },
								"up": { "texture": "#corn2", "uv": [ 0.0, 6.5, 4.5, 13.0 ], "autoUv": false, "windMode": [1,4,4,1], "windData": [1,1,1,1] },
								"down": { "texture": "#corn2", "uv": [ 0.0, 0.0, 4.5, 6.5 ], "enabled": false }
							}
						},
						{
							"name": "Tuft2",
							"from": [ -1.7, 20.25, -4.6 ], 
							"to": [ 2.8, 20.25, 1.9 ], 
							"shade": false,
							"renderPass": 2,
							"rotationOrigin": [ 0.5, 20.3, 0.5 ],
							"rotationX": 90.0,
							"rotationZ": 180.0,
							"faces": {
								"north": { "texture": "#corn2", "uv": [ 0.0, 0.0, 4.5, 0.5 ], "enabled": false },
								"east": { "texture": "#corn2", "uv": [ 0.0, 0.0, 6.5, 0.5 ], "enabled": false },
								"south": { "texture": "#corn2", "uv": [ 0.0, 0.0, 4.5, 0.5 ], "enabled": false },
								"west": { "texture": "#corn2", "uv": [ 0.0, 0.0, 6.5, 0.5 ], "enabled": false },
								"up": { "texture": "#corn2", "uv": [ 0.0, 6.5, 4.5, 13.0 ], "autoUv": false, "windMode": [1,4,4,1], "windData": [1,1,1,1] },
								"down": { "texture": "#corn2", "uv": [ 0.0, 0.0, 4.5, 6.5 ], "enabled": false }
							}
						}
					]
				},
				{
					"name": "stemdown15",
					"from": [ 4.5, -0.3, -4.5 ], 
					"to": [ 5.5, 18.7, -3.5 ], 
					"rotationOrigin": [ 5.0, -0.3, -4.0 ],
					"rotationX": 1.0,
					"rotationY": -42.0,
					"faces": {
						"north": { "texture": "#stem", "uv": [ 0.0, 3.0, 1.0, 22.0 ], "windMode": [0,4,4,0], "windData": [0,1,1,0] },
						"east": { "texture": "#stem", "uv": [ 1.0, 4.0, 2.0, 23.0 ], "windMode": [0,4,4,0], "windData": [0,1,1,0] },
						"south": { "texture": "#stem", "uv": [ 0.0, 4.5, 1.0, 23.5 ], "windMode": [0,0,4,4], "windData": [0,0,1,1] },
						"west": { "texture": "#stem", "uv": [ 1.0, 2.0, 2.0, 21.0 ], "windMode": [0,0,4,4], "windData": [0,0,1,1] },
						"up": { "texture": "#stem", "uv": [ 0.0, 0.0, 1.0, 1.0 ], "windMode": [4,4,4,4], "windData": [1,1,1,1] },
						"down": { "texture": "#stem", "uv": [ 0.5, 14.5, 1.5, 15.5 ], "windMode": [0,0,0,0] }
					},
					"children": [
						{
							"name": "Leaf22",
							"from": [ -0.5, 8.0, -10.3 ], 
							"to": [ 1.5, 8.0, 0.2 ], 
							"shade": false,
							"renderPass": 2,
							"rotationOrigin": [ 0.5, 8.0, 0.0 ],
							"rotationX": 67.5,
							"faces": {
								"north": { "texture": "#corn1", "uv": [ 0.0, 0.0, 2.0, 0.5 ], "enabled": false },
								"east": { "texture": "#corn1", "uv": [ 0.0, 0.0, 10.5, 0.5 ], "enabled": false },
								"south": { "texture": "#corn1", "uv": [ 0.0, 0.0, 2.0, 0.5 ], "enabled": false },
								"west": { "texture": "#corn1", "uv": [ 0.0, 0.0, 10.5, 0.5 ], "enabled": false },
								"up": { "texture": "#corn1", "uv": [ 12.0, 5.5, 14.0, 16.0 ], "windMode": [1,4,4,1], "windData": [1,0,0,1] },
								"down": { "texture": "#corn1", "uv": [ 0.0, 0.0, 2.0, 10.5 ], "enabled": false }
							}
						},
						{
							"name": "Leaf23",
							"from": [ -1.3, 12.0, -8.2 ], 
							"to": [ 0.7, 12.0, -0.2 ], 
							"shade": false,
							"renderPass": 2,
							"rotationOrigin": [ 0.5, 12.0, -0.5 ],
							"rotationX": 67.5,
							"rotationY": 22.5,
							"rotationZ": -45.0,
							"faces": {
								"north": { "texture": "#corn2", "uv": [ 0.0, 0.0, 2.0, 0.5 ], "enabled": false },
								"east": { "texture": "#corn2", "uv": [ 0.0, 0.0, 8.0, 0.5 ], "enabled": false },
								"south": { "texture": "#corn2", "uv": [ 0.0, 0.0, 2.0, 0.5 ], "enabled": false },
								"west": { "texture": "#corn2", "uv": [ 0.0, 0.0, 8.0, 0.5 ], "enabled": false },
								"up": { "texture": "#corn2", "uv": [ 6.0, 8.0, 8.0, 16.0 ], "windMode": [1,4,4,1], "windData": [1,0,0,1] },
								"down": { "texture": "#corn2", "uv": [ 0.0, 0.0, 2.0, 8.0 ], "enabled": false }
							}
						},
						{
							"name": "Leaf24",
							"from": [ -0.1, 4.0, -15.7 ], 
							"to": [ 1.9, 4.0, -1.2 ], 
							"shade": false,
							"renderPass": 2,
							"rotationOrigin": [ 0.5, 4.0, 0.0 ],
							"rotationX": -90.0,
							"rotationY": -157.5,
							"rotationZ": -90.0,
							"faces": {
								"north": { "texture": "#corn1", "uv": [ 0.0, 0.0, 2.0, 0.5 ], "enabled": false },
								"east": { "texture": "#corn1", "uv": [ 0.0, 0.0, 14.5, 0.5 ], "enabled": false },
								"south": { "texture": "#corn1", "uv": [ 0.0, 0.0, 2.0, 0.5 ], "enabled": false },
								"west": { "texture": "#corn1", "uv": [ 0.0, 0.0, 14.5, 0.5 ], "enabled": false },
								"up": { "texture": "#corn1", "uv": [ 14.0, 1.5, 16.0, 16.0 ], "windMode": [1,4,4,1], "windData": [1,0,0,1] },
								"down": { "texture": "#corn1", "uv": [ 0.0, 0.0, 2.0, 14.5 ], "enabled": false }
							}
						},
						{
							"name": "Leaf25",
							"from": [ -0.5, 16.0, -8.5 ], 
							"to": [ 1.5, 16.0, -0.5 ], 
							"shade": false,
							"renderPass": 2,
							"rotationOrigin": [ 0.5, 16.0, 0.5 ],
							"rotationX": -90.0,
							"rotationY": 157.5,
							"rotationZ": 90.0,
							"faces": {
								"north": { "texture": "#corn2", "uv": [ 0.0, 0.0, 2.0, 0.5 ], "enabled": false },
								"east": { "texture": "#corn2", "uv": [ 0.0, 0.0, 8.0, 0.5 ], "enabled": false },
								"south": { "texture": "#corn2", "uv": [ 0.0, 0.0, 2.0, 0.5 ], "enabled": false },
								"west": { "texture": "#corn2", "uv": [ 0.0, 0.0, 8.0, 0.5 ], "enabled": false },
								"up": { "texture": "#corn2", "uv": [ 8.5, 6.0, 10.5, 14.0 ], "windMode": [1,4,4,1], "windData": [1,1,1,1] },
								"down": { "texture": "#corn2", "uv": [ 0.0, 0.0, 2.0, 8.0 ], "enabled": false }
							}
						},
						{
							"name": "Leaf26",
							"from": [ 1.5, 10.0, -4.1 ], 
							"to": [ 3.5, 10.0, 3.9 ], 
							"shade": false,
							"renderPass": 2,
							"rotationOrigin": [ 1.5, 10.0, 1.5 ],
							"rotationX": -67.5,
							"rotationY": -180.0,
							"rotationZ": -22.5,
							"faces": {
								"north": { "texture": "#corn2", "uv": [ 0.0, 0.0, 2.0, 0.5 ], "enabled": false },
								"east": { "texture": "#corn2", "uv": [ 0.0, 0.0, 8.0, 0.5 ], "enabled": false },
								"south": { "texture": "#corn2", "uv": [ 0.0, 0.0, 2.0, 0.5 ], "enabled": false },
								"west": { "texture": "#corn2", "uv": [ 0.0, 0.0, 8.0, 0.5 ], "enabled": false },
								"up": { "texture": "#corn2", "uv": [ 6.0, 8.0, 8.0, 16.0 ], "windMode": [1,4,4,1] },
								"down": { "texture": "#corn2", "uv": [ 0.0, 0.0, 2.0, 8.0 ], "enabled": false }
							}
						},
						{
							"name": "Leaf27",
							"from": [ -0.5, 15.0, -8.7 ], 
							"to": [ 1.5, 15.0, -0.7 ], 
							"shade": false,
							"renderPass": 2,
							"rotationOrigin": [ 0.5, 15.0, 0.5 ],
							"rotationX": 90.0,
							"rotationY": -22.5,
							"rotationZ": 90.0,
							"faces": {
								"north": { "texture": "#corn2", "uv": [ 0.0, 0.0, 2.0, 0.5 ], "enabled": false },
								"east": { "texture": "#corn2", "uv": [ 0.0, 0.0, 8.0, 0.5 ], "enabled": false },
								"south": { "texture": "#corn2", "uv": [ 0.0, 0.0, 2.0, 0.5 ], "enabled": false },
								"west": { "texture": "#corn2", "uv": [ 0.0, 0.0, 8.0, 0.5 ], "enabled": false },
								"up": { "texture": "#corn2", "uv": [ 8.5, 6.0, 10.5, 14.0 ], "windMode": [1,4,4,1], "windData": [1,0,0,1] },
								"down": { "texture": "#corn2", "uv": [ 0.0, 0.0, 2.0, 8.0 ], "enabled": false }
							}
						},
						{
							"name": "Tuft3",
							"from": [ -1.3, 20.0, -4.9 ], 
							"to": [ 3.2, 20.0, 1.6 ], 
							"shade": false,
							"renderPass": 2,
							"rotationOrigin": [ 0.7, 20.0, 0.6 ],
							"rotationX": -90.0,
							"rotationY": 180.0,
							"faces": {
								"north": { "texture": "#corn2", "uv": [ 0.0, 0.0, 4.5, 0.5 ], "enabled": false },
								"east": { "texture": "#corn2", "uv": [ 0.0, 0.0, 6.5, 0.5 ], "enabled": false },
								"south": { "texture": "#corn2", "uv": [ 0.0, 0.0, 4.5, 0.5 ], "enabled": false },
								"west": { "texture": "#corn2", "uv": [ 0.0, 0.0, 6.5, 0.5 ], "enabled": false },
								"up": { "texture": "#corn2", "uv": [ 0.0, 6.5, 4.5, 13.0 ], "autoUv": false, "windMode": [1,4,4,1], "windData": [1,1,1,1] },
								"down": { "texture": "#corn2", "uv": [ 0.0, 0.0, 4.5, 6.5 ], "enabled": false }
							}
						},
						{
							"name": "Tuft4",
							"from": [ -1.5, 19.75, -4.9 ], 
							"to": [ 3.0, 19.75, 1.6 ], 
							"shade": false,
							"renderPass": 2,
							"rotationOrigin": [ 0.7, 20.0, 0.6 ],
							"rotationX": -90.0,
							"rotationY": 180.0,
							"rotationZ": 90.0,
							"faces": {
								"north": { "texture": "#corn2", "uv": [ 0.0, 0.0, 4.5, 0.5 ], "enabled": false },
								"east": { "texture": "#corn2", "uv": [ 0.0, 0.0, 6.5, 0.5 ], "enabled": false },
								"south": { "texture": "#corn2", "uv": [ 0.0, 0.0, 4.5, 0.5 ], "enabled": false },
								"west": { "texture": "#corn2", "uv": [ 0.0, 0.0, 6.5, 0.5 ], "enabled": false },
								"up": { "texture": "#corn2", "uv": [ 0.0, 6.5, 4.5, 13.0 ], "autoUv": false, "windMode": [1,4,4,1], "windData": [1,1,1,1] },
								"down": { "texture": "#corn2", "uv": [ 0.0, 0.0, 4.5, 6.5 ], "enabled": false }
							}
						}
					]
				},
				{
					"name": "stemdown28",
					"from": [ 4.5, -0.3, 4.5 ], 
					"to": [ 5.5, 18.7, 5.5 ], 
					"rotationOrigin": [ 5.0, -0.3, 5.0 ],
					"rotationX": -3.0,
					"rotationY": -39.0,
					"rotationZ": -2.0,
					"faces": {
						"north": { "texture": "#stem", "uv": [ 1.0, 3.0, 2.0, 22.0 ], "windMode": [0,4,4,0], "windData": [0,1,1,0] },
						"east": { "texture": "#stem", "uv": [ 1.0, 4.0, 2.0, 23.0 ], "windMode": [0,4,4,0], "windData": [0,1,1,0] },
						"south": { "texture": "#stem", "uv": [ 1.0, 3.0, 2.0, 22.0 ], "windMode": [0,0,4,4], "windData": [0,0,1,1] },
						"west": { "texture": "#stem", "uv": [ 1.0, 3.5, 2.0, 22.5 ], "windMode": [0,0,4,4], "windData": [0,0,1,1] },
						"up": { "texture": "#stem", "uv": [ 0.0, 0.0, 1.0, 1.0 ], "windMode": [4,4,4,4], "windData": [1,1,1,1] },
						"down": { "texture": "#stem", "uv": [ 0.5, 14.5, 1.5, 15.5 ], "windMode": [0,0,0,0] }
					},
					"children": [
						{
							"name": "Leaf35",
							"from": [ -0.5, 8.0, -10.1 ], 
							"to": [ 1.5, 8.0, 0.4 ], 
							"shade": false,
							"renderPass": 2,
							"rotationOrigin": [ 0.5, 8.0, 0.0 ],
							"rotationX": 67.5,
							"rotationZ": -8.0,
							"faces": {
								"north": { "texture": "#corn1", "uv": [ 0.0, 4.0, 2.0, 4.5 ], "enabled": false },
								"east": { "texture": "#corn1", "uv": [ 0.0, 0.0, 10.5, 0.5 ], "enabled": false },
								"south": { "texture": "#corn1", "uv": [ 0.0, 0.0, 2.0, 0.5 ], "enabled": false },
								"west": { "texture": "#corn1", "uv": [ 0.0, 0.0, 10.5, 0.5 ], "enabled": false },
								"up": { "texture": "#corn1", "uv": [ 12.0, 5.5, 14.0, 16.0 ], "windMode": [1,4,4,1], "windData": [1,0,0,1] },
								"down": { "texture": "#corn1", "uv": [ 0.0, 0.0, 2.0, 10.5 ], "enabled": false }
							}
						},
						{
							"name": "Leaf36",
							"from": [ -0.5, 12.0, -8.5 ], 
							"to": [ 1.5, 12.0, -0.5 ], 
							"shade": false,
							"renderPass": 2,
							"rotationOrigin": [ 0.5, 12.0, 0.5 ],
							"rotationX": 69.5,
							"faces": {
								"north": { "texture": "#corn2", "uv": [ 0.0, 0.0, 2.0, 0.5 ], "enabled": false },
								"east": { "texture": "#corn2", "uv": [ 0.0, 0.0, 8.0, 0.5 ], "enabled": false },
								"south": { "texture": "#corn2", "uv": [ 0.0, 0.0, 2.0, 0.5 ], "enabled": false },
								"west": { "texture": "#corn2", "uv": [ 0.0, 0.0, 8.0, 0.5 ], "enabled": false },
								"up": { "texture": "#corn2", "uv": [ 6.0, 8.0, 8.0, 16.0 ], "windMode": [1,4,4,1], "windData": [1,0,0,1] },
								"down": { "texture": "#corn2", "uv": [ 0.0, 0.0, 2.0, 8.0 ], "enabled": false }
							}
						},
						{
							"name": "Leaf37",
							"from": [ -0.1, 5.0, -13.5 ], 
							"to": [ 1.9, 5.0, 1.0 ], 
							"shade": false,
							"renderPass": 2,
							"rotationOrigin": [ 0.8, 5.0, 1.0 ],
							"rotationX": -67.5,
							"rotationY": -180.0,
							"rotationZ": 157.5,
							"faces": {
								"north": { "texture": "#corn1", "uv": [ 0.0, 0.0, 2.0, 0.5 ], "enabled": false },
								"east": { "texture": "#corn1", "uv": [ 0.0, 0.0, 14.5, 0.5 ], "enabled": false },
								"south": { "texture": "#corn1", "uv": [ 0.0, 0.0, 2.0, 0.5 ], "enabled": false },
								"west": { "texture": "#corn1", "uv": [ 0.0, 0.0, 14.5, 0.5 ], "enabled": false },
								"up": { "texture": "#corn1", "uv": [ 14.0, 1.5, 16.0, 16.0 ], "windMode": [1,4,4,1], "windData": [1,0,0,1] },
								"down": { "texture": "#corn1", "uv": [ 0.0, 0.0, 2.0, 14.5 ], "enabled": false }
							}
						},
						{
							"name": "Leaf38",
							"from": [ -0.5, 13.0, -8.6 ], 
							"to": [ 1.5, 13.0, -0.6 ], 
							"shade": false,
							"renderPass": 2,
							"rotationOrigin": [ 0.5, 13.0, 0.5 ],
							"rotationX": -90.0,
							"rotationY": 157.5,
							"rotationZ": 90.0,
							"faces": {
								"north": { "texture": "#corn2", "uv": [ 0.0, 0.0, 2.0, 0.5 ], "enabled": false },
								"east": { "texture": "#corn2", "uv": [ 0.0, 0.0, 8.0, 0.5 ], "enabled": false },
								"south": { "texture": "#corn2", "uv": [ 0.0, 0.0, 2.0, 0.5 ], "enabled": false },
								"west": { "texture": "#corn2", "uv": [ 0.0, 0.0, 8.0, 0.5 ], "enabled": false },
								"up": { "texture": "#corn2", "uv": [ 8.5, 6.0, 10.5, 14.0 ], "windMode": [1,4,4,1], "windData": [1,0,0,1] },
								"down": { "texture": "#corn2", "uv": [ 0.0, 0.0, 2.0, 8.0 ], "enabled": false }
							}
						},
						{
							"name": "Leaf39",
							"from": [ 0.5, 11.0, -9.0 ], 
							"to": [ 2.5, 11.0, 1.5 ], 
							"shade": false,
							"renderPass": 2,
							"rotationOrigin": [ 1.5, 11.0, 0.0 ],
							"rotationX": -112.5,
							"rotationY": -157.5,
							"rotationZ": -112.5,
							"faces": {
								"north": { "texture": "#corn1", "uv": [ 0.0, 0.0, 2.0, 0.5 ], "enabled": false },
								"east": { "texture": "#corn1", "uv": [ 0.0, 0.0, 10.5, 0.5 ], "enabled": false },
								"south": { "texture": "#corn1", "uv": [ 0.0, 0.0, 2.0, 0.5 ], "enabled": false },
								"west": { "texture": "#corn1", "uv": [ 0.0, 0.0, 10.5, 0.5 ], "enabled": false },
								"up": { "texture": "#corn1", "uv": [ 12.0, 5.5, 14.0, 16.0 ], "windMode": [1,4,4,1], "windData": [1,0,0,1] },
								"down": { "texture": "#corn1", "uv": [ 0.0, 0.0, 2.0, 10.5 ], "enabled": false }
							}
						},
						{
							"name": "Leaf40",
							"from": [ 1.2, 15.0, -7.1 ], 
							"to": [ 3.2, 15.0, 0.9 ], 
							"shade": false,
							"renderPass": 2,
							"rotationOrigin": [ 1.5, 15.0, 0.5 ],
							"rotationX": -67.5,
							"rotationY": -157.5,
							"rotationZ": -45.0,
							"faces": {
								"north": { "texture": "#corn2", "uv": [ 0.0, 0.0, 2.0, 0.5 ], "enabled": false },
								"east": { "texture": "#corn2", "uv": [ 0.0, 0.0, 8.0, 0.5 ], "enabled": false },
								"south": { "texture": "#corn2", "uv": [ 0.0, 0.0, 2.0, 0.5 ], "enabled": false },
								"west": { "texture": "#corn2", "uv": [ 0.0, 0.0, 8.0, 0.5 ], "enabled": false },
								"up": { "texture": "#corn2", "uv": [ 8.5, 6.0, 10.5, 14.0 ], "windMode": [1,4,4,1], "windData": [1,0,0,1] },
								"down": { "texture": "#corn2", "uv": [ 0.0, 0.0, 2.0, 8.0 ], "enabled": false }
							}
						},
						{
							"name": "Tuft5",
							"from": [ -1.7, 19.4, -4.6 ], 
							"to": [ 2.8, 19.4, 0.9 ], 
							"shade": false,
							"renderPass": 2,
							"rotationOrigin": [ 0.5, 19.4, 0.4 ],
							"rotationX": -90.0,
							"rotationY": -180.0,
							"faces": {
								"north": { "texture": "#corn2", "uv": [ 0.0, 0.0, 4.5, 0.5 ], "enabled": false },
								"east": { "texture": "#corn2", "uv": [ 0.0, 0.0, 5.5, 0.5 ], "enabled": false },
								"south": { "texture": "#corn2", "uv": [ 0.0, 0.0, 4.5, 0.5 ], "enabled": false },
								"west": { "texture": "#corn2", "uv": [ 0.0, 0.0, 5.5, 0.5 ], "enabled": false },
								"up": { "texture": "#corn2", "uv": [ 0.0, 7.0, 4.5, 13.0 ], "autoUv": false, "windMode": [1,4,4,1], "windData": [1,1,1,1] },
								"down": { "texture": "#corn2", "uv": [ 0.0, 0.0, 4.5, 5.5 ], "enabled": false }
							}
						},
						{
							"name": "Tuft6",
							"from": [ -1.77, 19.3, -4.6 ], 
							"to": [ 2.73, 19.3, 0.9 ], 
							"shade": false,
							"renderPass": 2,
							"rotationOrigin": [ 0.5, 19.4, 0.4 ],
							"rotationX": -90.0,
							"rotationY": -180.0,
							"rotationZ": 90.0,
							"faces": {
								"north": { "texture": "#corn2", "uv": [ 0.0, 0.0, 4.5, 0.5 ], "enabled": false },
								"east": { "texture": "#corn2", "uv": [ 0.0, 0.0, 5.5, 0.5 ], "enabled": false },
								"south": { "texture": "#corn2", "uv": [ 0.0, 0.0, 4.5, 0.5 ], "enabled": false },
								"west": { "texture": "#corn2", "uv": [ 0.0, 0.0, 5.5, 0.5 ], "enabled": false },
								"up": { "texture": "#corn2", "uv": [ 0.0, 7.0, 4.5, 13.0 ], "autoUv": false, "windMode": [1,4,4,1], "windData": [1,1,1,1] },
								"down": { "texture": "#corn2", "uv": [ 0.0, 0.0, 4.5, 5.5 ], "enabled": false }
							}
						}
					]
				},
				{
					"name": "stemdown41",
					"from": [ -4.5, -0.3, 4.5 ], 
					"to": [ -3.5, 18.7, 5.5 ], 
					"rotationOrigin": [ -4.0, -0.3, 5.0 ],
					"rotationX": -2.0,
					"rotationY": -30.0,
					"rotationZ": 1.0,
					"faces": {
						"north": { "texture": "#stem", "uv": [ 0.0, 2.5, 1.0, 21.5 ], "windMode": [0,4,4,0], "windData": [0,1,1,0] },
						"east": { "texture": "#stem", "uv": [ 0.0, 2.0, 1.0, 21.0 ], "windMode": [0,4,4,0], "windData": [0,1,1,0] },
						"south": { "texture": "#stem", "uv": [ 0.5, 1.5, 1.5, 20.5 ], "windMode": [0,0,4,4], "windData": [0,0,1,1] },
						"west": { "texture": "#stem", "uv": [ 1.0, 2.0, 2.0, 21.0 ], "windMode": [0,0,4,4], "windData": [0,0,1,1] },
						"up": { "texture": "#stem", "uv": [ 0.0, 0.0, 1.0, 1.0 ], "windMode": [4,4,4,4], "windData": [1,1,1,1] },
						"down": { "texture": "#stem", "uv": [ 0.5, 14.5, 1.5, 15.5 ], "windMode": [0,0,0,0] }
					},
					"children": [
						{
							"name": "Leaf48",
							"from": [ -1.0, 10.0, -10.4 ], 
							"to": [ 1.0, 10.0, 0.1 ], 
							"shade": false,
							"renderPass": 2,
							"rotationOrigin": [ 0.5, 10.0, 1.0 ],
							"rotationX": 90.0,
							"rotationY": -22.5,
							"rotationZ": 90.0,
							"faces": {
								"north": { "texture": "#corn1", "uv": [ 0.0, 0.0, 2.0, 0.5 ], "enabled": false },
								"east": { "texture": "#corn1", "uv": [ 0.0, 0.0, 10.5, 0.5 ], "enabled": false },
								"south": { "texture": "#corn1", "uv": [ 0.0, 0.0, 2.0, 0.5 ], "enabled": false },
								"west": { "texture": "#corn1", "uv": [ 0.0, 0.0, 10.5, 0.5 ], "enabled": false },
								"up": { "texture": "#corn1", "uv": [ 12.0, 5.5, 14.0, 16.0 ], "windMode": [1,4,4,1], "windData": [1,0,0,1] },
								"down": { "texture": "#corn1", "uv": [ 0.0, 0.0, 2.0, 10.5 ], "enabled": false }
							}
						},
						{
							"name": "Leaf49",
							"from": [ 0.0, 9.0, -10.7 ], 
							"to": [ 2.0, 9.0, -0.2 ], 
							"shade": false,
							"renderPass": 2,
							"rotationOrigin": [ 0.5, 9.0, 1.0 ],
							"rotationX": 90.0,
							"rotationY": 22.5,
							"rotationZ": -90.0,
							"faces": {
								"north": { "texture": "#corn1", "uv": [ 0.0, 0.0, 2.0, 0.5 ], "enabled": false },
								"east": { "texture": "#corn1", "uv": [ 0.0, 0.0, 10.5, 0.5 ], "enabled": false },
								"south": { "texture": "#corn1", "uv": [ 0.0, 0.0, 2.0, 0.5 ], "enabled": false },
								"west": { "texture": "#corn1", "uv": [ 0.0, 0.0, 10.5, 0.5 ], "enabled": false },
								"up": { "texture": "#corn1", "uv": [ 12.0, 5.5, 14.0, 16.0 ], "windMode": [1,4,4,1], "windData": [1,0,0,1] },
								"down": { "texture": "#corn1", "uv": [ 0.0, 0.0, 2.0, 10.5 ], "enabled": false }
							}
						},
						{
							"name": "Leaf50",
							"from": [ -0.5, 5.0, -13.4 ], 
							"to": [ 1.5, 5.0, 1.1 ], 
							"shade": false,
							"renderPass": 2,
							"rotationOrigin": [ 0.5, 5.0, 1.0 ],
							"rotationX": -67.5,
							"rotationY": -180.0,
							"rotationZ": 180.0,
							"faces": {
								"north": { "texture": "#corn1", "uv": [ 0.0, 0.0, 2.0, 0.5 ], "enabled": false },
								"east": { "texture": "#corn1", "uv": [ 0.0, 0.0, 14.5, 0.5 ], "enabled": false },
								"south": { "texture": "#corn1", "uv": [ 0.0, 0.0, 2.0, 0.5 ], "enabled": false },
								"west": { "texture": "#corn1", "uv": [ 0.0, 0.0, 14.5, 0.5 ], "enabled": false },
								"up": { "texture": "#corn1", "uv": [ 14.0, 1.5, 16.0, 16.0 ], "windMode": [7,4,4,7], "windData": [1,0,0,1] },
								"down": { "texture": "#corn1", "uv": [ 0.0, 0.0, 2.0, 14.5 ], "enabled": false }
							}
						},
						{
							"name": "Leaf51",
							"from": [ -0.5, 15.0, -8.6 ], 
							"to": [ 1.5, 15.0, -0.6 ], 
							"shade": false,
							"renderPass": 2,
							"rotationOrigin": [ 0.5, 15.0, 0.5 ],
							"rotationX": -79.0,
							"rotationY": 157.5,
							"rotationZ": 67.5,
							"faces": {
								"north": { "texture": "#corn2", "uv": [ 0.0, 0.0, 2.0, 0.5 ], "enabled": false },
								"east": { "texture": "#corn2", "uv": [ 0.0, 0.0, 8.0, 0.5 ], "enabled": false },
								"south": { "texture": "#corn2", "uv": [ 0.0, 0.0, 2.0, 0.5 ], "enabled": false },
								"west": { "texture": "#corn2", "uv": [ 0.0, 0.0, 8.0, 0.5 ], "enabled": false },
								"up": { "texture": "#corn2", "uv": [ 8.5, 6.0, 10.5, 14.0 ], "windMode": [1,4,4,1], "windData": [1,0,0,0] },
								"down": { "texture": "#corn2", "uv": [ 0.0, 0.0, 2.0, 8.0 ], "enabled": false }
							}
						},
						{
							"name": "Leaf52",
							"from": [ 0.5, 10.0, -8.2 ], 
							"to": [ 2.5, 10.0, 2.3 ], 
							"shade": false,
							"renderPass": 2,
							"rotationOrigin": [ 1.5, 10.0, 1.0 ],
							"rotationX": -67.5,
							"rotationY": -157.5,
							"rotationZ": -45.0,
							"faces": {
								"north": { "texture": "#corn1", "uv": [ 0.0, 0.0, 2.0, 0.5 ], "enabled": false },
								"east": { "texture": "#corn1", "uv": [ 0.0, 0.0, 10.5, 0.5 ], "enabled": false },
								"south": { "texture": "#corn1", "uv": [ 0.0, 0.0, 2.0, 0.5 ], "enabled": false },
								"west": { "texture": "#corn1", "uv": [ 0.0, 0.0, 10.5, 0.5 ], "enabled": false },
								"up": { "texture": "#corn1", "uv": [ 12.0, 5.5, 14.0, 16.0 ], "windMode": [1,4,4,1], "windData": [1,0,0,1] },
								"down": { "texture": "#corn1", "uv": [ 0.0, 0.0, 2.0, 10.5 ], "enabled": false }
							}
						},
						{
							"name": "Leaf53",
							"from": [ -0.5, 16.0, -8.3 ], 
							"to": [ 1.5, 16.0, -0.3 ], 
							"shade": false,
							"renderPass": 2,
							"rotationOrigin": [ 0.5, 16.0, 0.5 ],
							"rotationX": 67.5,
							"faces": {
								"north": { "texture": "#corn2", "uv": [ 0.0, 0.0, 2.0, 0.5 ], "enabled": false },
								"east": { "texture": "#corn2", "uv": [ 0.0, 0.0, 8.0, 0.5 ], "enabled": false },
								"south": { "texture": "#corn2", "uv": [ 0.0, 0.0, 2.0, 0.5 ], "enabled": false },
								"west": { "texture": "#corn2", "uv": [ 0.0, 0.0, 8.0, 0.5 ], "enabled": false },
								"up": { "texture": "#corn2", "uv": [ 8.5, 6.0, 10.5, 14.0 ], "windMode": [1,4,4,1], "windData": [1,1,1,1] },
								"down": { "texture": "#corn2", "uv": [ 0.0, 0.0, 2.0, 8.0 ], "enabled": false }
							}
						},
						{
							"name": "Tuft7",
							"from": [ -1.8, 19.6, -5.7 ], 
							"to": [ 2.7, 19.6, 0.8 ], 
							"shade": false,
							"renderPass": 2,
							"rotationOrigin": [ 0.5, 19.4, 0.3 ],
							"rotationX": 90.0,
							"faces": {
								"north": { "texture": "#corn2", "uv": [ 0.0, 0.0, 4.5, 0.5 ], "enabled": false },
								"east": { "texture": "#corn2", "uv": [ 0.0, 0.0, 6.5, 0.5 ], "enabled": false },
								"south": { "texture": "#corn2", "uv": [ 0.0, 0.0, 4.5, 0.5 ], "enabled": false },
								"west": { "texture": "#corn2", "uv": [ 0.0, 0.0, 6.5, 0.5 ], "enabled": false },
								"up": { "texture": "#corn2", "uv": [ 0.0, 6.5, 4.5, 13.0 ], "autoUv": false, "windMode": [1,4,4,1], "windData": [1,1,1,1] },
								"down": { "texture": "#corn2", "uv": [ 0.0, 0.0, 4.5, 6.5 ], "enabled": false }
							}
						},
						{
							"name": "Tuft8",
							"from": [ -1.55, 19.45, -5.7 ], 
							"to": [ 2.95, 19.45, 0.8 ], 
							"shade": false,
							"renderPass": 2,
							"rotationOrigin": [ 0.5, 19.4, 0.3 ],
							"rotationX": 90.0,
							"rotationZ": 90.0,
							"faces": {
								"north": { "texture": "#corn2", "uv": [ 0.0, 0.0, 4.5, 0.5 ], "enabled": false },
								"east": { "texture": "#corn2", "uv": [ 0.0, 0.0, 6.5, 0.5 ], "enabled": false },
								"south": { "texture": "#corn2", "uv": [ 0.0, 0.0, 4.5, 0.5 ], "enabled": false },
								"west": { "texture": "#corn2", "uv": [ 0.0, 0.0, 6.5, 0.5 ], "enabled": false },
								"up": { "texture": "#corn2", "uv": [ 0.0, 6.5, 4.5, 13.0 ], "autoUv": false, "windMode": [1,4,4,1], "windData": [1,1,1,1] },
								"down": { "texture": "#corn2", "uv": [ 0.0, 0.0, 4.5, 6.5 ], "enabled": false }
							}
						}
					]
				}
			]
		}
	]}