{
	"editor": {
		"allAngles": false,
		"entityTextureMode": false
	},
	"textureWidth": 16,
	"textureHeight": 16,
	"textureSizes": {
	},
	"textures": {
		"corn2": "morecrops:block/plant/crop/corn/corn2",
		"corn1": "morecrops:block/plant/crop/corn/corn1"
	},
	"elements": [
		{
			"name": "origin",
			"from": [ 8.0, 0.0, 8.0 ], 
			"to": [ 8.0, 0.0, 8.0 ], 
			"rotationOrigin": [ 8.0, 0.0, 8.0 ],
			"faces": {
				"north": { "texture": "#corn1", "uv": [ 0.0, 0.0, 0.5, 0.5 ], "enabled": false },
				"east": { "texture": "#corn1", "uv": [ 0.0, 0.0, 0.5, 0.5 ], "enabled": false },
				"south": { "texture": "#corn1", "uv": [ 0.0, 0.0, 0.5, 0.5 ], "enabled": false },
				"west": { "texture": "#corn1", "uv": [ 0.0, 0.0, 0.5, 0.5 ], "enabled": false },
				"up": { "texture": "#corn1", "uv": [ 0.0, 0.0, 0.5, 0.5 ], "enabled": false },
				"down": { "texture": "#corn1", "uv": [ 0.0, 0.0, 0.5, 0.5 ], "enabled": false }
			},
			"children": [
				{
					"name": "stemdown",
					"from": [ -4.3, -0.1, -4.3 ], 
					"to": [ -3.7, 6.9, -3.7 ], 
					"rotationOrigin": [ -4.0, -0.1, -4.0 ],
					"rotationY": -45.0,
					"faces": {
						"north": { "texture": "#corn1", "uv": [ 0.0, 0.0, 0.5, 7.0 ], "windMode": [0,4,4,0] },
						"east": { "texture": "#corn1", "uv": [ 0.0, 0.0, 0.5, 7.0 ], "windMode": [0,4,4,0] },
						"south": { "texture": "#corn1", "uv": [ 1.0, 0.0, 1.5, 7.0 ], "windMode": [0,0,4,4] },
						"west": { "texture": "#corn1", "uv": [ 0.0, 0.0, 0.5, 7.0 ], "windMode": [0,0,4,4] },
						"up": { "texture": "#corn1", "uv": [ 0.0, 0.0, 0.5, 0.5 ], "windMode": [4,4,4,4] },
						"down": { "texture": "#corn1", "uv": [ 0.5, 14.5, 1.0, 15.0 ], "windMode": [0,0,0,0] }
					},
					"children": [
						{
							"name": "Leaf1",
							"from": [ -0.7, 3.0, -8.5 ], 
							"to": [ 1.3, 3.0, -0.5 ], 
							"shade": false,
							"renderPass": 2,
							"rotationOrigin": [ 0.0, 3.0, 0.6 ],
							"rotationX": 67.5,
							"faces": {
								"north": { "texture": "#corn2", "uv": [ 0.0, 0.0, 2.0, 0.5 ], "enabled": false },
								"east": { "texture": "#corn2", "uv": [ 0.0, 0.0, 8.0, 0.5 ], "enabled": false },
								"south": { "texture": "#corn2", "uv": [ 0.0, 0.0, 2.0, 0.5 ], "enabled": false },
								"west": { "texture": "#corn2", "uv": [ 0.0, 0.0, 8.0, 0.5 ], "enabled": false },
								"up": { "texture": "#corn2", "uv": [ 8.5, 6.0, 10.5, 14.0 ], "windMode": [1,4,4,1] },
								"down": { "texture": "#corn2", "uv": [ 12.5, 10.5, 14.5, 18.5 ], "enabled": false, "windMode": [1,1,4,4] }
							}
						},
						{
							"name": "Leaf3",
							"from": [ -1.3, 1.0, -7.3 ], 
							"to": [ 0.7, 1.0, 0.7 ], 
							"shade": false,
							"renderPass": 2,
							"rotationOrigin": [ 0.0, 1.0, 0.5 ],
							"rotationX": -67.5,
							"rotationY": -180.0,
							"faces": {
								"north": { "texture": "#corn2", "uv": [ 0.0, 0.0, 2.0, 0.5 ], "enabled": false },
								"east": { "texture": "#corn2", "uv": [ 0.0, 0.0, 8.0, 0.5 ], "enabled": false },
								"south": { "texture": "#corn2", "uv": [ 0.0, 0.0, 2.0, 0.5 ], "enabled": false },
								"west": { "texture": "#corn2", "uv": [ 0.0, 0.0, 8.0, 0.5 ], "enabled": false },
								"up": { "texture": "#corn2", "uv": [ 6.0, 8.0, 8.0, 16.0 ], "windMode": [1,4,4,1] },
								"down": { "texture": "#corn2", "uv": [ 13.5, 13.5, 15.5, 21.5 ], "enabled": false, "windMode": [1,1,4,4] }
							}
						},
						{
							"name": "Leaf4",
							"from": [ -1.0, 4.0, -8.8 ], 
							"to": [ 1.0, 4.0, -0.8 ], 
							"shade": false,
							"renderPass": 2,
							"rotationOrigin": [ 0.0, 4.0, 0.0 ],
							"rotationX": -67.5,
							"rotationY": -157.5,
							"rotationZ": -45.0,
							"faces": {
								"north": { "texture": "#corn2", "uv": [ 0.0, 0.0, 2.0, 0.5 ], "enabled": false },
								"east": { "texture": "#corn2", "uv": [ 0.0, 0.0, 8.0, 0.5 ], "enabled": false },
								"south": { "texture": "#corn2", "uv": [ 0.0, 0.0, 2.0, 0.5 ], "enabled": false },
								"west": { "texture": "#corn2", "uv": [ 0.0, 0.0, 8.0, 0.5 ], "enabled": false },
								"up": { "texture": "#corn2", "uv": [ 8.5, 6.0, 10.5, 14.0 ], "windMode": [1,4,4,1] },
								"down": { "texture": "#corn2", "uv": [ 13.5, 13.5, 15.5, 21.5 ], "enabled": false, "windMode": [1,1,4,4] }
							}
						},
						{
							"name": "Leaf5",
							"from": [ -0.7, 5.0, -8.0 ], 
							"to": [ 1.3, 5.0, 0.0 ], 
							"shade": false,
							"renderPass": 2,
							"rotationOrigin": [ 0.0, 5.0, 0.0 ],
							"rotationX": -100.0,
							"rotationY": 157.5,
							"rotationZ": -67.5,
							"faces": {
								"north": { "texture": "#corn2", "uv": [ 0.0, 0.0, 2.0, 0.5 ], "enabled": false },
								"east": { "texture": "#corn2", "uv": [ 0.0, 0.0, 8.0, 0.5 ], "enabled": false },
								"south": { "texture": "#corn2", "uv": [ 0.0, 0.0, 2.0, 0.5 ], "enabled": false },
								"west": { "texture": "#corn2", "uv": [ 0.0, 0.0, 8.0, 0.5 ], "enabled": false },
								"up": { "texture": "#corn2", "uv": [ 8.5, 6.0, 10.5, 14.0 ], "windMode": [1,4,4,1] },
								"down": { "texture": "#corn2", "uv": [ 13.5, 13.5, 15.5, 21.5 ], "enabled": false, "windMode": [1,1,4,4] }
							}
						},
						{
							"name": "Leaf6",
							"from": [ -0.7, 2.5, -8.0 ], 
							"to": [ 1.3, 2.5, 0.0 ], 
							"shade": false,
							"renderPass": 2,
							"rotationOrigin": [ 0.0, 2.5, 0.0 ],
							"rotationX": 67.5,
							"rotationY": -16.0,
							"rotationZ": 22.5,
							"faces": {
								"north": { "texture": "#corn2", "uv": [ 0.0, 0.0, 2.0, 0.5 ], "enabled": false },
								"east": { "texture": "#corn2", "uv": [ 0.0, 0.0, 8.0, 0.5 ], "enabled": false },
								"south": { "texture": "#corn2", "uv": [ 0.0, 0.0, 2.0, 0.5 ], "enabled": false },
								"west": { "texture": "#corn2", "uv": [ 0.0, 0.0, 8.0, 0.5 ], "enabled": false },
								"up": { "texture": "#corn2", "uv": [ 6.0, 8.0, 8.0, 16.0 ], "windMode": [1,4,4,1] },
								"down": { "texture": "#corn2", "uv": [ 13.5, 13.5, 15.5, 21.5 ], "enabled": false, "windMode": [1,1,4,4] }
							}
						}
					]
				},
				{
					"name": "stemdown15",
					"from": [ 4.7, -0.3, -4.3 ], 
					"to": [ 5.3, 5.7, -3.7 ], 
					"rotationOrigin": [ 5.0, -0.3, -4.0 ],
					"rotationX": 1.0,
					"rotationY": -42.0,
					"faces": {
						"north": { "texture": "#corn1", "uv": [ 0.0, 0.0, 0.5, 6.0 ], "windMode": [0,4,4,0] },
						"east": { "texture": "#corn1", "uv": [ 0.0, 0.0, 0.5, 6.0 ], "windMode": [0,4,4,0] },
						"south": { "texture": "#corn1", "uv": [ 0.0, 0.0, 0.5, 6.0 ], "windMode": [0,0,4,4] },
						"west": { "texture": "#corn1", "uv": [ 0.0, 0.0, 0.5, 6.0 ], "windMode": [0,0,4,4] },
						"up": { "texture": "#corn1", "uv": [ 0.0, 0.0, 0.5, 0.5 ], "windMode": [4,4,4,4] },
						"down": { "texture": "#corn1", "uv": [ 0.5, 14.5, 1.0, 15.0 ], "windMode": [0,0,0,0] }
					},
					"children": [
						{
							"name": "Leaf22",
							"from": [ -0.7, 2.7, -7.8 ], 
							"to": [ 1.3, 2.7, 0.2 ], 
							"shade": false,
							"renderPass": 2,
							"rotationOrigin": [ 0.0, 2.7, -0.2 ],
							"rotationX": 54.0,
							"faces": {
								"north": { "texture": "#corn2", "uv": [ 0.0, 0.0, 2.0, 0.5 ], "enabled": false },
								"east": { "texture": "#corn2", "uv": [ 0.0, 0.0, 8.0, 0.5 ], "enabled": false },
								"south": { "texture": "#corn2", "uv": [ 0.0, 0.0, 2.0, 0.5 ], "enabled": false },
								"west": { "texture": "#corn2", "uv": [ 0.0, 0.0, 8.0, 0.5 ], "enabled": false },
								"up": { "texture": "#corn2", "uv": [ 6.0, 8.0, 8.0, 16.0 ], "windMode": [1,4,4,1] },
								"down": { "texture": "#corn2", "uv": [ 13.5, 13.5, 15.5, 21.5 ], "enabled": false, "windMode": [1,1,4,4] }
							}
						},
						{
							"name": "Leaf24",
							"from": [ -1.2, 1.6, -6.5 ], 
							"to": [ 0.8, 1.6, 1.5 ], 
							"shade": false,
							"renderPass": 2,
							"rotationOrigin": [ 0.0, 1.6, 0.8 ],
							"rotationX": -67.5,
							"rotationY": -160.0,
							"rotationZ": -22.5,
							"faces": {
								"north": { "texture": "#corn2", "uv": [ 0.0, 0.0, 2.0, 0.5 ], "enabled": false },
								"east": { "texture": "#corn2", "uv": [ 0.0, 0.0, 8.0, 0.5 ], "enabled": false },
								"south": { "texture": "#corn2", "uv": [ 0.0, 0.0, 2.0, 0.5 ], "enabled": false },
								"west": { "texture": "#corn2", "uv": [ 0.0, 0.0, 8.0, 0.5 ], "enabled": false },
								"up": { "texture": "#corn2", "uv": [ 6.0, 8.0, 8.0, 16.0 ], "windMode": [1,4,4,1] },
								"down": { "texture": "#corn2", "uv": [ 13.5, 13.5, 15.5, 21.5 ], "enabled": false, "windMode": [1,1,4,4] }
							}
						},
						{
							"name": "Leaf25",
							"from": [ -1.0, 3.4, -7.0 ], 
							"to": [ 1.0, 3.4, 1.0 ],
							"shade": false,
							"renderPass": 2, 
							"rotationOrigin": [ 0.0, 3.4, 0.6 ],
							"rotationX": -67.5,
							"rotationY": 157.5,
							"rotationZ": -157.5,
							"faces": {
								"north": { "texture": "#corn2", "uv": [ 0.0, 0.0, 2.0, 0.5 ], "enabled": false },
								"east": { "texture": "#corn2", "uv": [ 0.0, 0.0, 8.0, 0.5 ], "enabled": false },
								"south": { "texture": "#corn2", "uv": [ 0.0, 0.0, 2.0, 0.5 ], "enabled": false },
								"west": { "texture": "#corn2", "uv": [ 0.0, 0.0, 8.0, 0.5 ], "enabled": false },
								"up": { "texture": "#corn2", "uv": [ 8.5, 6.0, 10.5, 14.0 ], "windMode": [1,4,4,1] },
								"down": { "texture": "#corn2", "uv": [ 13.5, 13.5, 15.5, 21.5 ], "enabled": false, "windMode": [1,1,4,4] }
							}
						},
						{
							"name": "Leaf26",
							"from": [ -1.5, 4.0, -8.0 ], 
							"to": [ 0.5, 4.0, 0.0 ], 
							"shade": false,
							"renderPass": 2,
							"rotationOrigin": [ 0.0, 4.3, 0.8 ],
							"rotationX": -90.0,
							"rotationY": -160.0,
							"rotationZ": -90.0,
							"faces": {
								"north": { "texture": "#corn2", "uv": [ 0.0, 0.0, 2.0, 0.5 ], "enabled": false },
								"east": { "texture": "#corn2", "uv": [ 0.0, 0.0, 8.0, 0.5 ], "enabled": false },
								"south": { "texture": "#corn2", "uv": [ 0.0, 0.0, 2.0, 0.5 ], "enabled": false },
								"west": { "texture": "#corn2", "uv": [ 0.0, 0.0, 8.0, 0.5 ], "enabled": false },
								"up": { "texture": "#corn2", "uv": [ 8.5, 6.0, 10.5, 14.0 ], "windMode": [1,4,4,1] },
								"down": { "texture": "#corn2", "uv": [ 13.5, 13.5, 15.5, 21.5 ], "enabled": false, "windMode": [1,1,4,4] }
							}
						},
						{
							"name": "Leaf27",
							"from": [ 0.1, 4.6, -8.0 ], 
							"to": [ 2.1, 4.6, 0.0 ], 
							"shade": false,
							"renderPass": 2,
							"rotationOrigin": [ 0.5, 4.6, 0.8 ],
							"rotationX": -90.0,
							"rotationY": 157.5,
							"rotationZ": 90.0,
							"faces": {
								"north": { "texture": "#corn2", "uv": [ 0.0, 0.0, 2.0, 0.5 ], "enabled": false },
								"east": { "texture": "#corn2", "uv": [ 0.0, 0.0, 8.0, 0.5 ], "enabled": false },
								"south": { "texture": "#corn2", "uv": [ 0.0, 0.0, 2.0, 0.5 ], "enabled": false },
								"west": { "texture": "#corn2", "uv": [ 0.0, 0.0, 8.0, 0.5 ], "enabled": false },
								"up": { "texture": "#corn2", "uv": [ 8.5, 6.0, 10.5, 14.0 ], "windMode": [1,4,4,1] },
								"down": { "texture": "#corn2", "uv": [ 13.5, 13.5, 15.5, 21.5 ], "enabled": false, "windMode": [1,1,4,4] }
							}
						}
					]
				},
				{
					"name": "stemdown28",
					"from": [ 4.6, -0.3, 4.6 ], 
					"to": [ 5.2, 5.7, 5.2 ], 
					"rotationOrigin": [ 5.0, -0.3, 5.0 ],
					"rotationX": -3.0,
					"rotationY": -39.0,
					"rotationZ": -2.0,
					"faces": {
						"north": { "texture": "#corn1", "uv": [ 0.0, 0.0, 0.5, 6.0 ], "windMode": [0,4,4,0] },
						"east": { "texture": "#corn1", "uv": [ 0.0, 0.0, 0.5, 6.0 ], "windMode": [0,4,4,0] },
						"south": { "texture": "#corn1", "uv": [ 0.0, 0.0, 0.5, 6.0 ], "windMode": [0,0,4,4] },
						"west": { "texture": "#corn1", "uv": [ 0.0, 0.0, 0.5, 6.0 ], "windMode": [0,0,4,4] },
						"up": { "texture": "#corn1", "uv": [ 0.0, 0.0, 0.5, 0.5 ], "windMode": [4,4,4,4] },
						"down": { "texture": "#corn1", "uv": [ 0.5, 14.5, 1.0, 15.0 ], "windMode": [0,0,0,0] }
					},
					"children": [
						{
							"name": "Leaf35",
							"from": [ -0.5, 2.0, -8.0 ], 
							"to": [ 1.5, 2.0, 0.0 ], 
							"shade": false,
							"renderPass": 2,
							"rotationOrigin": [ 0.0, 2.0, -0.2 ],
							"rotationX": 67.5,
							"rotationY": -22.5,
							"rotationZ": 22.5,
							"faces": {
								"north": { "texture": "#corn2", "uv": [ 0.0, 4.0, 2.0, 4.5 ], "enabled": false },
								"east": { "texture": "#corn2", "uv": [ 0.0, 0.0, 8.0, 0.5 ], "enabled": false },
								"south": { "texture": "#corn2", "uv": [ 0.0, 0.0, 2.0, 0.5 ], "enabled": false },
								"west": { "texture": "#corn2", "uv": [ 0.0, 0.0, 8.0, 0.5 ], "enabled": false },
								"up": { "texture": "#corn2", "uv": [ 6.0, 8.0, 8.0, 16.0 ], "windMode": [1,4,4,1] },
								"down": { "texture": "#corn2", "uv": [ 13.5, 13.5, 15.5, 21.5 ], "enabled": false, "windMode": [1,1,4,4] }
							}
						},
						{
							"name": "Leaf36",
							"from": [ -0.6, 3.0, -8.4 ], 
							"to": [ 1.4, 3.0, -0.4 ], 
							"shade": false,
							"renderPass": 2,
							"rotationOrigin": [ 0.5, 3.0, 0.7 ],
							"rotationX": 67.5,
							"rotationY": 3.0,
							"rotationZ": -6.0,
							"faces": {
								"north": { "texture": "#corn2", "uv": [ 0.0, 0.0, 2.0, 0.5 ], "enabled": false },
								"east": { "texture": "#corn2", "uv": [ 0.0, 0.0, 8.0, 0.5 ], "enabled": false },
								"south": { "texture": "#corn2", "uv": [ 0.0, 0.0, 2.0, 0.5 ], "enabled": false },
								"west": { "texture": "#corn2", "uv": [ 0.0, 0.0, 8.0, 0.5 ], "enabled": false },
								"up": { "texture": "#corn2", "uv": [ 8.5, 6.0, 10.5, 14.0 ], "windMode": [1,4,4,1] },
								"down": { "texture": "#corn2", "uv": [ 13.5, 13.5, 15.5, 21.5 ], "enabled": false, "windMode": [1,1,4,4] }
							}
						},
						{
							"name": "Leaf37",
							"from": [ -1.4, 2.0, -6.5 ], 
							"to": [ 0.6, 2.0, 1.5 ], 
							"shade": false,
							"renderPass": 2,
							"rotationOrigin": [ 0.0, 2.0, 0.8 ],
							"rotationX": -67.5,
							"rotationY": -180.0,
							"faces": {
								"north": { "texture": "#corn2", "uv": [ 0.0, 0.0, 2.0, 0.5 ], "enabled": false },
								"east": { "texture": "#corn2", "uv": [ 0.0, 0.0, 8.0, 0.5 ], "enabled": false },
								"south": { "texture": "#corn2", "uv": [ 0.0, 0.0, 2.0, 0.5 ], "enabled": false },
								"west": { "texture": "#corn2", "uv": [ 0.0, 0.0, 8.0, 0.5 ], "enabled": false },
								"up": { "texture": "#corn2", "uv": [ 6.0, 8.0, 8.0, 16.0 ], "windMode": [1,4,4,1] },
								"down": { "texture": "#corn2", "uv": [ 13.5, 13.5, 15.5, 21.5 ], "enabled": false, "windMode": [1,1,4,4] }
							}
						},
						{
							"name": "Leaf38",
							"from": [ -0.6, 4.4, -6.7 ], 
							"to": [ 1.4, 4.4, 1.3 ], 
							"shade": false,
							"renderPass": 2,
							"rotationOrigin": [ 0.0, 4.4, 1.0 ],
							"rotationX": 100.0,
							"rotationY": 22.5,
							"rotationZ": -112.5,
							"faces": {
								"north": { "texture": "#corn2", "uv": [ 0.0, 0.0, 2.0, 0.5 ], "enabled": false },
								"east": { "texture": "#corn2", "uv": [ 0.0, 0.0, 8.0, 0.5 ], "enabled": false },
								"south": { "texture": "#corn2", "uv": [ 0.0, 0.0, 2.0, 0.5 ], "enabled": false },
								"west": { "texture": "#corn2", "uv": [ 0.0, 0.0, 8.0, 0.5 ], "enabled": false },
								"up": { "texture": "#corn2", "uv": [ 8.5, 6.0, 10.5, 14.0 ], "windMode": [1,4,4,1] },
								"down": { "texture": "#corn2", "uv": [ 13.5, 13.5, 15.5, 21.5 ], "enabled": false, "windMode": [1,1,4,4] }
							}
						},
						{
							"name": "Leaf39",
							"from": [ 0.6, 3.8, -5.8 ], 
							"to": [ 2.6, 3.8, 2.2 ], 
							"shade": false,
							"renderPass": 2,
							"rotationOrigin": [ 1.0, 3.8, 1.0 ],
							"rotationX": 90.0,
							"rotationY": -22.5,
							"rotationZ": -90.0,
							"faces": {
								"north": { "texture": "#corn2", "uv": [ 0.0, 0.0, 2.0, 0.5 ], "enabled": false },
								"east": { "texture": "#corn2", "uv": [ 0.0, 0.0, 8.0, 0.5 ], "enabled": false },
								"south": { "texture": "#corn2", "uv": [ 0.0, 0.0, 2.0, 0.5 ], "enabled": false },
								"west": { "texture": "#corn2", "uv": [ 0.0, 0.0, 8.0, 0.5 ], "enabled": false },
								"up": { "texture": "#corn2", "uv": [ 8.5, 6.0, 10.5, 14.0 ], "windMode": [1,4,4,1] },
								"down": { "texture": "#corn2", "uv": [ 13.5, 13.5, 15.5, 21.5 ], "enabled": false, "windMode": [1,1,4,4] }
							}
						}
					]
				},
				{
					"name": "stemdown41",
					"from": [ -4.3, -0.3, 4.7 ], 
					"to": [ -3.7, 6.7, 5.2 ], 
					"rotationOrigin": [ -4.0, -0.3, 5.0 ],
					"rotationX": -2.0,
					"rotationY": -30.0,
					"rotationZ": 1.0,
					"faces": {
						"north": { "texture": "#corn1", "uv": [ 0.0, 0.0, 0.5, 7.0 ], "windMode": [0,4,4,0] },
						"east": { "texture": "#corn1", "uv": [ 0.0, 0.0, 0.5, 7.0 ], "windMode": [0,4,4,0] },
						"south": { "texture": "#corn1", "uv": [ 0.0, 0.0, 0.5, 7.0 ], "windMode": [0,0,4,4] },
						"west": { "texture": "#corn1", "uv": [ 0.0, 0.0, 0.5, 7.0 ], "windMode": [0,0,4,4] },
						"up": { "texture": "#corn1", "uv": [ 0.0, 0.0, 0.5, 0.5 ], "windMode": [4,4,4,4] },
						"down": { "texture": "#corn1", "uv": [ 0.5, 14.5, 1.0, 15.0 ], "windMode": [0,0,0,0] }
					},
					"children": [
						{
							"name": "Leaf48",
							"from": [ -1.0, 4.0, -6.4 ], 
							"to": [ 1.0, 4.0, 1.6 ],
							"shade": false,
							"renderPass": 2, 
							"rotationOrigin": [ -0.3, 4.0, 0.6 ],
							"rotationX": 90.0,
							"rotationY": 22.5,
							"rotationZ": -90.0,
							"faces": {
								"north": { "texture": "#corn2", "uv": [ 0.0, 0.0, 2.0, 0.5 ], "enabled": false },
								"east": { "texture": "#corn2", "uv": [ 0.0, 0.0, 8.0, 0.5 ], "enabled": false },
								"south": { "texture": "#corn2", "uv": [ 0.0, 0.0, 2.0, 0.5 ], "enabled": false },
								"west": { "texture": "#corn2", "uv": [ 0.0, 0.0, 8.0, 0.5 ], "enabled": false },
								"up": { "texture": "#corn2", "uv": [ 6.0, 8.0, 8.0, 16.0 ], "windMode": [1,4,4,1] },
								"down": { "texture": "#corn2", "uv": [ 13.5, 13.5, 15.5, 21.5 ], "enabled": false, "windMode": [1,1,4,4] }
							}
						},
						{
							"name": "Leaf49",
							"from": [ -1.3, 1.0, -8.7 ], 
							"to": [ 0.7, 1.0, -0.7 ], 
							"shade": false,
							"renderPass": 2,
							"rotationOrigin": [ 0.0, 1.0, 0.6 ],
							"rotationX": -112.5,
							"rotationY": 180.0,
							"faces": {
								"north": { "texture": "#corn2", "uv": [ 0.0, 0.0, 2.0, 0.5 ], "enabled": false },
								"east": { "texture": "#corn2", "uv": [ 0.0, 0.0, 8.0, 0.5 ], "enabled": false },
								"south": { "texture": "#corn2", "uv": [ 0.0, 0.0, 2.0, 0.5 ], "enabled": false },
								"west": { "texture": "#corn2", "uv": [ 0.0, 0.0, 8.0, 0.5 ], "enabled": false },
								"up": { "texture": "#corn2", "uv": [ 6.0, 8.0, 8.0, 16.0 ], "windMode": [1,4,4,1] },
								"down": { "texture": "#corn2", "uv": [ 13.5, 13.5, 15.5, 21.5 ], "enabled": false, "windMode": [1,1,4,4] }
							}
						},
						{
							"name": "Leaf50",
							"from": [ -1.2, 2.0, -6.2 ], 
							"to": [ 0.8, 2.0, 1.8 ], 
							"shade": false,
							"renderPass": 2,
							"rotationOrigin": [ 0.0, 2.0, 0.8 ],
							"rotationX": -67.5,
							"rotationY": -180.0,
							"faces": {
								"north": { "texture": "#corn2", "uv": [ 0.0, 0.0, 2.0, 0.5 ], "enabled": false },
								"east": { "texture": "#corn2", "uv": [ 0.0, 0.0, 8.0, 0.5 ], "enabled": false },
								"south": { "texture": "#corn2", "uv": [ 0.0, 0.0, 2.0, 0.5 ], "enabled": false },
								"west": { "texture": "#corn2", "uv": [ 0.0, 0.0, 8.0, 0.5 ], "enabled": false },
								"up": { "texture": "#corn2", "uv": [ 6.0, 8.0, 8.0, 16.0 ], "windMode": [1,4,4,1] },
								"down": { "texture": "#corn2", "uv": [ 13.5, 13.5, 15.5, 21.5 ], "enabled": false, "windMode": [1,1,4,4] }
							}
						},
						{
							"name": "Leaf52",
							"from": [ -1.7, 5.3, -7.5 ], 
							"to": [ 0.3, 5.3, 0.5 ], 
							"shade": false,
							"renderPass": 2,
							"rotationOrigin": [ 0.0, 5.3, 1.0 ],
							"rotationX": -90.0,
							"rotationY": -135.0,
							"rotationZ": -90.0,
							"faces": {
								"north": { "texture": "#corn2", "uv": [ 0.0, 0.0, 2.0, 0.5 ], "enabled": false },
								"east": { "texture": "#corn2", "uv": [ 0.0, 0.0, 8.0, 0.5 ], "enabled": false },
								"south": { "texture": "#corn2", "uv": [ 0.0, 0.0, 2.0, 0.5 ], "enabled": false },
								"west": { "texture": "#corn2", "uv": [ 0.0, 0.0, 8.0, 0.5 ], "enabled": false },
								"up": { "texture": "#corn2", "uv": [ 8.5, 6.0, 10.5, 14.0 ], "windMode": [1,4,4,1] },
								"down": { "texture": "#corn2", "uv": [ 13.5, 13.5, 15.5, 21.5 ], "enabled": false, "windMode": [1,1,4,4] }
							}
						},
						{
							"name": "Leaf53",
							"from": [ -1.0, 6.0, -7.4 ], 
							"to": [ 1.0, 6.0, 0.6 ], 
							"shade": false,
							"renderPass": 2,
							"rotationOrigin": [ 0.0, 6.0, 0.0 ],
							"rotationX": 67.5,
							"rotationY": 22.5,
							"rotationZ": -45.0,
							"faces": {
								"north": { "texture": "#corn2", "uv": [ 0.0, 0.0, 2.0, 0.5 ], "enabled": false },
								"east": { "texture": "#corn2", "uv": [ 0.0, 0.0, 8.0, 0.5 ], "enabled": false },
								"south": { "texture": "#corn2", "uv": [ 0.0, 0.0, 2.0, 0.5 ], "enabled": false },
								"west": { "texture": "#corn2", "uv": [ 0.0, 0.0, 8.0, 0.5 ], "enabled": false },
								"up": { "texture": "#corn2", "uv": [ 8.5, 6.0, 10.5, 14.0 ], "windMode": [1,4,4,1] },
								"down": { "texture": "#corn2", "uv": [ 13.5, 13.5, 15.5, 21.5 ], "enabled": false, "windMode": [1,1,4,4] }
							}
						}
					]
				}
			]
		}
	]}