{
	"editor": {
		"allAngles": false,
		"entityTextureMode": false
	},
	"textureWidth": 16,
	"textureHeight": 16,
	"textureSizes": {
		"normal7-12": [16,16],
		"stem": [4,32]
	},
	"textures": {
		"corn2": "morecrops:block/plant/crop/corn/corn2",
		"corn1": "morecrops:block/plant/crop/corn/corn1",
		"stem": "morecrops:block/plant/crop/corn/stem"
	},
	"elements": [
		{
			"name": "origin",
			"from": [ 8.0, 0.0, 8.0 ], 
			"to": [ 8.0, 0.0, 8.0 ], 
			"rotationOrigin": [ 8.0, 0.0, 8.0 ],
			"faces": {
				"north": { "texture": "#corn1", "uv": [ 0.0, 0.0, 0.5, 0.5 ], "enabled": false },
				"east": { "texture": "#corn1", "uv": [ 0.0, 0.0, 0.5, 0.5 ], "enabled": false },
				"south": { "texture": "#corn1", "uv": [ 0.0, 0.0, 0.5, 0.5 ], "enabled": false },
				"west": { "texture": "#corn1", "uv": [ 0.0, 0.0, 0.5, 0.5 ], "enabled": false },
				"up": { "texture": "#corn1", "uv": [ 0.0, 0.0, 0.5, 0.5 ], "enabled": false },
				"down": { "texture": "#corn1", "uv": [ 0.0, 0.0, 0.5, 0.5 ], "enabled": false }
			},
			"children": [
				{
					"name": "stemdown",
					"from": [ -4.5, -0.1, -4.5 ], 
					"to": [ -3.5, 26.9, -3.5 ], 
					"rotationOrigin": [ -4.0, -0.1, -4.0 ],
					"rotationY": -45.0,
					"faces": {
						"north": { "texture": "#stem", "uv": [ 0.0, 1.0, 1.0, 28.0 ], "windMode": [0,4,4,0], "windData": [0,1,1,0] },
						"east": { "texture": "#stem", "uv": [ 0.5, 1.5, 1.5, 28.5 ], "windMode": [0,4,4,0], "windData": [0,1,1,0] },
						"south": { "texture": "#stem", "uv": [ 1.0, 1.5, 2.0, 28.5 ], "windMode": [0,0,4,4], "windData": [0,0,1,1] },
						"west": { "texture": "#stem", "uv": [ 1.0, 1.5, 2.0, 28.5 ], "windMode": [0,0,4,4], "windData": [0,0,1,1] },
						"up": { "texture": "#stem", "uv": [ 0.5, 1.0, 1.5, 2.0 ], "windMode": [4,4,4,4], "windData": [1,1,1,1] },
						"down": { "texture": "#stem", "uv": [ 0.5, 14.5, 1.5, 15.5 ], "windMode": [0,0,0,0] }
					},
					"children": [
						{
							"name": "Leaf1",
							"from": [ -0.4, 12.0, -10.3 ], 
							"to": [ 1.6, 12.0, 0.2 ], 
							"shade": false,
							"renderPass": 2,
							"rotationOrigin": [ 0.5, 12.0, 0.0 ],
							"rotationX": 67.5,
							"faces": {
								"north": { "texture": "#corn1", "uv": [ 0.0, 0.0, 2.0, 0.5 ], "enabled": false },
								"east": { "texture": "#corn1", "uv": [ 0.0, 0.0, 10.5, 0.5 ], "enabled": false },
								"south": { "texture": "#corn1", "uv": [ 0.0, 0.0, 2.0, 0.5 ], "enabled": false },
								"west": { "texture": "#corn1", "uv": [ 0.0, 0.0, 10.5, 0.5 ], "enabled": false },
								"up": { "texture": "#corn1", "uv": [ 12.0, 5.5, 14.0, 16.0 ], "windMode": [1,4,4,1], "windData": [1,0,0,1] },
								"down": { "texture": "#corn1", "uv": [ 0.0, 0.0, 2.0, 10.5 ], "enabled": false }
							}
						},
						{
							"name": "Leaf2",
							"from": [ -0.5, 16.0, -8.0 ], 
							"to": [ 1.5, 16.0, 0.0 ], 
							"shade": false,
							"renderPass": 2,
							"rotationOrigin": [ 0.5, 16.0, 0.5 ],
							"rotationX": 67.5,
							"rotationY": 22.5,
							"rotationZ": -45.0,
							"faces": {
								"north": { "texture": "#corn2", "uv": [ 0.0, 0.0, 2.0, 0.5 ], "enabled": false },
								"east": { "texture": "#corn2", "uv": [ 0.0, 0.0, 8.0, 0.5 ], "enabled": false },
								"south": { "texture": "#corn2", "uv": [ 0.0, 0.0, 2.0, 0.5 ], "enabled": false },
								"west": { "texture": "#corn2", "uv": [ 0.0, 0.0, 8.0, 0.5 ], "enabled": false },
								"up": { "texture": "#corn2", "uv": [ 6.0, 8.0, 8.0, 16.0 ], "windMode": [1,4,4,1], "windData": [1,1,1,1] },
								"down": { "texture": "#corn2", "uv": [ 0.0, 0.0, 2.0, 8.0 ], "enabled": false }
							}
						},
						{
							"name": "Leaf3",
							"from": [ -2.6, 8.0, -13.5 ], 
							"to": [ -0.6, 8.0, 1.0 ], 
							"shade": false,
							"renderPass": 2,
							"rotationOrigin": [ -0.5, 8.0, 1.0 ],
							"rotationX": -67.5,
							"rotationY": -180.0,
							"faces": {
								"north": { "texture": "#corn1", "uv": [ 0.0, 0.0, 2.0, 0.5 ], "enabled": false },
								"east": { "texture": "#corn1", "uv": [ 0.0, 0.0, 14.5, 0.5 ], "enabled": false },
								"south": { "texture": "#corn1", "uv": [ 0.0, 0.0, 2.0, 0.5 ], "enabled": false },
								"west": { "texture": "#corn1", "uv": [ 0.0, 0.0, 14.5, 0.5 ], "enabled": false },
								"up": { "texture": "#corn1", "uv": [ 14.0, 1.5, 16.0, 16.0 ], "windMode": [1,4,4,1], "windData": [1,0,0,1] },
								"down": { "texture": "#corn1", "uv": [ 0.0, 0.0, 2.0, 14.5 ], "enabled": false }
							}
						},
						{
							"name": "Leaf4",
							"from": [ -0.5, 20.0, -5.4 ], 
							"to": [ 1.5, 20.0, 2.6 ], 
							"shade": false,
							"renderPass": 2,
							"rotationOrigin": [ 0.5, 20.0, 1.5 ],
							"rotationX": -67.5,
							"rotationY": 180.0,
							"rotationZ": 22.5,
							"faces": {
								"north": { "texture": "#corn2", "uv": [ 0.0, 0.0, 2.0, 0.5 ], "enabled": false },
								"east": { "texture": "#corn2", "uv": [ 0.0, 0.0, 8.0, 0.5 ], "enabled": false },
								"south": { "texture": "#corn2", "uv": [ 0.0, 0.0, 2.0, 0.5 ], "enabled": false },
								"west": { "texture": "#corn2", "uv": [ 0.0, 0.0, 8.0, 0.5 ], "enabled": false },
								"up": { "texture": "#corn2", "uv": [ 6.0, 8.0, 8.0, 16.0 ], "windMode": [1,4,4,1], "windData": [1,1,1,1] },
								"down": { "texture": "#corn2", "uv": [ 0.0, 0.0, 2.0, 8.0 ], "enabled": false }
							}
						},
						{
							"name": "Leaf5",
							"from": [ -0.5, 17.0, -8.0 ], 
							"to": [ 1.5, 17.0, 0.0 ], 
							"shade": false,
							"renderPass": 2,
							"rotationOrigin": [ 0.5, 17.0, 0.5 ],
							"rotationX": -90.0,
							"rotationY": -157.5,
							"rotationZ": -90.0,
							"faces": {
								"north": { "texture": "#corn2", "uv": [ 0.0, 0.0, 2.0, 0.5 ], "enabled": false },
								"east": { "texture": "#corn2", "uv": [ 0.0, 0.0, 8.0, 0.5 ], "enabled": false },
								"south": { "texture": "#corn2", "uv": [ 0.0, 0.0, 2.0, 0.5 ], "enabled": false },
								"west": { "texture": "#corn2", "uv": [ 0.0, 0.0, 8.0, 0.5 ], "enabled": false },
								"up": { "texture": "#corn2", "uv": [ 6.0, 8.0, 8.0, 16.0 ], "windMode": [1,4,4,1], "windData": [1,1,1,1] },
								"down": { "texture": "#corn2", "uv": [ 0.0, 0.0, 2.0, 8.0 ], "enabled": false }
							}
						},
						{
							"name": "Leaf6",
							"from": [ 0.2, 24.0, -7.5 ], 
							"to": [ 2.2, 24.0, 0.5 ], 
							"shade": false,
							"renderPass": 2,
							"rotationOrigin": [ 0.5, 24.0, -0.5 ],
							"rotationX": 67.5,
							"rotationY": -12.5,
							"rotationZ": 22.5,
							"faces": {
								"north": { "texture": "#corn2", "uv": [ 0.0, 0.0, 2.0, 0.5 ], "enabled": false },
								"east": { "texture": "#corn2", "uv": [ 0.0, 0.0, 8.0, 0.5 ], "enabled": false },
								"south": { "texture": "#corn2", "uv": [ 0.0, 0.0, 2.0, 0.5 ], "enabled": false },
								"west": { "texture": "#corn2", "uv": [ 0.0, 0.0, 8.0, 0.5 ], "enabled": false },
								"up": { "texture": "#corn2", "uv": [ 8.5, 6.0, 10.5, 14.0 ], "windMode": [1,4,4,1], "windData": [1,1,1,1] },
								"down": { "texture": "#corn2", "uv": [ 0.0, 0.0, 2.0, 8.0 ], "enabled": false }
							}
						},
						{
							"name": "Tuft1",
							"from": [ -1.8, 27.8, -5.0 ], 
							"to": [ 2.7, 27.9, 1.5 ], 
							"shade": false,
							"renderPass": 2,
							"rotationOrigin": [ 0.5, 27.8, 0.5 ],
							"rotationX": -90.0,
							"rotationY": 180.0,
							"rotationZ": -3.0,
							"faces": {
								"north": { "texture": "#corn2", "uv": [ 0.0, 0.0, 4.5, 0.5 ], "enabled": false },
								"east": { "texture": "#corn2", "uv": [ 0.0, 0.0, 6.5, 0.5 ], "enabled": false },
								"south": { "texture": "#corn2", "uv": [ 0.0, 0.0, 4.5, 0.5 ], "enabled": false },
								"west": { "texture": "#corn2", "uv": [ 0.0, 0.0, 6.5, 0.5 ], "enabled": false },
								"up": { "texture": "#corn2", "uv": [ 0.0, 0.0, 4.5, 6.0 ], "autoUv": false, "windMode": [1,4,4,1], "windData": [1,1,1,1] },
								"down": { "texture": "#corn2", "uv": [ 0.0, 0.0, 4.5, 6.5 ], "enabled": false }
							}
						},
						{
							"name": "Cube37",
							"from": [ 0.4, 10.0, 0.0 ], 
							"to": [ 1.5, 15.0, 1.1 ], 
							"rotationOrigin": [ 0.8, 10.0, 0.4 ],
							"rotationZ": -22.5,
							"faces": {
								"north": { "texture": "#corn1", "uv": [ 0.0, 0.0, 1.0, 5.0 ], "windMode": [4,4,4,4] },
								"east": { "texture": "#corn1", "uv": [ 0.0, 0.0, 1.0, 5.0 ], "windMode": [4,4,4,4] },
								"south": { "texture": "#corn1", "uv": [ 0.0, 0.0, 1.0, 5.0 ], "windMode": [4,4,4,4] },
								"west": { "texture": "#corn1", "uv": [ 0.0, 0.0, 1.0, 5.0 ], "windMode": [4,4,4,4] },
								"up": { "texture": "#corn1", "uv": [ 0.5, 1.5, 1.5, 2.5 ], "windMode": [4,4,4,4] },
								"down": { "texture": "#corn1", "uv": [ 0.0, 0.0, 1.0, 1.0 ], "windMode": [4,4,4,4] }
							},
							"children": [
								{
									"name": "Cube9",
									"from": [ 1.0, 4.0, 0.5 ], 
									"to": [ 4.0, 8.5, 0.5 ], 
									"shade": false,
									"renderPass": 2,
									"rotationOrigin": [ 2.0, 5.0, 0.5 ],
									"rotationZ": -135.0,
									"faces": {
										"north": { "texture": "#corn1", "uv": [ 4.5, 1.0, 7.5, 5.5 ], "rotation": 180, "windMode": [1,4,4,1] },
										"east": { "texture": "#corn1", "uv": [ 0.0, 0.0, 0.5, 4.5 ], "enabled": false },
										"south": { "texture": "#corn1", "uv": [ 0.0, 0.0, 3.0, 4.5 ], "enabled": false },
										"west": { "texture": "#corn1", "uv": [ 0.0, 0.0, 0.5, 4.5 ], "enabled": false },
										"up": { "texture": "#corn1", "uv": [ 0.0, 0.0, 3.0, 0.5 ], "enabled": false },
										"down": { "texture": "#corn1", "uv": [ 0.0, 0.0, 3.0, 0.5 ], "enabled": false }
									}
								},
								{
									"name": "Cube6",
									"from": [ 0.9, 0.1, -1.0 ], 
									"to": [ 0.9, 4.6, 2.0 ], 
									"shade": false,
									"renderPass": 2,
									"rotationOrigin": [ 0.0, 5.0, 0.5 ],
									"rotationZ": 45.0,
									"faces": {
										"north": { "texture": "#corn1", "uv": [ 0.0, 0.0, 0.5, 4.5 ], "enabled": false },
										"east": { "texture": "#corn1", "uv": [ 4.5, 1.0, 7.5, 5.5 ], "windMode": [1,4,4,1] },
										"south": { "texture": "#corn1", "uv": [ 0.0, 0.0, 0.5, 4.5 ], "enabled": false },
										"west": { "texture": "#corn1", "uv": [ 0.0, 0.0, 3.0, 4.5 ], "enabled": false },
										"up": { "texture": "#corn1", "uv": [ 0.0, 0.0, 0.5, 3.0 ], "enabled": false },
										"down": { "texture": "#corn1", "uv": [ 0.0, 0.0, 0.5, 3.0 ], "enabled": false }
									}
								}
							]
						},
						{
							"name": "Cube39",
							"from": [ -0.3, 20.0, 0.0 ], 
							"to": [ 0.8, 26.0, 1.1 ], 
							"rotationOrigin": [ 0.1, 20.0, 0.4 ],
							"rotationZ": 22.5,
							"faces": {
								"north": { "texture": "#corn1", "uv": [ 0.0, 0.0, 1.0, 6.0 ], "windMode": [4,4,4,4], "windData": [1,1,1,1] },
								"east": { "texture": "#corn1", "uv": [ 0.0, 0.0, 1.0, 6.0 ], "windMode": [4,4,4,4], "windData": [1,1,1,1] },
								"south": { "texture": "#corn1", "uv": [ 0.0, 0.0, 1.0, 6.0 ], "windMode": [4,4,4,4], "windData": [1,1,1,1] },
								"west": { "texture": "#corn1", "uv": [ 0.0, 0.0, 1.0, 6.0 ], "windMode": [4,4,4,4], "windData": [1,1,1,1] },
								"up": { "texture": "#corn1", "uv": [ 1.0, 2.0, 2.0, 3.0 ], "windMode": [4,4,4,4], "windData": [1,1,1,1] },
								"down": { "texture": "#corn1", "uv": [ 0.0, 0.0, 1.0, 1.0 ], "windMode": [4,4,4,4], "windData": [1,1,1,1] }
							},
							"children": [
								{
									"name": "Cube2",
									"from": [ -1.7, 6.2, 0.5 ], 
									"to": [ 1.3, 10.7, 0.5 ], 
									"shade": false,
									"renderPass": 2,
									"rotationOrigin": [ 0.0, 6.4, 0.0 ],
									"rotationZ": 135.0,
									"faces": {
										"north": { "texture": "#corn1", "uv": [ 4.5, 1.0, 7.5, 5.5 ], "rotation": 180, "windMode": [1,4,4,1], "windData": [1,1,1,1] },
										"east": { "texture": "#corn1", "uv": [ 0.0, 0.0, 0.5, 4.5 ], "enabled": false },
										"south": { "texture": "#corn1", "uv": [ 0.0, 0.0, 3.0, 4.5 ], "enabled": false },
										"west": { "texture": "#corn1", "uv": [ 0.0, 0.0, 0.5, 4.5 ], "enabled": false },
										"up": { "texture": "#corn1", "uv": [ 0.0, 0.0, 3.0, 0.5 ], "enabled": false },
										"down": { "texture": "#corn1", "uv": [ 0.0, 0.0, 3.0, 0.5 ], "enabled": false }
									}
								},
								{
									"name": "Cube3",
									"from": [ 0.0, 1.6, -1.0 ], 
									"to": [ 0.0, 6.1, 2.0 ], 
									"shade": false,
									"renderPass": 2,
									"rotationOrigin": [ 0.5, 6.0, 0.5 ],
									"rotationZ": -45.0,
									"faces": {
										"north": { "texture": "#corn1", "uv": [ 0.0, 0.0, 0.5, 4.5 ], "enabled": false },
										"east": { "texture": "#corn1", "uv": [ 4.5, 1.0, 7.5, 5.5 ], "windMode": [1,4,4,1], "windData": [1,1,1,1] },
										"south": { "texture": "#corn1", "uv": [ 0.0, 0.0, 0.5, 4.5 ], "enabled": false },
										"west": { "texture": "#corn1", "uv": [ 0.0, 0.0, 3.0, 4.5 ], "enabled": false },
										"up": { "texture": "#corn1", "uv": [ 0.0, 0.0, 0.5, 3.0 ], "enabled": false },
										"down": { "texture": "#corn1", "uv": [ 0.0, 0.0, 0.5, 3.0 ], "enabled": false }
									}
								}
							]
						},
						{
							"name": "Tuft2",
							"from": [ -1.7, 27.75, -5.0 ], 
							"to": [ 2.8, 27.85, 1.5 ], 
							"shade": false,
							"renderPass": 2,
							"rotationOrigin": [ 0.5, 27.8, 0.5 ],
							"rotationX": -90.0,
							"rotationY": 180.0,
							"rotationZ": 90.0,
							"faces": {
								"north": { "texture": "#corn2", "uv": [ 0.0, 0.0, 4.5, 0.5 ], "enabled": false },
								"east": { "texture": "#corn2", "uv": [ 0.0, 0.0, 6.5, 0.5 ], "enabled": false },
								"south": { "texture": "#corn2", "uv": [ 0.0, 0.0, 4.5, 0.5 ], "enabled": false },
								"west": { "texture": "#corn2", "uv": [ 0.0, 0.0, 6.5, 0.5 ], "enabled": false },
								"up": { "texture": "#corn2", "uv": [ 0.0, 0.0, 4.5, 6.0 ], "autoUv": false, "windMode": [1,4,4,1], "windData": [2,1,1,2] },
								"down": { "texture": "#corn2", "uv": [ 0.0, 0.0, 4.5, 6.5 ], "enabled": false }
							}
						}
					]
				},
				{
					"name": "stemdown15",
					"from": [ 4.5, -0.3, -4.5 ], 
					"to": [ 5.5, 25.7, -3.5 ], 
					"rotationOrigin": [ 5.0, -0.3, -4.0 ],
					"rotationX": 1.0,
					"rotationY": -42.0,
					"faces": {
						"north": { "texture": "#stem", "uv": [ 0.0, 0.0, 1.0, 26.0 ], "windMode": [0,4,4,0], "windData": [0,1,1,0] },
						"east": { "texture": "#stem", "uv": [ 0.0, 0.0, 1.0, 26.0 ], "windMode": [0,4,4,0], "windData": [0,1,1,0] },
						"south": { "texture": "#stem", "uv": [ 0.0, 0.0, 1.0, 26.0 ], "windMode": [0,0,4,4], "windData": [0,0,1,1] },
						"west": { "texture": "#stem", "uv": [ 0.0, 0.0, 1.0, 26.0 ], "windMode": [0,0,4,4], "windData": [0,0,1,1] },
						"up": { "texture": "#stem", "uv": [ 0.0, 0.0, 1.0, 1.0 ], "windMode": [4,4,4,4], "windData": [1,1,1,1] },
						"down": { "texture": "#stem", "uv": [ 0.5, 14.5, 1.5, 15.5 ], "windMode": [0,0,0,0] }
					},
					"children": [
						{
							"name": "Leaf22",
							"from": [ -0.5, 11.0, -14.5 ], 
							"to": [ 1.5, 11.0, 0.0 ], 
							"shade": false,
							"renderPass": 2,
							"rotationOrigin": [ 0.5, 11.0, 0.0 ],
							"rotationX": 67.5,
							"rotationZ": 19.0,
							"faces": {
								"north": { "texture": "#corn1", "uv": [ 0.0, 0.0, 2.0, 0.5 ], "enabled": false },
								"east": { "texture": "#corn1", "uv": [ 0.0, 0.0, 14.5, 0.5 ], "enabled": false },
								"south": { "texture": "#corn1", "uv": [ 0.0, 0.0, 2.0, 0.5 ], "enabled": false },
								"west": { "texture": "#corn1", "uv": [ 0.0, 0.0, 14.5, 0.5 ], "enabled": false },
								"up": { "texture": "#corn1", "uv": [ 14.0, 1.5, 16.0, 16.0 ], "windMode": [1,4,4,1], "windData": [1,0,0,1] },
								"down": { "texture": "#corn1", "uv": [ 0.0, 0.0, 2.0, 14.5 ], "enabled": false }
							}
						},
						{
							"name": "Leaf23",
							"from": [ -0.9, 18.0, -7.0 ], 
							"to": [ 1.1, 18.0, 1.0 ], 
							"shade": false,
							"renderPass": 2,
							"rotationOrigin": [ -0.5, 18.0, 0.5 ],
							"rotationX": 67.5,
							"rotationY": 22.5,
							"rotationZ": -45.0,
							"faces": {
								"north": { "texture": "#corn2", "uv": [ 0.0, 0.0, 2.0, 0.5 ], "enabled": false },
								"east": { "texture": "#corn2", "uv": [ 0.0, 0.0, 8.0, 0.5 ], "enabled": false },
								"south": { "texture": "#corn2", "uv": [ 0.0, 0.0, 2.0, 0.5 ], "enabled": false },
								"west": { "texture": "#corn2", "uv": [ 0.0, 0.0, 8.0, 0.5 ], "enabled": false },
								"up": { "texture": "#corn2", "uv": [ 6.0, 8.0, 8.0, 16.0 ], "windMode": [1,4,4,1], "windData": [1,1,1,1] },
								"down": { "texture": "#corn2", "uv": [ 0.0, 0.0, 2.0, 8.0 ], "enabled": false }
							}
						},
						{
							"name": "Leaf24",
							"from": [ 0.3, 9.0, -13.6 ], 
							"to": [ 2.3, 9.0, 0.9 ], 
							"shade": false,
							"renderPass": 2,
							"rotationOrigin": [ 1.5, 9.0, 0.0 ],
							"rotationX": -112.5,
							"rotationY": -157.5,
							"rotationZ": -135.0,
							"faces": {
								"north": { "texture": "#corn1", "uv": [ 0.0, 0.0, 2.0, 0.5 ], "enabled": false },
								"east": { "texture": "#corn1", "uv": [ 0.0, 0.0, 14.5, 0.5 ], "enabled": false },
								"south": { "texture": "#corn1", "uv": [ 0.0, 0.0, 2.0, 0.5 ], "enabled": false },
								"west": { "texture": "#corn1", "uv": [ 0.0, 0.0, 14.5, 0.5 ], "enabled": false },
								"up": { "texture": "#corn1", "uv": [ 14.0, 1.5, 16.0, 16.0 ], "windMode": [1,4,4,1], "windData": [1,0,0,1] },
								"down": { "texture": "#corn1", "uv": [ 0.0, 0.0, 2.0, 14.5 ], "enabled": false }
							}
						},
						{
							"name": "Leaf25",
							"from": [ -0.5, 20.0, -8.2 ], 
							"to": [ 1.5, 20.0, -0.2 ], 
							"shade": false,
							"renderPass": 2,
							"rotationOrigin": [ 0.5, 20.0, 0.5 ],
							"rotationX": -67.5,
							"rotationY": 157.5,
							"rotationZ": 45.0,
							"faces": {
								"north": { "texture": "#corn2", "uv": [ 0.0, 0.0, 2.0, 0.5 ], "enabled": false },
								"east": { "texture": "#corn2", "uv": [ 0.0, 0.0, 8.0, 0.5 ], "enabled": false },
								"south": { "texture": "#corn2", "uv": [ 0.0, 0.0, 2.0, 0.5 ], "enabled": false },
								"west": { "texture": "#corn2", "uv": [ 0.0, 0.0, 8.0, 0.5 ], "enabled": false },
								"up": { "texture": "#corn2", "uv": [ 6.0, 8.0, 8.0, 16.0 ], "windMode": [1,4,4,1], "windData": [1,1,1,1] },
								"down": { "texture": "#corn2", "uv": [ 0.0, 0.0, 2.0, 8.0 ], "enabled": false }
							}
						},
						{
							"name": "Leaf26",
							"from": [ -0.5, 16.0, -9.2 ], 
							"to": [ 1.5, 16.0, 1.3 ], 
							"shade": false,
							"renderPass": 2,
							"rotationOrigin": [ 0.5, 16.0, 1.0 ],
							"rotationX": -57.0,
							"rotationY": -180.0,
							"faces": {
								"north": { "texture": "#corn1", "uv": [ 0.0, 0.0, 2.0, 0.5 ], "enabled": false },
								"east": { "texture": "#corn1", "uv": [ 0.0, 0.0, 10.5, 0.5 ], "enabled": false },
								"south": { "texture": "#corn1", "uv": [ 0.0, 0.0, 2.0, 0.5 ], "enabled": false },
								"west": { "texture": "#corn1", "uv": [ 0.0, 0.0, 10.5, 0.5 ], "enabled": false },
								"up": { "texture": "#corn1", "uv": [ 12.0, 5.5, 14.0, 16.0 ], "windMode": [1,4,4,1], "windData": [1,0,0,1] },
								"down": { "texture": "#corn1", "uv": [ 0.0, 0.0, 2.0, 10.5 ], "enabled": false }
							}
						},
						{
							"name": "Leaf27",
							"from": [ -0.5, 24.0, -8.0 ], 
							"to": [ 1.5, 24.0, 0.0 ], 
							"shade": false,
							"renderPass": 2,
							"rotationOrigin": [ 0.5, 24.0, 0.5 ],
							"rotationX": 90.0,
							"rotationY": -35.0,
							"rotationZ": 90.0,
							"faces": {
								"north": { "texture": "#corn2", "uv": [ 0.0, 0.0, 2.0, 0.5 ], "enabled": false },
								"east": { "texture": "#corn2", "uv": [ 0.0, 0.0, 8.0, 0.5 ], "enabled": false },
								"south": { "texture": "#corn2", "uv": [ 0.0, 0.0, 2.0, 0.5 ], "enabled": false },
								"west": { "texture": "#corn2", "uv": [ 0.0, 0.0, 8.0, 0.5 ], "enabled": false },
								"up": { "texture": "#corn2", "uv": [ 8.5, 6.0, 10.5, 14.0 ], "windMode": [1,4,4,1], "windData": [1,1,1,1] },
								"down": { "texture": "#corn2", "uv": [ 0.0, 0.0, 2.0, 8.0 ], "enabled": false }
							}
						},
						{
							"name": "Tufi3",
							"from": [ -0.6, 25.9, -4.8 ], 
							"to": [ 3.9, 25.9, 1.7 ], 
							"shade": false,
							"renderPass": 2,
							"rotationOrigin": [ 0.8, 26.0, 1.4 ],
							"rotationX": 90.0,
							"rotationZ": -90.0,
							"faces": {
								"north": { "texture": "#corn2", "uv": [ 0.0, 0.0, 4.5, 0.5 ], "enabled": false },
								"east": { "texture": "#corn2", "uv": [ 0.0, 0.0, 6.5, 0.5 ], "enabled": false },
								"south": { "texture": "#corn2", "uv": [ 0.0, 0.0, 4.5, 0.5 ], "enabled": false },
								"west": { "texture": "#corn2", "uv": [ 0.0, 0.0, 6.5, 0.5 ], "enabled": false },
								"up": { "texture": "#corn2", "uv": [ 0.0, 0.0, 4.5, 6.5 ], "autoUv": false, "windMode": [1,4,4,1], "windData": [1,1,1,1] },
								"down": { "texture": "#corn2", "uv": [ 0.0, 0.0, 4.5, 6.5 ], "enabled": false }
							}
						},
						{
							"name": "Cube36",
							"from": [ -0.3, 10.0, 0.0 ], 
							"to": [ 0.8, 15.0, 1.1 ], 
							"rotationOrigin": [ 0.1, 10.0, 0.4 ],
							"rotationZ": 22.5,
							"faces": {
								"north": { "texture": "#corn1", "uv": [ 0.0, 1.0, 1.0, 6.0 ], "windMode": [4,4,4,4] },
								"east": { "texture": "#corn1", "uv": [ 0.5, 3.0, 1.5, 8.0 ], "windMode": [4,4,4,4] },
								"south": { "texture": "#corn1", "uv": [ 0.5, 1.0, 1.5, 6.0 ], "windMode": [4,4,4,4] },
								"west": { "texture": "#corn1", "uv": [ 0.0, 0.0, 1.0, 5.0 ], "windMode": [4,4,4,4] },
								"up": { "texture": "#corn1", "uv": [ 0.5, 7.5, 1.5, 8.5 ], "windMode": [4,4,4,4] },
								"down": { "texture": "#corn1", "uv": [ 1.0, 2.0, 2.0, 3.0 ], "windMode": [4,4,4,4] }
							},
							"children": [
								{
									"name": "Cube46",
									"from": [ -1.5, 4.5, 0.5 ], 
									"to": [ 1.5, 9.0, 0.5 ], 
									"shade": false,
									"renderPass": 2,
									"rotationOrigin": [ 0.0, 5.0, 0.5 ],
									"rotationZ": 135.0,
									"faces": {
										"north": { "texture": "#corn1", "uv": [ 4.5, 1.0, 7.5, 5.5 ], "rotation": 180, "windMode": [0,4,4,1] },
										"east": { "texture": "#corn1", "uv": [ 0.0, 0.0, 0.5, 4.5 ], "enabled": false },
										"south": { "texture": "#corn1", "uv": [ 0.0, 0.0, 3.0, 4.5 ], "enabled": false },
										"west": { "texture": "#corn1", "uv": [ 0.0, 0.0, 0.5, 4.5 ], "enabled": false },
										"up": { "texture": "#corn1", "uv": [ 0.0, 0.0, 3.0, 0.5 ], "enabled": false },
										"down": { "texture": "#corn1", "uv": [ 0.0, 0.0, 3.0, 0.5 ], "enabled": false }
									}
								},
								{
									"name": "Cube51",
									"from": [ 0.7, 1.3, -1.0 ], 
									"to": [ 0.7, 5.8, 2.0 ], 
									"shade": false,
									"renderPass": 2,
									"rotationOrigin": [ 0.0, 6.0, 0.5 ],
									"rotationZ": -45.0,
									"faces": {
										"north": { "texture": "#corn1", "uv": [ 0.0, 0.0, 0.5, 4.5 ], "enabled": false },
										"east": { "texture": "#corn1", "uv": [ 4.5, 1.0, 7.5, 5.5 ], "windMode": [1,4,4,2] },
										"south": { "texture": "#corn1", "uv": [ 0.0, 0.0, 0.5, 4.5 ], "enabled": false },
										"west": { "texture": "#corn1", "uv": [ 0.0, 0.0, 3.0, 4.5 ], "enabled": false },
										"up": { "texture": "#corn1", "uv": [ 0.0, 0.0, 0.5, 3.0 ], "enabled": false },
										"down": { "texture": "#corn1", "uv": [ 0.0, 0.0, 0.5, 3.0 ], "enabled": false }
									}
								}
							]
						},
						{
							"name": "Cube38",
							"from": [ 0.3, 20.0, 0.0 ], 
							"to": [ 1.4, 25.0, 1.1 ], 
							"rotationOrigin": [ 0.3, 20.0, 0.0 ],
							"rotationZ": -22.5,
							"faces": {
								"north": { "texture": "#corn1", "uv": [ 1.0, 0.0, 2.0, 5.0 ], "windMode": [4,4,4,4], "windData": [1,1,1,1] },
								"east": { "texture": "#corn1", "uv": [ 0.5, 1.0, 1.5, 6.0 ], "windMode": [4,4,4,4], "windData": [1,1,1,1] },
								"south": { "texture": "#corn1", "uv": [ 0.5, 5.5, 1.5, 10.5 ], "windMode": [4,4,4,4], "windData": [1,1,1,1] },
								"west": { "texture": "#corn1", "uv": [ 0.5, 1.5, 1.5, 6.5 ], "windMode": [4,4,4,4], "windData": [1,1,1,1] },
								"up": { "texture": "#corn1", "uv": [ 0.0, 4.5, 1.0, 5.5 ], "windMode": [4,4,4,4], "windData": [1,1,1,1] },
								"down": { "texture": "#corn1", "uv": [ 0.0, 3.0, 1.0, 4.0 ], "windMode": [4,4,4,4], "windData": [1,1,1,1] }
							},
							"children": [
								{
									"name": "Cube49",
									"from": [ -0.4, 5.3, 0.5 ], 
									"to": [ 2.6, 9.8, 0.5 ], 
									"shade": false,
									"renderPass": 2,
									"rotationOrigin": [ 1.0, 5.4, 0.0 ],
									"rotationZ": -135.0,
									"faces": {
										"north": { "texture": "#corn1", "uv": [ 4.5, 1.0, 7.5, 5.5 ], "rotation": 180, "windMode": [1,4,4,1], "windData": [1,1,1,1] },
										"east": { "texture": "#corn1", "uv": [ 0.0, 0.0, 0.5, 4.5 ], "enabled": false },
										"south": { "texture": "#corn1", "uv": [ 0.0, 0.0, 3.0, 4.5 ], "enabled": false },
										"west": { "texture": "#corn1", "uv": [ 0.0, 0.0, 0.5, 4.5 ], "enabled": false },
										"up": { "texture": "#corn1", "uv": [ 0.0, 0.0, 3.0, 0.5 ], "enabled": false },
										"down": { "texture": "#corn1", "uv": [ 0.0, 0.0, 3.0, 0.5 ], "enabled": false }
									}
								},
								{
									"name": "Cube50",
									"from": [ 0.35, 0.8, -1.0 ], 
									"to": [ 0.35, 5.3, 2.0 ], 
									"shade": false,
									"renderPass": 2,
									"rotationOrigin": [ 0.5, 6.0, 0.5 ],
									"rotationZ": 45.0,
									"faces": {
										"north": { "texture": "#corn1", "uv": [ 0.0, 0.0, 0.5, 4.5 ], "enabled": false },
										"east": { "texture": "#corn1", "uv": [ 4.5, 1.0, 7.5, 5.5 ], "windMode": [1,4,4,1], "windData": [1,1,1,1] },
										"south": { "texture": "#corn1", "uv": [ 0.0, 0.0, 0.5, 4.5 ], "enabled": false },
										"west": { "texture": "#corn1", "uv": [ 0.0, 0.0, 3.0, 4.5 ], "enabled": false },
										"up": { "texture": "#corn1", "uv": [ 0.0, 0.0, 0.5, 3.0 ], "enabled": false },
										"down": { "texture": "#corn1", "uv": [ 0.0, 0.0, 0.5, 3.0 ], "enabled": false }
									}
								}
							]
						},
						{
							"name": "Tufi4",
							"from": [ -1.55, 26.15, -5.8 ], 
							"to": [ 2.95, 26.15, 0.7 ], 
							"shade": false,
							"renderPass": 2,
							"rotationOrigin": [ -0.2, 26.0, 0.4 ],
							"rotationX": 90.0,
							"rotationY": 0.0,
							"rotationZ": 0.0,
							"faces": {
								"north": { "texture": "#corn2", "uv": [ 0.0, 0.0, 4.5, 0.5 ], "enabled": false },
								"east": { "texture": "#corn2", "uv": [ 0.0, 0.0, 6.5, 0.5 ], "enabled": false },
								"south": { "texture": "#corn2", "uv": [ 0.0, 0.0, 4.5, 0.5 ], "enabled": false },
								"west": { "texture": "#corn2", "uv": [ 0.0, 0.0, 6.5, 0.5 ], "enabled": false },
								"up": { "texture": "#corn2", "uv": [ 0.0, 0.0, 4.5, 6.5 ], "autoUv": false, "windMode": [1,4,4,1], "windData": [1,1,1,1] },
								"down": { "texture": "#corn2", "uv": [ 0.0, 0.0, 4.5, 6.5 ], "enabled": false }
							}
						}
					]
				},
				{
					"name": "stemdown28",
					"from": [ 4.5, -0.3, 4.5 ], 
					"to": [ 5.5, 27.7, 5.5 ], 
					"rotationOrigin": [ 5.0, -0.3, 5.0 ],
					"rotationX": -3.0,
					"rotationY": -39.0,
					"rotationZ": -2.0,
					"faces": {
						"north": { "texture": "#stem", "uv": [ 0.0, 0.5, 1.0, 28.5 ], "windMode": [0,4,4,0], "windData": [0,1,1,0] },
						"east": { "texture": "#stem", "uv": [ 0.5, 2.5, 1.5, 30.5 ], "windMode": [0,4,4,0], "windData": [0,1,1,0] },
						"south": { "texture": "#stem", "uv": [ 0.0, 2.0, 1.0, 30.0 ], "windMode": [0,0,4,4], "windData": [0,0,1,1] },
						"west": { "texture": "#stem", "uv": [ 0.0, 2.5, 1.0, 30.5 ], "windMode": [0,0,4,4], "windData": [0,0,1,1] },
						"up": { "texture": "#stem", "uv": [ 0.5, 1.0, 1.5, 2.0 ], "windMode": [4,4,4,4], "windData": [1,1,1,1] },
						"down": { "texture": "#stem", "uv": [ 0.5, 14.5, 1.5, 15.5 ], "windMode": [0,0,0,0] }
					},
					"children": [
						{
							"name": "Leaf35",
							"from": [ -0.5, 14.0, -10.3 ], 
							"to": [ 1.5, 14.0, 0.2 ], 
							"shade": false,
							"renderPass": 2,
							"rotationOrigin": [ 0.5, 14.0, 0.0 ],
							"rotationX": 67.5,
							"faces": {
								"north": { "texture": "#corn1", "uv": [ 0.0, 0.0, 2.0, 0.5 ], "enabled": false },
								"east": { "texture": "#corn1", "uv": [ 0.0, 0.0, 10.5, 0.5 ], "enabled": false },
								"south": { "texture": "#corn1", "uv": [ 0.0, 0.0, 2.0, 0.5 ], "enabled": false },
								"west": { "texture": "#corn1", "uv": [ 0.0, 0.0, 10.5, 0.5 ], "enabled": false },
								"up": { "texture": "#corn1", "uv": [ 12.0, 5.5, 14.0, 16.0 ], "windMode": [1,4,4,1], "windData": [1,0,0,1] },
								"down": { "texture": "#corn1", "uv": [ 0.0, 0.0, 2.0, 10.5 ], "enabled": false }
							}
						},
						{
							"name": "Leaf36",
							"from": [ -0.5, 19.0, -8.4 ], 
							"to": [ 1.5, 19.0, -0.4 ], 
							"shade": false,
							"renderPass": 2,
							"rotationOrigin": [ 0.5, 19.0, 0.5 ],
							"rotationX": 67.5,
							"rotationY": -22.5,
							"rotationZ": 22.5,
							"faces": {
								"north": { "texture": "#corn2", "uv": [ 0.0, 0.0, 2.0, 0.5 ], "enabled": false },
								"east": { "texture": "#corn2", "uv": [ 0.0, 0.0, 8.0, 0.5 ], "enabled": false },
								"south": { "texture": "#corn2", "uv": [ 0.0, 0.0, 2.0, 0.5 ], "enabled": false },
								"west": { "texture": "#corn2", "uv": [ 0.0, 0.0, 8.0, 0.5 ], "enabled": false },
								"up": { "texture": "#corn2", "uv": [ 6.0, 8.0, 8.0, 16.0 ], "windMode": [1,4,4,1], "windData": [1,1,1,1] },
								"down": { "texture": "#corn2", "uv": [ 0.0, 0.0, 2.0, 8.0 ], "enabled": false }
							}
						},
						{
							"name": "Leaf37",
							"from": [ -0.5, 10.0, -13.5 ], 
							"to": [ 1.5, 10.0, 1.0 ], 
							"shade": false,
							"renderPass": 2,
							"rotationOrigin": [ 0.5, 10.0, 1.0 ],
							"rotationX": -67.5,
							"rotationY": -157.5,
							"rotationZ": -45.0,
							"faces": {
								"north": { "texture": "#corn1", "uv": [ 0.0, 0.0, 2.0, 0.5 ], "enabled": false },
								"east": { "texture": "#corn1", "uv": [ 0.0, 0.0, 14.5, 0.5 ], "enabled": false },
								"south": { "texture": "#corn1", "uv": [ 0.0, 0.0, 2.0, 0.5 ], "enabled": false },
								"west": { "texture": "#corn1", "uv": [ 0.0, 0.0, 14.5, 0.5 ], "enabled": false },
								"up": { "texture": "#corn1", "uv": [ 14.0, 1.5, 16.0, 16.0 ], "windMode": [1,4,4,1], "windData": [1,0,0,1] },
								"down": { "texture": "#corn1", "uv": [ 0.0, 0.0, 2.0, 14.5 ], "enabled": false }
							}
						},
						{
							"name": "Leaf38",
							"from": [ -0.5, 24.0, -8.6 ], 
							"to": [ 1.5, 24.0, -0.6 ], 
							"shade": false,
							"renderPass": 2,
							"rotationOrigin": [ 0.5, 24.0, 0.5 ],
							"rotationX": -73.5,
							"rotationY": 157.5,
							"rotationZ": 45.0,
							"faces": {
								"north": { "texture": "#corn2", "uv": [ 0.0, 0.0, 2.0, 0.5 ], "enabled": false },
								"east": { "texture": "#corn2", "uv": [ 0.0, 0.0, 8.0, 0.5 ], "enabled": false },
								"south": { "texture": "#corn2", "uv": [ 0.0, 0.0, 2.0, 0.5 ], "enabled": false },
								"west": { "texture": "#corn2", "uv": [ 0.0, 0.0, 8.0, 0.5 ], "enabled": false },
								"up": { "texture": "#corn2", "uv": [ 8.5, 6.0, 10.5, 14.0 ], "windMode": [1,4,4,1], "windData": [1,1,1,1] },
								"down": { "texture": "#corn2", "uv": [ 0.0, 0.0, 2.0, 8.0 ], "enabled": false }
							}
						},
						{
							"name": "Leaf39",
							"from": [ -0.5, 17.0, -8.0 ], 
							"to": [ 1.5, 17.0, 0.0 ], 
							"shade": false,
							"renderPass": 2,
							"rotationOrigin": [ 0.5, 17.0, 0.5 ],
							"rotationX": -90.0,
							"rotationY": -135.0,
							"rotationZ": -90.0,
							"faces": {
								"north": { "texture": "#corn2", "uv": [ 0.0, 0.0, 2.0, 0.5 ], "enabled": false },
								"east": { "texture": "#corn2", "uv": [ 0.0, 0.0, 8.0, 0.5 ], "enabled": false },
								"south": { "texture": "#corn2", "uv": [ 0.0, 0.0, 2.0, 0.5 ], "enabled": false },
								"west": { "texture": "#corn2", "uv": [ 0.0, 0.0, 8.0, 0.5 ], "enabled": false },
								"up": { "texture": "#corn2", "uv": [ 6.0, 8.0, 8.0, 16.0 ], "windMode": [1,4,4,1], "windData": [1,1,1,1] },
								"down": { "texture": "#corn2", "uv": [ 0.0, 0.0, 2.0, 8.0 ], "enabled": false }
							}
						},
						{
							"name": "Leaf40",
							"from": [ -0.5, 25.0, -8.1 ], 
							"to": [ 1.5, 25.0, -0.1 ], 
							"shade": false,
							"renderPass": 2,
							"rotationOrigin": [ 0.5, 25.0, 0.5 ],
							"rotationX": -90.0,
							"rotationY": -135.0,
							"rotationZ": -112.5,
							"faces": {
								"north": { "texture": "#corn2", "uv": [ 0.0, 0.0, 2.0, 0.5 ], "enabled": false },
								"east": { "texture": "#corn2", "uv": [ 0.0, 0.0, 8.0, 0.5 ], "enabled": false },
								"south": { "texture": "#corn2", "uv": [ 0.0, 0.0, 2.0, 0.5 ], "enabled": false },
								"west": { "texture": "#corn2", "uv": [ 0.0, 0.0, 8.0, 0.5 ], "enabled": false },
								"up": { "texture": "#corn2", "uv": [ 8.5, 6.0, 10.5, 14.0 ], "windMode": [1,4,4,1], "windData": [1,1,1,1] },
								"down": { "texture": "#corn2", "uv": [ 0.0, 0.0, 2.0, 8.0 ], "enabled": false }
							}
						},
						{
							"name": "Tuft5",
							"from": [ -2.0, 28.6, -4.3 ], 
							"to": [ 2.5, 28.6, 2.2 ], 
							"shade": false,
							"renderPass": 2,
							"rotationOrigin": [ 0.6, 29.1, 1.0 ],
							"rotationX": 90.0,
							"rotationZ": 22.5,
							"faces": {
								"north": { "texture": "#corn2", "uv": [ 0.0, 0.0, 4.5, 0.5 ], "enabled": false },
								"east": { "texture": "#corn2", "uv": [ 0.0, 0.0, 6.5, 0.5 ], "enabled": false },
								"south": { "texture": "#corn2", "uv": [ 0.0, 0.0, 4.5, 0.5 ], "enabled": false },
								"west": { "texture": "#corn2", "uv": [ 0.0, 0.0, 6.5, 0.5 ], "enabled": false },
								"up": { "texture": "#corn2", "uv": [ 0.0, 0.0, 4.5, 6.5 ], "autoUv": false, "windMode": [1,4,4,1], "windData": [1,1,1,2] },
								"down": { "texture": "#corn2", "uv": [ 0.0, 0.0, 4.5, 6.5 ], "enabled": false }
							}
						},
						{
							"name": "Cube1",
							"from": [ -0.1, 11.0, 0.5 ], 
							"to": [ 1.0, 16.0, 1.6 ], 
							"rotationOrigin": [ 0.3, 11.0, 0.9 ],
							"rotationX": 22.5,
							"faces": {
								"north": { "texture": "#corn1", "uv": [ 0.0, 0.0, 1.0, 5.0 ], "windMode": [4,4,4,4] },
								"east": { "texture": "#corn1", "uv": [ 0.0, 2.5, 1.0, 7.5 ], "windMode": [4,4,4,4] },
								"south": { "texture": "#corn1", "uv": [ 1.0, 2.0, 2.0, 7.0 ], "windMode": [4,4,4,4] },
								"west": { "texture": "#corn1", "uv": [ 1.0, 2.5, 2.0, 7.5 ], "windMode": [4,4,4,4] },
								"up": { "texture": "#corn1", "uv": [ 0.5, 5.5, 1.5, 6.5 ], "windMode": [4,4,4,4] },
								"down": { "texture": "#corn1", "uv": [ 0.0, 0.0, 1.0, 1.0 ], "windMode": [4,4,4,4] }
							},
							"children": [
								{
									"name": "Cube56",
									"from": [ 0.5, 0.5, 0.4 ], 
									"to": [ 0.5, 5.0, 3.4 ], 
									"shade": false,
									"renderPass": 2,
									"rotationOrigin": [ 0.0, 4.0, 1.0 ],
									"rotationX": -45.0,
									"faces": {
										"north": { "texture": "#corn1", "uv": [ 0.0, 0.0, 0.5, 4.5 ], "enabled": false },
										"east": { "texture": "#corn1", "uv": [ 4.5, 1.0, 7.5, 5.5 ], "windMode": [1,4,4,1], "windData": [0,0,1,0] },
										"south": { "texture": "#corn1", "uv": [ 0.0, 0.0, 0.5, 4.5 ], "enabled": false },
										"west": { "texture": "#corn1", "uv": [ 0.0, 0.0, 3.0, 4.5 ], "enabled": false },
										"up": { "texture": "#corn1", "uv": [ 0.0, 0.0, 0.5, 3.0 ], "enabled": false },
										"down": { "texture": "#corn1", "uv": [ 0.0, 0.0, 0.5, 3.0 ], "enabled": false }
									}
								},
								{
									"name": "Cube57",
									"from": [ -1.0, 1.2, 2.2 ], 
									"to": [ 2.0, 5.7, 2.2 ], 
									"shade": false,
									"renderPass": 2,
									"rotationOrigin": [ 0.5, 4.0, 2.0 ],
									"rotationX": -45.0,
									"faces": {
										"north": { "texture": "#corn1", "uv": [ 4.5, 1.0, 7.5, 5.5 ], "windMode": [1,4,4,1] },
										"east": { "texture": "#corn1", "uv": [ 0.0, 0.0, 0.5, 4.5 ], "enabled": false },
										"south": { "texture": "#corn1", "uv": [ 0.0, 0.0, 3.0, 4.5 ], "enabled": false },
										"west": { "texture": "#corn1", "uv": [ 0.0, 0.0, 0.5, 4.5 ], "enabled": false },
										"up": { "texture": "#corn1", "uv": [ 0.0, 0.0, 3.0, 0.5 ], "enabled": false },
										"down": { "texture": "#corn1", "uv": [ 0.0, 0.0, 3.0, 0.5 ], "enabled": false }
									}
								}
							]
						},
						{
							"name": "Cube35",
							"from": [ -0.4, 20.0, -0.2 ], 
							"to": [ 0.7, 25.0, 0.9 ], 
							"rotationOrigin": [ 0.1, 20.0, 0.2 ],
							"rotationZ": 22.5,
							"faces": {
								"north": { "texture": "#corn1", "uv": [ 1.0, 2.0, 2.0, 7.0 ], "windMode": [4,4,4,4], "windData": [1,1,1,1] },
								"east": { "texture": "#corn1", "uv": [ 0.0, 0.0, 1.0, 5.0 ], "windMode": [4,4,4,4], "windData": [1,1,1,1] },
								"south": { "texture": "#corn1", "uv": [ 1.0, 1.0, 2.0, 6.0 ], "windMode": [4,4,4,4], "windData": [1,1,1,1] },
								"west": { "texture": "#corn1", "uv": [ 0.0, 0.0, 1.0, 5.0 ], "windMode": [4,4,4,4], "windData": [1,1,1,1] },
								"up": { "texture": "#corn1", "uv": [ 0.0, 7.5, 1.0, 8.5 ], "windMode": [4,4,4,4], "windData": [1,1,1,1] },
								"down": { "texture": "#corn1", "uv": [ 0.0, 1.5, 1.0, 2.5 ], "windMode": [4,4,4,4], "windData": [1,1,1,1] }
							},
							"children": [
								{
									"name": "Cube58",
									"from": [ -1.5, 1.0, 0.5 ], 
									"to": [ 1.5, 5.5, 0.5 ], 
									"shade": false,
									"renderPass": 2,
									"rotationOrigin": [ 0.0, 5.0, 0.5 ],
									"rotationZ": -45.0,
									"faces": {
										"north": { "texture": "#corn1", "uv": [ 4.5, 1.0, 7.5, 5.5 ], "windMode": [1,4,4,1], "windData": [1,1,1,1] },
										"east": { "texture": "#corn1", "uv": [ 0.0, 0.0, 0.5, 4.5 ], "enabled": false },
										"south": { "texture": "#corn1", "uv": [ 0.0, 0.0, 3.0, 4.5 ], "enabled": false },
										"west": { "texture": "#corn1", "uv": [ 0.0, 0.0, 0.5, 4.5 ], "enabled": false },
										"up": { "texture": "#corn1", "uv": [ 0.0, 0.0, 3.0, 0.5 ], "enabled": false },
										"down": { "texture": "#corn1", "uv": [ 0.0, 0.0, 3.0, 0.5 ], "enabled": false }
									}
								},
								{
									"name": "Cube59",
									"from": [ -0.7, 0.7, -1.0 ], 
									"to": [ -0.7, 5.2, 2.0 ], 
									"shade": false,
									"renderPass": 2,
									"rotationOrigin": [ 0.0, 4.0, 0.0 ],
									"rotationZ": -45.0,
									"faces": {
										"north": { "texture": "#corn1", "uv": [ 0.0, 0.0, 0.5, 4.5 ], "enabled": false },
										"east": { "texture": "#corn1", "uv": [ 4.5, 1.0, 7.5, 5.5 ], "windMode": [1,4,4,1], "windData": [1,1,1,1] },
										"south": { "texture": "#corn1", "uv": [ 0.0, 0.0, 0.5, 4.5 ], "enabled": false },
										"west": { "texture": "#corn1", "uv": [ 0.0, 0.0, 3.0, 4.5 ], "enabled": false },
										"up": { "texture": "#corn1", "uv": [ 0.0, 0.0, 0.5, 3.0 ], "enabled": false },
										"down": { "texture": "#corn1", "uv": [ 0.0, 0.0, 0.5, 3.0 ], "enabled": false }
									}
								}
							]
						},
						{
							"name": "Tuft6",
							"from": [ -2.15, 29.45, -4.3 ], 
							"to": [ 2.35, 29.45, 2.2 ], 
							"shade": false,
							"renderPass": 2,
							"rotationOrigin": [ 0.6, 29.1, 1.0 ],
							"rotationX": 90.0,
							"rotationZ": 112.5,
							"faces": {
								"north": { "texture": "#corn2", "uv": [ 0.0, 0.0, 4.5, 0.5 ], "enabled": false },
								"east": { "texture": "#corn2", "uv": [ 0.0, 0.0, 6.5, 0.5 ], "enabled": false },
								"south": { "texture": "#corn2", "uv": [ 0.0, 0.0, 4.5, 0.5 ], "enabled": false },
								"west": { "texture": "#corn2", "uv": [ 0.0, 0.0, 6.5, 0.5 ], "enabled": false },
								"up": { "texture": "#corn2", "uv": [ 0.0, 0.0, 4.5, 6.5 ], "autoUv": false, "windMode": [1,4,4,1], "windData": [2,1,1,2] },
								"down": { "texture": "#corn2", "uv": [ 0.0, 0.0, 4.5, 6.5 ], "enabled": false }
							}
						}
					]
				},
				{
					"name": "stemdown41",
					"from": [ -4.5, -0.3, 4.5 ], 
					"to": [ -3.5, 24.7, 5.5 ], 
					"rotationOrigin": [ -4.0, -0.3, 5.0 ],
					"rotationX": -2.0,
					"rotationY": -30.0,
					"rotationZ": 1.0,
					"faces": {
						"north": { "texture": "#stem", "uv": [ 0.5, 0.5, 1.5, 25.5 ], "windMode": [0,4,4,0], "windData": [0,1,1,0] },
						"east": { "texture": "#stem", "uv": [ 0.5, 1.0, 1.5, 26.0 ], "windMode": [0,4,4,0], "windData": [0,1,1,0] },
						"south": { "texture": "#stem", "uv": [ 0.0, 2.0, 1.0, 27.0 ], "windMode": [0,0,4,4], "windData": [0,0,1,1] },
						"west": { "texture": "#stem", "uv": [ 0.0, 2.5, 1.0, 27.5 ], "windMode": [0,0,4,4], "windData": [0,0,1,1] },
						"up": { "texture": "#stem", "uv": [ 0.5, 1.0, 1.5, 2.0 ], "windMode": [4,4,4,4], "windData": [1,1,1,1] },
						"down": { "texture": "#stem", "uv": [ 0.5, 14.5, 1.5, 15.5 ], "windMode": [0,0,0,0] }
					},
					"children": [
						{
							"name": "Leaf48",
							"from": [ -0.5, 12.0, -8.2 ], 
							"to": [ 1.5, 12.0, -0.2 ], 
							"shade": false,
							"renderPass": 2,
							"rotationOrigin": [ 0.5, 12.0, 0.5 ],
							"rotationX": 67.5,
							"rotationY": -36.0,
							"rotationZ": 45.0,
							"faces": {
								"north": { "texture": "#corn2", "uv": [ 0.0, 0.0, 2.0, 0.5 ], "enabled": false },
								"east": { "texture": "#corn2", "uv": [ 0.0, 0.0, 8.0, 0.5 ], "enabled": false },
								"south": { "texture": "#corn2", "uv": [ 0.0, 0.0, 2.0, 0.5 ], "enabled": false },
								"west": { "texture": "#corn2", "uv": [ 0.0, 0.0, 8.0, 0.5 ], "enabled": false },
								"up": { "texture": "#corn2", "uv": [ 6.0, 8.0, 8.0, 16.0 ], "windMode": [1,4,4,1], "windData": [1,0,0,1] },
								"down": { "texture": "#corn2", "uv": [ 0.0, 0.0, 2.0, 8.0 ], "enabled": false }
							}
						},
						{
							"name": "Leaf49",
							"from": [ -0.5, 15.0, -8.1 ], 
							"to": [ 1.5, 15.0, -0.1 ], 
							"shade": false,
							"renderPass": 2,
							"rotationOrigin": [ 0.5, 15.0, 0.5 ],
							"rotationX": 90.0,
							"rotationY": 38.0,
							"rotationZ": -90.0,
							"faces": {
								"north": { "texture": "#corn2", "uv": [ 0.0, 0.0, 2.0, 0.5 ], "enabled": false },
								"east": { "texture": "#corn2", "uv": [ 0.0, 0.0, 8.0, 0.5 ], "enabled": false },
								"south": { "texture": "#corn2", "uv": [ 0.0, 0.0, 2.0, 0.5 ], "enabled": false },
								"west": { "texture": "#corn2", "uv": [ 0.0, 0.0, 8.0, 0.5 ], "enabled": false },
								"up": { "texture": "#corn2", "uv": [ 6.0, 8.0, 8.0, 16.0 ], "windMode": [1,4,4,1], "windData": [1,0,0,1] },
								"down": { "texture": "#corn2", "uv": [ 0.0, 0.0, 2.0, 8.0 ], "enabled": false }
							}
						},
						{
							"name": "Leaf50",
							"from": [ -0.5, 10.0, -9.7 ], 
							"to": [ 1.5, 10.0, 0.8 ], 
							"shade": false,
							"renderPass": 2,
							"rotationOrigin": [ 0.5, 10.0, 1.0 ],
							"rotationX": -67.5,
							"rotationY": -157.5,
							"rotationZ": -22.5,
							"faces": {
								"north": { "texture": "#corn1", "uv": [ 0.0, 0.0, 2.0, 0.5 ], "enabled": false },
								"east": { "texture": "#corn1", "uv": [ 0.0, 0.0, 10.5, 0.5 ], "enabled": false },
								"south": { "texture": "#corn1", "uv": [ 0.0, 0.0, 2.0, 0.5 ], "enabled": false },
								"west": { "texture": "#corn1", "uv": [ 0.0, 0.0, 10.5, 0.5 ], "enabled": false },
								"up": { "texture": "#corn1", "uv": [ 12.0, 5.5, 14.0, 16.0 ], "windMode": [1,4,4,1], "windData": [1,0,0,1] },
								"down": { "texture": "#corn1", "uv": [ 0.0, 0.0, 2.0, 10.5 ], "enabled": false }
							}
						},
						{
							"name": "Leaf51",
							"from": [ -0.5, 22.0, -8.1 ], 
							"to": [ 1.5, 22.0, -0.1 ], 
							"shade": false,
							"renderPass": 2,
							"rotationOrigin": [ 0.5, 22.0, 0.5 ],
							"rotationX": -55.0,
							"rotationY": 180.0,
							"faces": {
								"north": { "texture": "#corn2", "uv": [ 0.0, 0.0, 2.0, 0.5 ], "enabled": false },
								"east": { "texture": "#corn2", "uv": [ 0.0, 0.0, 8.0, 0.5 ], "enabled": false },
								"south": { "texture": "#corn2", "uv": [ 0.0, 0.0, 2.0, 0.5 ], "enabled": false },
								"west": { "texture": "#corn2", "uv": [ 0.0, 0.0, 8.0, 0.5 ], "enabled": false },
								"up": { "texture": "#corn2", "uv": [ 8.5, 6.0, 10.5, 14.0 ], "windMode": [1,4,4,1], "windData": [1,1,1,1] },
								"down": { "texture": "#corn2", "uv": [ 0.0, 0.0, 2.0, 8.0 ], "enabled": false }
							}
						},
						{
							"name": "Leaf52",
							"from": [ 1.1, 17.0, -6.9 ], 
							"to": [ 3.1, 17.0, 1.1 ], 
							"shade": false,
							"renderPass": 2,
							"rotationOrigin": [ 1.5, 17.0, 0.5 ],
							"rotationX": -67.5,
							"rotationY": -157.5,
							"rotationZ": -45.0,
							"faces": {
								"north": { "texture": "#corn2", "uv": [ 0.0, 0.0, 2.0, 0.5 ], "enabled": false },
								"east": { "texture": "#corn2", "uv": [ 0.0, 0.0, 8.0, 0.5 ], "enabled": false },
								"south": { "texture": "#corn2", "uv": [ 0.0, 0.0, 2.0, 0.5 ], "enabled": false },
								"west": { "texture": "#corn2", "uv": [ 0.0, 0.0, 8.0, 0.5 ], "enabled": false },
								"up": { "texture": "#corn2", "uv": [ 6.0, 8.0, 8.0, 16.0 ], "windMode": [1,4,4,1], "windData": [1,1,1,1] },
								"down": { "texture": "#corn2", "uv": [ 0.0, 0.0, 2.0, 8.0 ], "enabled": false }
							}
						},
						{
							"name": "Leaf53",
							"from": [ -0.5, 23.0, -8.3 ], 
							"to": [ 1.5, 23.0, -0.3 ], 
							"shade": false,
							"renderPass": 2,
							"rotationOrigin": [ 0.5, 23.0, 0.5 ],
							"rotationX": 90.0,
							"rotationY": -32.5,
							"rotationZ": 67.5,
							"faces": {
								"north": { "texture": "#corn2", "uv": [ 0.0, 0.0, 2.0, 0.5 ], "enabled": false },
								"east": { "texture": "#corn2", "uv": [ 0.0, 0.0, 8.0, 0.5 ], "enabled": false },
								"south": { "texture": "#corn2", "uv": [ 0.0, 0.0, 2.0, 0.5 ], "enabled": false },
								"west": { "texture": "#corn2", "uv": [ 0.0, 0.0, 8.0, 0.5 ], "enabled": false },
								"up": { "texture": "#corn2", "uv": [ 8.5, 6.0, 10.5, 14.0 ], "windMode": [1,4,4,1], "windData": [1,1,1,1] },
								"down": { "texture": "#corn2", "uv": [ 0.0, 0.0, 2.0, 8.0 ], "enabled": false }
							}
						},
						{
							"name": "Tuft7",
							"from": [ -1.9, 25.9, -5.2 ], 
							"to": [ 2.6, 25.9, 1.3 ], 
							"shade": false,
							"renderPass": 2,
							"rotationOrigin": [ 0.4, 25.8, 0.4 ],
							"rotationX": 90.0,
							"rotationZ": 22.5,
							"faces": {
								"north": { "texture": "#corn2", "uv": [ 0.0, 0.0, 4.5, 0.5 ], "enabled": false },
								"east": { "texture": "#corn2", "uv": [ 0.0, 0.0, 6.5, 0.5 ], "enabled": false },
								"south": { "texture": "#corn2", "uv": [ 0.0, 0.0, 4.5, 0.5 ], "enabled": false },
								"west": { "texture": "#corn2", "uv": [ 0.0, 0.0, 6.5, 0.5 ], "enabled": false },
								"up": { "texture": "#corn2", "uv": [ 0.0, 0.0, 4.5, 6.5 ], "autoUv": false, "windMode": [1,4,4,1], "windData": [1,1,1,1] },
								"down": { "texture": "#corn2", "uv": [ 0.0, 0.0, 4.5, 6.5 ], "enabled": false }
							}
						},
						{
							"name": "Cube40",
							"from": [ -0.3, 10.0, 0.0 ], 
							"to": [ 0.8, 15.0, 1.1 ], 
							"rotationOrigin": [ 0.1, 10.0, 0.4 ],
							"rotationZ": 22.5,
							"faces": {
								"north": { "texture": "#corn1", "uv": [ 0.5, 1.5, 1.5, 6.5 ], "windMode": [4,4,4,4] },
								"east": { "texture": "#corn1", "uv": [ 0.5, 2.0, 1.5, 7.0 ], "windMode": [4,4,4,4] },
								"south": { "texture": "#corn1", "uv": [ 1.0, 2.0, 2.0, 7.0 ], "windMode": [4,4,4,4] },
								"west": { "texture": "#corn1", "uv": [ 1.0, 1.5, 2.0, 6.5 ], "windMode": [4,4,4,4] },
								"up": { "texture": "#corn1", "uv": [ 0.5, 6.5, 1.5, 7.5 ], "windMode": [4,4,4,4] },
								"down": { "texture": "#corn1", "uv": [ 0.0, 0.0, 1.0, 1.0 ], "windMode": [4,4,4,4] }
							},
							"children": [
								{
									"name": "Cube60",
									"from": [ -1.3, 0.2, 0.5 ], 
									"to": [ 1.7, 4.7, 0.5 ], 
									"shade": false,
									"renderPass": 2,
									"rotationOrigin": [ 1.0, 5.0, 0.5 ],
									"rotationZ": -45.0,
									"faces": {
										"north": { "texture": "#corn1", "uv": [ 4.5, 1.0, 7.5, 5.5 ], "windMode": [1,4,4,1] },
										"east": { "texture": "#corn1", "uv": [ 0.0, 0.0, 0.5, 4.5 ], "enabled": false },
										"south": { "texture": "#corn1", "uv": [ 0.0, 0.0, 3.0, 4.5 ], "enabled": false },
										"west": { "texture": "#corn1", "uv": [ 0.0, 0.0, 0.5, 4.5 ], "enabled": false },
										"up": { "texture": "#corn1", "uv": [ 0.0, 0.0, 3.0, 0.5 ], "enabled": false },
										"down": { "texture": "#corn1", "uv": [ 0.0, 0.0, 3.0, 0.5 ], "enabled": false }
									}
								},
								{
									"name": "Cube61",
									"from": [ -0.1, 0.9, -1.0 ], 
									"to": [ -0.1, 5.4, 2.0 ], 
									"shade": false,
									"renderPass": 2,
									"rotationOrigin": [ 0.0, 5.0, 0.5 ],
									"rotationZ": -45.0,
									"faces": {
										"north": { "texture": "#corn1", "uv": [ 0.0, 0.0, 0.5, 4.5 ], "enabled": false },
										"east": { "texture": "#corn1", "uv": [ 4.5, 1.0, 7.5, 5.5 ], "windMode": [1,4,4,1] },
										"south": { "texture": "#corn1", "uv": [ 0.0, 0.0, 0.5, 4.5 ], "enabled": false },
										"west": { "texture": "#corn1", "uv": [ 0.0, 0.0, 3.0, 4.5 ], "enabled": false },
										"up": { "texture": "#corn1", "uv": [ 0.0, 0.0, 0.5, 3.0 ], "enabled": false },
										"down": { "texture": "#corn1", "uv": [ 0.0, 0.0, 0.5, 3.0 ], "enabled": false }
									}
								}
							]
						},
						{
							"name": "Cube41",
							"from": [ 0.3, 19.0, 0.0 ], 
							"to": [ 1.4, 24.0, 1.1 ], 
							"rotationOrigin": [ 0.7, 19.0, 0.4 ],
							"rotationZ": -22.5,
							"faces": {
								"north": { "texture": "#corn1", "uv": [ 0.0, 0.0, 1.0, 5.0 ], "windMode": [4,4,4,4], "windData": [1,1,1,1] },
								"east": { "texture": "#corn1", "uv": [ 0.5, 2.5, 1.5, 7.5 ], "windMode": [4,4,4,4], "windData": [1,1,1,1] },
								"south": { "texture": "#corn1", "uv": [ 0.5, 1.0, 1.5, 6.0 ], "windMode": [4,4,4,4], "windData": [1,1,1,1] },
								"west": { "texture": "#corn1", "uv": [ 0.5, 3.0, 1.5, 8.0 ], "windMode": [4,4,4,4], "windData": [1,1,1,1] },
								"up": { "texture": "#corn1", "uv": [ 0.0, 6.5, 1.0, 7.5 ], "windMode": [4,4,4,4], "windData": [1,1,1,1] },
								"down": { "texture": "#corn1", "uv": [ 0.0, 1.5, 1.0, 2.5 ], "windMode": [4,4,4,4], "windData": [1,1,1,1] }
							},
							"children": [
								{
									"name": "Cube62",
									"from": [ -0.4, 1.0, 0.6 ], 
									"to": [ 2.6, 5.5, 0.6 ], 
									"shade": false,
									"renderPass": 2,
									"rotationOrigin": [ 1.0, 5.0, 0.6 ],
									"rotationZ": 45.0,
									"faces": {
										"north": { "texture": "#corn1", "uv": [ 4.5, 1.0, 7.5, 5.5 ], "windMode": [1,4,4,1], "windData": [1,1,1,1] },
										"east": { "texture": "#corn1", "uv": [ 0.0, 0.0, 0.5, 4.5 ], "enabled": false },
										"south": { "texture": "#corn1", "uv": [ 0.0, 0.0, 3.0, 4.5 ], "enabled": false },
										"west": { "texture": "#corn1", "uv": [ 0.0, 0.0, 0.5, 4.5 ], "enabled": false },
										"up": { "texture": "#corn1", "uv": [ 0.0, 0.0, 3.0, 0.5 ], "enabled": false },
										"down": { "texture": "#corn1", "uv": [ 0.0, 0.0, 3.0, 0.5 ], "enabled": false }
									}
								},
								{
									"name": "Cube63",
									"from": [ 1.4, 1.7, -0.9 ], 
									"to": [ 1.4, 6.2, 2.1 ], 
									"shade": false,
									"renderPass": 2,
									"rotationOrigin": [ 2.0, 5.0, 0.5 ],
									"rotationZ": 45.0,
									"faces": {
										"north": { "texture": "#corn1", "uv": [ 0.0, 0.0, 0.5, 4.5 ], "enabled": false },
										"east": { "texture": "#corn1", "uv": [ 4.5, 1.0, 7.5, 5.5 ], "windMode": [1,4,4,1], "windData": [1,1,1,1] },
										"south": { "texture": "#corn1", "uv": [ 0.0, 0.0, 0.5, 4.5 ], "enabled": false },
										"west": { "texture": "#corn1", "uv": [ 0.0, 0.0, 3.0, 4.5 ], "enabled": false },
										"up": { "texture": "#corn1", "uv": [ 0.0, 0.0, 0.5, 3.0 ], "enabled": false },
										"down": { "texture": "#corn1", "uv": [ 0.0, 0.0, 0.5, 3.0 ], "enabled": false }
									}
								}
							]
						},
						{
							"name": "Tuft8",
							"from": [ -1.9, 25.75, -5.2 ], 
							"to": [ 2.6, 25.75, 1.3 ], 
							"shade": false,
							"renderPass": 2,
							"rotationOrigin": [ 0.4, 25.8, 0.4 ],
							"rotationX": 90.0,
							"rotationZ": -67.5,
							"faces": {
								"north": { "texture": "#corn2", "uv": [ 0.0, 0.0, 4.5, 0.5 ], "enabled": false },
								"east": { "texture": "#corn2", "uv": [ 0.0, 0.0, 6.5, 0.5 ], "enabled": false },
								"south": { "texture": "#corn2", "uv": [ 0.0, 0.0, 4.5, 0.5 ], "enabled": false },
								"west": { "texture": "#corn2", "uv": [ 0.0, 0.0, 6.5, 0.5 ], "enabled": false },
								"up": { "texture": "#corn2", "uv": [ 0.0, 0.0, 4.5, 6.5 ], "autoUv": false, "windMode": [1,4,4,1], "windData": [1,1,1,1] },
								"down": { "texture": "#corn2", "uv": [ 0.0, 0.0, 4.5, 6.5 ], "enabled": false }
							}
						}
					]
				}
			]
		}
	]}