{
	"editor": {
		"allAngles": false,
		"entityTextureMode": false
	},
	"textureWidth": 16,
	"textureHeight": 8,
	"textureSizes": {
		"rope": [8,8],
		"metal": [16,8],
		"wood": [16,8],
		"rope-flat": [16,8]
	},
	"textures": {
		"metal": "item/tool/material/iron",
		"wood": "item/tool/material/wood"
	},
	"elements": [
		{
			"name": "HandSaw",
			"from": [ 13.0, 6.0, 9.0 ], 
			"to": [ 13.0, 6.0, 9.0 ], 
			"rotationOrigin": [ 13.5, 6.0, 9.0 ],
			"rotationZ": 180.0,
			"faces": {
				"north": { "texture": "#metal", "uv": [ 8.0, 4.75, 8.25, 5.0 ] },
				"east": { "texture": "#metal", "uv": [ 2.75, 7.25, 3.0, 7.5 ] },
				"south": { "texture": "#metal", "uv": [ 3.75, 7.0, 4.0, 7.25 ] },
				"west": { "texture": "#metal", "uv": [ 6.5, 2.0, 6.75, 2.25 ] },
				"up": { "texture": "#metal", "uv": [ 3.75, 6.25, 4.0, 6.5 ] },
				"down": { "texture": "#metal", "uv": [ 14.0, 1.0, 14.25, 1.25 ] }
			},
			"children": [
				{
					"name": "Handle",
					"from": [ -2.0, 0.0, -3.0 ], 
					"to": [ -2.0, 0.0, -3.0 ], 
					"rotationOrigin": [ -2.0, 0.0, -3.0 ],
					"faces": {
						"north": { "texture": "#metal", "uv": [ 1.5, 5.5, 1.75, 5.75 ] },
						"east": { "texture": "#metal", "uv": [ 1.25, 5.25, 1.5, 5.5 ] },
						"south": { "texture": "#metal", "uv": [ 3.5, 2.75, 3.75, 3.0 ] },
						"west": { "texture": "#metal", "uv": [ 4.25, 1.5, 4.5, 1.75 ] },
						"up": { "texture": "#metal", "uv": [ 4.0, 6.25, 4.25, 6.5 ] },
						"down": { "texture": "#metal", "uv": [ 0.75, 3.5, 1.0, 3.75 ] }
					},
					"children": [
						{
							"name": "handle16",
							"from": [ 2.5, 0.25, 3.15 ], 
							"to": [ 8.0, 0.5, 3.85 ], 
							"rotationOrigin": [ 3.0, 0.5, 4.0 ],
							"faces": {
								"north": { "texture": "#wood", "uv": [ 2.25, 5.75, 7.75, 6.0 ] },
								"east": { "texture": "#wood", "uv": [ 7.0, 6.25, 7.5, 6.5 ] },
								"south": { "texture": "#wood", "uv": [ 7.0, 7.5, 12.5, 7.75 ] },
								"west": { "texture": "#wood", "uv": [ 9.75, 7.5, 10.25, 7.75 ] },
								"up": { "texture": "#wood", "uv": [ 1.25, 4.75, 6.75, 5.25 ], "enabled": false },
								"down": { "texture": "#wood", "uv": [ 1.0, 3.0, 6.5, 3.5 ] }
							}
						},
						{
							"name": "handle15",
							"from": [ 2.5, 0.5, 3.05 ], 
							"to": [ 6.0, 0.75, 3.95 ], 
							"rotationOrigin": [ 3.0, 0.5, 4.0 ],
							"faces": {
								"north": { "texture": "#wood", "uv": [ 6.5, 7.0, 10.0, 7.25 ] },
								"east": { "texture": "#wood", "uv": [ 12.25, 4.75, 13.0, 5.0 ] },
								"south": { "texture": "#wood", "uv": [ 4.75, 5.25, 8.25, 5.5 ] },
								"west": { "texture": "#wood", "uv": [ 2.0, 2.25, 2.75, 2.5 ] },
								"up": { "texture": "#wood", "uv": [ 2.75, 3.0, 6.25, 3.75 ] },
								"down": { "texture": "#wood", "uv": [ 8.75, 6.25, 12.25, 7.0 ] }
							}
						},
						{
							"name": "handle17",
							"from": [ 2.5, 0.75, 3.15 ], 
							"to": [ 8.0, 1.0, 3.85 ], 
							"rotationOrigin": [ 3.0, 0.5, 4.0 ],
							"faces": {
								"north": { "texture": "#wood", "uv": [ 9.5, 1.0, 15.0, 1.25 ] },
								"east": { "texture": "#wood", "uv": [ 0.5, 3.0, 1.0, 3.25 ] },
								"south": { "texture": "#wood", "uv": [ 5.0, 6.75, 10.5, 7.0 ] },
								"west": { "texture": "#wood", "uv": [ 0.25, 6.0, 0.75, 6.25 ] },
								"up": { "texture": "#wood", "uv": [ 1.75, 5.5, 7.25, 6.0 ] },
								"down": { "texture": "#wood", "uv": [ 2.75, 0.75, 8.25, 1.25 ], "enabled": false }
							}
						}
					]
				},
				{
					"name": "Blade",
					"from": [ 6.0, 0.5, 0.0 ], 
					"to": [ 6.0, 0.5, 0.0 ], 
					"rotationOrigin": [ 6.0, 0.5, 0.0 ],
					"faces": {
						"north": { "texture": "#metal", "uv": [ 8.25, 7.5, 8.5, 7.75 ] },
						"east": { "texture": "#metal", "uv": [ 4.5, 1.75, 4.75, 2.0 ] },
						"south": { "texture": "#metal", "uv": [ 9.0, 2.75, 9.25, 3.0 ] },
						"west": { "texture": "#metal", "uv": [ 14.0, 1.0, 14.25, 1.25 ] },
						"up": { "texture": "#metal", "uv": [ 13.5, 3.25, 13.75, 3.5 ] },
						"down": { "texture": "#metal", "uv": [ 12.75, 6.25, 13.0, 6.5 ] }
					},
					"children": [
						{
							"name": "Teeth",
							"from": [ 0.0, 0.0, 0.0 ], 
							"to": [ 0.0, 0.0, 0.0 ], 
							"faces": {
								"north": { "texture": "#metal", "uv": [ 8.75, 3.0, 9.0, 3.25 ] },
								"east": { "texture": "#metal", "uv": [ 2.5, 6.0, 2.75, 6.25 ] },
								"south": { "texture": "#metal", "uv": [ 3.75, 1.25, 4.0, 1.5 ] },
								"west": { "texture": "#metal", "uv": [ 1.5, 7.0, 1.75, 7.25 ] },
								"up": { "texture": "#metal", "uv": [ 7.0, 4.25, 7.25, 4.5 ] },
								"down": { "texture": "#metal", "uv": [ 13.75, 0.25, 14.0, 0.5 ] }
							},
							"children": [
								{
									"name": "tooth1",
									"from": [ 0.0, 0.0, 1.0 ], 
									"to": [ 0.5, 0.2, 1.5 ], 
									"faces": {
										"north": { "texture": "#metal", "uv": [ 10.5, 1.25, 11.0, 1.5 ], "enabled": false },
										"east": { "texture": "#metal", "uv": [ 5.0, 6.0, 5.5, 6.25 ] },
										"south": { "texture": "#metal", "uv": [ 6.5, 3.75, 7.0, 4.0 ] },
										"west": { "texture": "#metal", "uv": [ 5.0, 5.75, 5.5, 6.0 ] },
										"up": { "texture": "#metal", "uv": [ 1.25, 5.5, 1.75, 6.0 ] },
										"down": { "texture": "#metal", "uv": [ 11.5, 6.25, 12.0, 6.75 ] }
									}
								},
								{
									"name": "tooth3",
									"from": [ 1.0, 0.0, 1.0 ], 
									"to": [ 1.5, 0.2, 1.5 ], 
									"faces": {
										"north": { "texture": "#metal", "uv": [ 6.5, 4.75, 7.0, 5.0 ], "enabled": false },
										"east": { "texture": "#metal", "uv": [ 7.5, 4.0, 8.0, 4.25 ] },
										"south": { "texture": "#metal", "uv": [ 7.0, 3.5, 7.5, 3.75 ] },
										"west": { "texture": "#metal", "uv": [ 3.25, 1.0, 3.75, 1.25 ] },
										"up": { "texture": "#metal", "uv": [ 10.75, 4.75, 11.25, 5.25 ] },
										"down": { "texture": "#metal", "uv": [ 13.75, 5.25, 14.25, 5.75 ] }
									}
								},
								{
									"name": "tooth4",
									"from": [ 2.0, 0.0, 1.0 ], 
									"to": [ 2.5, 0.2, 1.5 ], 
									"faces": {
										"north": { "texture": "#metal", "uv": [ 6.0, 2.25, 6.5, 2.5 ], "enabled": false },
										"east": { "texture": "#metal", "uv": [ 2.5, 4.5, 3.0, 4.75 ] },
										"south": { "texture": "#metal", "uv": [ 8.75, 1.25, 9.25, 1.5 ] },
										"west": { "texture": "#metal", "uv": [ 5.25, 0.5, 5.75, 0.75 ] },
										"up": { "texture": "#metal", "uv": [ 11.5, 1.25, 12.0, 1.75 ] },
										"down": { "texture": "#metal", "uv": [ 14.25, 3.25, 14.75, 3.75 ] }
									}
								},
								{
									"name": "tooth5",
									"from": [ 3.0, 0.0, 1.0 ], 
									"to": [ 3.5, 0.2, 1.5 ], 
									"faces": {
										"north": { "texture": "#metal", "uv": [ 9.0, 3.75, 9.5, 4.0 ], "enabled": false },
										"east": { "texture": "#metal", "uv": [ 15.25, 6.25, 15.75, 6.5 ] },
										"south": { "texture": "#metal", "uv": [ 10.0, 0.75, 10.5, 1.0 ] },
										"west": { "texture": "#metal", "uv": [ 0.0, 2.75, 0.5, 3.0 ] },
										"up": { "texture": "#metal", "uv": [ 9.25, 3.5, 9.75, 4.0 ] },
										"down": { "texture": "#metal", "uv": [ 7.5, 6.75, 8.0, 7.25 ] }
									}
								},
								{
									"name": "tooth6",
									"from": [ 4.0, 0.0, 1.0 ], 
									"to": [ 4.5, 0.2, 1.5 ], 
									"faces": {
										"north": { "texture": "#metal", "uv": [ 8.0, 5.75, 8.5, 6.0 ], "enabled": false },
										"east": { "texture": "#metal", "uv": [ 7.5, 3.75, 8.0, 4.0 ] },
										"south": { "texture": "#metal", "uv": [ 7.0, 2.5, 7.5, 2.75 ] },
										"west": { "texture": "#metal", "uv": [ 3.75, 0.0, 4.25, 0.25 ] },
										"up": { "texture": "#metal", "uv": [ 5.25, 5.25, 5.75, 5.75 ] },
										"down": { "texture": "#metal", "uv": [ 7.0, 6.75, 7.5, 7.25 ] }
									}
								},
								{
									"name": "tooth7",
									"from": [ 5.0, 0.0, 1.0 ], 
									"to": [ 5.5, 0.2, 1.5 ], 
									"faces": {
										"north": { "texture": "#metal", "uv": [ 15.0, 7.25, 15.5, 7.5 ], "enabled": false },
										"east": { "texture": "#metal", "uv": [ 3.75, 1.75, 4.25, 2.0 ] },
										"south": { "texture": "#metal", "uv": [ 5.5, 1.5, 6.0, 1.75 ] },
										"west": { "texture": "#metal", "uv": [ 11.0, 4.0, 11.5, 4.25 ] },
										"up": { "texture": "#metal", "uv": [ 6.25, 4.5, 6.75, 5.0 ] },
										"down": { "texture": "#metal", "uv": [ 5.0, 2.75, 5.5, 3.25 ] }
									}
								},
								{
									"name": "tooth8",
									"from": [ 6.0, 0.0, 1.0 ], 
									"to": [ 6.5, 0.2, 1.5 ], 
									"faces": {
										"north": { "texture": "#metal", "uv": [ 8.5, 6.5, 9.0, 6.75 ], "enabled": false },
										"east": { "texture": "#metal", "uv": [ 2.5, 0.75, 3.0, 1.0 ] },
										"south": { "texture": "#metal", "uv": [ 9.0, 1.5, 9.5, 1.75 ] },
										"west": { "texture": "#metal", "uv": [ 2.25, 2.25, 2.75, 2.5 ] },
										"up": { "texture": "#metal", "uv": [ 3.5, 5.5, 4.0, 6.0 ] },
										"down": { "texture": "#metal", "uv": [ 15.0, 5.0, 15.5, 5.5 ] }
									}
								}
							]
						},
						{
							"name": "Metal",
							"from": [ -2.0, 0.0, 0.5 ], 
							"to": [ 6.5, 0.25, 1.0 ], 
							"rotationOrigin": [ -4.0, -7.5, -1.0 ],
							"faces": {
								"north": { "texture": "#metal", "uv": [ 2.75, 3.0, 11.25, 3.25 ] },
								"east": { "texture": "#metal", "uv": [ 8.5, 3.25, 9.0, 3.5 ] },
								"south": { "texture": "#metal", "uv": [ 5.75, 6.5, 14.25, 6.75 ] },
								"west": { "texture": "#metal", "uv": [ 12.5, 3.5, 13.0, 3.75 ], "enabled": false },
								"up": { "texture": "#metal", "uv": [ 1.75, 0.25, 10.25, 0.75 ] },
								"down": { "texture": "#metal", "uv": [ 6.75, 4.5, 15.25, 5.0 ] }
							}
						},
						{
							"name": "Metal2",
							"from": [ -2.0, 0.0, 0.0 ], 
							"to": [ 5.5, 0.25, 0.5 ], 
							"rotationOrigin": [ -4.0, -7.5, -1.0 ],
							"faces": {
								"north": { "texture": "#metal", "uv": [ 3.75, 2.5, 11.25, 2.75 ] },
								"east": { "texture": "#metal", "uv": [ 1.75, 2.5, 2.25, 2.75 ] },
								"south": { "texture": "#metal", "uv": [ 2.75, 2.25, 10.25, 2.5 ], "enabled": false },
								"west": { "texture": "#metal", "uv": [ 9.0, 5.75, 9.5, 6.0 ], "enabled": false },
								"up": { "texture": "#metal", "uv": [ 0.75, 2.75, 8.25, 3.25 ] },
								"down": { "texture": "#metal", "uv": [ 4.75, 1.0, 12.25, 1.5 ] }
							}
						},
						{
							"name": "Metal17",
							"from": [ 5.5, 0.0, 0.25 ], 
							"to": [ 6.0, 0.25, 0.5 ], 
							"rotationOrigin": [ 4.0, -7.5, -1.0 ],
							"faces": {
								"north": { "texture": "#metal", "uv": [ 3.75, 2.5, 4.25, 2.75 ] },
								"east": { "texture": "#metal", "uv": [ 1.75, 2.5, 2.0, 2.75 ] },
								"south": { "texture": "#metal", "uv": [ 2.75, 2.25, 3.25, 2.5 ], "enabled": false },
								"west": { "texture": "#metal", "uv": [ 9.0, 5.75, 9.25, 6.0 ], "enabled": false },
								"up": { "texture": "#metal", "uv": [ 0.75, 2.75, 1.25, 3.0 ] },
								"down": { "texture": "#metal", "uv": [ 4.75, 1.0, 5.25, 1.25 ] }
							}
						},
						{
							"name": "Rivit",
							"from": [ -0.6, -0.3, 0.35 ], 
							"to": [ -0.35, -0.25, 0.6 ], 
							"rotationOrigin": [ -0.38, -0.5, 0.38 ],
							"rotationY": 45.0,
							"faces": {
								"north": { "texture": "#metal", "uv": [ 3.75, 2.5, 4.0, 2.75 ] },
								"east": { "texture": "#metal", "uv": [ 1.75, 2.5, 2.0, 2.75 ] },
								"south": { "texture": "#metal", "uv": [ 2.75, 2.25, 3.0, 2.5 ] },
								"west": { "texture": "#metal", "uv": [ 9.0, 5.75, 9.25, 6.0 ] },
								"up": { "texture": "#metal", "uv": [ 0.75, 2.75, 1.0, 3.0 ], "enabled": false },
								"down": { "texture": "#metal", "uv": [ 4.75, 1.0, 5.0, 1.25 ] }
							}
						},
						{
							"name": "Rivit19",
							"from": [ -1.6, -0.3, 0.35 ], 
							"to": [ -1.35, -0.25, 0.6 ], 
							"rotationOrigin": [ -1.38, -0.5, 0.38 ],
							"rotationY": 45.0,
							"faces": {
								"north": { "texture": "#metal", "uv": [ 3.75, 2.5, 4.0, 2.75 ] },
								"east": { "texture": "#metal", "uv": [ 1.75, 2.5, 2.0, 2.75 ] },
								"south": { "texture": "#metal", "uv": [ 2.75, 2.25, 3.0, 2.5 ] },
								"west": { "texture": "#metal", "uv": [ 9.0, 5.75, 9.25, 6.0 ] },
								"up": { "texture": "#metal", "uv": [ 0.75, 2.75, 1.0, 3.0 ], "enabled": false },
								"down": { "texture": "#metal", "uv": [ 4.75, 1.0, 5.0, 1.25 ] }
							}
						},
						{
							"name": "Rivit20",
							"from": [ -0.6, 0.5, 0.35 ], 
							"to": [ -0.35, 0.55, 0.6 ], 
							"rotationOrigin": [ -0.38, 0.5, 0.38 ],
							"rotationY": 45.0,
							"faces": {
								"north": { "texture": "#metal", "uv": [ 3.75, 2.5, 4.0, 2.75 ] },
								"east": { "texture": "#metal", "uv": [ 1.75, 2.5, 2.0, 2.75 ] },
								"south": { "texture": "#metal", "uv": [ 2.75, 2.25, 3.0, 2.5 ] },
								"west": { "texture": "#metal", "uv": [ 9.0, 5.75, 9.25, 6.0 ] },
								"up": { "texture": "#metal", "uv": [ 0.75, 2.75, 1.0, 3.0 ] },
								"down": { "texture": "#metal", "uv": [ 4.75, 1.0, 5.0, 1.25 ], "enabled": false }
							}
						},
						{
							"name": "Rivit21",
							"from": [ -1.6, 0.5, 0.35 ], 
							"to": [ -1.35, 0.55, 0.6 ], 
							"rotationOrigin": [ -1.38, 0.5, 0.38 ],
							"rotationY": 45.0,
							"faces": {
								"north": { "texture": "#metal", "uv": [ 3.75, 2.5, 4.0, 2.75 ] },
								"east": { "texture": "#metal", "uv": [ 1.75, 2.5, 2.0, 2.75 ] },
								"south": { "texture": "#metal", "uv": [ 2.75, 2.25, 3.0, 2.5 ] },
								"west": { "texture": "#metal", "uv": [ 9.0, 5.75, 9.25, 6.0 ] },
								"up": { "texture": "#metal", "uv": [ 0.75, 2.75, 1.0, 3.0 ] },
								"down": { "texture": "#metal", "uv": [ 4.75, 1.0, 5.0, 1.25 ], "enabled": false }
							}
						}
					]
				}
			]
		}
	]}