{
	"editor": {
		"allAngles": false,
		"entityTextureMode": false
	},
	"textureWidth": 16,
	"textureHeight": 16,
	"textureSizes": {
	},
	"textures": {
	},
	"elements": [
		{
			"name": "_thin-ring",
			"from": [ 0.0, 0.0, 0.0 ], 
			"to": [ 0.0, 0.0, 0.0 ], 
			"rotationOrigin": [ 8.0, 2.5, 8.0 ],
			"faces": {
				"north": { "texture": "#obsidian1", "uv": [ 2.5, 11.5, 3.0, 12.0 ] },
				"east": { "texture": "#obsidian1", "uv": [ 12.5, 6.0, 13.0, 6.5 ] },
				"south": { "texture": "#obsidian1", "uv": [ 10.0, 4.0, 10.5, 4.5 ] },
				"west": { "texture": "#obsidian1", "uv": [ 5.5, 6.0, 6.0, 6.5 ] },
				"up": { "texture": "#obsidian1", "uv": [ 8.0, 13.0, 8.5, 13.5 ] },
				"down": { "texture": "#obsidian1", "uv": [ 4.5, 13.0, 5.0, 13.5 ] }
			},
			"children": [
				{
					"name": "_test56",
					"from": [ 7.5, 0.0, 8.0 ], 
					"to": [ 7.5, 0.0, 8.0 ], 
					"rotationOrigin": [ 8.0, 0.0, 8.0 ],
					"faces": {
						"north": { "texture": "#obsidian1", "uv": [ 3.5, 4.0, 4.0, 4.5 ] },
						"east": { "texture": "#obsidian1", "uv": [ 0.0, 7.5, 0.5, 8.0 ] },
						"south": { "texture": "#obsidian1", "uv": [ 8.0, 6.5, 8.5, 7.0 ] },
						"west": { "texture": "#obsidian1", "uv": [ 9.5, 1.5, 10.0, 2.0 ] },
						"up": { "texture": "#obsidian1", "uv": [ 3.5, 7.5, 4.0, 8.0 ] },
						"down": { "texture": "#obsidian1", "uv": [ 0.0, 0.5, 0.5, 1.0 ] }
					},
					"children": [
						{
							"name": "Cube67",
							"from": [ 2.75, 2.25, 0.5 ], 
							"to": [ 3.0, 2.75, 1.5 ], 
							"rotationOrigin": [ 3.0, 2.5, 0.5 ],
							"rotationY": -22.50000022689532,
							"faces": {
								"north": { "texture": "#obsidian1", "uv": [ 2.0, 4.5, 2.5, 5.0 ] },
								"east": { "texture": "#obsidian1", "uv": [ 5.5, 11.5, 6.5, 12.0 ] },
								"south": { "texture": "#obsidian1", "uv": [ 6.5, 12.5, 7.0, 13.0 ] },
								"west": { "texture": "#obsidian1", "uv": [ 8.0, 0.5, 9.0, 1.0 ] },
								"up": { "texture": "#obsidian1", "uv": [ 4.5, 0.5, 5.0, 1.5 ] },
								"down": { "texture": "#obsidian1", "uv": [ 1.5, 12.5, 2.0, 13.5 ] }
							},
							"children": [
								{
									"name": "Cube68",
									"from": [ 0.0, 0.0, 1.0 ], 
									"to": [ 0.25, 0.5, 2.0 ], 
									"rotationOrigin": [ 0.25, 0.25, 1.0 ],
									"rotationY": -22.5,
									"faces": {
										"north": { "texture": "#obsidian1", "uv": [ 7.0, 3.0, 7.5, 3.5 ] },
										"east": { "texture": "#obsidian1", "uv": [ 6.5, 13.0, 7.5, 13.5 ] },
										"south": { "texture": "#obsidian1", "uv": [ 12.5, 15.0, 13.0, 15.5 ] },
										"west": { "texture": "#obsidian1", "uv": [ 3.0, 14.5, 4.0, 15.0 ] },
										"up": { "texture": "#obsidian1", "uv": [ 9.0, 11.5, 9.5, 12.5 ] },
										"down": { "texture": "#obsidian1", "uv": [ 2.0, 2.0, 2.5, 3.0 ] }
									},
									"children": [
										{
											"name": "Cube69",
											"from": [ 0.0, 0.0, 1.0 ], 
											"to": [ 0.25, 0.5, 2.0 ], 
											"rotationOrigin": [ 0.25, 0.25, 1.0 ],
											"rotationY": -22.5,
											"faces": {
												"north": { "texture": "#obsidian1", "uv": [ 5.5, 10.0, 6.0, 10.5 ] },
												"east": { "texture": "#obsidian1", "uv": [ 2.5, 9.5, 3.5, 10.0 ] },
												"south": { "texture": "#obsidian1", "uv": [ 1.0, 6.5, 1.5, 7.0 ] },
												"west": { "texture": "#obsidian1", "uv": [ 11.0, 10.5, 12.0, 11.0 ] },
												"up": { "texture": "#obsidian1", "uv": [ 13.5, 1.5, 14.0, 2.5 ] },
												"down": { "texture": "#obsidian1", "uv": [ 13.0, 10.5, 13.5, 11.5 ] }
											}
										}
									]
								}
							]
						},
						{
							"name": "Cube58",
							"from": [ 1.0, 0.0, -0.25 ], 
							"to": [ 2.0, 0.25, 0.25 ], 
							"rotationOrigin": [ 1.0, 0.0, 0.0 ],
							"rotationZ": 22.5000003066977,
							"faces": {
								"north": { "texture": "#obsidian1", "uv": [ 2.5, 8.5, 3.5, 9.0 ] },
								"east": { "texture": "#obsidian1", "uv": [ 9.5, 6.5, 10.0, 7.0 ] },
								"south": { "texture": "#obsidian1", "uv": [ 2.5, 6.0, 3.5, 6.5 ] },
								"west": { "texture": "#obsidian1", "uv": [ 6.0, 6.5, 6.5, 7.0 ] },
								"up": { "texture": "#obsidian1", "uv": [ 2.0, 10.0, 3.0, 10.5 ] },
								"down": { "texture": "#obsidian1", "uv": [ 4.5, 3.0, 5.5, 3.5 ] }
							},
							"children": [
								{
									"name": "Cube59",
									"from": [ 1.0, 0.0, 0.0 ], 
									"to": [ 2.0, 0.25, 0.5 ], 
									"rotationOrigin": [ 1.0, 0.0, 0.5 ],
									"rotationZ": 22.5,
									"faces": {
										"north": { "texture": "#obsidian1", "uv": [ 3.5, 8.5, 4.5, 9.0 ] },
										"east": { "texture": "#obsidian1", "uv": [ 3.5, 4.5, 4.0, 5.0 ] },
										"south": { "texture": "#obsidian1", "uv": [ 10.0, 14.5, 11.0, 15.0 ] },
										"west": { "texture": "#obsidian1", "uv": [ 8.0, 4.0, 8.5, 4.5 ] },
										"up": { "texture": "#obsidian1", "uv": [ 14.0, 15.0, 15.0, 15.5 ] },
										"down": { "texture": "#obsidian1", "uv": [ 10.5, 8.5, 11.5, 9.0 ] }
									},
									"children": [
										{
											"name": "Cube60",
											"from": [ 1.0, 0.0, 0.0 ], 
											"to": [ 2.0, 0.25, 0.5 ], 
											"rotationOrigin": [ 1.0, 0.0, 0.5 ],
											"rotationZ": 22.5,
											"faces": {
												"north": { "texture": "#obsidian1", "uv": [ 8.0, 6.5, 9.0, 7.0 ] },
												"east": { "texture": "#obsidian1", "uv": [ 5.5, 0.5, 6.0, 1.0 ] },
												"south": { "texture": "#obsidian1", "uv": [ 7.0, 10.5, 8.0, 11.0 ] },
												"west": { "texture": "#obsidian1", "uv": [ 6.0, 7.5, 6.5, 8.0 ] },
												"up": { "texture": "#obsidian1", "uv": [ 2.0, 7.5, 3.0, 8.0 ] },
												"down": { "texture": "#obsidian1", "uv": [ 5.0, 11.5, 6.0, 12.0 ] }
											},
											"children": [
												{
													"name": "Cube61",
													"from": [ 1.0, 0.0, -0.25 ], 
													"to": [ 2.0, 0.25, 0.75 ], 
													"rotationOrigin": [ 1.0, 0.0, -0.5 ],
													"rotationZ": 22.5,
													"faces": {
														"north": { "texture": "#obsidian1", "uv": [ 8.5, 12.0, 9.5, 12.5 ] },
														"east": { "texture": "#obsidian1", "uv": [ 10.0, 0.5, 11.0, 1.0 ] },
														"south": { "texture": "#obsidian1", "uv": [ 14.0, 8.5, 15.0, 9.0 ] },
														"west": { "texture": "#obsidian1", "uv": [ 9.0, 5.5, 10.0, 6.0 ] },
														"up": { "texture": "#obsidian1", "uv": [ 1.0, 2.0, 2.0, 3.0 ] },
														"down": { "texture": "#obsidian1", "uv": [ 5.0, 6.5, 6.0, 7.5 ] }
													},
													"children": [
														{
															"name": "Cube62",
															"from": [ 1.0, 0.0, 0.25 ], 
															"to": [ 2.0, 0.25, 0.75 ], 
															"rotationOrigin": [ 1.0, 0.0, 0.5 ],
															"rotationZ": 22.5,
															"faces": {
																"north": { "texture": "#obsidian1", "uv": [ 10.0, 0.0, 11.0, 0.5 ] },
																"east": { "texture": "#obsidian1", "uv": [ 5.0, 6.5, 5.5, 7.0 ] },
																"south": { "texture": "#obsidian1", "uv": [ 3.5, 10.5, 4.5, 11.0 ] },
																"west": { "texture": "#obsidian1", "uv": [ 10.5, 12.5, 11.0, 13.0 ] },
																"up": { "texture": "#obsidian1", "uv": [ 13.5, 9.5, 14.5, 10.0 ] },
																"down": { "texture": "#obsidian1", "uv": [ 4.5, 11.0, 5.5, 11.5 ] }
															},
															"children": [
																{
																	"name": "Cube63",
																	"from": [ 1.0, 0.0, 0.0 ], 
																	"to": [ 2.0, 0.25, 0.5 ], 
																	"rotationOrigin": [ 1.0, 0.0, 0.5 ],
																	"rotationZ": 22.5,
																	"faces": {
																		"north": { "texture": "#obsidian1", "uv": [ 13.0, 7.0, 14.0, 7.5 ] },
																		"east": { "texture": "#obsidian1", "uv": [ 8.5, 10.0, 9.0, 10.5 ] },
																		"south": { "texture": "#obsidian1", "uv": [ 6.5, 6.0, 7.5, 6.5 ] },
																		"west": { "texture": "#obsidian1", "uv": [ 5.0, 11.5, 5.5, 12.0 ] },
																		"up": { "texture": "#obsidian1", "uv": [ 0.5, 0.0, 1.5, 0.5 ] },
																		"down": { "texture": "#obsidian1", "uv": [ 5.5, 3.5, 6.5, 4.0 ] }
																	},
																	"children": [
																		{
																			"name": "Cube64",
																			"from": [ 1.0, 0.0, 0.0 ], 
																			"to": [ 2.0, 0.25, 0.5 ], 
																			"rotationOrigin": [ 1.0, 0.0, 0.5 ],
																			"rotationZ": 22.5,
																			"faces": {
																				"north": { "texture": "#obsidian1", "uv": [ 14.5, 14.0, 15.5, 14.5 ] },
																				"east": { "texture": "#obsidian1", "uv": [ 9.5, 6.0, 10.0, 6.5 ] },
																				"south": { "texture": "#obsidian1", "uv": [ 6.5, 6.0, 7.5, 6.5 ] },
																				"west": { "texture": "#obsidian1", "uv": [ 6.5, 5.0, 7.0, 5.5 ] },
																				"up": { "texture": "#obsidian1", "uv": [ 0.5, 11.0, 1.5, 11.5 ] },
																				"down": { "texture": "#obsidian1", "uv": [ 4.5, 6.0, 5.5, 6.5 ] }
																			}
																		}
																	]
																}
															]
														}
													]
												}
											]
										}
									]
								}
							]
						}
					]
				},
				{
					"name": "_test70",
					"from": [ 7.4972, 0.0, 8.0024 ], 
					"to": [ 7.4972, 0.0, 8.0024 ], 
					"rotationOrigin": [ 8.0, 0.0, 8.0 ],
					"rotationY": -89.9802127184967,
					"faces": {
						"north": { "texture": "#obsidian1", "uv": [ 14.5, 6.0, 15.0, 6.5 ] },
						"east": { "texture": "#obsidian1", "uv": [ 9.5, 9.5, 10.0, 10.0 ] },
						"south": { "texture": "#obsidian1", "uv": [ 13.5, 6.5, 14.0, 7.0 ] },
						"west": { "texture": "#obsidian1", "uv": [ 4.5, 10.0, 5.0, 10.5 ] },
						"up": { "texture": "#obsidian1", "uv": [ 12.0, 10.0, 12.5, 10.5 ] },
						"down": { "texture": "#obsidian1", "uv": [ 8.5, 4.5, 9.0, 5.0 ] }
					},
					"children": [
						{
							"name": "Cube80",
							"from": [ 2.75, 2.25, 0.5 ], 
							"to": [ 3.0, 2.75, 1.5 ], 
							"rotationOrigin": [ 3.0, 2.5, 0.5 ],
							"rotationY": -22.50000022689532,
							"faces": {
								"north": { "texture": "#obsidian1", "uv": [ 1.5, 1.0, 2.0, 1.5 ] },
								"east": { "texture": "#obsidian1", "uv": [ 1.5, 12.0, 2.5, 12.5 ] },
								"south": { "texture": "#obsidian1", "uv": [ 12.0, 2.5, 12.5, 3.0 ] },
								"west": { "texture": "#obsidian1", "uv": [ 2.0, 10.5, 3.0, 11.0 ] },
								"up": { "texture": "#obsidian1", "uv": [ 7.5, 7.5, 8.0, 8.5 ] },
								"down": { "texture": "#obsidian1", "uv": [ 12.0, 14.5, 12.5, 15.5 ] }
							},
							"children": [
								{
									"name": "Cube81",
									"from": [ 0.0, 0.0, 1.0 ], 
									"to": [ 0.25, 0.5, 2.0 ], 
									"rotationOrigin": [ 0.25, 0.25, 1.0 ],
									"rotationY": -22.5,
									"faces": {
										"north": { "texture": "#obsidian1", "uv": [ 12.0, 11.0, 12.5, 11.5 ] },
										"east": { "texture": "#obsidian1", "uv": [ 0.0, 13.0, 1.0, 13.5 ] },
										"south": { "texture": "#obsidian1", "uv": [ 13.0, 12.5, 13.5, 13.0 ] },
										"west": { "texture": "#obsidian1", "uv": [ 8.5, 8.0, 9.5, 8.5 ] },
										"up": { "texture": "#obsidian1", "uv": [ 2.0, 13.5, 2.5, 14.5 ] },
										"down": { "texture": "#obsidian1", "uv": [ 2.5, 2.5, 3.0, 3.5 ] }
									},
									"children": [
										{
											"name": "Cube82",
											"from": [ 0.0, 0.0, 1.0 ], 
											"to": [ 0.25, 0.5, 2.0 ], 
											"rotationOrigin": [ 0.25, 0.25, 1.0 ],
											"rotationY": -22.5,
											"faces": {
												"north": { "texture": "#obsidian1", "uv": [ 13.5, 2.0, 14.0, 2.5 ] },
												"east": { "texture": "#obsidian1", "uv": [ 0.5, 8.0, 1.5, 8.5 ] },
												"south": { "texture": "#obsidian1", "uv": [ 14.5, 11.5, 15.0, 12.0 ] },
												"west": { "texture": "#obsidian1", "uv": [ 0.5, 11.5, 1.5, 12.0 ] },
												"up": { "texture": "#obsidian1", "uv": [ 1.5, 4.5, 2.0, 5.5 ] },
												"down": { "texture": "#obsidian1", "uv": [ 3.5, 2.0, 4.0, 3.0 ] }
											}
										}
									]
								}
							]
						},
						{
							"name": "Cube72",
							"from": [ 1.0, 0.0, -0.25 ], 
							"to": [ 2.0, 0.25, 0.25 ], 
							"rotationOrigin": [ 1.0, 0.0, 0.0 ],
							"rotationZ": 22.5000003066977,
							"faces": {
								"north": { "texture": "#obsidian1", "uv": [ 10.5, 12.0, 11.5, 12.5 ] },
								"east": { "texture": "#obsidian1", "uv": [ 4.0, 14.5, 4.5, 15.0 ] },
								"south": { "texture": "#obsidian1", "uv": [ 9.0, 14.0, 10.0, 14.5 ] },
								"west": { "texture": "#obsidian1", "uv": [ 9.5, 3.5, 10.0, 4.0 ] },
								"up": { "texture": "#obsidian1", "uv": [ 12.0, 1.5, 13.0, 2.0 ] },
								"down": { "texture": "#obsidian1", "uv": [ 12.5, 0.0, 13.5, 0.5 ] }
							},
							"children": [
								{
									"name": "Cube73",
									"from": [ 1.0, 0.0, 0.0 ], 
									"to": [ 2.0, 0.25, 0.5 ], 
									"rotationOrigin": [ 1.0, 0.0, 0.5 ],
									"rotationZ": 22.5,
									"faces": {
										"north": { "texture": "#obsidian1", "uv": [ 6.5, 12.0, 7.5, 12.5 ] },
										"east": { "texture": "#obsidian1", "uv": [ 5.0, 5.5, 5.5, 6.0 ] },
										"south": { "texture": "#obsidian1", "uv": [ 12.0, 2.0, 13.0, 2.5 ] },
										"west": { "texture": "#obsidian1", "uv": [ 9.5, 2.5, 10.0, 3.0 ] },
										"up": { "texture": "#obsidian1", "uv": [ 4.5, 11.0, 5.5, 11.5 ] },
										"down": { "texture": "#obsidian1", "uv": [ 13.0, 11.0, 14.0, 11.5 ] }
									},
									"children": [
										{
											"name": "Cube74",
											"from": [ 1.0, 0.0, 0.0 ], 
											"to": [ 2.0, 0.25, 0.5 ], 
											"rotationOrigin": [ 1.0, 0.0, 0.5 ],
											"rotationZ": 22.5,
											"faces": {
												"north": { "texture": "#obsidian1", "uv": [ 11.5, 5.0, 12.5, 5.5 ] },
												"east": { "texture": "#obsidian1", "uv": [ 1.5, 2.5, 2.0, 3.0 ] },
												"south": { "texture": "#obsidian1", "uv": [ 13.0, 9.5, 14.0, 10.0 ] },
												"west": { "texture": "#obsidian1", "uv": [ 8.5, 8.0, 9.0, 8.5 ] },
												"up": { "texture": "#obsidian1", "uv": [ 6.0, 12.5, 7.0, 13.0 ] },
												"down": { "texture": "#obsidian1", "uv": [ 5.5, 14.5, 6.5, 15.0 ] }
											},
											"children": [
												{
													"name": "Cube75",
													"from": [ 1.0, 0.0, -0.25 ], 
													"to": [ 2.0, 0.25, 0.75 ], 
													"rotationOrigin": [ 1.0, 0.0, -0.5 ],
													"rotationZ": 22.5,
													"faces": {
														"north": { "texture": "#obsidian1", "uv": [ 14.5, 14.5, 15.5, 15.0 ] },
														"east": { "texture": "#obsidian1", "uv": [ 2.5, 13.0, 3.5, 13.5 ] },
														"south": { "texture": "#obsidian1", "uv": [ 3.0, 10.0, 4.0, 10.5 ] },
														"west": { "texture": "#obsidian1", "uv": [ 10.5, 13.5, 11.5, 14.0 ] },
														"up": { "texture": "#obsidian1", "uv": [ 5.5, 13.0, 6.5, 14.0 ] },
														"down": { "texture": "#obsidian1", "uv": [ 11.0, 0.0, 12.0, 1.0 ] }
													},
													"children": [
														{
															"name": "Cube76",
															"from": [ 1.0, 0.0, 0.25 ], 
															"to": [ 2.0, 0.25, 0.75 ], 
															"rotationOrigin": [ 1.0, 0.0, 0.5 ],
															"rotationZ": 22.5,
															"faces": {
																"north": { "texture": "#obsidian1", "uv": [ 6.5, 1.0, 7.5, 1.5 ] },
																"east": { "texture": "#obsidian1", "uv": [ 5.0, 14.5, 5.5, 15.0 ] },
																"south": { "texture": "#obsidian1", "uv": [ 10.5, 15.0, 11.5, 15.5 ] },
																"west": { "texture": "#obsidian1", "uv": [ 14.0, 0.0, 14.5, 0.5 ] },
																"up": { "texture": "#obsidian1", "uv": [ 5.0, 14.0, 6.0, 14.5 ] },
																"down": { "texture": "#obsidian1", "uv": [ 10.5, 14.0, 11.5, 14.5 ] }
															},
															"children": [
																{
																	"name": "Cube77",
																	"from": [ 1.0, 0.0, 0.0 ], 
																	"to": [ 2.0, 0.25, 0.5 ], 
																	"rotationOrigin": [ 1.0, 0.0, 0.5 ],
																	"rotationZ": 22.5,
																	"faces": {
																		"north": { "texture": "#obsidian1", "uv": [ 6.5, 4.0, 7.5, 4.5 ] },
																		"east": { "texture": "#obsidian1", "uv": [ 2.5, 11.5, 3.0, 12.0 ] },
																		"south": { "texture": "#obsidian1", "uv": [ 4.5, 5.5, 5.5, 6.0 ] },
																		"west": { "texture": "#obsidian1", "uv": [ 12.0, 13.0, 12.5, 13.5 ] },
																		"up": { "texture": "#obsidian1", "uv": [ 9.5, 12.5, 10.5, 13.0 ] },
																		"down": { "texture": "#obsidian1", "uv": [ 2.0, 7.0, 3.0, 7.5 ] }
																	},
																	"children": [
																		{
																			"name": "Cube78",
																			"from": [ 1.0, 0.0, 0.0 ], 
																			"to": [ 2.0, 0.25, 0.5 ], 
																			"rotationOrigin": [ 1.0, 0.0, 0.5 ],
																			"rotationZ": 22.5,
																			"faces": {
																				"north": { "texture": "#obsidian1", "uv": [ 14.5, 2.5, 15.5, 3.0 ] },
																				"east": { "texture": "#obsidian1", "uv": [ 7.5, 14.5, 8.0, 15.0 ] },
																				"south": { "texture": "#obsidian1", "uv": [ 7.0, 15.0, 8.0, 15.5 ] },
																				"west": { "texture": "#obsidian1", "uv": [ 13.5, 6.5, 14.0, 7.0 ] },
																				"up": { "texture": "#obsidian1", "uv": [ 1.5, 7.0, 2.5, 7.5 ] },
																				"down": { "texture": "#obsidian1", "uv": [ 11.5, 6.0, 12.5, 6.5 ] }
																			}
																		}
																	]
																}
															]
														}
													]
												}
											]
										}
									]
								}
							]
						}
					]
				},
				{
					"name": "_thin-ring84",
					"from": [ 0.0, 0.0, 0.0 ], 
					"to": [ 0.0, 0.0, 0.0 ], 
					"rotationOrigin": [ 8.0, 2.5, 8.0 ],
					"rotationX": -179.99999011687993,
					"rotationY": -5.008955855952477E-6,
					"rotationZ": -179.99999011687993,
					"faces": {
						"north": { "texture": "#obsidian1", "uv": [ 8.5, 1.5, 9.0, 2.0 ] },
						"east": { "texture": "#obsidian1", "uv": [ 6.0, 12.0, 6.5, 12.5 ] },
						"south": { "texture": "#obsidian1", "uv": [ 3.0, 13.0, 3.5, 13.5 ] },
						"west": { "texture": "#obsidian1", "uv": [ 9.5, 2.0, 10.0, 2.5 ] },
						"up": { "texture": "#obsidian1", "uv": [ 0.5, 11.5, 1.0, 12.0 ] },
						"down": { "texture": "#obsidian1", "uv": [ 5.5, 9.5, 6.0, 10.0 ] }
					},
					"children": [
						{
							"name": "_test85",
							"from": [ 7.5, 0.0, 8.0 ], 
							"to": [ 7.5, 0.0, 8.0 ], 
							"rotationOrigin": [ 8.0, 0.0, 8.0 ],
							"faces": {
								"north": { "texture": "#obsidian1", "uv": [ 13.0, 1.5, 13.5, 2.0 ] },
								"east": { "texture": "#obsidian1", "uv": [ 4.5, 7.5, 5.0, 8.0 ] },
								"south": { "texture": "#obsidian1", "uv": [ 0.0, 13.5, 0.5, 14.0 ] },
								"west": { "texture": "#obsidian1", "uv": [ 4.0, 9.5, 4.5, 10.0 ] },
								"up": { "texture": "#obsidian1", "uv": [ 10.0, 4.0, 10.5, 4.5 ] },
								"down": { "texture": "#obsidian1", "uv": [ 15.0, 6.0, 15.5, 6.5 ] }
							},
							"children": [
								{
									"name": "Cube86",
									"from": [ 0.0, 0.0, -0.5 ], 
									"to": [ 1.0, 0.25, 0.5 ], 
									"faces": {
										"north": { "texture": "#obsidian1", "uv": [ 3.0, 1.5, 4.0, 2.0 ] },
										"east": { "texture": "#obsidian1", "uv": [ 2.0, 13.5, 3.0, 14.0 ] },
										"south": { "texture": "#obsidian1", "uv": [ 6.5, 14.5, 7.5, 15.0 ] },
										"west": { "texture": "#obsidian1", "uv": [ 5.0, 14.5, 6.0, 15.0 ] },
										"up": { "texture": "#obsidian1", "uv": [ 5.0, 4.0, 6.0, 5.0 ] },
										"down": { "texture": "#obsidian1", "uv": [ 5.0, 9.0, 6.0, 10.0 ] }
									},
									"children": [
										{
											"name": "Cube87",
											"from": [ 1.0, 0.0, 0.25 ], 
											"to": [ 2.0, 0.25, 0.75 ], 
											"rotationOrigin": [ 1.0, 0.0, 0.5 ],
											"rotationZ": 22.5,
											"faces": {
												"north": { "texture": "#obsidian1", "uv": [ 1.0, 4.5, 2.0, 5.0 ] },
												"east": { "texture": "#obsidian1", "uv": [ 2.5, 12.5, 3.0, 13.0 ] },
												"south": { "texture": "#obsidian1", "uv": [ 0.0, 11.0, 1.0, 11.5 ] },
												"west": { "texture": "#obsidian1", "uv": [ 7.5, 1.5, 8.0, 2.0 ] },
												"up": { "texture": "#obsidian1", "uv": [ 11.0, 6.5, 12.0, 7.0 ] },
												"down": { "texture": "#obsidian1", "uv": [ 4.0, 3.5, 5.0, 4.0 ] }
											},
											"children": [
												{
													"name": "Cube88",
													"from": [ 1.0, 0.0, 0.0 ], 
													"to": [ 2.0, 0.25, 0.5 ], 
													"rotationOrigin": [ 1.0, 0.0, 0.5 ],
													"rotationZ": 22.5,
													"faces": {
														"north": { "texture": "#obsidian1", "uv": [ 13.5, 12.0, 14.5, 12.5 ] },
														"east": { "texture": "#obsidian1", "uv": [ 10.0, 10.5, 10.5, 11.0 ] },
														"south": { "texture": "#obsidian1", "uv": [ 14.5, 12.0, 15.5, 12.5 ] },
														"west": { "texture": "#obsidian1", "uv": [ 1.5, 11.0, 2.0, 11.5 ] },
														"up": { "texture": "#obsidian1", "uv": [ 7.5, 9.5, 8.5, 10.0 ] },
														"down": { "texture": "#obsidian1", "uv": [ 5.0, 2.5, 6.0, 3.0 ] }
													},
													"children": [
														{
															"name": "Cube89",
															"from": [ 1.0, 0.0, 0.0 ], 
															"to": [ 2.0, 0.25, 0.5 ], 
															"rotationOrigin": [ 1.0, 0.0, 0.5 ],
															"rotationZ": 22.5,
															"faces": {
																"north": { "texture": "#obsidian1", "uv": [ 8.5, 8.5, 9.5, 9.0 ] },
																"east": { "texture": "#obsidian1", "uv": [ 11.5, 12.0, 12.0, 12.5 ] },
																"south": { "texture": "#obsidian1", "uv": [ 0.5, 12.0, 1.5, 12.5 ] },
																"west": { "texture": "#obsidian1", "uv": [ 5.0, 14.5, 5.5, 15.0 ] },
																"up": { "texture": "#obsidian1", "uv": [ 9.0, 10.5, 10.0, 11.0 ] },
																"down": { "texture": "#obsidian1", "uv": [ 2.5, 1.0, 3.5, 1.5 ] }
															},
															"children": [
																{
																	"name": "Cube90",
																	"from": [ 1.0, 0.0, -0.25 ], 
																	"to": [ 2.0, 0.25, 0.75 ], 
																	"rotationOrigin": [ 1.0, 0.0, -0.5 ],
																	"rotationZ": 22.5,
																	"faces": {
																		"north": { "texture": "#obsidian1", "uv": [ 10.0, 5.0, 11.0, 5.5 ] },
																		"east": { "texture": "#obsidian1", "uv": [ 10.5, 11.0, 11.5, 11.5 ] },
																		"south": { "texture": "#obsidian1", "uv": [ 3.0, 6.0, 4.0, 6.5 ] },
																		"west": { "texture": "#obsidian1", "uv": [ 6.5, 10.5, 7.5, 11.0 ] },
																		"up": { "texture": "#obsidian1", "uv": [ 13.0, 4.0, 14.0, 5.0 ] },
																		"down": { "texture": "#obsidian1", "uv": [ 2.5, 7.0, 3.5, 8.0 ] }
																	},
																	"children": [
																		{
																			"name": "Cube91",
																			"from": [ 1.0, 0.0, 0.25 ], 
																			"to": [ 2.0, 0.25, 0.75 ], 
																			"rotationOrigin": [ 1.0, 0.0, 0.5 ],
																			"rotationZ": 22.5,
																			"faces": {
																				"north": { "texture": "#obsidian1", "uv": [ 5.0, 9.5, 6.0, 10.0 ] },
																				"east": { "texture": "#obsidian1", "uv": [ 0.5, 5.0, 1.0, 5.5 ] },
																				"south": { "texture": "#obsidian1", "uv": [ 7.0, 1.0, 8.0, 1.5 ] },
																				"west": { "texture": "#obsidian1", "uv": [ 8.0, 12.5, 8.5, 13.0 ] },
																				"up": { "texture": "#obsidian1", "uv": [ 11.0, 14.5, 12.0, 15.0 ] },
																				"down": { "texture": "#obsidian1", "uv": [ 7.5, 6.0, 8.5, 6.5 ] }
																			},
																			"children": [
																				{
																					"name": "Cube92",
																					"from": [ 1.0, 0.0, 0.0 ], 
																					"to": [ 2.0, 0.25, 0.5 ], 
																					"rotationOrigin": [ 1.0, 0.0, 0.5 ],
																					"rotationZ": 22.5,
																					"faces": {
																						"north": { "texture": "#obsidian1", "uv": [ 14.5, 7.5, 15.5, 8.0 ] },
																						"east": { "texture": "#obsidian1", "uv": [ 15.0, 10.0, 15.5, 10.5 ] },
																						"south": { "texture": "#obsidian1", "uv": [ 13.5, 9.5, 14.5, 10.0 ] },
																						"west": { "texture": "#obsidian1", "uv": [ 4.0, 2.5, 4.5, 3.0 ] },
																						"up": { "texture": "#obsidian1", "uv": [ 2.5, 14.0, 3.5, 14.5 ] },
																						"down": { "texture": "#obsidian1", "uv": [ 10.0, 13.0, 11.0, 13.5 ] }
																					},
																					"children": [
																						{
																							"name": "Cube93",
																							"from": [ 1.0, 0.0, 0.0 ], 
																							"to": [ 2.0, 0.25, 0.5 ], 
																							"rotationOrigin": [ 1.0, 0.0, 0.5 ],
																							"rotationZ": 22.5,
																							"faces": {
																								"north": { "texture": "#obsidian1", "uv": [ 6.5, 4.0, 7.5, 4.5 ] },
																								"east": { "texture": "#obsidian1", "uv": [ 14.5, 6.0, 15.0, 6.5 ] },
																								"south": { "texture": "#obsidian1", "uv": [ 7.5, 6.0, 8.5, 6.5 ] },
																								"west": { "texture": "#obsidian1", "uv": [ 12.0, 0.5, 12.5, 1.0 ] },
																								"up": { "texture": "#obsidian1", "uv": [ 0.5, 13.0, 1.5, 13.5 ] },
																								"down": { "texture": "#obsidian1", "uv": [ 9.0, 7.5, 10.0, 8.0 ] }
																							},
																							"children": [
																								{
																									"name": "Cube94",
																									"from": [ 1.0, 0.0, -0.25 ], 
																									"to": [ 2.0, 0.25, 0.75 ], 
																									"rotationOrigin": [ 1.0, 0.0, 0.5 ],
																									"rotationZ": 22.5,
																									"faces": {
																										"north": { "texture": "#obsidian1", "uv": [ 10.0, 11.0, 11.0, 11.5 ] },
																										"east": { "texture": "#obsidian1", "uv": [ 7.0, 6.0, 8.0, 6.5 ] },
																										"south": { "texture": "#obsidian1", "uv": [ 11.5, 14.0, 12.5, 14.5 ] },
																										"west": { "texture": "#obsidian1", "uv": [ 9.5, 7.5, 10.5, 8.0 ] },
																										"up": { "texture": "#obsidian1", "uv": [ 1.0, 4.5, 2.0, 5.5 ] },
																										"down": { "texture": "#obsidian1", "uv": [ 2.0, 13.0, 3.0, 14.0 ] }
																									}
																								}
																							]
																						}
																					]
																				}
																			]
																		}
																	]
																}
															]
														}
													]
												}
											]
										}
									]
								},
								{
									"name": "Cube95",
									"from": [ 2.75, 2.25, 0.5 ], 
									"to": [ 3.0, 2.75, 1.5 ], 
									"rotationOrigin": [ 3.0, 2.5, 0.5 ],
									"rotationY": -22.50000022689532,
									"faces": {
										"north": { "texture": "#obsidian1", "uv": [ 2.5, 11.0, 3.0, 11.5 ] },
										"east": { "texture": "#obsidian1", "uv": [ 8.0, 7.5, 9.0, 8.0 ] },
										"south": { "texture": "#obsidian1", "uv": [ 4.0, 6.0, 4.5, 6.5 ] },
										"west": { "texture": "#obsidian1", "uv": [ 2.0, 11.0, 3.0, 11.5 ] },
										"up": { "texture": "#obsidian1", "uv": [ 0.0, 1.5, 0.5, 2.5 ] },
										"down": { "texture": "#obsidian1", "uv": [ 3.0, 7.0, 3.5, 8.0 ] }
									},
									"children": [
										{
											"name": "Cube96",
											"from": [ 0.0, 0.0, 1.0 ], 
											"to": [ 0.25, 0.5, 2.0 ], 
											"rotationOrigin": [ 0.25, 0.25, 1.0 ],
											"rotationY": -22.5,
											"faces": {
												"north": { "texture": "#obsidian1", "uv": [ 13.0, 9.0, 13.5, 9.5 ] },
												"east": { "texture": "#obsidian1", "uv": [ 2.5, 9.0, 3.5, 9.5 ] },
												"south": { "texture": "#obsidian1", "uv": [ 1.5, 3.5, 2.0, 4.0 ] },
												"west": { "texture": "#obsidian1", "uv": [ 9.0, 1.0, 10.0, 1.5 ] },
												"up": { "texture": "#obsidian1", "uv": [ 6.5, 10.5, 7.0, 11.5 ] },
												"down": { "texture": "#obsidian1", "uv": [ 10.0, 8.0, 10.5, 9.0 ] }
											},
											"children": [
												{
													"name": "Cube97",
													"from": [ 0.0, 0.0, 1.0 ], 
													"to": [ 0.25, 0.5, 2.0 ], 
													"rotationOrigin": [ 0.25, 0.25, 1.0 ],
													"rotationY": -22.5,
													"faces": {
														"north": { "texture": "#obsidian1", "uv": [ 6.5, 5.5, 7.0, 6.0 ] },
														"east": { "texture": "#obsidian1", "uv": [ 9.5, 13.5, 10.5, 14.0 ] },
														"south": { "texture": "#obsidian1", "uv": [ 6.0, 4.5, 6.5, 5.0 ] },
														"west": { "texture": "#obsidian1", "uv": [ 0.0, 14.5, 1.0, 15.0 ] },
														"up": { "texture": "#obsidian1", "uv": [ 2.5, 9.5, 3.0, 10.5 ] },
														"down": { "texture": "#obsidian1", "uv": [ 9.5, 6.0, 10.0, 7.0 ] }
													}
												}
											]
										}
									]
								}
							]
						},
						{
							"name": "_test98",
							"from": [ 7.4972, 0.0, 8.0024 ], 
							"to": [ 7.4972, 0.0, 8.0024 ], 
							"rotationOrigin": [ 8.0, 0.0, 8.0 ],
							"rotationY": -89.9802127184967,
							"faces": {
								"north": { "texture": "#obsidian1", "uv": [ 3.0, 7.0, 3.5, 7.5 ] },
								"east": { "texture": "#obsidian1", "uv": [ 5.0, 4.0, 5.5, 4.5 ] },
								"south": { "texture": "#obsidian1", "uv": [ 6.5, 9.0, 7.0, 9.5 ] },
								"west": { "texture": "#obsidian1", "uv": [ 11.0, 11.0, 11.5, 11.5 ] },
								"up": { "texture": "#obsidian1", "uv": [ 3.0, 14.0, 3.5, 14.5 ] },
								"down": { "texture": "#obsidian1", "uv": [ 0.5, 2.5, 1.0, 3.0 ] }
							},
							"children": [
								{
									"name": "Cube108",
									"from": [ 2.75, 2.25, 0.5 ], 
									"to": [ 3.0, 2.75, 1.5 ], 
									"rotationOrigin": [ 3.0, 2.5, 0.5 ],
									"rotationY": -22.50000022689532,
									"faces": {
										"north": { "texture": "#obsidian1", "uv": [ 12.0, 1.5, 12.5, 2.0 ] },
										"east": { "texture": "#obsidian1", "uv": [ 5.5, 15.0, 6.5, 15.5 ] },
										"south": { "texture": "#obsidian1", "uv": [ 8.5, 2.0, 9.0, 2.5 ] },
										"west": { "texture": "#obsidian1", "uv": [ 1.0, 3.5, 2.0, 4.0 ] },
										"up": { "texture": "#obsidian1", "uv": [ 5.5, 1.5, 6.0, 2.5 ] },
										"down": { "texture": "#obsidian1", "uv": [ 7.5, 14.5, 8.0, 15.5 ] }
									},
									"children": [
										{
											"name": "Cube109",
											"from": [ 0.0, 0.0, 1.0 ], 
											"to": [ 0.25, 0.5, 2.0 ], 
											"rotationOrigin": [ 0.25, 0.25, 1.0 ],
											"rotationY": -22.5,
											"faces": {
												"north": { "texture": "#obsidian1", "uv": [ 4.0, 13.0, 4.5, 13.5 ] },
												"east": { "texture": "#obsidian1", "uv": [ 12.0, 2.0, 13.0, 2.5 ] },
												"south": { "texture": "#obsidian1", "uv": [ 11.5, 2.5, 12.0, 3.0 ] },
												"west": { "texture": "#obsidian1", "uv": [ 12.5, 15.0, 13.5, 15.5 ] },
												"up": { "texture": "#obsidian1", "uv": [ 8.5, 3.5, 9.0, 4.5 ] },
												"down": { "texture": "#obsidian1", "uv": [ 8.5, 3.5, 9.0, 4.5 ] }
											},
											"children": [
												{
													"name": "Cube110",
													"from": [ 0.0, 0.0, 1.0 ], 
													"to": [ 0.25, 0.5, 2.0 ], 
													"rotationOrigin": [ 0.25, 0.25, 1.0 ],
													"rotationY": -22.5,
													"faces": {
														"north": { "texture": "#obsidian1", "uv": [ 9.0, 3.5, 9.5, 4.0 ] },
														"east": { "texture": "#obsidian1", "uv": [ 14.0, 0.5, 15.0, 1.0 ] },
														"south": { "texture": "#obsidian1", "uv": [ 11.0, 1.0, 11.5, 1.5 ] },
														"west": { "texture": "#obsidian1", "uv": [ 10.5, 6.0, 11.5, 6.5 ] },
														"up": { "texture": "#obsidian1", "uv": [ 13.0, 11.5, 13.5, 12.5 ] },
														"down": { "texture": "#obsidian1", "uv": [ 2.5, 14.5, 3.0, 15.5 ] }
													}
												}
											]
										}
									]
								},
								{
									"name": "Cube100",
									"from": [ 1.0, 0.0, -0.25 ], 
									"to": [ 2.0, 0.25, 0.25 ], 
									"rotationOrigin": [ 1.0, 0.0, 0.0 ],
									"rotationX": 5.563332344609693E-17,
									"rotationY": 1.106615756690083E-17,
									"rotationZ": 22.5000003066977,
									"faces": {
										"north": { "texture": "#obsidian1", "uv": [ 5.0, 5.5, 6.0, 6.0 ] },
										"east": { "texture": "#obsidian1", "uv": [ 10.5, 10.0, 11.0, 10.5 ] },
										"south": { "texture": "#obsidian1", "uv": [ 3.0, 9.0, 4.0, 9.5 ] },
										"west": { "texture": "#obsidian1", "uv": [ 4.0, 5.0, 4.5, 5.5 ] },
										"up": { "texture": "#obsidian1", "uv": [ 8.5, 3.5, 9.5, 4.0 ] },
										"down": { "texture": "#obsidian1", "uv": [ 7.5, 12.5, 8.5, 13.0 ] }
									},
									"children": [
										{
											"name": "Cube101",
											"from": [ 1.0, 0.0, 0.0 ], 
											"to": [ 2.0, 0.25, 0.5 ], 
											"rotationOrigin": [ 1.0, 0.0, 0.5 ],
											"rotationZ": 22.5,
											"faces": {
												"north": { "texture": "#obsidian1", "uv": [ 2.5, 10.0, 3.5, 10.5 ] },
												"east": { "texture": "#obsidian1", "uv": [ 4.0, 7.5, 4.5, 8.0 ] },
												"south": { "texture": "#obsidian1", "uv": [ 3.0, 0.5, 4.0, 1.0 ] },
												"west": { "texture": "#obsidian1", "uv": [ 5.0, 9.0, 5.5, 9.5 ] },
												"up": { "texture": "#obsidian1", "uv": [ 8.5, 9.5, 9.5, 10.0 ] },
												"down": { "texture": "#obsidian1", "uv": [ 1.5, 7.0, 2.5, 7.5 ] }
											},
											"children": [
												{
													"name": "Cube102",
													"from": [ 1.0, 0.0, 0.0 ], 
													"to": [ 2.0, 0.25, 0.5 ], 
													"rotationOrigin": [ 1.0, 0.0, 0.5 ],
													"rotationZ": 22.5,
													"faces": {
														"north": { "texture": "#obsidian1", "uv": [ 5.0, 0.0, 6.0, 0.5 ] },
														"east": { "texture": "#obsidian1", "uv": [ 11.0, 8.0, 11.5, 8.5 ] },
														"south": { "texture": "#obsidian1", "uv": [ 6.5, 13.0, 7.5, 13.5 ] },
														"west": { "texture": "#obsidian1", "uv": [ 3.0, 8.0, 3.5, 8.5 ] },
														"up": { "texture": "#obsidian1", "uv": [ 8.5, 7.0, 9.5, 7.5 ] },
														"down": { "texture": "#obsidian1", "uv": [ 7.5, 6.5, 8.5, 7.0 ] }
													},
													"children": [
														{
															"name": "Cube103",
															"from": [ 1.0, 0.0, -0.25 ], 
															"to": [ 2.0, 0.25, 0.75 ], 
															"rotationOrigin": [ 1.0, 0.0, -0.5 ],
															"rotationZ": 22.5,
															"faces": {
																"north": { "texture": "#obsidian1", "uv": [ 3.5, 11.0, 4.5, 11.5 ] },
																"east": { "texture": "#obsidian1", "uv": [ 8.5, 9.0, 9.5, 9.5 ] },
																"south": { "texture": "#obsidian1", "uv": [ 7.5, 9.5, 8.5, 10.0 ] },
																"west": { "texture": "#obsidian1", "uv": [ 2.5, 7.5, 3.5, 8.0 ] },
																"up": { "texture": "#obsidian1", "uv": [ 6.5, 0.0, 7.5, 1.0 ] },
																"down": { "texture": "#obsidian1", "uv": [ 4.0, 5.0, 5.0, 6.0 ] }
															},
															"children": [
																{
																	"name": "Cube104",
																	"from": [ 1.0, 0.0, 0.25 ], 
																	"to": [ 2.0, 0.25, 0.75 ], 
																	"rotationOrigin": [ 1.0, 0.0, 0.5 ],
																	"rotationZ": 22.5,
																	"faces": {
																		"north": { "texture": "#obsidian1", "uv": [ 0.0, 14.5, 1.0, 15.0 ] },
																		"east": { "texture": "#obsidian1", "uv": [ 10.0, 2.0, 10.5, 2.5 ] },
																		"south": { "texture": "#obsidian1", "uv": [ 4.0, 1.5, 5.0, 2.0 ] },
																		"west": { "texture": "#obsidian1", "uv": [ 14.5, 14.5, 15.0, 15.0 ] },
																		"up": { "texture": "#obsidian1", "uv": [ 10.5, 14.0, 11.5, 14.5 ] },
																		"down": { "texture": "#obsidian1", "uv": [ 4.5, 12.5, 5.5, 13.0 ] }
																	},
																	"children": [
																		{
																			"name": "Cube105",
																			"from": [ 1.0, 0.0, 0.0 ], 
																			"to": [ 2.0, 0.25, 0.5 ], 
																			"rotationOrigin": [ 1.0, 0.0, 0.5 ],
																			"rotationZ": 22.5,
																			"faces": {
																				"north": { "texture": "#obsidian1", "uv": [ 12.0, 7.5, 13.0, 8.0 ] },
																				"east": { "texture": "#obsidian1", "uv": [ 2.0, 0.5, 2.5, 1.0 ] },
																				"south": { "texture": "#obsidian1", "uv": [ 0.5, 14.5, 1.5, 15.0 ] },
																				"west": { "texture": "#obsidian1", "uv": [ 3.5, 7.5, 4.0, 8.0 ] },
																				"up": { "texture": "#obsidian1", "uv": [ 14.0, 10.0, 15.0, 10.5 ] },
																				"down": { "texture": "#obsidian1", "uv": [ 6.0, 9.5, 7.0, 10.0 ] }
																			},
																			"children": [
																				{
																					"name": "Cube106",
																					"from": [ 1.0, 0.0, 0.0 ], 
																					"to": [ 2.0, 0.25, 0.5 ], 
																					"rotationOrigin": [ 1.0, 0.0, 0.5 ],
																					"rotationZ": 22.5,
																					"faces": {
																						"north": { "texture": "#obsidian1", "uv": [ 10.0, 0.0, 11.0, 0.5 ] },
																						"east": { "texture": "#obsidian1", "uv": [ 1.0, 0.5, 1.5, 1.0 ] },
																						"south": { "texture": "#obsidian1", "uv": [ 9.0, 9.5, 10.0, 10.0 ] },
																						"west": { "texture": "#obsidian1", "uv": [ 7.5, 15.0, 8.0, 15.5 ] },
																						"up": { "texture": "#obsidian1", "uv": [ 11.5, 7.5, 12.5, 8.0 ] },
																						"down": { "texture": "#obsidian1", "uv": [ 3.0, 2.5, 4.0, 3.0 ] }
																					}
																				}
																			]
																		}
																	]
																}
															]
														}
													]
												}
											]
										}
									]
								}
							]
						}
					]
				}
			]
		},
		{
			"name": "Cube1",
			"from": [ 7.0, 1.5, 7.0 ], 
			"to": [ 7.0, 1.5, 7.0 ], 
			"rotationOrigin": [ 8.0, 2.5, 8.0 ],
			"faces": {
				"north": { "texture": "#rustyglow-faded", "uv": [ 0.0, 0.0, 0.5, 0.5 ] },
				"east": { "texture": "#rustyglow-faded", "uv": [ 0.0, 0.0, 0.5, 0.5 ] },
				"south": { "texture": "#rustyglow-faded", "uv": [ 0.0, 0.0, 0.5, 0.5 ] },
				"west": { "texture": "#rustyglow-faded", "uv": [ 0.0, 0.0, 0.5, 0.5 ] },
				"up": { "texture": "#rustyglow-faded", "uv": [ 0.0, 0.0, 0.5, 0.5 ] },
				"down": { "texture": "#rustyglow-faded", "uv": [ 0.0, 0.0, 0.5, 0.5 ] }
			},
			"children": [
				{
					"name": "_static-core",
					"from": [ 0.0, 0.0, 0.0 ], 
					"to": [ 0.0, 0.0, 0.0 ], 
					"rotationOrigin": [ 1.0, 1.0, 1.0 ],
					"faces": {
						"north": { "texture": "#rustyglow-faded", "uv": [ 0.0, 0.0, 0.5, 0.5 ] },
						"east": { "texture": "#rustyglow-faded", "uv": [ 0.0, 0.0, 0.5, 0.5 ] },
						"south": { "texture": "#rustyglow-faded", "uv": [ 0.0, 0.0, 0.5, 0.5 ] },
						"west": { "texture": "#rustyglow-faded", "uv": [ 0.0, 0.0, 0.5, 0.5 ] },
						"up": { "texture": "#rustyglow-faded", "uv": [ 0.0, 0.0, 0.5, 0.5 ] },
						"down": { "texture": "#rustyglow-faded", "uv": [ 0.0, 0.0, 0.5, 0.5 ] }
					},
					"children": [
						{
							"name": "_static-core64",
							"from": [ 0.0, 0.0, 0.0 ], 
							"to": [ 2.0, 2.0, 2.0 ], 
							"rotationOrigin": [ 1.0, 1.0, 1.0 ],
							"rotationX": 45.0,
							"rotationZ": 45.0,
							"faces": {
								"north": { "texture": "#rustyglow-faded", "uv": [ 0.0, 0.0, 2.0, 2.0 ] },
								"east": { "texture": "#rustyglow-faded", "uv": [ 0.0, 0.0, 2.0, 2.0 ] },
								"south": { "texture": "#rustyglow-faded", "uv": [ 0.0, 0.0, 2.0, 2.0 ] },
								"west": { "texture": "#rustyglow-faded", "uv": [ 0.0, 0.0, 2.0, 2.0 ] },
								"up": { "texture": "#rustyglow-faded", "uv": [ 0.0, 0.0, 2.0, 2.0 ] },
								"down": { "texture": "#rustyglow-faded", "uv": [ 0.0, 0.0, 2.0, 2.0 ] }
							},
							"children": [
								{
									"name": "_static-core65",
									"from": [ 0.0, 0.0, 0.0 ], 
									"to": [ 2.0, 2.0, 2.0 ], 
									"rotationOrigin": [ 1.0, 1.0, 1.0 ],
									"rotationY": 45.0,
									"rotationZ": 45.0,
									"faces": {
										"north": { "texture": "#rustyglow-faded", "uv": [ 0.0, 0.0, 2.0, 2.0 ] },
										"east": { "texture": "#rustyglow-faded", "uv": [ 0.0, 0.0, 2.0, 2.0 ] },
										"south": { "texture": "#rustyglow-faded", "uv": [ 0.0, 0.0, 2.0, 2.0 ] },
										"west": { "texture": "#rustyglow-faded", "uv": [ 0.0, 0.0, 2.0, 2.0 ] },
										"up": { "texture": "#rustyglow-faded", "uv": [ 0.0, 0.0, 2.0, 2.0 ] },
										"down": { "texture": "#rustyglow-faded", "uv": [ 0.0, 0.0, 2.0, 2.0 ] }
									}
								}
							]
						}
					]
				}
			]
		},
		{
			"name": "Cube53",
			"from": [ 7.0, 1.5, 7.0 ], 
			"to": [ 7.0, 1.5, 7.0 ], 
			"rotationOrigin": [ 8.0, 2.5, 8.0 ],
			"rotationY": 45.0,
			"rotationZ": 45.0,
			"faces": {
				"north": { "texture": "#rust-faded", "uv": [ 0.0, 0.0, 0.5, 0.5 ] },
				"east": { "texture": "#rust-faded", "uv": [ 0.0, 0.0, 0.5, 0.5 ] },
				"south": { "texture": "#rust-faded", "uv": [ 0.0, 0.0, 0.5, 0.5 ] },
				"west": { "texture": "#rust-faded", "uv": [ 0.0, 0.0, 0.5, 0.5 ] },
				"up": { "texture": "#rust-faded", "uv": [ 0.0, 0.0, 0.5, 0.5 ] },
				"down": { "texture": "#rust-faded", "uv": [ 0.0, 0.0, 0.5, 0.5 ] }
			},
			"children": [
				{
					"name": "_static-core54",
					"from": [ 0.0, 0.0, 0.0 ], 
					"to": [ 2.0, 2.0, 2.0 ], 
					"rotationOrigin": [ 1.0, 1.0, 1.0 ],
					"faces": {
						"north": { "texture": "#rust-faded", "uv": [ 0.0, 0.0, 2.0, 2.0 ] },
						"east": { "texture": "#rust-faded", "uv": [ 0.0, 0.0, 2.0, 2.0 ] },
						"south": { "texture": "#rust-faded", "uv": [ 0.0, 0.0, 2.0, 2.0 ] },
						"west": { "texture": "#rust-faded", "uv": [ 0.0, 0.0, 2.0, 2.0 ] },
						"up": { "texture": "#rust-faded", "uv": [ 0.0, 0.0, 2.0, 2.0 ] },
						"down": { "texture": "#rust-faded", "uv": [ 0.0, 0.0, 2.0, 2.0 ] }
					},
					"children": [
						{
							"name": "_static-core55",
							"from": [ 0.0, 0.0, 0.0 ], 
							"to": [ 2.0, 2.0, 2.0 ], 
							"rotationOrigin": [ 1.0, 1.0, 1.0 ],
							"rotationX": 45.0,
							"rotationZ": 45.0,
							"faces": {
								"north": { "texture": "#rust-faded", "uv": [ 0.0, 0.0, 2.0, 2.0 ] },
								"east": { "texture": "#rust-faded", "uv": [ 0.0, 0.0, 2.0, 2.0 ] },
								"south": { "texture": "#rust-faded", "uv": [ 0.0, 0.0, 2.0, 2.0 ] },
								"west": { "texture": "#rust-faded", "uv": [ 0.0, 0.0, 2.0, 2.0 ] },
								"up": { "texture": "#rust-faded", "uv": [ 0.0, 0.0, 2.0, 2.0 ] },
								"down": { "texture": "#rust-faded", "uv": [ 0.0, 0.0, 2.0, 2.0 ] }
							},
							"children": [
								{
									"name": "_static-core56",
									"from": [ 0.0, 0.0, 0.0 ], 
									"to": [ 2.0, 2.0, 2.0 ], 
									"rotationOrigin": [ 1.0, 1.0, 1.0 ],
									"rotationY": 45.0,
									"rotationZ": 45.0,
									"faces": {
										"north": { "texture": "#rust-faded", "uv": [ 0.0, 0.0, 2.0, 2.0 ] },
										"east": { "texture": "#rust-faded", "uv": [ 0.0, 0.0, 2.0, 2.0 ] },
										"south": { "texture": "#rust-faded", "uv": [ 0.0, 0.0, 2.0, 2.0 ] },
										"west": { "texture": "#rust-faded", "uv": [ 0.0, 0.0, 2.0, 2.0 ] },
										"up": { "texture": "#rust-faded", "uv": [ 0.0, 0.0, 2.0, 2.0 ] },
										"down": { "texture": "#rust-faded", "uv": [ 0.0, 0.0, 2.0, 2.0 ] }
									}
								}
							]
						}
					]
				}
			]
		},
		{
			"name": "_rune-casing-seal",
			"from": [ 0.0, 0.0, 0.0 ], 
			"to": [ 0.0, 0.0, 0.0 ], 
			"faces": {
				"north": { "texture": "#default", "uv": [ 0.0, 0.0, 0.5, 0.5 ] },
				"east": { "texture": "#default", "uv": [ 0.0, 0.0, 0.5, 0.5 ] },
				"south": { "texture": "#default", "uv": [ 0.0, 0.0, 0.5, 0.5 ] },
				"west": { "texture": "#default", "uv": [ 0.0, 0.0, 0.5, 0.5 ] },
				"up": { "texture": "#default", "uv": [ 0.0, 0.0, 0.5, 0.5 ] },
				"down": { "texture": "#default", "uv": [ 0.0, 0.0, 0.5, 0.5 ] }
			},
			"children": [
				{
					"name": "rune-6",
					"from": [ 8.5, -0.01, 7.5 ], 
					"to": [ 9.5, 0.24, 8.5 ], 
					"rotationOrigin": [ 8.5, -0.01, 8.0 ],
					"rotationX": -179.99992682395518,
					"rotationY": -5.008955041730523E-6,
					"rotationZ": -179.99992682395518,
					"faces": {
						"north": { "texture": "#runes-cruxcasing", "uv": [ 3.0, 1.5, 4.0, 2.0 ], "enabled": false },
						"east": { "texture": "#runes-cruxcasing", "uv": [ 2.0, 13.5, 3.0, 14.0 ], "enabled": false },
						"south": { "texture": "#runes-cruxcasing", "uv": [ 6.5, 14.5, 7.5, 15.0 ], "enabled": false },
						"west": { "texture": "#runes-cruxcasing", "uv": [ 5.0, 14.5, 6.0, 15.0 ], "enabled": false },
						"up": { "texture": "#runes-cruxcasing", "uv": [ 5.0, 4.0, 6.0, 5.0 ], "enabled": false },
						"down": { "texture": "#runes-cruxcasing", "uv": [ 10.5, 10.5, 16.0, 16.0 ], "glow": 255, "autoUv": false }
					}
				},
				{
					"name": "rune-5",
					"from": [ 7.5, 5.0373, 7.0 ], 
					"to": [ 8.5, 5.2873, 8.0 ], 
					"rotationOrigin": [ 7.5, 5.0373, 7.75 ],
					"rotationX": -179.99992682395518,
					"rotationY": -5.008955041730523E-6,
					"rotationZ": 4.09811262561852E-5,
					"faces": {
						"north": { "texture": "#runes-cruxcasing", "uv": [ 10.0, 11.0, 11.0, 11.5 ], "enabled": false },
						"east": { "texture": "#runes-cruxcasing", "uv": [ 7.0, 6.0, 8.0, 6.5 ], "enabled": false },
						"south": { "texture": "#runes-cruxcasing", "uv": [ 11.5, 14.0, 12.5, 14.5 ], "enabled": false },
						"west": { "texture": "#runes-cruxcasing", "uv": [ 9.5, 7.5, 10.5, 8.0 ], "enabled": false },
						"up": { "texture": "#runes-cruxcasing", "uv": [ 1.0, 4.5, 2.0, 5.5 ], "enabled": false },
						"down": { "texture": "#runes-cruxcasing", "uv": [ 10.5, 10.5, 16.0, 16.0 ], "glow": 255, "autoUv": false }
					}
				},
				{
					"name": "rune-4",
					"from": [ 5.4763, 2.0137, 9.0 ], 
					"to": [ 6.4763, 2.2637, 10.0 ], 
					"rotationOrigin": [ 5.4763, 2.0137, 8.75 ],
					"rotationX": -179.99992682394765,
					"rotationY": -5.008950156398801E-6,
					"rotationZ": -89.99990626598034,
					"faces": {
						"north": { "texture": "#runes-cruxcasing", "uv": [ 10.0, 5.0, 11.0, 5.5 ], "enabled": false },
						"east": { "texture": "#runes-cruxcasing", "uv": [ 10.5, 11.0, 11.5, 11.5 ], "enabled": false },
						"south": { "texture": "#runes-cruxcasing", "uv": [ 3.0, 6.0, 4.0, 6.5 ], "enabled": false },
						"west": { "texture": "#runes-cruxcasing", "uv": [ 6.5, 10.5, 7.5, 11.0 ], "enabled": false },
						"up": { "texture": "#runes-cruxcasing", "uv": [ 0.0, 0.0, 1.0, 1.0 ], "enabled": false },
						"down": { "texture": "#runes-cruxcasing", "uv": [ 5.5, 5.5, 11.0, 11.0 ], "glow": 255, "autoUv": false }
					}
				},
				{
					"name": "rune-3",
					"from": [ 7.2522, 2.0121, 5.729 ], 
					"to": [ 8.2522, 2.2621, 6.729 ], 
					"rotationOrigin": [ 7.2515, 2.0137, 5.4794 ],
					"rotationX": 179.9258112660838,
					"rotationY": 89.96043037796387,
					"rotationZ": -89.89119478525483,
					"faces": {
						"north": { "texture": "#runes-cruxcasing", "uv": [ 3.5, 11.0, 4.5, 11.5 ], "enabled": false },
						"east": { "texture": "#runes-cruxcasing", "uv": [ 8.5, 9.0, 9.5, 9.5 ], "enabled": false },
						"south": { "texture": "#runes-cruxcasing", "uv": [ 7.5, 9.5, 8.5, 10.0 ], "enabled": false },
						"west": { "texture": "#runes-cruxcasing", "uv": [ 2.5, 7.5, 3.5, 8.0 ], "enabled": false },
						"up": { "texture": "#runes-cruxcasing", "uv": [ 0.0, 0.0, 1.0, 1.0 ], "enabled": false },
						"down": { "texture": "#runes-cruxcasing", "uv": [ 0.0, 5.5, 5.5, 11.0 ], "glow": 255, "autoUv": false }
					}
				},
				{
					"name": "rune-2",
					"from": [ 10.5237, 2.0137, 7.5 ], 
					"to": [ 11.5237, 2.2637, 8.5 ], 
					"rotationOrigin": [ 10.5237, 2.0137, 7.25 ],
					"rotationZ": 89.99997456787236,
					"faces": {
						"north": { "texture": "#runes-cruxcasing", "uv": [ 8.5, 12.0, 9.5, 12.5 ], "enabled": false },
						"east": { "texture": "#runes-cruxcasing", "uv": [ 10.0, 0.5, 11.0, 1.0 ], "enabled": false },
						"south": { "texture": "#runes-cruxcasing", "uv": [ 14.0, 8.5, 15.0, 9.0 ], "enabled": false },
						"west": { "texture": "#runes-cruxcasing", "uv": [ 9.0, 5.5, 10.0, 6.0 ], "enabled": false },
						"up": { "texture": "#runes-cruxcasing", "uv": [ 1.0, 2.0, 2.0, 3.0 ], "enabled": false },
						"down": { "texture": "#runes-cruxcasing", "uv": [ 5.5, 0.0, 11.0, 5.5 ], "glow": 255, "autoUv": false }
					}
				},
				{
					"name": "rune-1",
					"from": [ 8.7485, 2.0083, 10.7716 ], 
					"to": [ 9.7485, 2.2583, 11.7716 ], 
					"rotationOrigin": [ 8.7485, 2.0137, 10.5206 ],
					"rotationY": -89.99999505843996,
					"rotationZ": 89.99999505843996,
					"faces": {
						"north": { "texture": "#runes-cruxcasing", "uv": [ 0.0, 0.0, 1.0, 0.5 ], "enabled": false },
						"east": { "texture": "#runes-cruxcasing", "uv": [ 2.5, 13.0, 3.5, 13.5 ], "enabled": false },
						"south": { "texture": "#runes-cruxcasing", "uv": [ 3.0, 10.0, 4.0, 10.5 ], "enabled": false },
						"west": { "texture": "#runes-cruxcasing", "uv": [ 10.5, 13.5, 11.5, 14.0 ], "enabled": false },
						"up": { "texture": "#runes-cruxcasing", "uv": [ 5.5, 13.0, 6.5, 14.0 ], "enabled": false },
						"down": { "texture": "#runes-cruxcasing", "uv": [ 0.0, 0.0, 5.5, 5.5 ], "glow": 255, "autoUv": false }
					}
				}
			]
		}
	],
	"animations": [
		{
			"name": "rim-spin",
			"code": "rim-spin",
			"quantityframes": 40,
			"onActivityStopped": "PlayTillEnd",
			"onAnimationEnd": "Repeat",
			"keyframes": [

			]
		}
	]
}