﻿[
 {
	"enabled": false,
	ingredientPattern: "B",
	ingredients: {
		"B": { type: "item", code: "expandedfoods:herbalacornbread-partbaked", name: "type",  }
	},
	name: "breadcrumbs",
	width: 1,
	height: 1,
	shapeless: false,
	output: { type: "item", code: "expandedfoods:herbalacornbreadcrumbs", quantity: 4  }
},
 {
	"enabled": false,
	ingredientPattern: "B",
	ingredients: {
		"B": { type: "item", code: "expandedfoods:herbalacornbread-cooked", name: "type",  }
	},
	name: "breadcrumbs",
	width: 1,
	height: 1,
	shapeless: false,
	output: { type: "item", code: "expandedfoods:herbalacornbreadcrumbs", quantity: 4  }
},
 {
	"enabled": false,
	ingredientPattern: "B",
	ingredients: {
		"B": { type: "item", code: "expandedfoods:herbalacornbread-charred", name: "type",  }
	},
	name: "breadcrumbs",
	width: 1,
	height: 1,
	shapeless: false,
	output: { type: "item", code: "expandedfoods:herbalacornbreadcrumbs", quantity: 4  }
},
]