[
	{
		"ingredientPattern": "A,F",
		"ingredients": {
			"A": {
				"type": "Item",
				"code": "game:axe-*",
				"isTool": true,
				"toolDurabilityCost": 1
			},
			"F": {
				"type": "Item",
				"code": "game:firewood"
			}
		},
		"width": 1,
		"height": 2,
		"recipeGroup": 1,
		"output": {
			"type": "Item",
			"code": "game:stick",
			"quantity": 2
		}
	},
	{
		"ingredientPattern": "K,F",
		"ingredients": {
			"K": {
				"type": "Item",
				"code": "game:knife-*",
				"isTool": true,
				"toolDurabilityCost": 100
			},
			"F": {
				"type": "Item",
				"code": "game:firewood"
			}
		},
		"width": 1,
		"height": 2,
		"output": {
			"type": "Item",
			"code": "game:stick",
			"quantity": 4
		}
	}
]