[
  {
    "ingredientPattern": "HPP,S_P,_PP",
    "ingredients": {
      "H": {
        "type": "Item",
        "code": "game:hammer-*",
        "isTool": true,
        "toolDurabilityCost": 1
      },
      "P": {
        "type": "Item",
        "code": "game:plank-*"
      },
      "S": {
        "type": "Item",
        "code": "game:stick",
        "quantity": 10
      }
    },
    "width": 3,
    "height": 3,
    "output": {
      "type": "Block",
      "code": "game:cage-wooden-north",
      "quantity": 1
    }
  }
]