{
	"editor": {
		"allAngles": false,
		"entityTextureMode": false
	},
	"textureWidth": 16,
	"textureHeight": 16,
	"textureSizes": {
	},
	"textures": {
		"willow": "block/wood/bark/willow",
		"willow-h": "block/wood/bark/willow-h",
		"willow2": "block/wood/treetrunk/willow"
	},
	"elements": [
		{
			"name": "vertical1",
			"from": [ 7.2, -0.02, 7.2 ], 
			"to": [ 8.8, 16.02, 8.8 ], 
			"rotationOrigin": [ 8.7, 0.0, 8.7 ],
			"faces": {
				"north": { "texture": "#willow", "uv": [ 4.0, 0.0, 5.5, 16.0 ] },
				"east": { "texture": "#willow", "uv": [ 6.0, 0.0, 7.5, 16.0 ] },
				"south": { "texture": "#willow", "uv": [ 8.0, 0.0, 9.5, 16.0 ] },
				"west": { "texture": "#willow", "uv": [ 11.0, 0.0, 12.5, 16.0 ] },
				"up": { "texture": "#willow2", "uv": [ 7.0, 7.0, 8.5, 8.5 ] },
				"down": { "texture": "#willow2", "uv": [ 6.5, 7.0, 8.0, 8.5 ] }
			},
			"children": [
				{
					"name": "vertical2",
					"from": [ -5.0, 0.0, 0.0 ], 
					"to": [ -3.4, 16.04, 1.6 ], 
					"rotationOrigin": [ -3.5, 0.0, 1.5 ],
					"faces": {
						"north": { "texture": "#willow", "uv": [ 4.0, 0.0, 5.5, 16.0 ] },
						"east": { "texture": "#willow", "uv": [ 7.0, 0.0, 8.5, 16.0 ] },
						"south": { "texture": "#willow", "uv": [ 10.0, 0.0, 11.5, 16.0 ] },
						"west": { "texture": "#willow", "uv": [ 13.0, 0.0, 14.5, 16.0 ] },
						"up": { "texture": "#willow2", "uv": [ 7.0, 7.0, 8.5, 8.5 ] },
						"down": { "texture": "#willow2", "uv": [ 7.0, 7.0, 8.5, 8.5 ] }
					}
				},
				{
					"name": "vertical3",
					"from": [ 5.0, 0.0, 0.0 ], 
					"to": [ 6.6, 16.04, 1.6 ], 
					"rotationOrigin": [ 6.5, 0.0, 1.5 ],
					"faces": {
						"north": { "texture": "#willow", "uv": [ 13.0, 0.0, 14.5, 16.0 ] },
						"east": { "texture": "#willow", "uv": [ 10.0, 0.0, 11.5, 16.0 ] },
						"south": { "texture": "#willow", "uv": [ 7.0, 0.0, 8.5, 16.0 ] },
						"west": { "texture": "#willow", "uv": [ 4.0, 0.0, 5.5, 16.0 ] },
						"up": { "texture": "#willow2", "uv": [ 7.0, 7.0, 8.5, 8.5 ] },
						"down": { "texture": "#willow2", "uv": [ 7.0, 7.0, 8.5, 8.5 ] }
					}
				},
				{
					"name": "horizontal1",
					"from": [ -7.2, 14.82, 0.2 ], 
					"to": [ 8.8, 16.02, 1.4 ], 
					"rotationOrigin": [ 0.8, 15.8, 1.2 ],
					"faces": {
						"north": { "texture": "#willow-h", "uv": [ 0.0, 14.0, 16.0, 15.0 ] },
						"east": { "texture": "#willow2", "uv": [ 7.5, 7.5, 8.5, 8.5 ] },
						"south": { "texture": "#willow-h", "uv": [ 0.0, 1.0, 16.0, 2.0 ] },
						"west": { "texture": "#willow2", "uv": [ 7.0, 7.0, 8.0, 8.0 ] },
						"up": { "texture": "#willow-h", "uv": [ 0.0, 2.0, 16.0, 3.0 ] },
						"down": { "texture": "#willow-h", "uv": [ 0.0, 1.5, 16.0, 2.5 ] }
					},
					"children": [
						{
							"name": "horizontal2",
							"from": [ 0.0, -1.2, 0.0 ], 
							"to": [ 16.0, 0.0, 1.2 ], 
							"rotationOrigin": [ 8.0, -0.2, 1.0 ],
							"faces": {
								"north": { "texture": "#willow-h", "uv": [ 0.0, 12.5, 16.0, 13.5 ] },
								"east": { "texture": "#willow2", "uv": [ 7.0, 7.5, 8.0, 8.5 ] },
								"south": { "texture": "#willow-h", "uv": [ 0.0, 2.0, 16.0, 3.0 ] },
								"west": { "texture": "#willow2", "uv": [ 8.0, 7.5, 9.0, 8.5 ] },
								"up": { "texture": "#willow-h", "uv": [ 0.0, 13.5, 16.0, 14.5 ], "enabled": false, "windMode": [-1,-1,-1,-1] },
								"down": { "texture": "#willow-h", "uv": [ 0.0, 15.0, 16.0, 16.0 ], "enabled": false, "windMode": [-1,-1,-1,-1] }
							}
						},
						{
							"name": "horizontal3",
							"from": [ 0.0, -2.5, 0.0 ], 
							"to": [ 16.0, -1.2, 1.2 ], 
							"rotationOrigin": [ 8.0, -1.5, 1.0 ],
							"faces": {
								"north": { "texture": "#willow-h", "uv": [ 0.0, 1.0, 16.0, 2.0 ] },
								"east": { "texture": "#willow2", "uv": [ 6.5, 7.0, 7.5, 8.0 ] },
								"south": { "texture": "#willow-h", "uv": [ 0.0, 12.5, 16.0, 13.5 ] },
								"west": { "texture": "#willow2", "uv": [ 8.0, 8.5, 9.0, 9.5 ] },
								"up": { "texture": "#willow-h", "uv": [ 0.0, 14.5, 16.0, 15.5 ], "enabled": false, "windMode": [-1,-1,-1,-1] },
								"down": { "texture": "#willow-h", "uv": [ 0.0, 1.0, 16.0, 2.0 ], "enabled": false, "windMode": [-1,-1,-1,-1] }
							}
						},
						{
							"name": "horizontal4",
							"from": [ 0.0, -3.7, 0.0 ], 
							"to": [ 16.0, -2.5, 1.2 ], 
							"rotationOrigin": [ 8.0, -2.7, 1.0 ],
							"faces": {
								"north": { "texture": "#willow-h", "uv": [ 0.0, 14.0, 16.0, 15.0 ] },
								"east": { "texture": "#willow2", "uv": [ 8.5, 7.5, 9.5, 8.5 ] },
								"south": { "texture": "#willow-h", "uv": [ 0.0, 1.0, 16.0, 2.0 ] },
								"west": { "texture": "#willow2", "uv": [ 6.5, 7.0, 7.5, 8.0 ] },
								"up": { "texture": "#willow-h", "uv": [ 0.0, 2.0, 16.0, 3.0 ], "enabled": false, "windMode": [-1,-1,-1,-1] },
								"down": { "texture": "#willow-h", "uv": [ 0.0, 1.5, 16.0, 2.5 ], "enabled": false, "windMode": [-1,-1,-1,-1] }
							}
						},
						{
							"name": "horizontal5",
							"from": [ 0.0, -4.9, 0.0 ], 
							"to": [ 16.0, -3.7, 1.2 ], 
							"rotationOrigin": [ 8.0, -3.9, 1.0 ],
							"faces": {
								"north": { "texture": "#willow-h", "uv": [ 0.0, 1.0, 16.0, 2.0 ] },
								"east": { "texture": "#willow2", "uv": [ 7.0, 6.5, 8.0, 7.5 ] },
								"south": { "texture": "#willow-h", "uv": [ 0.0, 2.5, 16.0, 3.5 ] },
								"west": { "texture": "#willow2", "uv": [ 8.0, 8.0, 9.0, 9.0 ] },
								"up": { "texture": "#willow-h", "uv": [ 0.0, 3.5, 16.0, 4.5 ], "enabled": false, "windMode": [-1,-1,-1,-1] },
								"down": { "texture": "#willow-h", "uv": [ 0.0, 13.5, 16.0, 14.5 ], "enabled": false, "windMode": [-1,-1,-1,-1] }
							}
						},
						{
							"name": "horizontal6",
							"from": [ 0.0, -6.2, 0.0 ], 
							"to": [ 16.0, -4.9, 1.2 ], 
							"rotationOrigin": [ 8.0, -5.2, 1.0 ],
							"faces": {
								"north": { "texture": "#willow-h", "uv": [ 0.0, 4.0, 16.0, 5.0 ] },
								"east": { "texture": "#willow2", "uv": [ 7.5, 7.0, 8.5, 8.0 ] },
								"south": { "texture": "#willow-h", "uv": [ 0.0, 13.5, 16.0, 14.5 ] },
								"west": { "texture": "#willow2", "uv": [ 6.0, 7.0, 7.0, 8.0 ] },
								"up": { "texture": "#willow-h", "uv": [ 0.0, 0.5, 16.0, 1.5 ], "enabled": false, "windMode": [-1,-1,-1,-1] },
								"down": { "texture": "#willow-h", "uv": [ 0.0, 2.5, 16.0, 3.5 ], "enabled": false, "windMode": [-1,-1,-1,-1] }
							}
						},
						{
							"name": "horizontal7",
							"from": [ 0.0, -7.4, 0.0 ], 
							"to": [ 16.0, -6.2, 1.2 ], 
							"rotationOrigin": [ 8.0, -6.4, 1.0 ],
							"faces": {
								"north": { "texture": "#willow-h", "uv": [ 0.0, 10.5, 16.0, 11.5 ] },
								"east": { "texture": "#willow2", "uv": [ 8.5, 8.0, 9.5, 9.0 ] },
								"south": { "texture": "#willow-h", "uv": [ 0.0, 11.0, 16.0, 12.0 ] },
								"west": { "texture": "#willow2", "uv": [ 6.5, 6.5, 7.5, 7.5 ] },
								"up": { "texture": "#willow-h", "uv": [ 0.0, 2.5, 16.0, 3.5 ], "enabled": false, "windMode": [-1,-1,-1,-1] },
								"down": { "texture": "#willow-h", "uv": [ 0.0, 10.0, 16.0, 11.0 ], "enabled": false, "windMode": [-1,-1,-1,-1] }
							}
						},
						{
							"name": "horizontal8",
							"from": [ 0.0, -8.6, 0.0 ], 
							"to": [ 16.0, -7.4, 1.2 ], 
							"rotationOrigin": [ 8.0, -7.6, 1.0 ],
							"faces": {
								"north": { "texture": "#willow-h", "uv": [ 0.0, 14.0, 16.0, 15.0 ] },
								"east": { "texture": "#willow2", "uv": [ 7.0, 7.5, 8.0, 8.5 ] },
								"south": { "texture": "#willow-h", "uv": [ 0.0, 5.0, 16.0, 6.0 ] },
								"west": { "texture": "#willow2", "uv": [ 8.0, 7.5, 9.0, 8.5 ] },
								"up": { "texture": "#willow-h", "uv": [ 0.0, 7.0, 16.0, 8.0 ], "enabled": false, "windMode": [-1,-1,-1,-1] },
								"down": { "texture": "#willow-h", "uv": [ 0.0, 2.0, 16.0, 3.0 ], "enabled": false, "windMode": [-1,-1,-1,-1] }
							}
						},
						{
							"name": "horizontal9",
							"from": [ 0.0, -9.9, 0.0 ], 
							"to": [ 16.0, -8.6, 1.2 ], 
							"rotationOrigin": [ 8.0, -8.9, 1.0 ],
							"faces": {
								"north": { "texture": "#willow-h", "uv": [ 0.0, 3.0, 16.0, 4.0 ] },
								"east": { "texture": "#willow2", "uv": [ 8.5, 6.0, 9.5, 7.0 ] },
								"south": { "texture": "#willow-h", "uv": [ 0.0, 6.5, 16.0, 7.5 ] },
								"west": { "texture": "#willow2", "uv": [ 7.0, 7.5, 8.0, 8.5 ] },
								"up": { "texture": "#willow-h", "uv": [ 0.0, 12.0, 16.0, 13.0 ], "enabled": false, "windMode": [-1,-1,-1,-1] },
								"down": { "texture": "#willow-h", "uv": [ 0.0, 8.5, 16.0, 9.5 ], "enabled": false, "windMode": [-1,-1,-1,-1] }
							}
						},
						{
							"name": "horizonta10",
							"from": [ 0.0, -11.1, 0.0 ], 
							"to": [ 16.0, -9.9, 1.2 ], 
							"rotationOrigin": [ 8.0, -10.1, 1.0 ],
							"faces": {
								"north": { "texture": "#willow-h", "uv": [ 0.0, 11.0, 16.0, 12.0 ] },
								"east": { "texture": "#willow2", "uv": [ 8.5, 8.0, 9.5, 9.0 ] },
								"south": { "texture": "#willow-h", "uv": [ 0.0, 4.0, 16.0, 5.0 ] },
								"west": { "texture": "#willow2", "uv": [ 5.0, 9.0, 6.0, 10.0 ] },
								"up": { "texture": "#willow-h", "uv": [ 0.0, 12.0, 16.0, 13.0 ], "enabled": false, "windMode": [-1,-1,-1,-1] },
								"down": { "texture": "#willow-h", "uv": [ 0.0, 4.5, 16.0, 5.5 ], "enabled": false, "windMode": [-1,-1,-1,-1] }
							}
						},
						{
							"name": "horizonta13",
							"from": [ 0.0, -14.8, 0.0 ], 
							"to": [ 16.0, -13.5, 1.2 ], 
							"rotationOrigin": [ 8.0, -13.8, 1.0 ],
							"faces": {
								"north": { "texture": "#willow-h", "uv": [ 0.0, 6.0, 16.0, 7.0 ], "windMode": [-1,-1,-1,-1] },
								"east": { "texture": "#willow2", "uv": [ 9.0, 6.0, 10.0, 7.0 ] },
								"south": { "texture": "#willow-h", "uv": [ 0.0, 1.5, 16.0, 2.5 ] },
								"west": { "texture": "#willow2", "uv": [ 7.5, 9.5, 8.5, 10.5 ] },
								"up": { "texture": "#willow-h", "uv": [ 0.0, 12.0, 16.0, 13.0 ], "enabled": false, "windMode": [-1,-1,-1,-1] },
								"down": { "texture": "#willow-h", "uv": [ 0.0, 14.0, 16.0, 15.0 ] }
							}
						},
						{
							"name": "horizonta11",
							"from": [ 0.0, -12.3, 0.0 ], 
							"to": [ 16.0, -11.1, 1.2 ], 
							"rotationOrigin": [ 8.0, -11.3, 1.0 ],
							"faces": {
								"north": { "texture": "#willow-h", "uv": [ 0.0, 14.0, 16.0, 15.0 ] },
								"east": { "texture": "#willow2", "uv": [ 6.5, 9.0, 7.5, 10.0 ] },
								"south": { "texture": "#willow-h", "uv": [ 0.0, 1.5, 16.0, 2.5 ] },
								"west": { "texture": "#willow2", "uv": [ 6.5, 7.0, 7.5, 8.0 ] },
								"up": { "texture": "#willow-h", "uv": [ 0.0, 12.0, 16.0, 13.0 ], "enabled": false, "windMode": [-1,-1,-1,-1] },
								"down": { "texture": "#willow-h", "uv": [ 0.0, 4.5, 16.0, 5.5 ], "enabled": false, "windMode": [-1,-1,-1,-1] }
							}
						},
						{
							"name": "horizonta12",
							"from": [ 0.0, -13.5, 0.0 ], 
							"to": [ 16.0, -12.3, 1.2 ], 
							"rotationOrigin": [ 8.0, -12.5, 1.0 ],
							"faces": {
								"north": { "texture": "#willow-h", "uv": [ 0.0, 5.0, 16.0, 6.0 ] },
								"east": { "texture": "#willow2", "uv": [ 7.5, 6.0, 8.5, 7.0 ] },
								"south": { "texture": "#willow-h", "uv": [ 0.0, 8.0, 16.0, 9.0 ] },
								"west": { "texture": "#willow2", "uv": [ 7.5, 7.5, 8.5, 8.5 ] },
								"up": { "texture": "#willow-h", "uv": [ 0.0, 12.0, 16.0, 13.0 ], "enabled": false, "windMode": [-1,-1,-1,-1] },
								"down": { "texture": "#willow-h", "uv": [ 0.0, 4.5, 16.0, 5.5 ], "enabled": false, "windMode": [-1,-1,-1,-1] }
							}
						}
					]
				}
			]
		}
	]}