{
	"editor": {
		"allAngles": false,
		"entityTextureMode": false
	},
	"textureWidth": 16,
	"textureHeight": 16,
	"textureSizes": {
	},
	"textures": {
		"vertical": "block/wood/fence/acacia/vertical",
		"snowcover": "block/snow/normal1"
	},
	"elements": [
		{
			"name": "Center",
			"from": [ 6.5, 0.0, 6.5 ], 
			"to": [ 9.5, 16.0, 9.5 ], 
			"faces": {
				"north": { "texture": "#vertical", "uv": [ 0.0, 0.0, 3.0, 16.0 ] },
				"east": { "texture": "#vertical", "uv": [ 3.0, 0.0, 6.0, 16.0 ] },
				"south": { "texture": "#vertical", "uv": [ 6.0, 0.0, 9.0, 16.0 ] },
				"west": { "texture": "#vertical", "uv": [ 9.0, 0.0, 12.0, 16.0 ] },
				"up": { "texture": "#vertical", "uv": [ 5.0, 0.0, 8.0, 3.0 ] },
				"down": { "texture": "#vertical", "uv": [ 6.5, 0.0, 9.5, 3.0 ] }
			},
			"children": [
				{
					"name": "Center-snow",
					"from": [ 0.0, 16.01, 0.0 ], 
					"to": [ 3.0, 18.01, 3.0 ], 
					"faces": {
						"north": { "texture": "#snowcover", "uv": [ 0.0, 0.0, 3.0, 2.0 ] },
						"east": { "texture": "#snowcover", "uv": [ 3.0, 0.0, 6.0, 2.0 ] },
						"south": { "texture": "#snowcover", "uv": [ 6.0, 0.0, 9.0, 2.0 ] },
						"west": { "texture": "#snowcover", "uv": [ 9.0, 0.0, 12.0, 2.0 ] },
						"up": { "texture": "#snowcover", "uv": [ 5.0, 0.0, 8.0, 3.0 ] },
						"down": { "texture": "#snowcover", "uv": [ 6.5, 0.0, 9.5, 3.0 ] }
					}
				}
			]
		}
	]}