{
	"editor": {
		"allAngles": false,
		"entityTextureMode": false
	},
	"textureWidth": 16,
	"textureHeight": 16,
	"textureSizes": {
	},
	"textures": {
		"willow": "block/wood/bark/willow",
		"willow-h": "block/wood/bark/willow-h",
		"willow2": "block/wood/treetrunk/willow"
	},
	"elements": [
		{
			"name": "vertical1",
			"from": [ 7.2, 0.0, 7.2 ], 
			"to": [ 8.8, 16.0, 8.8 ], 
			"rotationOrigin": [ 8.0, 0.0, 8.0 ],
			"faces": {
				"north": { "texture": "#willow", "uv": [ 4.0, 0.0, 5.5, 16.0 ] },
				"east": { "texture": "#willow", "uv": [ 6.0, 0.0, 7.5, 16.0 ] },
				"south": { "texture": "#willow", "uv": [ 8.0, 0.0, 9.5, 16.0 ] },
				"west": { "texture": "#willow", "uv": [ 11.0, 0.0, 12.5, 16.0 ] },
				"up": { "texture": "#willow2", "uv": [ 7.0, 7.0, 8.5, 8.5 ] },
				"down": { "texture": "#willow2", "uv": [ 6.5, 7.0, 8.0, 8.5 ] }
			},
			"children": [
				{
					"name": "vertical2",
					"from": [ -5.0, 0.0, 0.0 ], 
					"to": [ -3.4, 16.0, 1.6 ], 
					"rotationOrigin": [ -3.5, 0.0, 1.5 ],
					"faces": {
						"north": { "texture": "#willow", "uv": [ 4.0, 0.0, 5.5, 16.0 ] },
						"east": { "texture": "#willow", "uv": [ 7.0, 0.0, 8.5, 16.0 ] },
						"south": { "texture": "#willow", "uv": [ 10.0, 0.0, 11.5, 16.0 ] },
						"west": { "texture": "#willow", "uv": [ 13.0, 0.0, 14.5, 16.0 ] },
						"up": { "texture": "#willow2", "uv": [ 7.0, 7.0, 8.5, 8.5 ] },
						"down": { "texture": "#willow2", "uv": [ 7.0, 7.0, 8.5, 8.5 ] }
					}
				},
				{
					"name": "horizontal1",
					"from": [ -7.2, 14.6, 0.2 ], 
					"to": [ 0.8, 15.8, 1.4 ], 
					"rotationOrigin": [ 0.8, 15.6, 1.2 ],
					"faces": {
						"north": { "texture": "#willow-h", "uv": [ 0.0, 14.0, 8.0, 15.0 ] },
						"east": { "texture": "#willow2", "uv": [ 7.5, 7.5, 8.5, 8.5 ] },
						"south": { "texture": "#willow-h", "uv": [ 0.0, 1.0, 8.0, 2.0 ] },
						"west": { "texture": "#willow2", "uv": [ 7.0, 7.0, 8.0, 8.0 ] },
						"up": { "texture": "#willow-h", "uv": [ 0.0, 2.0, 8.0, 3.0 ] },
						"down": { "texture": "#willow-h", "uv": [ 0.0, 1.5, 8.0, 2.5 ] }
					}
				},
				{
					"name": "horizontal4",
					"from": [ -7.2, 9.8, 0.2 ], 
					"to": [ 0.8, 11.0, 1.4 ], 
					"rotationOrigin": [ 0.8, 10.8, 1.2 ],
					"faces": {
						"north": { "texture": "#willow-h", "uv": [ 0.0, 14.0, 8.0, 15.0 ] },
						"east": { "texture": "#willow2", "uv": [ 8.5, 7.5, 9.5, 8.5 ] },
						"south": { "texture": "#willow-h", "uv": [ 0.0, 1.0, 8.0, 2.0 ] },
						"west": { "texture": "#willow2", "uv": [ 6.5, 7.0, 7.5, 8.0 ] },
						"up": { "texture": "#willow-h", "uv": [ 0.0, 2.0, 8.0, 3.0 ] },
						"down": { "texture": "#willow-h", "uv": [ 0.0, 1.5, 8.0, 2.5 ] }
					}
				},
				{
					"name": "horizontal7",
					"from": [ -7.2, 5.0, 0.2 ], 
					"to": [ 0.8, 6.2, 1.4 ], 
					"rotationOrigin": [ 0.8, 6.0, 1.2 ],
					"faces": {
						"north": { "texture": "#willow-h", "uv": [ 0.0, 10.5, 8.0, 11.5 ] },
						"east": { "texture": "#willow2", "uv": [ 8.5, 8.0, 9.5, 9.0 ] },
						"south": { "texture": "#willow-h", "uv": [ 0.0, 11.0, 8.0, 12.0 ] },
						"west": { "texture": "#willow2", "uv": [ 6.5, 6.5, 7.5, 7.5 ] },
						"up": { "texture": "#willow-h", "uv": [ 0.0, 2.5, 8.0, 3.5 ] },
						"down": { "texture": "#willow-h", "uv": [ 0.0, 10.0, 8.0, 11.0 ] }
					}
				},
				{
					"name": "horizontal2",
					"from": [ -7.2, 13.0, 0.2 ], 
					"to": [ 0.8, 14.2, 1.4 ], 
					"rotationOrigin": [ 0.8, 14.0, 1.2 ],
					"faces": {
						"north": { "texture": "#willow-h", "uv": [ 0.0, 12.5, 8.0, 13.5 ] },
						"east": { "texture": "#willow2", "uv": [ 7.0, 7.5, 8.0, 8.5 ] },
						"south": { "texture": "#willow-h", "uv": [ 0.0, 2.0, 8.0, 3.0 ] },
						"west": { "texture": "#willow2", "uv": [ 8.0, 7.5, 9.0, 8.5 ] },
						"up": { "texture": "#willow-h", "uv": [ 0.0, 13.5, 8.0, 14.5 ] },
						"down": { "texture": "#willow-h", "uv": [ 0.0, 15.0, 8.0, 16.0 ] }
					}
				},
				{
					"name": "horizontal3",
					"from": [ -7.2, 11.4, 0.2 ], 
					"to": [ 0.8, 12.6, 1.4 ], 
					"rotationOrigin": [ 0.8, 12.4, 1.2 ],
					"faces": {
						"north": { "texture": "#willow-h", "uv": [ 0.0, 1.0, 8.0, 2.0 ] },
						"east": { "texture": "#willow2", "uv": [ 6.5, 7.0, 7.5, 8.0 ] },
						"south": { "texture": "#willow-h", "uv": [ 0.0, 12.5, 8.0, 13.5 ] },
						"west": { "texture": "#willow2", "uv": [ 8.0, 8.5, 9.0, 9.5 ] },
						"up": { "texture": "#willow-h", "uv": [ 0.0, 14.5, 8.0, 15.5 ] },
						"down": { "texture": "#willow-h", "uv": [ 0.0, 1.0, 8.0, 2.0 ] }
					}
				},
				{
					"name": "horizontal5",
					"from": [ -7.2, 8.2, 0.2 ], 
					"to": [ 0.8, 9.4, 1.4 ], 
					"rotationOrigin": [ 0.8, 9.2, 1.2 ],
					"faces": {
						"north": { "texture": "#willow-h", "uv": [ 0.0, 1.0, 8.0, 2.0 ] },
						"east": { "texture": "#willow2", "uv": [ 7.0, 6.5, 8.0, 7.5 ] },
						"south": { "texture": "#willow-h", "uv": [ 0.0, 2.5, 8.0, 3.5 ] },
						"west": { "texture": "#willow2", "uv": [ 8.0, 8.0, 9.0, 9.0 ] },
						"up": { "texture": "#willow-h", "uv": [ 0.0, 3.5, 8.0, 4.5 ] },
						"down": { "texture": "#willow-h", "uv": [ 0.0, 13.5, 8.0, 14.5 ] }
					}
				},
				{
					"name": "horizontal6",
					"from": [ -7.2, 6.6, 0.2 ], 
					"to": [ 0.8, 7.8, 1.4 ], 
					"rotationOrigin": [ 0.8, 7.6, 1.2 ],
					"faces": {
						"north": { "texture": "#willow-h", "uv": [ 0.0, 4.0, 8.0, 5.0 ] },
						"east": { "texture": "#willow2", "uv": [ 7.5, 7.0, 8.5, 8.0 ] },
						"south": { "texture": "#willow-h", "uv": [ 0.0, 13.5, 8.0, 14.5 ] },
						"west": { "texture": "#willow2", "uv": [ 6.0, 7.0, 7.0, 8.0 ] },
						"up": { "texture": "#willow-h", "uv": [ 0.0, 0.5, 8.0, 1.5 ] },
						"down": { "texture": "#willow-h", "uv": [ 0.0, 2.5, 8.0, 3.5 ] }
					}
				},
				{
					"name": "horizontal8",
					"from": [ -7.2, 3.4, 0.2 ], 
					"to": [ 0.8, 4.6, 1.4 ], 
					"rotationOrigin": [ 0.8, 4.4, 1.2 ],
					"faces": {
						"north": { "texture": "#willow-h", "uv": [ 0.0, 14.0, 8.0, 15.0 ] },
						"east": { "texture": "#willow2", "uv": [ 7.0, 7.5, 8.0, 8.5 ] },
						"south": { "texture": "#willow-h", "uv": [ 0.0, 5.0, 8.0, 6.0 ] },
						"west": { "texture": "#willow2", "uv": [ 8.0, 7.5, 9.0, 8.5 ] },
						"up": { "texture": "#willow-h", "uv": [ 0.0, 7.0, 8.0, 8.0 ] },
						"down": { "texture": "#willow-h", "uv": [ 0.0, 2.0, 8.0, 3.0 ] }
					}
				},
				{
					"name": "horizontal9",
					"from": [ -7.2, 1.8, 0.2 ], 
					"to": [ 0.8, 3.0, 1.4 ], 
					"rotationOrigin": [ 0.8, 2.8, 1.2 ],
					"faces": {
						"north": { "texture": "#willow-h", "uv": [ 0.0, 3.0, 8.0, 4.0 ] },
						"east": { "texture": "#willow2", "uv": [ 8.5, 6.0, 9.5, 7.0 ] },
						"south": { "texture": "#willow-h", "uv": [ 0.0, 6.5, 8.0, 7.5 ] },
						"west": { "texture": "#willow2", "uv": [ 7.0, 7.5, 8.0, 8.5 ] },
						"up": { "texture": "#willow-h", "uv": [ 0.0, 12.0, 8.0, 13.0 ] },
						"down": { "texture": "#willow-h", "uv": [ 0.0, 8.5, 8.0, 9.5 ] }
					}
				},
				{
					"name": "horizontal10",
					"from": [ -7.2, 0.2, 0.2 ], 
					"to": [ 0.8, 1.4, 1.4 ], 
					"rotationOrigin": [ 0.8, 1.2, 1.2 ],
					"faces": {
						"north": { "texture": "#willow-h", "uv": [ 0.0, 11.0, 8.0, 12.0 ] },
						"east": { "texture": "#willow2", "uv": [ 8.5, 8.0, 9.5, 9.0 ] },
						"south": { "texture": "#willow-h", "uv": [ 0.0, 4.0, 8.0, 5.0 ] },
						"west": { "texture": "#willow2", "uv": [ 5.0, 9.0, 6.0, 10.0 ] },
						"up": { "texture": "#willow-h", "uv": [ 0.0, 12.0, 8.0, 13.0 ] },
						"down": { "texture": "#willow-h", "uv": [ 0.0, 4.5, 8.0, 5.5 ] }
					}
				}
			]
		}
	]}