[
  {
    "op": "add",
    "path": "/behaviors",
    "value": [{
  		name: "GroundStorable",
  		properties: {
  			layout: 'Stacking',
  			placeRemoveSound: 'game:sounds/block/ceramicplace',
  			stackingModel: 'usefulstuff:block/stackables/rockpile',
  			tessQuantityElements: 1,
  			stackingCapacity: 72,
  			transferQuantity: 1,
  			bulkTransferQuantity: 72,
  			collisionBox: { x1: 0, y1: 0, z1: 0, x2: 1, y2: 0.125, z2: 1 },
  			cbHeightMulFactor: 0.11111111111
  		}
  	}],
    "file": "game:itemtypes/resource/stone.json",
    "condition": { "when": "USstackablesEnabled", "isValue": "true" }
  },
]
