{
	code: "gasmask",
	class: "ItemGasMask",
	shape: {
			base: "usefulstuff:item/clothing/gasmask"
		},
	storageFlags: 128,
	attributes: {
    gassysGasMaskProtection: [
      "nitrogendioxide",
      "sulfurdioxide",
			"coaldust",
			"silicadust"
    ],
			wearableAttachment: true,
			clothescategory: "face",
			disableElements: ["hidefacialhair"],
			warmth: 5
		},
	textures: {
			"seraph": { base: "game:block/transparent" },
      "white-wooden-mask": { base: "usefulstuff:item/armor/gasmask"}
		},
	creativeinventory: { "general": ["*"], "items": ["*"], "clothing": ["*"] },
  durability: 1200,
	renderAlphaTest: 0.25,
	guiTransform: {
			rotation: { x: 1, y: -121, z: -167 },
			origin: { x: 0.45, y: 1.66, z: 0.5 },
			scale: 3
		},
	tpHandTransform: {
		translation: { x: -0.8, y: -2.7, z: -0.9 },
		rotation: { x: 51, y: 149, z: 42 },
		origin: { x: 0.5, y: 1.5, z: 0.5 },
		scale: 0.55
	},
	groundTransform: {
		rotation: { x: 0, y: 0, z: 0 },
		origin: { x: 0.5, y: 1.5, z: 0.5299 },
		scale: 2.58
	},
	fpHandTransform: {
		translation: { x: 0.08, y: -0.21, z: -0.5 },
		rotation: { x: 180, y: 42, z: -29 },
		origin: { x: 0.5, y: 1, z: 0.5 },
		scale: 2.5
	}
}
