[
  {
    "op": "add",
    "path": "/attributesByType/*-mechanical",
    "value": {
      "handbook": {
        "exclude": true
      },
      "stacks": [
        {
          "type": "item",
          "code": "pounder-oak",
          "chance": 10
        },
        {
          "type": "item",
          "code": "pulverizertoggle-oak",
          "chance": 10
        },
        {
          "type": "item",
          "code": "largegearsection-wood",
          "chance": 5
        },
        {
          "type": "item",
          "code": "chutesection-copper",
          "quantity": {
            "avg": 3,
            "var": 2
          },
          "chance": 10
        },
        {
          "type": "item",
          "code": "fat",
          "quantity": {
            "avg": 4,
            "var": 2
          },
          "chance": 50
        },
        {
          "type": "item",
          "code": "resin",
          "quantity": {
            "avg": 4,
            "var": 2
          },
          "chance": 50
        },
        {
          "type": "item",
          "code": "sail",
          "quantity": {
            "avg": 4
          },
          "chance": 5
        },
        {
          "type": "block",
          "code": "woodenaxle-ud",
          "quantity": {
            "avg": 4,
            "var": 3
          },
          "chance": 10
        },
        {
          "type": "block",
          "code": "brake-north",
          "chance": 10
        },
        {
          "type": "block",
          "code": "clutch-north",
          "chance": 10
        },
        {
          "type": "block",
          "code": "helvehammerbase-north",
          "chance": 10
        },
        {
          "type": "block",
          "code": "largegear3",
          "chance": 5
        },
        {
          "type": "block",
          "code": "pulverizerframe-north",
          "chance": 10
        },
        {
          "type": "block",
          "code": "woodentoggle-ns",
          "chance": 10
        },
        {
          "type": "block",
          "code": "transmission-ns",
          "chance": 10
        },
        {
          "type": "block",
          "code": "windmillrotor-north",
          "chance": 10
        },
        {
          "type": "block",
          "code": "quern-granite",
          "chance": 10
        },
        {
          "type": "block",
          "code": "quern-andesite",
          "chance": 10
        },
        {
          "type": "block",
          "code": "quern-basalt",
          "chance": 10
        },
        {
          "type": "block",
          "code": "quern-peridotite",
          "chance": 10
        },
        {
          "type": "block",
          "code": "archimedesscrew-straight",
          "chance": 5
        },
        {
          "type": "block",
          "code": "archimedesscrew-ported-north",
          "chance": 5
        },
        {
          "type": "block",
          "code": "chute-cross-ground",
          "chance": 10
        },
        {
          "type": "block",
          "code": "chute-straight-ns",
          "chance": 10
        },
        {
          "type": "block",
          "code": "chute-t-ns",
          "chance": 10
        },
        {
          "type": "block",
          "code": "chute-elbow-down-east",
          "chance": 10
        },
        {
          "type": "block",
          "code": "chute-3way-down-east",
          "chance": 10
        },
        {
          "type": "block",
          "code": "hopper",
          "chance": 10
        }
      ]
    },
    "file": "game:itemtypes/meta/stackrandomizer.json",
    "side": "Server"
  },
  {
    "op": "add",
    "path": "/variantgroups/0/states/-",
    "value": "mechanical",
    "file": "game:itemtypes/meta/stackrandomizer.json",
    "side": "Server"
  }
]