[
  {
    "op": "add",
    "path": "/attributesByType/*-buildingblocks",
    "value": {
      "handbook": {
        "exclude": true
      },
      "stacks": [
        {
          "type": "block",
          "code": "wallpaper-blue4",
          "quantity": {
            "avg": 10,
            "var": 5
          },
          "chance": 10
        },
        {
          "type": "block",
          "code": "wallpaper-green1",
          "quantity": {
            "avg": 10,
            "var": 5
          },
          "chance": 10
        },
        {
          "type": "block",
          "code": "wallpaper-grey1",
          "quantity": {
            "avg": 10,
            "var": 5
          },
          "chance": 10
        },
        {
          "type": "block",
          "code": "wallpaper-brown",
          "quantity": {
            "avg": 10,
            "var": 5
          },
          "chance": 10
        },
        {
          "type": "block",
          "code": "wallpaper-walnut",
          "quantity": {
            "avg": 10,
            "var": 5
          },
          "chance": 10
        },
        {
          "type": "block",
          "code": "wallpaper-darkpurple",
          "quantity": {
            "avg": 10,
            "var": 5
          },
          "chance": 10
        },
        {
          "type": "block",
          "code": "wallpaper-yellow",
          "quantity": {
            "avg": 10,
            "var": 5
          },
          "chance": 10
        },
        {
          "type": "block",
          "code": "wallpaper-pink",
          "quantity": {
            "avg": 10,
            "var": 5
          },
          "chance": 10
        },
        {
          "type": "block",
          "code": "wallpaper-lightgreen",
          "quantity": {
            "avg": 10,
            "var": 5
          },
          "chance": 10
        },
        {
          "type": "block",
          "code": "spiderweb",
          "quantity": {
            "avg": 10,
            "var": 2
          },
          "chance": 50
        },
        {
          "type": "block",
          "code": "clayshingleblock-fire",
          "quantity": {
            "avg": 20,
            "var": 10
          },
          "chance": 10
        },
        {
          "type": "block",
          "code": "log-placed-aged-ud",
          "quantity": {
            "avg": 40,
            "var": 20
          },
          "chance": 10
        },
        {
          "type": "block",
          "code": "log-placed-birch-ud",
          "quantity": {
            "avg": 40,
            "var": 20
          },
          "chance": 10
        },
        {
          "type": "block",
          "code": "log-placed-oak-ud",
          "quantity": {
            "avg": 40,
            "var": 20
          },
          "chance": 10
        },
        {
          "type": "block",
          "code": "mudbrick-light",
          "quantity": {
            "avg": 20,
            "var": 10
          },
          "chance": 10
        },
        {
          "type": "block",
          "code": "mudbrick-dark",
          "quantity": {
            "avg": 20,
            "var": 10
          },
          "chance": 10
        },
        {
          "type": "block",
          "code": "mudbrickslab-dark-down-free",
          "quantity": {
            "avg": 20,
            "var": 10
          },
          "chance": 10
        },
        {
          "type": "block",
          "code": "log-placed-walnut-ud",
          "quantity": {
            "avg": 40,
            "var": 20
          },
          "chance": 10
        },
        {
          "type": "block",
          "code": "planks-aged-ns",
          "quantity": {
            "avg": 40,
            "var": 20
          },
          "chance": 10
        },
        {
          "type": "block",
          "code": "plankslab-aged-down-free",
          "quantity": {
            "avg": 40,
            "var": 20
          },
          "chance": 10
        },
        {
          "type": "block",
          "code": "plankstairs-aged-up-north-free",
          "quantity": {
            "avg": 40,
            "var": 20
          },
          "chance": 10
        },
        {
          "type": "block",
          "code": "agedwallpaperplanks-blue-east",
          "quantity": {
            "avg": 10,
            "var": 5
          },
          "chance": 10
        },
        {
          "type": "block",
          "code": "agedwallpaperplanks-green-east",
          "quantity": {
            "avg": 10,
            "var": 5
          },
          "chance": 10
        },
        {
          "type": "block",
          "code": "agedwallpaperplanks-grey-east",
          "quantity": {
            "avg": 10,
            "var": 5
          },
          "chance": 10
        },
        {
          "type": "block",
          "code": "table-normal",
          "chance": 10
        },
        {
          "type": "block",
          "code": "table-redmarble",
          "chance": 10
        },
        {
          "type": "block",
          "code": "table-greenmarble",
          "chance": 10
        },
        {
          "type": "block",
          "code": "carvedlog-acacia-aged-bottom-plain-ud",
          "quantity": {
            "avg": 20,
            "var": 10
          },
          "chance": 10
        },
        {
          "type": "block",
          "code": "carvedlog-acacia-aged-middle-plain-ud",
          "quantity": {
            "avg": 20,
            "var": 10
          },
          "chance": 10
        },
        {
          "type": "block",
          "code": "carvedlog-acacia-aged-top-plain-ud",
          "quantity": {
            "avg": 20,
            "var": 10
          },
          "chance": 10
        },
        {
          "type": "block",
          "code": "carvedlog-acacia-aged-bottom-fancy-ud",
          "quantity": {
            "avg": 20,
            "var": 10
          },
          "chance": 10
        },
        {
          "type": "block",
          "code": "carvedlog-acacia-aged-middle-fancy-ud",
          "quantity": {
            "avg": 20,
            "var": 10
          },
          "chance": 10
        },
        {
          "type": "block",
          "code": "carvedlog-acacia-aged-top-fancy-ud",
          "quantity": {
            "avg": 20,
            "var": 10
          },
          "chance": 10
        },
        {
          "type": "block",
          "code": "debarkedlog-aged-ud",
          "quantity": {
            "avg": 30,
            "var": 20
          },
          "chance": 10
        },
        {
          "type": "block",
          "code": "debarkedlog-veryaged-ud",
          "quantity": {
            "avg": 30,
            "var": 20
          },
          "chance": 10
        },
        {
          "type": "block",
          "code": "debarkedlog-veryagedrotten-ud",
          "quantity": {
            "avg": 30,
            "var": 20
          },
          "chance": 10
        },
        {
          "type": "block",
          "code": "debarkedlog-oak-ud",
          "quantity": {
            "avg": 30,
            "var": 20
          },
          "chance": 10
        },
        {
          "type": "block",
          "code": "debarkedlog-birch-ud",
          "quantity": {
            "avg": 30,
            "var": 20
          },
          "chance": 10
        },
        {
          "type": "block",
          "code": "planks-agedebony-ns",
          "quantity": {
            "avg": 30,
            "var": 20
          },
          "chance": 10
        },
        {
          "type": "block",
          "code": "planks-rottenebony-ns",
          "quantity": {
            "avg": 30,
            "var": 20
          },
          "chance": 10
        },
        {
          "type": "block",
          "code": "clayshingleblock-red",
          "quantity": {
            "avg": 20,
            "var": 10
          },
          "chance": 10
        },
        {
          "type": "block",
          "code": "smallcarpet-red",
          "quantity": {
            "avg": 4,
            "var": 2
          },
          "chance": 10
        },
        {
          "type": "block",
          "code": "smallcarpet-purple",
          "quantity": {
            "avg": 4,
            "var": 2
          },
          "chance": 10
        },
        {
          "type": "block",
          "code": "smallcarpet-turqoise",
          "quantity": {
            "avg": 4,
            "var": 2
          },
          "chance": 10
        },
        {
          "type": "block",
          "code": "smallcarpet-turqoise2",
          "quantity": {
            "avg": 4,
            "var": 2
          },
          "chance": 10
        },
        {
          "type": "block",
          "code": "clayshinglelabs-blue-down-free",
          "quantity": {
            "avg": 20,
            "var": 10
          },
          "chance": 10
        },
        {
          "type": "block",
          "code": "clayshinglelabs-brown-down-free",
          "quantity": {
            "avg": 20,
            "var": 10
          },
          "chance": 10
        },
        {
          "type": "block",
          "code": "clayshinglelabs-fire-down-free",
          "quantity": {
            "avg": 20,
            "var": 10
          },
          "chance": 10
        },
        {
          "type": "block",
          "code": "slantedroofing-slate-east-free",
          "quantity": {
            "avg": 20,
            "var": 10
          },
          "chance": 10
        },
        {
          "type": "block",
          "code": "slantedroofingcornerinner-slate-east-free",
          "quantity": {
            "avg": 20,
            "var": 10
          },
          "chance": 10
        },
        {
          "type": "block",
          "code": "slantedroofingcornerouter-slate-east-free",
          "quantity": {
            "avg": 20,
            "var": 10
          },
          "chance": 10
        },
        {
          "type": "block",
          "code": "slantedroofingridge-slate-ns-free",
          "quantity": {
            "avg": 20,
            "var": 10
          },
          "chance": 10
        },
        {
          "type": "block",
          "code": "slantedroofingtip-slate-free",
          "quantity": {
            "avg": 20,
            "var": 10
          },
          "chance": 10
        },
        {
          "type": "block",
          "code": "quartz-plain",
          "quantity": {
            "avg": 4,
            "var": 2
          },
          "chance": 10
        },
        {
          "type": "block",
          "code": "quartz-ornate",
          "quantity": {
            "avg": 4,
            "var": 2
          },
          "chance": 10
        },
        {
          "type": "block",
          "code": "quartzpillar-ud",
          "quantity": {
            "avg": 4,
            "var": 2
          },
          "chance": 10
        },
        {
          "type": "block",
          "code": "quartzslab-down-free",
          "quantity": {
            "avg": 4,
            "var": 2
          },
          "chance": 10
        },
        {
          "type": "block",
          "code": "quartzstairs-up-north-free",
          "quantity": {
            "avg": 4,
            "var": 2
          },
          "chance": 10
        },
        {
          "type": "block",
          "code": "plaster-diagonal-ud",
          "quantity": {
            "avg": 30,
            "var": 10
          },
          "chance": 10
        },
        {
          "type": "block",
          "code": "plaster-stripes-ud",
          "quantity": {
            "avg": 30,
            "var": 10
          },
          "chance": 10
        },
        {
          "type": "block",
          "code": "plaster-plain",
          "quantity": {
            "avg": 30,
            "var": 10
          },
          "chance": 10
        },
        {
          "type": "block",
          "code": "plaster-square",
          "quantity": {
            "avg": 30,
            "var": 10
          },
          "chance": 10
        },
        {
          "type": "block",
          "code": "slantedroofing-copper-east-free",
          "quantity": {
            "avg": 20,
            "var": 10
          },
          "chance": 10
        },
        {
          "type": "block",
          "code": "slantedroofingcornerinner-copper-east-free",
          "quantity": {
            "avg": 20,
            "var": 10
          },
          "chance": 10
        },
        {
          "type": "block",
          "code": "slantedroofingcornerouter-copper-east-free",
          "quantity": {
            "avg": 20,
            "var": 10
          },
          "chance": 10
        },
        {
          "type": "block",
          "code": "slantedroofingridge-copper-ns-free",
          "quantity": {
            "avg": 20,
            "var": 10
          },
          "chance": 10
        },
        {
          "type": "block",
          "code": "slantedroofingtip-copper-free",
          "quantity": {
            "avg": 20,
            "var": 10
          },
          "chance": 10
        },
        {
          "type": "block",
          "code": "hay-aged-ud",
          "quantity": {
            "avg": 20,
            "var": 10
          },
          "chance": 20
        },
        {
          "type": "block",
          "code": "claybricks-blue",
          "quantity": {
            "avg": 20,
            "var": 10
          },
          "chance": 10
        },
        {
          "type": "block",
          "code": "claybricks-brown",
          "quantity": {
            "avg": 20,
            "var": 10
          },
          "chance": 10
        },
        {
          "type": "block",
          "code": "claybricks-fire",
          "quantity": {
            "avg": 20,
            "var": 10
          },
          "chance": 10
        },
        {
          "type": "block",
          "code": "claybricks-red",
          "quantity": {
            "avg": 20,
            "var": 10
          },
          "chance": 10
        },
        {
          "type": "block",
          "code": "brickslabs-blue-down-free",
          "quantity": {
            "avg": 20,
            "var": 10
          },
          "chance": 10
        },
        {
          "type": "block",
          "code": "brickslabs-brown-down-free",
          "quantity": {
            "avg": 20,
            "var": 10
          },
          "chance": 10
        },
        {
          "type": "block",
          "code": "brickslabs-fire-down-free",
          "quantity": {
            "avg": 20,
            "var": 10
          },
          "chance": 10
        },
        {
          "type": "block",
          "code": "brickslabs-red-down-free",
          "quantity": {
            "avg": 20,
            "var": 10
          },
          "chance": 10
        },
        {
          "type": "block",
          "code": "brickstairs-blue-up-north-free",
          "quantity": {
            "avg": 20,
            "var": 10
          },
          "chance": 10
        },
        {
          "type": "block",
          "code": "brickstairs-brown-up-north-free",
          "quantity": {
            "avg": 20,
            "var": 10
          },
          "chance": 10
        },
        {
          "type": "block",
          "code": "brickstairs-fire-up-north-free",
          "quantity": {
            "avg": 20,
            "var": 10
          },
          "chance": 10
        },
        {
          "type": "block",
          "code": "brickstairs-red-up-north-free",
          "quantity": {
            "avg": 20,
            "var": 10
          },
          "chance": 10
        },
        {
          "type": "block",
          "code": "clayshingleblock-blue",
          "quantity": {
            "avg": 20,
            "var": 10
          },
          "chance": 10
        },
        {
          "type": "block",
          "code": "clayshingleblock-brown",
          "quantity": {
            "avg": 20,
            "var": 10
          },
          "chance": 10
        },
        {
          "type": "block",
          "code": "clayshinglelabs-red-down-free",
          "quantity": {
            "avg": 20,
            "var": 10
          },
          "chance": 10
        },
        {
          "type": "block",
          "code": "clayshinglestairs-blue-up-north-free",
          "quantity": {
            "avg": 20,
            "var": 10
          },
          "chance": 10
        },
        {
          "type": "block",
          "code": "clayshinglestairs-brown-up-north-free",
          "quantity": {
            "avg": 20,
            "var": 10
          },
          "chance": 10
        },
        {
          "type": "block",
          "code": "clayshinglestairs-fire-up-north-free",
          "quantity": {
            "avg": 20,
            "var": 10
          },
          "chance": 10
        },
        {
          "type": "block",
          "code": "clayshinglestairs-red-up-north-free",
          "quantity": {
            "avg": 20,
            "var": 10
          },
          "chance": 10
        },
        {
          "type": "block",
          "code": "slantedroofing-fireclay-east-free",
          "quantity": {
            "avg": 20,
            "var": 10
          },
          "chance": 10
        },
        {
          "type": "block",
          "code": "slantedroofing-blueclay-east-free",
          "quantity": {
            "avg": 20,
            "var": 10
          },
          "chance": 10
        },
        {
          "type": "block",
          "code": "slantedroofing-redclay-east-free",
          "quantity": {
            "avg": 20,
            "var": 10
          },
          "chance": 10
        },
        {
          "type": "block",
          "code": "slantedroofing-brownclay-east-free",
          "quantity": {
            "avg": 20,
            "var": 10
          },
          "chance": 10
        },
        {
          "type": "block",
          "code": "slantedroofingcornerinner-fireclay-east-free",
          "quantity": {
            "avg": 20,
            "var": 10
          },
          "chance": 10
        },
        {
          "type": "block",
          "code": "slantedroofingcornerinner-blueclay-east-free",
          "quantity": {
            "avg": 20,
            "var": 10
          },
          "chance": 10
        },
        {
          "type": "block",
          "code": "slantedroofingcornerinner-redclay-east-free",
          "quantity": {
            "avg": 20,
            "var": 10
          },
          "chance": 10
        },
        {
          "type": "block",
          "code": "slantedroofingcornerinner-brownclay-east-free",
          "quantity": {
            "avg": 20,
            "var": 10
          },
          "chance": 10
        },
        {
          "type": "block",
          "code": "slantedroofingcornerouter-fireclay-east-free",
          "quantity": {
            "avg": 20,
            "var": 10
          },
          "chance": 10
        },
        {
          "type": "block",
          "code": "slantedroofingcornerouter-blueclay-east-free",
          "quantity": {
            "avg": 20,
            "var": 10
          },
          "chance": 10
        },
        {
          "type": "block",
          "code": "slantedroofingcornerouter-redclay-east-free",
          "quantity": {
            "avg": 20,
            "var": 10
          },
          "chance": 10
        },
        {
          "type": "block",
          "code": "slantedroofingcornerouter-brownclay-east-free",
          "quantity": {
            "avg": 20,
            "var": 10
          },
          "chance": 10
        },
        {
          "type": "block",
          "code": "slantedroofingridge-fireclay-ns-free",
          "quantity": {
            "avg": 20,
            "var": 10
          },
          "chance": 10
        },
        {
          "type": "block",
          "code": "slantedroofingridge-blueclay-ns-free",
          "quantity": {
            "avg": 20,
            "var": 10
          },
          "chance": 10
        },
        {
          "type": "block",
          "code": "slantedroofingridge-redclay-ns-free",
          "quantity": {
            "avg": 20,
            "var": 10
          },
          "chance": 10
        },
        {
          "type": "block",
          "code": "slantedroofingridge-brownclay-ns-free",
          "quantity": {
            "avg": 20,
            "var": 10
          },
          "chance": 10
        },
        {
          "type": "block",
          "code": "slantedroofingtip-fireclay-free",
          "quantity": {
            "avg": 20,
            "var": 10
          },
          "chance": 10
        },
        {
          "type": "block",
          "code": "slantedroofingtip-blueclay-free",
          "quantity": {
            "avg": 20,
            "var": 10
          },
          "chance": 10
        },
        {
          "type": "block",
          "code": "slantedroofingtip-redclay-free",
          "quantity": {
            "avg": 20,
            "var": 10
          },
          "chance": 10
        },
        {
          "type": "block",
          "code": "slantedroofingtip-brownclay-free",
          "quantity": {
            "avg": 20,
            "var": 10
          },
          "chance": 10
        },
        {
          "type": "block",
          "code": "mediumcarpet-black-ns",
          "quantity": {
            "avg": 5,
            "var": 4
          },
          "chance": 10
        },
        {
          "type": "block",
          "code": "mediumcarpet-blue-ns",
          "quantity": {
            "avg": 5,
            "var": 4
          },
          "chance": 10
        },
        {
          "type": "block",
          "code": "mediumcarpet-turqoise-ns",
          "quantity": {
            "avg": 5,
            "var": 4
          },
          "chance": 10
        },
        {
          "type": "block",
          "code": "rushmat",
          "quantity": {
            "avg": 5,
            "var": 4
          },
          "chance": 10
        },
        {
          "type": "block",
          "code": "smallcarpet-black",
          "quantity": {
            "avg": 5,
            "var": 4
          },
          "chance": 10
        },
        {
          "type": "block",
          "code": "smallcarpet-blue",
          "quantity": {
            "avg": 5,
            "var": 4
          },
          "chance": 10
        },
        {
          "type": "block",
          "code": "smallcarpet-brown",
          "quantity": {
            "avg": 5,
            "var": 4
          },
          "chance": 10
        },
        {
          "type": "block",
          "code": "bookshelf",
          "attributes": {"type": "2row1col", "material": "oak"},
          "quantity": {
            "avg": 3,
            "var": 2
          },
          "chance": 10
        },
        {
          "type": "block",
          "code": "bookshelf",
          "attributes": {"type": "2row1col", "material": "birch"},
          "quantity": {
            "avg": 3,
            "var": 2
          },
          "chance": 10
        },
        {
          "type": "block",
          "code": "bookshelf",
          "attributes": {"type": "1row1col", "material": "oak"},
          "quantity": {
            "avg": 3,
            "var": 2
          },
          "chance": 10
        },
        {
          "type": "block",
          "code": "bookshelf",
          "attributes": {"type": "1row1col", "material": "birch"},
          "quantity": {
            "avg": 3,
            "var": 2
          },
          "chance": 10
        },
        {
          "type": "block",
          "code": "bookshelf",
          "attributes": {"type": "1row2col", "material": "oak"},
          "quantity": {
            "avg": 3,
            "var": 2
          },
          "chance": 10
        },
        {
          "type": "block",
          "code": "bookshelf",
          "attributes": {"type": "1row2col", "material": "birch"},
          "quantity": {
            "avg": 3,
            "var": 2
          },
          "chance": 10
        },
        {
          "type": "block",
          "code": "bookshelf",
          "attributes": {"type": "2row2col", "material": "oak"},
          "quantity": {
            "avg": 3,
            "var": 2
          },
          "chance": 10
        },
        {
          "type": "block",
          "code": "bookshelf",
          "attributes": {"type": "2row2col", "material": "birch"},
          "quantity": {
            "avg": 3,
            "var": 2
          },
          "chance": 10
        }
      ]
    },
    "file": "game:itemtypes/meta/stackrandomizer.json",
    "side": "Server"
  },
  {
    "op": "add",
    "path": "/variantgroups/0/states/-",
    "value": "buildingblocks",
    "file": "game:itemtypes/meta/stackrandomizer.json",
    "side": "Server"
  }
]