{
  "code": "crowbar",
  "class": "ItemCrowbar",
  "maxstacksize": 1,

  "creativeinventory": {
    "general": [ "*" ],
    "items": [ "*" ],
    "tools": [ "*" ],
    "tengineering": [ "*" ]
  },

  "shape": {
    "base": "item/steelcrowbar"
  },
  "guiTransform": {
    "translation": {
      "x": 9,
      "y": -11,
      "z": 0
    },
    "rotation": {
      "x": -90,
      "y": -34,
      "z": -2
    },
    "origin": {
      "x": 0.44,
      "y": 0,
      "z": 0.38
    },
    "scale": 2.28
  },
  "fpHandTransform": {
    "translation": {
      "x": -0.1,
      "y": 0.7,
      "z": 0.2
    },
    "rotation": {
      "x": 99,
      "y": -11,
      "z": 66
    },
    "origin": {
      "x": 0.2,
      "y": 0,
      "z": 0.6
    },
    "scale": 2.55
  },
  "groundTransform": {
    "translation": {
      "x": 0,
      "y": 0.5,
      "z": 0
    },
    "rotation": {
      "x": 79,
      "y": 180,
      "z": -91
    },
    "origin": {
      "x": 0.2,
      "y": 0,
      "z": 0.6
    },
    "scale": 6
  },
  "tpHandTransform": {
    "translation": {
      "x": -0.63,
      "y": -0.49,
      "z": -0.12
    },
    "rotation": {
      "x": 4,
      "y": -82,
      "z": 100
    },
    "origin": {
      "x": 0,
      "y": 0,
      "z": 0
    },
    "scale": 1.53
  }
}
