{
  "code": "powercore",
  "shape": {
    "base": "item/powercorenogear"
  },
  "creativeinventory": {
    "general": [ "*" ],
    "items": [ "*" ],
    "tengineering": [ "*" ]
  },
  "maxstacksize": 4,
  "guiTransform": {
    "translation": {
      "x": -3.2,
      "y": 17.9,
      "z": 0
    },
    "rotation": {
      "x": -30,
      "y": 152,
      "z": 180
    },
    "origin": {
      "x": 0.44,
      "y": 0,
      "z": 0.38
    },
    "scale": 2.02
  },
  "fpHandTransform": {
    "translation": {
      "x": -0.2,
      "y": 0.7,
      "z": 0.5
    },
    "rotation": {
      "x": 73,
      "y": -77,
      "z": 56
    },
    "origin": {
      "x": 0.2,
      "y": 0,
      "z": 0.6
    },
    "scale": 1.21
  },
  "groundTransform": {
    "translation": {
      "x": 0,
      "y": 0.42,
      "z": 0
    },
    "rotation": {
      "x": -180,
      "y": 180,
      "z": -180
    },
    "origin": {
      "x": 0.5,
      "y": 0.5,
      "z": 0.5299
    },
    "scale": 4.1
  },
  "heldTpIdleAnimation": "holdbothhandslarge",
  "heldTpUseAnimation": "twohandplaceblock",
  "tpHandTransform": {
    "translation": {
      "x": 0.05,
      "y": 0.5,
      "z": 0.8
    },
    "rotation": {
      "x": 180,
      "y": 169,
      "z": 86
    },
    "origin": {
      "x": 0,
      "y": 0,
      "z": 0
    },
    "scale": 0.8
  }
}
