[{
	ingredientPattern: "_S_	SPS	SSS",
	ingredients: {
		"S": { type: "item", code: "game:rope", quantity: 1 },
		"P": { type: "item", code: "game:hide-pelt-*", quantity: 1, allowedVariants: ["large", "huge"] },
	},
	width: 3,
	height: 3,
	output: { type: "item", code: "usefulstuff:tentbag-empty"}
},
{
	ingredientPattern: "_S_	SPS	SSS",
	ingredients: {
		"S": { type: "item", code: "game:rope", quantity: 1 },
		"P": { type: "item", code: "game:hide-pelt-medium", quantity: 2 },
	},
	width: 3,
	height: 3,
	output: { type: "item", code: "usefulstuff:tentbag-empty"}
},
{
	ingredientPattern: "_S_	SPS	SSS",
	ingredients: {
		"S": { type: "item", code: "game:rope", quantity: 1 },
		"P": { type: "item", code: "game:hide-pelt-small", quantity: 4 },
	},
	width: 3,
	height: 3,
	output: { type: "item", code: "usefulstuff:tentbag-empty"}
}]
