{
    "code": "leadfrit",
	"variantgroups": [
		{ "code": "type", "states": [ "blend", "cooked", "powder" ] }
	],

	"attributes": {	},
	"shape": { "base": "ceramos:item/resource/crushed/{type}" },
    "texture": { "base": "ceramos:item/resource/leadfrit/{type}" },
    "creativeinventory": { "general": ["*"], "items": ["*"], "ceramos": ["*"] },
	"combustiblePropsByType": {
		"*-blend*": {
			"meltingPoint": 1150,
			"meltingDuration": 15,
			"smeltingType": "convert",
			"smeltedStack": { "type": "item", "code": "ceramos:leadfrit-cooked" },
			"requiresContainer": false
		}
    },

    "grindingPropsByType": {
		"*-cooked*": { "groundStack": { "type": "item", "code": "ceramos:leadfrit-powder", "quantity": 4 } }
    },
		
	"maxstacksize": 64,
    "materialDensity": 500,
	"guiTransformByType": {
		"*-cooked*":{
			"translation": { "x": 0, "y": 0, "z": 0 },
			"rotation": { "x": 176, "y": 132, "z": -21 },
			"origin": { "x": 0.5, "y": 0.07, "z": 0.5 },
			"scale": 5.61
		},
		"*-blend*":{
			"translation": { "x": 0, "y": 0, "z": -25 },
			"rotation": { "x": 171, "y": 57, "z": -20 },
			"origin": { "x": 0.46, "y": 0.11, "z": 0.39 },
			"scale": 2.64
		},
		"*-powder*":{
			"translation": { "x": -2, "y": 1, "z": -25 },
			"rotation": { "x": 158, "y": 28, "z": 3 },
			"origin": { "x": 0.29, "y": -0.05, "z": 0.8 },
			"scale": 2.5
		}
	},
	"fpHandTransformByType": {
		"*-cooked*":{
			"translation": { "x": 0, "y": 0.2, "z": 0 },
			"rotation": { "x": 0, "y": 24, "z": 20 },
			"origin": { "x": 0.5, "y": 0.1, "z": 0.5 },
			"scale": 2.68
		},
		"*-blend*":{
		"translation": { "x": 0.1, "y": 0.16, "z": 0 },
			"rotation": { "x": 37, "y": 77, "z": 2 },
			"origin": { "x": 0.5, "y": 0.1, "z": 0.5 },
			"scale": 1.95
		},
		"*-powder*":{
		"translation": { "x": 0.1, "y": 0.16, "z": 0 },
			"rotation": { "x": 37, "y": 77, "z": 2 },
			"origin": { "x": 0.5, "y": 0.1, "z": 0.5 },
			"scale": 1.95
		}
	},	
	"tpHandTransformByType": {
		"*-cooked*":{
			"translation": { "x": -0.8, "y": -0.1, "z": -0.7 },
			"rotation": { "x": 5, "y": 82, "z": 16 },
			"origin": { "x": 0.5, "y": 0.1, "z": 0.5 },
			"scale": 0.7
		},
		"*-blend*":{
			"translation": { "x": -1.53, "y": -1.1, "z": -0.7 },
			"rotation": { "x": 19, "y": 26, "z": -83 },
			"scale": 0.48
		},
		"*-powder*":{
			"translation": { "x": -1.53, "y": -1.1, "z": -0.7 },
			"rotation": { "x": 19, "y": 26, "z": -83 },
			"scale": 0.48
		}
	},
	"groundTransformByType": {
		"*-cooked*":{
			"translation": { "x": 0, "y": 0, "z": 0 },
			"rotation": { "x": 0, "y": 0, "z": 0 },
			"origin": { "x": 0.5, "y": 0, "z": 0.5 },
			"scale": 5
		},
		"*-blend*":{
			"translation": { "x": 0, "y": 0, "z": 0 },
			"rotation": { "x": 3, "y": 1, "z": 0 },
			"origin": { "x": 0.5, "y": 0, "z": 0.5 },
			"scale": 2.65	
		},
		"*-powder*":{
			"translation": { "x": 0, "y": 0, "z": 0 },
			"rotation": { "x": 3, "y": 1, "z": 0 },
			"origin": { "x": 0.5, "y": 0, "z": 0.5 },
			"scale": 2.65	
		}
	}
}
