﻿[
 {
    "file": "expandedfoods:recipes/grid/acorns/meatnugget.json",
    op: "add", 
    path: "/0/enabled", 
    value: "false",
    "side": "server",
    dependsOn: [{ "modid": "acorns", "invert": true }]
 },
 {
    "file": "expandedfoods:recipes/grid/acorns/meatnugget.json",
    op: "add", 
    path: "/1/enabled", 
    value: "false",
    "side": "server",
    dependsOn: [{ "modid": "acorns", "invert": true }]
 },
 {
    "file": "expandedfoods:recipes/grid/acorns/meatnugget.json",
    op: "add", 
    path: "/2/enabled", 
    value: "false",
    "side": "server",
    dependsOn: [{ "modid": "acorns", "invert": true }]
 },
 {
    "file": "expandedfoods:recipes/grid/acorns/pasta.json",
    op: "add", 
    path: "/enabled", 
    value: "false",
    "side": "server",
    dependsOn: [{ "modid": "acorns", "invert": true }]
 },
]