﻿{
    "code": "flywheel",
    "class": "BlockFlywheel",
    "entityClass": "Generic",
    "entityBehaviors": [ { "name": "BEBehaviorFlywheel" } ],
    "behaviors": [ { "name": "HorizontalOrientable" } ],
    "attributes": {
        "handbook": {
            "groupBy": [ "flywheel-*" ]
        }
    },
    "variantgroups": [
        {
            "code": "side",
            "loadFromProperties": "abstract/horizontalorientation"
        }
    ],
    "creativeinventory": {
        "general": [ "*-north" ],
        "harpmechanics": [ "*-north" ]
    },
    "shapebytype": {
        "*-north": {
            "base": "block/wattengine/flywheel_geared",
            "rotateY": 180
        },
        "*-east": {
            "base": "block/wattengine/flywheel_geared",
            "rotateY": 90
        },
        "*-south": {
            "base": "block/wattengine/flywheel_geared",
            "rotateY": 0
        },
        "*-west": {
            "base": "block/wattengine/flywheel_geared",
            "rotateY": 270
        }
    },
    "blockmaterial": "Metal",
    "textures": {
        "brass": { "base": "game:block/metal/plate/brass" },
        "brass1": { "base": "game:block/metal/sheet/brass1" },
        "lead": { "base": "game:block/metal/plate/lead" }
    },
    "sidesolid": {
        "all": false
    },
    "sideopaque": {
        "all": false
    },
    "collisionbox": {
        "x1": 0,
        "y1": 0,
        "z1": 0,
        "x2": 1,
        "y2": 1,
        "z2": 1
    },
    "selectionbox": {
        "x1": 0,
        "y1": 0,
        "z1": 0,
        "x2": 1,
        "y2": 1,
        "z2": 1
    },
    "rainPermeable": false,
    "drops": [
        {
            "type": "block",
            "code": "flywheel-north"
        }
    ],
    "resistance": 4,
    "lightAbsorption": 0,
    "maxStackSize": 4,
    "guiTransform": {
        "origin": {
            "x": 0.45,
            "y": 0.5,
            "z": 0.5
        },
        "scale": 0.7
    },
    "groundTransform": {
        "translation": {
            "x": 0,
            "y": 0.7,
            "z": 0
        },
        "rotation": {
            "x": 90,
            "y": 0,
            "z": 0
        },
        "origin": {
            "x": 0.5,
            "y": 0.5,
            "z": 0.1
        },
        "scale": 4
    },
    "sounds": {
        "hit": "game:block/plate",
        "break": "game:block/anvil3",
        "place": "game:block/anvil1",
        "walk": "game:block/stone1"
    },
    "tpHandTransform": {
        "translation": {
            "x": -0.7,
            "y": -0.9,
            "z": -0.85
        },
        "rotation": {
            "x": 6,
            "y": 0,
            "z": 4
        },
        "scale": 0.5
    }
}