﻿{
    "code": "leverarm",
    "class": "BlockLeverArm",
    "entityClass": "Generic",
    "entityBehaviors": [ { "name": "BEBehaviorLeverArm" } ],
    "behaviors": [ { "name": "HorizontalOrientable" } ],
    "attributes": {
        "handbook": {
            "groupBy": [ "leverarm-*" ]
        }
    },
    "variantgroups": [
        {
            "code": "side",
            "loadFromProperties": "abstract/horizontalorientation"
        }
    ],
    "creativeinventory": {
        "general": [ "*-north" ],
        "harpmechanics": [ "*-north" ]
    },
    "shapebytype": {
        "*-north": {
            "base": "block/wattengine/bracket_top",
            "rotateY": 180
        },
        "*-east": {
            "base": "block/wattengine/bracket_top",
            "rotateY": 90
        },
        "*-south": {
            "base": "block/wattengine/bracket_top",
            "rotateY": 0
        },
        "*-west": {
            "base": "block/wattengine/bracket_top",
            "rotateY": 270
        }
    },
    "shapeinventory": { "base": "block/wattengine/lever_arm_full" },
    "blockmaterial": "Metal",
    "textures": {
        "iron4": { "base": "game:block/metal/sheet/iron4" },
        "iron": { "base": "game:block/metal/plate/iron" },
        "brass1": { "base": "game:block/metal/sheet/brass1" }
    },
    "sidesolid": {
        "all": false
    },
    "sideopaque": {
        "all": false
    },
    "collisionbox": {
        "x1": 0,
        "y1": 0,
        "z1": 0,
        "x2": 1,
        "y2": 0.8875,
        "z2": 1
    },
    "selectionbox": {
        "x1": 0,
        "y1": 0,
        "z1": 0,
        "x2": 1,
        "y2": 0.8875,
        "z2": 1
    },
    "rainPermeable": false,
    "drops": [
        {
            "type": "block",
            "code": "leverarm-north"
        }
    ],
    "resistance": 4,
    "lightAbsorption": 0,
    "maxStackSize": 1,
    "guiTransform": {
        "origin": {
            "x": 0.5,
            "y": 0.5,
            "z": 0.5
        },
        "scale": 1
    },
    "groundTransform": {
        "translation": {
            "x": 0,
            "y": 0,
            "z": 0
        },
        "rotation": {
            "x": 0,
            "y": 0,
            "z": 0
        },
        "origin": {
            "x": 0.5,
            "y": 0,
            "z": 0.1
        },
        "scale": 3
    },
    "fpHandTransform": {
        "translation": {
            "x": -1.5,
            "y": 0,
            "z": 0.2
        },
        "rotation": {
            "x": 0,
            "y": 130,
            "z": 0
        },
        "origin": {
            "x": 0.5,
            "y": 0.5,
            "z": 0.5
        },
        "scale": 3
    },
    "sounds": {
        "hit": "game:block/plate",
        "break": "game:block/plate",
        "place": "game:block/anvil3",
        "walk": "game:walk/stone1"
    },
    "heldTpIdleAnimation": "holdbothhandslarge",
    "heldTpUseAnimation": "twohandplaceblock",
    "tpHandTransform": {
        "translation": {
            "x": -1.8,
            "y": -0.91,
            "z": -0.6
        },
        "rotation": {
            "x": 100,
            "y": 0,
            "z": -78
        },
        "scale": 0.4
    }
}