{
	"editor": {
		"allAngles": false,
		"entityTextureMode": false
	},
	"textureWidth": 16,
	"textureHeight": 16,
	"textureSizes": {
	},
	"textures": {
		"blackbronze": "game:block/metal/chandelier/blackbronze"
	},
	"elements": [
		{
			"name": "WE large",
			"from": [ 1.0, 0.0, 7.5 ], 
			"to": [ 15.0, 1.0, 8.5 ], 
			"rotationOrigin": [ 7.0, 0.0, 7.0 ],
			"faces": {
				"north": { "texture": "#blackbronze", "uv": [ 1.0, 8.0, 15.0, 9.0 ] },
				"east": { "texture": "#blackbronze", "uv": [ 6.0, 11.0, 7.0, 12.0 ] },
				"south": { "texture": "#blackbronze", "uv": [ 1.0, 1.0, 15.0, 2.0 ] },
				"west": { "texture": "#blackbronze", "uv": [ 7.0, 12.0, 8.0, 13.0 ] },
				"up": { "texture": "#blackbronze", "uv": [ 2.0, 5.0, 16.0, 6.0 ] },
				"down": { "texture": "#blackbronze", "uv": [ 1.0, 11.0, 15.0, 12.0 ] }
			},
			"children": [
				{
					"name": "candle holder W",
					"from": [ -0.5, 1.0, -1.0 ], 
					"to": [ 2.5, 2.0, 2.0 ], 
					"rotationOrigin": [ 1.0, 1.0, 0.5 ],
					"faces": {
						"north": { "texture": "#blackbronze", "uv": [ 2.0, 0.0, 5.0, 1.0 ] },
						"east": { "texture": "#blackbronze", "uv": [ 7.0, 0.0, 10.0, 1.0 ] },
						"south": { "texture": "#blackbronze", "uv": [ 4.0, 0.0, 7.0, 1.0 ] },
						"west": { "texture": "#blackbronze", "uv": [ 11.0, 0.0, 14.0, 1.0 ] },
						"up": { "texture": "#blackbronze", "uv": [ 13.0, 13.0, 16.0, 16.0 ] },
						"down": { "texture": "#blackbronze", "uv": [ 9.0, 4.0, 12.0, 7.0 ] }
					}
				},
				{
					"name": "candle holder E",
					"from": [ 11.5, 1.0, -1.0 ], 
					"to": [ 14.5, 2.0, 2.0 ], 
					"rotationOrigin": [ 13.0, 1.0, 0.5 ],
					"faces": {
						"north": { "texture": "#blackbronze", "uv": [ 1.0, 0.0, 4.0, 1.0 ] },
						"east": { "texture": "#blackbronze", "uv": [ 3.0, 0.0, 6.0, 1.0 ] },
						"south": { "texture": "#blackbronze", "uv": [ 4.0, 0.0, 7.0, 1.0 ] },
						"west": { "texture": "#blackbronze", "uv": [ 9.0, 0.0, 12.0, 1.0 ] },
						"up": { "texture": "#blackbronze", "uv": [ 10.0, 13.0, 13.0, 16.0 ] },
						"down": { "texture": "#blackbronze", "uv": [ 2.0, 6.0, 5.0, 9.0 ] }
					}
				}
			]
		}
	]}