{
	"editor": {
		"allAngles": true,
		"entityTextureMode": true
	},
	"textureWidth": 32,
	"textureHeight": 32,
	"textureSizes": {
	},
	"textures": {
		"material": "game:entity/bear/panda1"
	},
	"elements": [
		{
			"name": "Furhat",
			"stepParentName": "Head",
			"from": [ 0.05, 0.8, -0.65 ], 
			"to": [ 6.85, 5.8, 5.75 ], 
			"unwrapMode": 1,
			"autoUnwrap": false,
			"uv": [ 28.0, 31.5 ],
			"rotationOrigin": [ 0.1, 0.8, -0.6 ],
			"faces": {
				"north": { "texture": "#material", "uv": [ 19.3333, 21.0, 24.3333, 27.625 ], "rotation": 90 },
				"east": { "texture": "#material", "uv": [ 24.5, 24.75, 30.8333, 29.75 ], "rotation": 180, "windMode": [-1,-1,-1,-1] },
				"south": { "texture": "#material", "uv": [ 19.3333, 21.0, 24.3333, 27.625 ], "rotation": 270, "windMode": [-1,-1,-1,-1] },
				"west": { "texture": "#material", "uv": [ 9.1667, 7.375, 15.5, 12.375 ], "windMode": [-1,-1,-1,-1] },
				"up": { "texture": "#material", "uv": [ 17.8333, 21.0, 24.1667, 27.625 ], "rotation": 270, "windMode": [-1,-1,-1,-1] },
				"down": { "texture": "#material", "uv": [ 17.8333, 21.0, 24.1667, 27.625 ], "rotation": 90, "windMode": [-1,-1,-1,-1] }
			},
			"children": [
				{
					"name": "Furhatflap",
					"from": [ -1.2, 3.0, -0.05 ], 
					"to": [ 0.8, 6.0, 6.45 ], 
					"autoUnwrap": false,
					"uv": [ 18.17, 6.0 ],
					"rotationOrigin": [ 0.5, 3.0, 0.0 ],
					"faces": {
						"north": { "texture": "#material", "uv": [ 5.5, 12.25, 7.5, 15.25 ], "windMode": [-1,-1,-1,-1] },
						"east": { "texture": "#material", "uv": [ 9.5, 3.0, 16.0, 6.0 ], "windMode": [-1,-1,-1,-1] },
						"south": { "texture": "#material", "uv": [ 12.8333, 3.0, 14.8333, 6.0 ], "windMode": [-1,-1,-1,-1] },
						"west": { "texture": "#material", "uv": [ 10.5, 9.25, 17.0, 12.25 ], "windMode": [-1,-1,-1,-1] },
						"up": { "texture": "#material", "uv": [ 9.8333, 9.5, 16.3333, 11.5 ], "rotation": 90, "windMode": [-1,-1,-1,-1] },
						"down": { "texture": "#material", "uv": [ 24.1667, 1.625, 30.6667, 3.625 ], "rotation": 90, "windMode": [-1,-1,-1,-1] }
					}
				},
				{
					"name": "Leftearflap",
					"from": [ 2.3, 0.0, 5.6 ], 
					"to": [ 4.8, 3.0, 7.1 ], 
					"unwrapMode": 4,
					"autoUnwrap": false,
					"uv": [ 6.0, 20.0 ],
					"rotationOrigin": [ 1.5, 3.0, 6.2 ],
					"rotationX": -9.0,
					"faces": {
						"north": { "texture": "#material", "uv": [ 6.0, 22.5, 8.5, 25.5 ] },
						"east": { "texture": "#material", "uv": [ 12.5, 22.5, 14.0, 25.5 ], "windMode": [-1,-1,-1,-1] },
						"south": { "texture": "#material", "uv": [ 10.0, 22.5, 12.5, 25.5 ], "windMode": [-1,-1,-1,-1] },
						"west": { "texture": "#material", "uv": [ 8.5, 22.5, 10.0, 25.5 ], "windMode": [-1,-1,-1,-1] },
						"up": { "texture": "#material", "uv": [ 8.5, 20.0, 10.0, 22.5 ], "rotation": 90, "windMode": [-1,-1,-1,-1] },
						"down": { "texture": "#material", "uv": [ 8.5, 25.5, 10.0, 28.0 ], "rotation": 90, "windMode": [-1,-1,-1,-1] }
					},
					"children": [
						{
							"name": "Leftearlower",
							"from": [ 0.3, -3.0, 0.3 ], 
							"to": [ 2.3, 0.5, 1.3 ], 
							"unwrapMode": 4,
							"autoUnwrap": false,
							"uv": [ 3.1666, 7.0 ],
							"rotationOrigin": [ 0.7, 0.5, 0.8 ],
							"rotationX": 12.0,
							"faces": {
								"north": { "texture": "#material", "uv": [ 3.5, 9.0, 5.5, 12.5 ], "windMode": [-1,-1,-1,-1] },
								"east": { "texture": "#material", "uv": [ 7.3333, 9.0, 8.3333, 12.5 ], "windMode": [-1,-1,-1,-1] },
								"south": { "texture": "#material", "uv": [ 6.0, 9.0, 8.0, 12.5 ], "windMode": [-1,-1,-1,-1] },
								"west": { "texture": "#material", "uv": [ 5.0, 9.0, 6.0, 12.5 ], "windMode": [-1,-1,-1,-1] },
								"up": { "texture": "#material", "uv": [ 5.0, 7.0, 6.0, 9.0 ], "rotation": 90, "windMode": [-1,-1,-1,-1] },
								"down": { "texture": "#material", "uv": [ 5.0, 12.5, 6.0, 14.5 ], "rotation": 90, "windMode": [-1,-1,-1,-1] }
							}
						}
					]
				},
				{
					"name": "Rightearflap",
					"from": [ 2.3, 0.0, -0.6 ], 
					"to": [ 4.8, 3.0, 0.9 ], 
					"unwrapMode": 4,
					"autoUnwrap": false,
					"uv": [ 0.0, 20.0 ],
					"rotationOrigin": [ 1.5, 3.0, -0.2 ],
					"rotationX": 9.0,
					"faces": {
						"north": { "texture": "#material", "uv": [ 12.3333, 22.5, 14.8333, 25.5 ] },
						"east": { "texture": "#material", "uv": [ 6.5, 22.5, 8.0, 25.5 ], "windMode": [-1,-1,-1,-1] },
						"south": { "texture": "#material", "uv": [ 4.0, 22.5, 6.5, 25.5 ], "windMode": [-1,-1,-1,-1] },
						"west": { "texture": "#material", "uv": [ 2.5, 22.5, 4.0, 25.5 ], "windMode": [-1,-1,-1,-1] },
						"up": { "texture": "#material", "uv": [ 2.5, 20.0, 4.0, 22.5 ], "rotation": 90, "windMode": [-1,-1,-1,-1] },
						"down": { "texture": "#material", "uv": [ 2.5, 25.5, 4.0, 28.0 ], "rotation": 90, "windMode": [-1,-1,-1,-1] }
					},
					"children": [
						{
							"name": "Rightearlower",
							"from": [ 0.2, -3.0, 0.2 ], 
							"to": [ 2.2, 0.5, 1.2 ], 
							"unwrapMode": 4,
							"autoUnwrap": false,
							"uv": [ 3.3367, 1.0 ],
							"rotationOrigin": [ 0.6, 0.5, 0.7 ],
							"rotationX": -12.0,
							"faces": {
								"north": { "texture": "#material", "uv": [ 3.3333, 3.0, 5.3333, 6.5 ], "windMode": [-1,-1,-1,-1] },
								"east": { "texture": "#material", "uv": [ 7.1667, 3.125, 8.1667, 6.625 ], "windMode": [-1,-1,-1,-1] },
								"south": { "texture": "#material", "uv": [ 6.5, 3.0, 8.5, 6.5 ], "windMode": [-1,-1,-1,-1] },
								"west": { "texture": "#material", "uv": [ 5.5, 3.0, 6.5, 6.5 ], "windMode": [-1,-1,-1,-1] },
								"up": { "texture": "#material", "uv": [ 5.5, 1.0, 6.5, 3.0 ], "rotation": 90, "windMode": [-1,-1,-1,-1] },
								"down": { "texture": "#material", "uv": [ 5.5, 6.5, 6.5, 8.5 ], "rotation": 90, "windMode": [-1,-1,-1,-1] }
							}
						}
					]
				}
			]
		}
	]}