{
	"editor": {
		"allAngles": true,
		"entityTextureMode": true
	},
	"textureWidth": 32,
	"textureHeight": 32,
	"textureSizes": {
	},
	"textures": {
		"material": "game:entity/bear/sun1"
	},
	"elements": [
		{
			"name": "Furhat",
			"stepParentName": "Head",
			"from": [ 0.05, 0.8, -0.65 ], 
			"to": [ 6.85, 5.8, 5.75 ], 
			"unwrapMode": 1,
			"autoUnwrap": false,
			"uv": [ 28.0, 31.5 ],
			"rotationOrigin": [ 0.1, 0.8, -0.6 ],
			"faces": {
				"north": { "texture": "#material", "uv": [ 0.0, 3.75, 5.0, 10.375 ], "rotation": 270 },
				"east": { "texture": "#material", "uv": [ 1.3333, 1.0, 7.6667, 6.0 ], "rotation": 180, "windMode": [-1,-1,-1,-1] },
				"south": { "texture": "#material", "uv": [ 3.3333, 6.75, 8.3333, 13.375 ], "rotation": 90, "windMode": [-1,-1,-1,-1] },
				"west": { "texture": "#material", "uv": [ 3.1667, 7.5, 9.5, 12.5 ], "windMode": [-1,-1,-1,-1] },
				"up": { "texture": "#material", "uv": [ 1.1667, 6.75, 7.5, 13.375 ], "rotation": 90, "windMode": [-1,-1,-1,-1] },
				"down": { "texture": "#material", "uv": [ 1.1667, 4.375, 7.5, 11.0 ], "rotation": 270, "windMode": [-1,-1,-1,-1] }
			},
			"children": [
				{
					"name": "Furhatflap",
					"from": [ -1.2, 3.0, -0.05 ], 
					"to": [ 0.8, 6.0, 6.45 ], 
					"autoUnwrap": false,
					"uv": [ 18.17, 6.0 ],
					"rotationOrigin": [ 0.5, 3.0, 0.0 ],
					"faces": {
						"north": { "texture": "#material", "uv": [ 0.8333, 15.5, 2.8333, 18.5 ], "windMode": [-1,-1,-1,-1] },
						"east": { "texture": "#material", "uv": [ 1.1667, 14.875, 7.6667, 17.875 ], "windMode": [-1,-1,-1,-1] },
						"south": { "texture": "#material", "uv": [ 0.8333, 19.375, 2.8333, 22.375 ], "windMode": [-1,-1,-1,-1] },
						"west": { "texture": "#material", "uv": [ 1.8333, 21.5, 8.3333, 24.5 ], "windMode": [-1,-1,-1,-1] },
						"up": { "texture": "#material", "uv": [ 0.8333, 16.125, 7.3333, 18.125 ], "rotation": 90, "windMode": [-1,-1,-1,-1] },
						"down": { "texture": "#material", "uv": [ 1.0, 14.0, 7.5, 16.0 ], "rotation": 90, "windMode": [-1,-1,-1,-1] }
					}
				},
				{
					"name": "Leftearflap",
					"from": [ 2.3, 0.0, 5.6 ], 
					"to": [ 4.8, 3.0, 7.1 ], 
					"unwrapMode": 4,
					"autoUnwrap": false,
					"uv": [ 6.0, 20.0 ],
					"rotationOrigin": [ 1.5, 3.0, 6.2 ],
					"rotationX": -9.0,
					"faces": {
						"north": { "texture": "#material", "uv": [ 6.0, 22.5, 8.5, 25.5 ] },
						"east": { "texture": "#material", "uv": [ 12.5, 22.5, 14.0, 25.5 ], "windMode": [-1,-1,-1,-1] },
						"south": { "texture": "#material", "uv": [ 10.0, 22.5, 12.5, 25.5 ], "windMode": [-1,-1,-1,-1] },
						"west": { "texture": "#material", "uv": [ 8.5, 22.5, 10.0, 25.5 ], "windMode": [-1,-1,-1,-1] },
						"up": { "texture": "#material", "uv": [ 8.5, 20.0, 10.0, 22.5 ], "rotation": 90, "windMode": [-1,-1,-1,-1] },
						"down": { "texture": "#material", "uv": [ 8.5, 25.5, 10.0, 28.0 ], "rotation": 90, "windMode": [-1,-1,-1,-1] }
					},
					"children": [
						{
							"name": "Leftearlower",
							"from": [ 0.3, -3.0, 0.3 ], 
							"to": [ 2.3, 0.5, 1.3 ], 
							"unwrapMode": 4,
							"autoUnwrap": false,
							"uv": [ 25.0, 19.375 ],
							"rotationOrigin": [ 0.7, 0.5, 0.8 ],
							"rotationX": 12.0,
							"faces": {
								"north": { "texture": "#material", "uv": [ 22.8333, 25.5, 24.8333, 29.0 ], "windMode": [-1,-1,-1,-1] },
								"east": { "texture": "#material", "uv": [ 25.1667, 25.5, 26.1667, 29.0 ], "windMode": [-1,-1,-1,-1] },
								"south": { "texture": "#material", "uv": [ 26.3333, 25.5, 28.3333, 29.0 ], "windMode": [-1,-1,-1,-1] },
								"west": { "texture": "#material", "uv": [ 25.0, 25.5, 26.0, 29.0 ], "windMode": [-1,-1,-1,-1] },
								"up": { "texture": "#material", "uv": [ 27.0, 19.375, 28.0, 21.375 ], "rotation": 90, "windMode": [-1,-1,-1,-1] },
								"down": { "texture": "#material", "uv": [ 24.5, 28.125, 25.5, 30.125 ], "rotation": 90, "windMode": [-1,-1,-1,-1] }
							}
						}
					]
				},
				{
					"name": "Rightearflap",
					"from": [ 2.3, 0.0, -0.6 ], 
					"to": [ 4.8, 3.0, 0.9 ], 
					"unwrapMode": 4,
					"uv": [ 0.0, 20.0 ],
					"rotationOrigin": [ 1.5, 3.0, -0.2 ],
					"rotationX": 9.0,
					"faces": {
						"north": { "texture": "#material", "uv": [ 12.3333, 22.375, 14.8333, 25.375 ] },
						"east": { "texture": "#material", "uv": [ 6.5, 22.5, 8.0, 25.5 ], "windMode": [-1,-1,-1,-1] },
						"south": { "texture": "#material", "uv": [ 4.0, 22.5, 6.5, 25.5 ], "windMode": [-1,-1,-1,-1] },
						"west": { "texture": "#material", "uv": [ 2.5, 22.5, 4.0, 25.5 ], "windMode": [-1,-1,-1,-1] },
						"up": { "texture": "#material", "uv": [ 2.5, 20.0, 4.0, 22.5 ], "rotation": 90, "windMode": [-1,-1,-1,-1] },
						"down": { "texture": "#material", "uv": [ 2.5, 25.5, 4.0, 28.0 ], "rotation": 90, "windMode": [-1,-1,-1,-1] }
					},
					"children": [
						{
							"name": "Rightearlower",
							"from": [ 0.2, -3.0, 0.2 ], 
							"to": [ 2.2, 0.5, 1.2 ], 
							"unwrapMode": 4,
							"autoUnwrap": false,
							"uv": [ 15.67, 19.75 ],
							"rotationOrigin": [ 0.6, 0.5, 0.7 ],
							"rotationX": -12.0,
							"faces": {
								"north": { "texture": "#material", "uv": [ 15.3333, 25.5, 17.3333, 29.0 ], "windMode": [-1,-1,-1,-1] },
								"east": { "texture": "#material", "uv": [ 15.1667, 25.5, 16.1667, 29.0 ], "windMode": [-1,-1,-1,-1] },
								"south": { "texture": "#material", "uv": [ 18.1667, 25.5, 20.1667, 29.0 ], "windMode": [-1,-1,-1,-1] },
								"west": { "texture": "#material", "uv": [ 15.1667, 25.5, 16.1667, 29.0 ], "windMode": [-1,-1,-1,-1] },
								"up": { "texture": "#material", "uv": [ 17.5, 20.0, 18.5, 22.0 ], "rotation": 90, "windMode": [-1,-1,-1,-1] },
								"down": { "texture": "#material", "uv": [ 16.3333, 27.875, 17.3333, 29.875 ], "rotation": 90, "windMode": [-1,-1,-1,-1] }
							}
						}
					]
				}
			]
		}
	]}