{
	"editor": {
		"allAngles": true,
		"entityTextureMode": true
	},
	"textureWidth": 32,
	"textureHeight": 32,
	"textureSizes": {
	},
	"textures": {
		"material": "game:entity/bear/brown1"
	},
	"elements": [
		{
			"name": "Furhat",
			"stepParentName": "Head",
			"from": [ 0.05, 0.8, -0.65 ], 
			"to": [ 6.85, 5.8, 5.75 ], 
			"unwrapMode": 1,
			"autoUnwrap": false,
			"uv": [ 28.0, 31.5 ],
			"rotationOrigin": [ 0.1, 0.8, -0.6 ],
			"faces": {
				"north": { "texture": "#material", "uv": [ 0.0, 4.5, 5.0, 11.125 ], "rotation": 270 },
				"east": { "texture": "#material", "uv": [ 17.3333, 7.0, 23.6667, 12.0 ], "rotation": 180, "windMode": [-1,-1,-1,-1] },
				"south": { "texture": "#material", "uv": [ 0.0, 8.5, 5.0, 15.125 ], "rotation": 90, "windMode": [-1,-1,-1,-1] },
				"west": { "texture": "#material", "uv": [ 17.3333, 7.0, 23.6667, 12.0 ], "windMode": [-1,-1,-1,-1] },
				"up": { "texture": "#material", "uv": [ 24.0, 19.5, 30.33, 24.12 ], "rotation": 90, "autoUv": false, "windMode": [-1,-1,-1,-1] },
				"down": { "texture": "#material", "uv": [ 25.5, 18.75, 31.8333, 25.375 ], "rotation": 270, "windMode": [-1,-1,-1,-1] }
			},
			"children": [
				{
					"name": "Furhatflap",
					"from": [ -1.2, 3.0, -0.05 ], 
					"to": [ 0.8, 6.0, 6.45 ], 
					"autoUnwrap": false,
					"uv": [ 18.17, 6.0 ],
					"rotationOrigin": [ 0.5, 3.0, 0.0 ],
					"faces": {
						"north": { "texture": "#material", "uv": [ 1.1667, 20.0, 3.1667, 23.0 ], "windMode": [-1,-1,-1,-1] },
						"east": { "texture": "#material", "uv": [ 23.5, 20.125, 30.0, 23.125 ], "windMode": [-1,-1,-1,-1] },
						"south": { "texture": "#material", "uv": [ 9.6667, 20.0, 11.6667, 23.0 ], "windMode": [-1,-1,-1,-1] },
						"west": { "texture": "#material", "uv": [ 22.6667, 20.25, 29.1667, 22.645 ], "autoUv": false, "windMode": [-1,-1,-1,-1] },
						"up": { "texture": "#material", "uv": [ 24.0, 21.375, 30.5, 22.48 ], "rotation": 90, "autoUv": false, "windMode": [-1,-1,-1,-1] },
						"down": { "texture": "#material", "uv": [ 24.0, 19.5, 30.5, 21.5 ], "rotation": 90, "windMode": [-1,-1,-1,-1] }
					}
				},
				{
					"name": "Leftearflap",
					"from": [ 2.3, 0.0, 5.6 ], 
					"to": [ 4.8, 3.0, 7.1 ], 
					"unwrapMode": 4,
					"autoUnwrap": false,
					"uv": [ 6.0, 20.0 ],
					"rotationOrigin": [ 1.5, 3.0, 6.2 ],
					"rotationX": -9.0,
					"faces": {
						"north": { "texture": "#material", "uv": [ 6.0, 22.5, 8.5, 25.5 ] },
						"east": { "texture": "#material", "uv": [ 12.5, 22.5, 14.0, 25.5 ], "windMode": [-1,-1,-1,-1] },
						"south": { "texture": "#material", "uv": [ 10.0, 22.5, 12.5, 25.5 ], "windMode": [-1,-1,-1,-1] },
						"west": { "texture": "#material", "uv": [ 8.5, 22.5, 10.0, 25.5 ], "windMode": [-1,-1,-1,-1] },
						"up": { "texture": "#material", "uv": [ 8.5, 20.0, 10.0, 22.5 ], "rotation": 90, "windMode": [-1,-1,-1,-1] },
						"down": { "texture": "#material", "uv": [ 8.5, 25.5, 10.0, 28.0 ], "rotation": 90, "windMode": [-1,-1,-1,-1] }
					},
					"children": [
						{
							"name": "Leftearlower",
							"from": [ 0.3, -3.0, 0.3 ], 
							"to": [ 2.3, 0.5, 1.3 ], 
							"unwrapMode": 4,
							"uv": [ 24.3333, 19.375 ],
							"rotationOrigin": [ 0.7, 0.5, 0.8 ],
							"rotationX": 12.0,
							"faces": {
								"north": { "texture": "#material", "uv": [ 24.3333, 21.375, 26.3333, 24.875 ], "windMode": [-1,-1,-1,-1] },
								"east": { "texture": "#material", "uv": [ 29.3333, 21.375, 30.3333, 24.875 ], "windMode": [-1,-1,-1,-1] },
								"south": { "texture": "#material", "uv": [ 27.3333, 21.375, 29.3333, 24.875 ], "windMode": [-1,-1,-1,-1] },
								"west": { "texture": "#material", "uv": [ 26.3333, 21.375, 27.3333, 24.875 ], "windMode": [-1,-1,-1,-1] },
								"up": { "texture": "#material", "uv": [ 26.3333, 19.375, 27.3333, 21.375 ], "rotation": 90, "windMode": [-1,-1,-1,-1] },
								"down": { "texture": "#material", "uv": [ 26.3333, 24.875, 27.3333, 26.875 ], "rotation": 90, "windMode": [-1,-1,-1,-1] }
							}
						}
					]
				},
				{
					"name": "Rightearflap",
					"from": [ 2.3, 0.0, -0.6 ], 
					"to": [ 4.8, 3.0, 0.9 ], 
					"unwrapMode": 4,
					"autoUnwrap": false,
					"uv": [ 0.0, 20.0 ],
					"rotationOrigin": [ 1.5, 3.0, -0.2 ],
					"rotationX": 9.0,
					"faces": {
						"north": { "texture": "#material", "uv": [ 12.3333, 22.375, 14.8333, 25.375 ] },
						"east": { "texture": "#material", "uv": [ 6.5, 22.5, 8.0, 25.5 ], "windMode": [-1,-1,-1,-1] },
						"south": { "texture": "#material", "uv": [ 4.0, 22.5, 6.5, 25.5 ], "windMode": [-1,-1,-1,-1] },
						"west": { "texture": "#material", "uv": [ 2.5, 22.5, 4.0, 25.5 ], "windMode": [-1,-1,-1,-1] },
						"up": { "texture": "#material", "uv": [ 2.5, 20.0, 4.0, 22.5 ], "rotation": 90, "windMode": [-1,-1,-1,-1] },
						"down": { "texture": "#material", "uv": [ 2.5, 25.5, 4.0, 28.0 ], "rotation": 90, "windMode": [-1,-1,-1,-1] }
					},
					"children": [
						{
							"name": "Rightearlower",
							"from": [ 0.2, -3.0, 0.2 ], 
							"to": [ 2.2, 0.5, 1.2 ], 
							"unwrapMode": 4,
							"autoUnwrap": false,
							"uv": [ 15.67, 19.75 ],
							"rotationOrigin": [ 0.6, 0.5, 0.7 ],
							"rotationX": -12.0,
							"faces": {
								"north": { "texture": "#material", "uv": [ 15.5, 22.0, 17.5, 25.5 ], "windMode": [-1,-1,-1,-1] },
								"east": { "texture": "#material", "uv": [ 20.5, 22.0, 21.5, 25.5 ], "windMode": [-1,-1,-1,-1] },
								"south": { "texture": "#material", "uv": [ 18.5, 22.0, 20.5, 25.5 ], "windMode": [-1,-1,-1,-1] },
								"west": { "texture": "#material", "uv": [ 17.5, 22.0, 18.5, 25.5 ], "windMode": [-1,-1,-1,-1] },
								"up": { "texture": "#material", "uv": [ 17.5, 20.0, 18.5, 22.0 ], "rotation": 90, "windMode": [-1,-1,-1,-1] },
								"down": { "texture": "#material", "uv": [ 17.5, 25.5, 18.5, 27.5 ], "rotation": 90, "windMode": [-1,-1,-1,-1] }
							}
						}
					]
				},
				{
					"name": "Furtrimright",
					"from": [ 0.0, -1.5, 0.0 ], 
					"to": [ 6.7, 0.0, 0.0 ], 
					"autoUnwrap": false,
					"uv": [ 0.0, 0.0 ],
					"faces": {
						"north": { "texture": "#material", "uv": [ 25.3333, 13.625, 32.0, 15.125 ] },
						"east": { "texture": "#material", "uv": [ 6.6667, 0.125, 6.83, 1.62 ], "enabled": false, "autoUv": false, "windMode": [-1,-1,-1,-1] },
						"south": { "texture": "#material", "uv": [ 6.8333, 0.125, 13.5, 1.62 ], "enabled": false, "autoUv": false, "windMode": [-1,-1,-1,-1] },
						"west": { "texture": "#material", "uv": [ 13.5, 0.125, 13.67, 1.62 ], "enabled": false, "autoUv": false, "windMode": [-1,-1,-1,-1] },
						"up": { "texture": "#material", "uv": [ 0.0, 0.0, 6.67, 0.12 ], "enabled": false, "autoUv": false, "windMode": [-1,-1,-1,-1] },
						"down": { "texture": "#material", "uv": [ 6.6667, 0.0, 13.33, 0.12 ], "enabled": false, "autoUv": false, "windMode": [-1,-1,-1,-1] }
					}
				},
				{
					"name": "Furtrimleft",
					"from": [ 0.0, -1.5, 6.4 ], 
					"to": [ 6.7, 0.0, 6.4 ], 
					"autoUnwrap": false,
					"uv": [ 0.0, 0.0 ],
					"rotationOrigin": [ 0.0, 0.0, 6.4 ],
					"faces": {
						"north": { "texture": "#material", "uv": [ 18.6667, 13.625, 25.3333, 15.125 ] },
						"east": { "texture": "#material", "uv": [ 6.6667, 0.125, 6.83, 1.62 ], "enabled": false, "autoUv": false },
						"south": { "texture": "#material", "uv": [ 6.8333, 0.125, 13.5, 1.62 ], "enabled": false, "autoUv": false },
						"west": { "texture": "#material", "uv": [ 13.5, 0.125, 13.67, 1.62 ], "enabled": false, "autoUv": false },
						"up": { "texture": "#material", "uv": [ 0.0, 0.0, 6.67, 0.12 ], "enabled": false, "autoUv": false },
						"down": { "texture": "#material", "uv": [ 6.6667, 0.0, 13.33, 0.12 ], "enabled": false, "autoUv": false }
					}
				},
				{
					"name": "Furtrimback",
					"from": [ 6.7, -1.5, 6.4 ], 
					"to": [ 13.1, 0.0, 6.4 ], 
					"autoUnwrap": false,
					"uv": [ 0.0, 0.0 ],
					"rotationOrigin": [ 6.7, 0.0, 6.4 ],
					"rotationY": 90.0,
					"faces": {
						"north": { "texture": "#material", "uv": [ 12.3333, 13.5, 18.6667, 14.995 ], "autoUv": false, "windMode": [-1,-1,-1,-1] },
						"east": { "texture": "#material", "uv": [ 6.6667, 0.125, 6.83, 1.62 ], "enabled": false, "autoUv": false },
						"south": { "texture": "#material", "uv": [ 6.8333, 0.125, 13.5, 1.62 ], "enabled": false, "autoUv": false },
						"west": { "texture": "#material", "uv": [ 13.5, 0.125, 13.67, 1.62 ], "enabled": false, "autoUv": false },
						"up": { "texture": "#material", "uv": [ 0.0, 0.0, 6.67, 0.12 ], "enabled": false, "autoUv": false },
						"down": { "texture": "#material", "uv": [ 6.6667, 0.0, 13.33, 0.12 ], "enabled": false, "autoUv": false }
					}
				}
			]
		}
	]}