{
	"editor": {
		"allAngles": false,
		"entityTextureMode": false
	},
	"textureWidth": 16,
	"textureHeight": 16,
	"textureSizes": {
	},
	"textures": {
		"side": "entity/humanoid/seraphclothes/head/side",
		"normal-top": "entity/humanoid/seraphclothes/head/normal-top"
	},
	"elements": [
		{
			"name": "Brimmedhatbase",
			"stepParentName": "Head",
			"from": [ -0.75, 5.0, -0.75 ], 
			"to": [ 6.75, 7.0, 5.75 ], 
			"rotationOrigin": [ 2.8, 5.0, 2.7 ],
			"faces": {
				"north": { "texture": "#side", "uv": [ 0.0, 0.0, 8.0, 2.0 ], "autoUv": false },
				"east": { "texture": "#side", "uv": [ 4.0, 0.0, 10.0, 2.0 ], "autoUv": false },
				"south": { "texture": "#side", "uv": [ 2.0, 8.0, 10.0, 10.0 ], "autoUv": false },
				"west": { "texture": "#side", "uv": [ 4.0, 4.0, 10.0, 6.0 ], "autoUv": false },
				"up": { "texture": "#normal-top", "uv": [ 0.0, 0.0, 8.0, 6.0 ], "autoUv": false },
				"down": { "texture": "#normal-top", "uv": [ 0.0, 0.0, 8.0, 6.0 ], "autoUv": false }
			},
			"children": [
				{
					"name": "Brimmedhattop",
					"from": [ 0.5, 2.0, 0.5 ], 
					"to": [ 7.0, 3.0, 6.0 ], 
					"rotationOrigin": [ 0.5, 2.0, 0.5 ],
					"faces": {
						"north": { "texture": "#side", "uv": [ 0.0, 0.0, 7.0, 1.0 ], "autoUv": false },
						"east": { "texture": "#side", "uv": [ 0.0, 0.0, 5.0, 1.0 ], "autoUv": false },
						"south": { "texture": "#side", "uv": [ 0.0, 0.0, 7.0, 1.0 ], "autoUv": false },
						"west": { "texture": "#side", "uv": [ 0.0, 0.0, 5.0, 1.0 ], "autoUv": false },
						"up": { "texture": "#normal-top", "uv": [ 0.0, 0.0, 7.0, 5.0 ], "autoUv": false },
						"down": { "texture": "#normal-top", "uv": [ 0.0, 0.0, 7.0, 5.0 ], "autoUv": false }
					}
				},
				{
					"name": "Brimmedhatbrimfront",
					"from": [ -2.0, 0.0, 0.5 ], 
					"to": [ 0.0, 0.5, 6.0 ], 
					"rotationOrigin": [ 0.0, 0.0, 3.75 ],
					"faces": {
						"north": { "texture": "#side", "uv": [ 0.0, 0.0, 2.0, 0.5 ] },
						"east": { "texture": "#side", "uv": [ 0.0, 0.0, 5.5, 0.5 ], "enabled": false },
						"south": { "texture": "#side", "uv": [ 0.0, 0.0, 2.0, 0.5 ] },
						"west": { "texture": "#side", "uv": [ 0.0, 0.0, 5.0, 0.5 ], "autoUv": false },
						"up": { "texture": "#side", "uv": [ 0.0, 0.0, 5.0, 2.0 ], "rotation": 90, "autoUv": false },
						"down": { "texture": "#side", "uv": [ 0.0, 0.0, 5.0, 2.0 ], "rotation": 90, "autoUv": false }
					}
				},
				{
					"name": "Brimmedhatbrimback",
					"from": [ 7.5, 0.0, 0.5 ], 
					"to": [ 9.5, 0.5, 6.0 ], 
					"rotationOrigin": [ 7.5, 0.0, 3.75 ],
					"faces": {
						"north": { "texture": "#side", "uv": [ 0.0, 0.0, 2.0, 0.5 ] },
						"east": { "texture": "#side", "uv": [ 0.0, 0.0, 5.0, 0.5 ], "autoUv": false },
						"south": { "texture": "#side", "uv": [ 0.0, 0.0, 2.0, 0.5 ] },
						"west": { "texture": "#side", "uv": [ 0.0, 0.0, 5.5, 0.5 ], "enabled": false },
						"up": { "texture": "#side", "uv": [ 0.0, 0.0, 5.0, 2.0 ], "rotation": 90, "autoUv": false },
						"down": { "texture": "#side", "uv": [ 0.0, 0.0, 5.0, 2.0 ], "rotation": 90, "autoUv": false }
					}
				},
				{
					"name": "Brimmedhatbrimright",
					"from": [ 0.5, 0.0, -2.0 ], 
					"to": [ 7.0, 0.5, 0.0 ], 
					"rotationOrigin": [ 3.75, 0.0, 0.0 ],
					"faces": {
						"north": { "texture": "#side", "uv": [ 0.0, 0.0, 7.0, 0.5 ], "autoUv": false },
						"east": { "texture": "#side", "uv": [ 0.0, 0.0, 2.0, 0.5 ] },
						"south": { "texture": "#side", "uv": [ 0.0, 0.0, 6.5, 0.5 ], "enabled": false },
						"west": { "texture": "#side", "uv": [ 0.0, 0.0, 2.0, 0.5 ] },
						"up": { "texture": "#side", "uv": [ 0.0, 0.0, 7.0, 2.0 ], "autoUv": false },
						"down": { "texture": "#side", "uv": [ 0.0, 0.0, 7.0, 2.0 ], "autoUv": false }
					}
				},
				{
					"name": "Brimmedhatbrimleft",
					"from": [ 0.5, 0.0, 6.5 ], 
					"to": [ 7.0, 0.5, 8.5 ], 
					"rotationOrigin": [ 3.75, 0.0, 6.5 ],
					"faces": {
						"north": { "texture": "#side", "uv": [ 0.0, 0.0, 6.5, 0.5 ], "enabled": false },
						"east": { "texture": "#side", "uv": [ 0.0, 0.0, 2.0, 0.5 ] },
						"south": { "texture": "#side", "uv": [ 0.0, 0.0, 7.0, 0.5 ], "autoUv": false },
						"west": { "texture": "#side", "uv": [ 0.0, 0.0, 2.0, 0.5 ] },
						"up": { "texture": "#side", "uv": [ 0.0, 0.0, 7.0, 2.0 ], "autoUv": false },
						"down": { "texture": "#side", "uv": [ 0.0, 0.0, 7.0, 2.0 ], "autoUv": false }
					}
				},
				{
					"name": "Brimmedhatbrimfrontrightcorner",
					"from": [ -1.425, 0.0, -0.8 ], 
					"to": [ 1.075, 0.48, 2.75 ], 
					"rotationOrigin": [ 1.0, 0.0, 0.975 ],
					"rotationY": -45.0,
					"faces": {
						"north": { "texture": "#side", "uv": [ 0.0, 0.0, 2.5, 0.5 ] },
						"east": { "texture": "#side", "uv": [ 0.0, 0.0, 3.5, 0.5 ] },
						"south": { "texture": "#side", "uv": [ 0.0, 0.0, 2.5, 0.5 ] },
						"west": { "texture": "#side", "uv": [ 0.0, 0.0, 3.5, 0.5 ] },
						"up": { "texture": "#side", "uv": [ 0.0, 0.0, 2.5, 3.5 ] },
						"down": { "texture": "#side", "uv": [ 0.0, 0.0, 2.5, 3.5 ] }
					}
				},
				{
					"name": "Brimmedhatbrimfrontleftcorner",
					"from": [ -1.475, 0.0, 3.7 ], 
					"to": [ 1.025, 0.48, 7.25 ], 
					"rotationOrigin": [ 1.0, 0.0, 5.475 ],
					"rotationY": 45.0,
					"faces": {
						"north": { "texture": "#side", "uv": [ 0.0, 0.0, 2.5, 0.5 ] },
						"east": { "texture": "#side", "uv": [ 0.0, 0.0, 3.5, 0.5 ] },
						"south": { "texture": "#side", "uv": [ 0.0, 0.0, 2.5, 0.5 ] },
						"west": { "texture": "#side", "uv": [ 0.0, 0.0, 3.5, 0.5 ] },
						"up": { "texture": "#side", "uv": [ 0.0, 0.0, 2.5, 3.5 ] },
						"down": { "texture": "#side", "uv": [ 0.0, 0.0, 2.5, 3.5 ] }
					}
				},
				{
					"name": "Brimmedhatbrimbackleftcorner",
					"from": [ 4.025, 0.0, 3.7 ], 
					"to": [ 6.525, 0.48, 7.25 ], 
					"rotationOrigin": [ 6.5, 0.0, 5.475 ],
					"rotationY": 135.0,
					"faces": {
						"north": { "texture": "#side", "uv": [ 0.0, 0.0, 2.5, 0.5 ] },
						"east": { "texture": "#side", "uv": [ 0.0, 0.0, 3.5, 0.5 ] },
						"south": { "texture": "#side", "uv": [ 0.0, 0.0, 2.5, 0.5 ] },
						"west": { "texture": "#side", "uv": [ 0.0, 0.0, 3.5, 0.5 ] },
						"up": { "texture": "#side", "uv": [ 0.0, 0.0, 2.5, 3.5 ] },
						"down": { "texture": "#side", "uv": [ 0.0, 0.0, 2.5, 3.5 ] }
					}
				},
				{
					"name": "Brimmedhatbrimfrontbackcorner",
					"from": [ 4.06, 0.0, -0.8 ], 
					"to": [ 6.56, 0.48, 2.75 ], 
					"rotationOrigin": [ 6.5, 0.0, 0.975 ],
					"rotationY": -135.0,
					"faces": {
						"north": { "texture": "#side", "uv": [ 0.0, 0.0, 2.5, 0.5 ] },
						"east": { "texture": "#side", "uv": [ 0.0, 0.0, 3.5, 0.5 ] },
						"south": { "texture": "#side", "uv": [ 0.0, 0.0, 2.5, 0.5 ] },
						"west": { "texture": "#side", "uv": [ 0.0, 0.0, 3.5, 0.5 ] },
						"up": { "texture": "#side", "uv": [ 0.0, 0.0, 2.5, 3.5 ] },
						"down": { "texture": "#side", "uv": [ 0.0, 0.0, 2.5, 3.5 ] }
					}
				}
			]
		}
	]}