{
	"editor": {
		"allAngles": true,
		"entityTextureMode": true
	},
	"textureWidth": 32,
	"textureHeight": 32,
	"textureSizes": {
	},
	"textures": {
		"material": "entity/humanoid/serapharmor/female-darkbrown"
	},
	"elements": [
		{
			"name": "Furhat",
			"stepParentName": "Head",
			"from": [ 0.1, 0.8, -0.6 ], 
			"to": [ 6.8, 5.8, 5.7 ], 
			"unwrapMode": 1,
			"autoUnwrap": false,
			"uv": [ 28.0, 31.5 ],
			"rotationOrigin": [ 0.1, 0.8, -0.6 ],
			"faces": {
				"north": { "texture": "#material", "uv": [ 0.0, 4.0, 3.0, 8.0 ], "rotation": 270, "autoUv": false },
				"east": { "texture": "#material", "uv": [ 3.5, 1.0, 7.5, 4.0 ], "rotation": 180, "autoUv": false },
				"south": { "texture": "#material", "uv": [ 9.0, 4.0, 12.0, 8.0 ], "rotation": 90, "autoUv": false },
				"west": { "texture": "#material", "uv": [ 4.0, 8.0, 8.0, 11.0 ], "autoUv": false },
				"up": { "texture": "#material", "uv": [ 4.0, 4.0, 8.0, 8.0 ], "rotation": 90, "autoUv": false },
				"down": { "texture": "#material", "uv": [ 12.0, 4.0, 16.0, 8.0 ], "rotation": 270, "autoUv": false }
			},
			"children": [
				{
					"name": "Furhatflap",
					"from": [ -0.2, 3.0, -0.05 ], 
					"to": [ 1.3, 6.0, 6.45 ], 
					"autoUnwrap": false,
					"uv": [ 10.0, 8.5 ],
					"rotationOrigin": [ 0.5, 3.0, 0.0 ],
					"faces": {
						"north": { "texture": "#material", "uv": [ 14.5, 25.5, 16.0, 28.5 ], "windMode": [-1,-1,-1,-1] },
						"east": { "texture": "#material", "uv": [ 25.0, 12.0, 31.5, 15.0 ], "windMode": [-1,-1,-1,-1] },
						"south": { "texture": "#material", "uv": [ 22.5, 25.5, 24.0, 28.5 ], "windMode": [-1,-1,-1,-1] },
						"west": { "texture": "#material", "uv": [ 16.0, 25.5, 22.5, 28.5 ], "windMode": [-1,-1,-1,-1] },
						"up": { "texture": "#material", "uv": [ 24.5, 10.5, 31.0, 12.0 ], "rotation": 90 },
						"down": { "texture": "#material", "uv": [ 24.5, 12.0, 31.0, 13.5 ], "rotation": 90 }
					}
				}
			]
		}
	]}