{
	"editor": {
		"allAngles": true,
		"entityTextureMode": true
	},
	"textureWidth": 32,
	"textureHeight": 32,
	"textureSizes": {
	},
	"textures": {
		"material": "entity/humanoid/serapharmor/female-gold"
	},
	"elements": [
		{
			"name": "Furhat",
			"stepParentName": "Head",
			"from": [ 0.1, 0.8, -0.6 ], 
			"to": [ 6.8, 5.8, 5.7 ], 
			"unwrapMode": 1,
			"autoUnwrap": false,
			"uv": [ 28.0, 31.5 ],
			"rotationOrigin": [ 0.1, 0.8, -0.6 ],
			"faces": {
				"north": { "texture": "#material", "uv": [ 0.0, 4.0, 3.0, 8.0 ], "rotation": 270, "autoUv": false },
				"east": { "texture": "#material", "uv": [ 3.5, 1.0, 7.5, 4.0 ], "rotation": 180, "autoUv": false },
				"south": { "texture": "#material", "uv": [ 9.0, 4.0, 12.0, 8.0 ], "rotation": 90, "autoUv": false },
				"west": { "texture": "#material", "uv": [ 4.0, 8.0, 8.0, 11.0 ], "autoUv": false },
				"up": { "texture": "#material", "uv": [ 4.0, 4.0, 8.0, 8.0 ], "rotation": 90, "autoUv": false },
				"down": { "texture": "#material", "uv": [ 12.0, 4.0, 16.0, 8.0 ], "rotation": 270, "autoUv": false }
			},
			"children": [
				{
					"name": "Furhatflap",
					"from": [ -0.2, 3.0, -0.05 ], 
					"to": [ 1.3, 6.0, 6.45 ], 
					"autoUnwrap": false,
					"uv": [ 10.0, 8.5 ],
					"rotationOrigin": [ 0.5, 3.0, 0.0 ],
					"faces": {
						"north": { "texture": "#material", "uv": [ 14.5, 25.5, 16.0, 28.5 ], "windMode": [-1,-1,-1,-1] },
						"east": { "texture": "#material", "uv": [ 25.0, 12.0, 31.5, 15.0 ], "windMode": [-1,-1,-1,-1] },
						"south": { "texture": "#material", "uv": [ 22.5, 25.5, 24.0, 28.5 ], "windMode": [-1,-1,-1,-1] },
						"west": { "texture": "#material", "uv": [ 16.0, 25.5, 22.5, 28.5 ], "windMode": [-1,-1,-1,-1] },
						"up": { "texture": "#material", "uv": [ 24.5, 10.5, 31.0, 12.0 ], "rotation": 90 },
						"down": { "texture": "#material", "uv": [ 24.5, 12.0, 31.0, 13.5 ], "rotation": 90 }
					}
				},
				{
					"name": "Leftearflap",
					"from": [ 2.3, 0.0, 5.5 ], 
					"to": [ 4.8, 3.0, 7.0 ], 
					"unwrapMode": 4,
					"uv": [ 6.0, 20.0 ],
					"rotationOrigin": [ 1.5, 3.0, 6.1 ],
					"rotationX": -9.0,
					"faces": {
						"north": { "texture": "#material", "uv": [ 6.0, 22.5, 8.5, 25.5 ] },
						"east": { "texture": "#material", "uv": [ 12.5, 22.5, 14.0, 25.5 ] },
						"south": { "texture": "#material", "uv": [ 10.0, 22.5, 12.5, 25.5 ] },
						"west": { "texture": "#material", "uv": [ 8.5, 22.5, 10.0, 25.5 ] },
						"up": { "texture": "#material", "uv": [ 8.5, 20.0, 10.0, 22.5 ], "rotation": 90 },
						"down": { "texture": "#material", "uv": [ 8.5, 25.5, 10.0, 28.0 ], "rotation": 90 }
					},
					"children": [
						{
							"name": "Leftearlower",
							"from": [ 0.3, -3.0, 0.3 ], 
							"to": [ 2.3, 0.5, 1.3 ], 
							"unwrapMode": 4,
							"uv": [ 3.5, 24.5 ],
							"rotationOrigin": [ 0.7, 0.5, 0.8 ],
							"rotationX": 12.0,
							"faces": {
								"north": { "texture": "#material", "uv": [ 3.5, 26.5, 5.5, 30.0 ] },
								"east": { "texture": "#material", "uv": [ 8.5, 26.5, 9.5, 30.0 ] },
								"south": { "texture": "#material", "uv": [ 6.5, 26.5, 8.5, 30.0 ] },
								"west": { "texture": "#material", "uv": [ 5.5, 26.5, 6.5, 30.0 ] },
								"up": { "texture": "#material", "uv": [ 5.5, 24.5, 6.5, 26.5 ], "rotation": 90 },
								"down": { "texture": "#material", "uv": [ 5.5, 30.0, 6.5, 32.0 ], "rotation": 90 }
							}
						}
					]
				},
				{
					"name": "Rightearflap",
					"from": [ 2.3, 0.0, -0.5 ], 
					"to": [ 4.8, 3.0, 1.0 ], 
					"unwrapMode": 4,
					"uv": [ 0.0, 20.0 ],
					"rotationOrigin": [ 1.5, 3.0, -0.1 ],
					"rotationX": 9.0,
					"faces": {
						"north": { "texture": "#material", "uv": [ 0.0, 22.5, 2.5, 25.5 ] },
						"east": { "texture": "#material", "uv": [ 6.5, 22.5, 8.0, 25.5 ] },
						"south": { "texture": "#material", "uv": [ 4.0, 22.5, 6.5, 25.5 ] },
						"west": { "texture": "#material", "uv": [ 2.5, 22.5, 4.0, 25.5 ] },
						"up": { "texture": "#material", "uv": [ 2.5, 20.0, 4.0, 22.5 ], "rotation": 90 },
						"down": { "texture": "#material", "uv": [ 2.5, 25.5, 4.0, 28.0 ], "rotation": 90 }
					},
					"children": [
						{
							"name": "Rightearlower",
							"from": [ 0.2, -3.0, 0.2 ], 
							"to": [ 2.2, 0.5, 1.2 ], 
							"unwrapMode": 4,
							"uv": [ 3.5, 24.5 ],
							"rotationOrigin": [ 0.6, 0.5, 0.7 ],
							"rotationX": -12.0,
							"faces": {
								"north": { "texture": "#material", "uv": [ 3.5, 26.5, 5.5, 30.0 ] },
								"east": { "texture": "#material", "uv": [ 8.5, 26.5, 9.5, 30.0 ] },
								"south": { "texture": "#material", "uv": [ 6.5, 26.5, 8.5, 30.0 ] },
								"west": { "texture": "#material", "uv": [ 5.5, 26.5, 6.5, 30.0 ] },
								"up": { "texture": "#material", "uv": [ 5.5, 24.5, 6.5, 26.5 ], "rotation": 90 },
								"down": { "texture": "#material", "uv": [ 5.5, 30.0, 6.5, 32.0 ], "rotation": 90 }
							}
						}
					]
				}
			]
		}
	]}