{
	"editor": {
		"allAngles": true,
		"entityTextureMode": true
	},
	"textureWidth": 32,
	"textureHeight": 32,
	"textureSizes": {
	},
	"textures": {
		"material": "game:entity/raccoon/raccoon-female1"
	},
	"elements": [
		{
			"name": "Furhat",
			"stepParentName": "Head",
			"from": [ 0.1, 0.8, -0.6 ], 
			"to": [ 6.8, 5.8, 5.7 ], 
			"unwrapMode": 1,
			"autoUnwrap": false,
			"uv": [ 28.0, 31.5 ],
			"rotationOrigin": [ 0.1, 0.8, -0.6 ],
			"faces": {
				"north": { "texture": "#material", "uv": [ 0.0, 4.0, 3.0, 8.0 ], "rotation": 270, "autoUv": false },
				"east": { "texture": "#material", "uv": [ 3.5, 1.0, 7.5, 4.0 ], "rotation": 180, "autoUv": false },
				"south": { "texture": "#material", "uv": [ 9.0, 4.0, 12.0, 8.0 ], "rotation": 90, "autoUv": false },
				"west": { "texture": "#material", "uv": [ 4.0, 8.0, 8.0, 11.0 ], "autoUv": false },
				"up": { "texture": "#material", "uv": [ 4.0, 4.0, 8.0, 8.0 ], "rotation": 90, "autoUv": false },
				"down": { "texture": "#material", "uv": [ 12.0, 4.0, 16.0, 8.0 ], "rotation": 270, "autoUv": false }
			},
			"children": [
				{
					"name": "Furhatflap",
					"from": [ -0.2, 3.0, -0.05 ], 
					"to": [ 1.3, 6.0, 6.45 ], 
					"autoUnwrap": false,
					"uv": [ 10.0, 8.5 ],
					"rotationOrigin": [ 0.5, 3.0, 0.0 ],
					"faces": {
						"north": { "texture": "#material", "uv": [ 8.5, 9.0, 10.0, 12.0 ], "windMode": [-1,-1,-1,-1] },
						"east": { "texture": "#material", "uv": [ 10.5, 9.0, 17.0, 12.0 ], "windMode": [-1,-1,-1,-1] },
						"south": { "texture": "#material", "uv": [ 16.5, 9.0, 18.0, 12.0 ], "windMode": [-1,-1,-1,-1] },
						"west": { "texture": "#material", "uv": [ 10.0, 9.0, 16.5, 12.0 ], "windMode": [-1,-1,-1,-1] },
						"up": { "texture": "#material", "uv": [ 16.0, 8.5, 22.5, 10.0 ], "rotation": 90 },
						"down": { "texture": "#material", "uv": [ 16.0, 8.5, 22.5, 10.0 ], "rotation": 90 }
					}
				},
				{
					"name": "head",
					"from": [ -1.4, 2.9, 1.8 ], 
					"to": [ 1.1, 5.4, 4.4 ], 
					"unwrapMode": 4,
					"uv": [ 1.0, 10.5 ],
					"rotationOrigin": [ 1.1, 5.1, 3.1 ],
					"rotationZ": 18.0,
					"faces": {
						"north": { "texture": "#material", "uv": [ 1.0, 13.0, 3.5, 15.5 ] },
						"east": { "texture": "#material", "uv": [ 8.5, 13.0, 11.0, 15.5 ] },
						"south": { "texture": "#material", "uv": [ 6.0, 13.0, 8.5, 15.5 ] },
						"west": { "texture": "#material", "uv": [ 3.5, 13.0, 6.0, 15.5 ] },
						"up": { "texture": "#material", "uv": [ 3.5, 10.5, 6.0, 13.0 ], "rotation": 90 },
						"down": { "texture": "#material", "uv": [ 3.5, 15.5, 6.0, 18.0 ], "rotation": 90 }
					},
					"children": [
						{
							"name": "mouth",
							"from": [ -1.2, 0.6, 0.8 ], 
							"to": [ 0.3, 1.6, 1.8 ], 
							"unwrapMode": 5,
							"unwrapRotation": 1,
							"uv": [ 12.0, 13.0 ],
							"rotationOrigin": [ 0.2, 1.1, 1.3 ],
							"rotationZ": 15.0,
							"faces": {
								"north": { "texture": "#material", "uv": [ 12.0, 13.0, 13.0, 14.5 ], "rotation": 270 },
								"east": { "texture": "#material", "uv": [ 13.0, 13.0, 14.0, 14.0 ], "rotation": 180, "enabled": false },
								"south": { "texture": "#material", "uv": [ 14.0, 13.0, 15.0, 14.5 ], "rotation": 90 },
								"west": { "texture": "#material", "uv": [ 13.0, 14.5, 14.0, 15.5 ] },
								"up": { "texture": "#material", "uv": [ 13.0, 13.0, 14.0, 14.5 ], "rotation": 90 },
								"down": { "texture": "#material", "uv": [ 15.0, 13.0, 16.0, 14.5 ], "rotation": 270 }
							},
							"children": [
								{
									"name": "nose",
									"from": [ -0.1, 0.6, 0.2 ], 
									"to": [ 0.4, 1.1, 0.8 ], 
									"unwrapMode": 4,
									"uv": [ 0.0, 0.0 ],
									"rotationOrigin": [ 0.3, 0.6, -0.1 ],
									"faces": {
										"north": { "texture": "#material", "uv": [ 0.0, 0.5, 0.5, 1.0 ] },
										"east": { "texture": "#material", "uv": [ 1.5, 0.5, 2.0, 1.0 ] },
										"south": { "texture": "#material", "uv": [ 1.0, 0.5, 1.5, 1.0 ] },
										"west": { "texture": "#material", "uv": [ 0.5, 0.5, 1.0, 1.0 ] },
										"up": { "texture": "#material", "uv": [ 0.5, 0.0, 1.0, 0.5 ], "rotation": 90 },
										"down": { "texture": "#material", "uv": [ 0.5, 1.0, 1.0, 1.5 ], "rotation": 90 }
									}
								}
							],
							"attachmentpoints": [
								{
									"code": "LeftHand",
									"posX": "0.7","posY": "0.0","posZ": "0.5",
									"rotationX": "0.0","rotationY": "0.0","rotationZ": "0.0"
								}
							]
						},
						{
							"name": "L ear",
							"from": [ 1.1, 1.9, 1.7 ], 
							"to": [ 1.6, 3.4, 2.7 ], 
							"unwrapMode": 4,
							"uv": [ 14.0, 0.0 ],
							"rotationOrigin": [ 1.4, 1.9, 2.2 ],
							"rotationX": 30.0,
							"rotationY": 5.0,
							"faces": {
								"north": { "texture": "#material", "uv": [ 14.0, 0.5, 14.5, 2.0 ] },
								"east": { "texture": "#material", "uv": [ 16.0, 0.5, 17.0, 2.0 ] },
								"south": { "texture": "#material", "uv": [ 15.5, 0.5, 16.0, 2.0 ] },
								"west": { "texture": "#material", "uv": [ 14.5, 0.5, 15.5, 2.0 ] },
								"up": { "texture": "#material", "uv": [ 14.5, 0.0, 15.5, 0.5 ], "rotation": 90 },
								"down": { "texture": "#material", "uv": [ 14.5, 2.0, 15.5, 2.5 ], "rotation": 90 }
							}
						},
						{
							"name": "R ear",
							"from": [ 1.1, 1.9, -0.1 ], 
							"to": [ 1.6, 3.4, 0.9 ], 
							"unwrapMode": 4,
							"uv": [ 10.0, 0.0 ],
							"rotationOrigin": [ 1.4, 2.0, 0.4 ],
							"rotationX": -30.0,
							"rotationY": -5.0,
							"faces": {
								"north": { "texture": "#material", "uv": [ 10.0, 0.5, 10.5, 2.0 ] },
								"east": { "texture": "#material", "uv": [ 12.0, 0.5, 13.0, 2.0 ] },
								"south": { "texture": "#material", "uv": [ 11.5, 0.5, 12.0, 2.0 ] },
								"west": { "texture": "#material", "uv": [ 10.5, 0.5, 11.5, 2.0 ] },
								"up": { "texture": "#material", "uv": [ 10.5, 0.0, 11.5, 0.5 ], "rotation": 90 },
								"down": { "texture": "#material", "uv": [ 10.5, 2.0, 11.5, 2.5 ], "rotation": 90 }
							}
						},
						{
							"name": "R cheek",
							"from": [ 0.5, 0.0, -1.0 ], 
							"to": [ 0.5, 2.5, 0.0 ], 
							"uv": [ 7.5, 0.0 ],
							"rotationOrigin": [ 0.5, 1.0, 0.0 ],
							"rotationY": -30.0,
							"faces": {
								"north": { "texture": "#material", "uv": [ 0.0, 1.0, 0.0, 3.5 ], "enabled": false },
								"east": { "texture": "#material", "uv": [ 12.0, 28.5, 13.0, 31.0 ], "enabled": false },
								"south": { "texture": "#material", "uv": [ 1.0, 1.0, 1.0, 3.5 ], "enabled": false },
								"west": { "texture": "#material", "uv": [ 7.5, 0.0, 8.5, 2.5 ] },
								"up": { "texture": "#material", "uv": [ 0.0, 0.0, 0.0, 1.0 ], "enabled": false },
								"down": { "texture": "#material", "uv": [ 0.0, 0.0, 0.0, 1.0 ], "enabled": false }
							}
						},
						{
							"name": "L cheek",
							"from": [ 0.4, 0.0, 2.6 ], 
							"to": [ 0.4, 2.5, 3.6 ], 
							"uv": [ 8.5, 0.0 ],
							"rotationOrigin": [ 0.4, 1.0, 2.6 ],
							"rotationY": 30.0,
							"faces": {
								"north": { "texture": "#material", "uv": [ 0.0, 1.0, 0.0, 3.5 ], "enabled": false },
								"east": { "texture": "#material", "uv": [ 12.0, 28.5, 13.0, 31.0 ], "enabled": false },
								"south": { "texture": "#material", "uv": [ 1.0, 1.0, 1.0, 3.5 ], "enabled": false },
								"west": { "texture": "#material", "uv": [ 8.5, 0.0, 9.5, 2.5 ] },
								"up": { "texture": "#material", "uv": [ 0.0, 0.0, 0.0, 1.0 ], "enabled": false },
								"down": { "texture": "#material", "uv": [ 0.0, 0.0, 0.0, 1.0 ], "enabled": false }
							}
						}
					]
				},
				{
					"name": "tail",
					"from": [ 5.8, 1.3, 2.3 ], 
					"to": [ 8.8, 2.7, 3.8 ], 
					"unwrapMode": 5,
					"unwrapRotation": 1,
					"uv": [ 19.5, 13.0 ],
					"rotationOrigin": [ 5.6, 2.0, 3.0 ],
					"rotationZ": -65.0,
					"faces": {
						"north": { "texture": "#material", "uv": [ 19.5, 14.0, 20.5, 17.0 ], "rotation": 270 },
						"east": { "texture": "#material", "uv": [ 20.5, 13.0, 22.0, 14.0 ], "rotation": 180 },
						"south": { "texture": "#material", "uv": [ 22.0, 14.0, 23.0, 17.0 ], "rotation": 90 },
						"west": { "texture": "#material", "uv": [ 20.5, 17.0, 22.0, 18.0 ] },
						"up": { "texture": "#material", "uv": [ 20.5, 14.0, 22.0, 17.0 ], "rotation": 90 },
						"down": { "texture": "#material", "uv": [ 23.0, 14.0, 24.5, 17.0 ], "rotation": 270 }
					},
					"children": [
						{
							"name": "tail end",
							"from": [ 2.8, -0.2, -0.2 ], 
							"to": [ 5.8, 1.5, 1.8 ], 
							"unwrapMode": 5,
							"unwrapRotation": 1,
							"uv": [ 24.5, 12.5 ],
							"rotationOrigin": [ 2.8, 0.6, 0.8 ],
							"rotationZ": 13.0,
							"faces": {
								"north": { "texture": "#material", "uv": [ 24.5, 14.0, 26.0, 17.0 ], "rotation": 270 },
								"east": { "texture": "#material", "uv": [ 26.0, 12.5, 28.0, 14.0 ], "rotation": 180 },
								"south": { "texture": "#material", "uv": [ 28.0, 14.0, 29.5, 17.0 ], "rotation": 90 },
								"west": { "texture": "#material", "uv": [ 26.0, 17.0, 28.0, 18.5 ] },
								"up": { "texture": "#material", "uv": [ 26.0, 14.0, 28.0, 17.0 ], "rotation": 90 },
								"down": { "texture": "#material", "uv": [ 29.5, 14.0, 31.5, 17.0 ], "rotation": 270 }
							}
						}
					]
				},
				{
					"name": "L front leg",
					"from": [ 0.9, -0.6, 5.2 ], 
					"to": [ 2.4, 2.4, 6.7 ], 
					"unwrapMode": 4,
					"uv": [ 6.0, 20.0 ],
					"rotationOrigin": [ 1.6, 2.4, 6.1 ],
					"rotationX": -9.0,
					"rotationZ": -1.0,
					"faces": {
						"north": { "texture": "#material", "uv": [ 6.0, 21.5, 7.5, 24.5 ] },
						"east": { "texture": "#material", "uv": [ 10.5, 21.5, 12.0, 24.5 ] },
						"south": { "texture": "#material", "uv": [ 9.0, 21.5, 10.5, 24.5 ] },
						"west": { "texture": "#material", "uv": [ 7.5, 21.5, 9.0, 24.5 ] },
						"up": { "texture": "#material", "uv": [ 7.5, 20.0, 9.0, 21.5 ], "rotation": 90 },
						"down": { "texture": "#material", "uv": [ 7.5, 24.5, 9.0, 26.0 ], "rotation": 90 }
					},
					"children": [
						{
							"name": "L front feet",
							"from": [ 0.3, -2.0, 0.3 ], 
							"to": [ 1.3, 0.5, 1.3 ], 
							"unwrapMode": 4,
							"uv": [ 5.0, 26.5 ],
							"rotationOrigin": [ 0.8, 0.5, 0.8 ],
							"rotationX": 12.0,
							"faces": {
								"north": { "texture": "#material", "uv": [ 5.0, 27.5, 6.0, 30.0 ] },
								"east": { "texture": "#material", "uv": [ 8.0, 27.5, 9.0, 30.0 ] },
								"south": { "texture": "#material", "uv": [ 7.0, 27.5, 8.0, 30.0 ] },
								"west": { "texture": "#material", "uv": [ 6.0, 27.5, 7.0, 30.0 ] },
								"up": { "texture": "#material", "uv": [ 6.0, 26.5, 7.0, 27.5 ], "rotation": 90 },
								"down": { "texture": "#material", "uv": [ 6.0, 30.0, 7.0, 31.0 ], "rotation": 90 }
							}
						}
					]
				},
				{
					"name": "R front leg",
					"from": [ 0.9, -0.6, -0.4 ], 
					"to": [ 2.4, 2.4, 1.1 ], 
					"unwrapMode": 4,
					"uv": [ 0.0, 20.0 ],
					"rotationOrigin": [ 1.6, 2.4, 0.9 ],
					"rotationX": 9.0,
					"faces": {
						"north": { "texture": "#material", "uv": [ 0.0, 21.5, 1.5, 24.5 ] },
						"east": { "texture": "#material", "uv": [ 4.5, 21.5, 6.0, 24.5 ] },
						"south": { "texture": "#material", "uv": [ 3.0, 21.5, 4.5, 24.5 ] },
						"west": { "texture": "#material", "uv": [ 1.5, 21.5, 3.0, 24.5 ] },
						"up": { "texture": "#material", "uv": [ 1.5, 20.0, 3.0, 21.5 ], "rotation": 90 },
						"down": { "texture": "#material", "uv": [ 1.5, 24.5, 3.0, 26.0 ], "rotation": 90 }
					},
					"children": [
						{
							"name": "R front feet",
							"from": [ 0.2, -2.0, 0.2 ], 
							"to": [ 1.2, 0.5, 1.2 ], 
							"unwrapMode": 4,
							"uv": [ 1.0, 26.5 ],
							"rotationOrigin": [ 0.7, 0.5, 0.7 ],
							"rotationX": -12.0,
							"faces": {
								"north": { "texture": "#material", "uv": [ 1.0, 27.5, 2.0, 30.0 ] },
								"east": { "texture": "#material", "uv": [ 4.0, 27.5, 5.0, 30.0 ] },
								"south": { "texture": "#material", "uv": [ 3.0, 27.5, 4.0, 30.0 ] },
								"west": { "texture": "#material", "uv": [ 2.0, 27.5, 3.0, 30.0 ] },
								"up": { "texture": "#material", "uv": [ 2.0, 26.5, 3.0, 27.5 ], "rotation": 90 },
								"down": { "texture": "#material", "uv": [ 2.0, 30.0, 3.0, 31.0 ], "rotation": 90 }
							}
						}
					]
				}
			]
		}
	]}