{
	"editor": {
		"allAngles": true,
		"entityTextureMode": true
	},
	"textureWidth": 32,
	"textureHeight": 32,
	"textureSizes": {
	},
	"textures": {
		"material": "game:entity/wolf/wolf8"
	},
	"elements": [
		{
			"name": "Furhat",
			"stepParentName": "Head",
			"from": [ 0.05, 0.8, -0.65 ], 
			"to": [ 6.85, 5.8, 5.75 ], 
			"unwrapMode": 1,
			"autoUnwrap": false,
			"uv": [ 28.0, 31.5 ],
			"rotationOrigin": [ 0.1, 0.8, -0.6 ],
			"faces": {
				"north": { "texture": "#material", "uv": [ 18.75, 18.0, 23.25, 22.0 ], "autoUv": false },
				"east": { "texture": "#material", "uv": [ 18.75, 18.0, 23.25, 22.0 ], "autoUv": false },
				"south": { "texture": "#material", "uv": [ 18.75, 18.0, 23.25, 22.0 ], "autoUv": false },
				"west": { "texture": "#material", "uv": [ 8.25, 5.75, 12.75, 9.75 ], "autoUv": false },
				"up": { "texture": "#material", "uv": [ 0.75, 10.0, 4.75, 14.0 ], "rotation": 90, "autoUv": false },
				"down": { "texture": "#material", "uv": [ 19.25, 8.5, 23.75, 12.5 ], "rotation": 270, "autoUv": false }
			},
			"children": [
				{
					"name": "Furhatflap",
					"from": [ -1.2, 3.0, -0.05 ], 
					"to": [ 0.8, 6.0, 6.45 ], 
					"autoUnwrap": false,
					"uv": [ 10.0, 8.5 ],
					"rotationOrigin": [ 0.5, 3.0, 0.0 ],
					"faces": {
						"north": { "texture": "#material", "uv": [ 10.75, 13.0, 12.75, 16.0 ], "windMode": [-1,-1,-1,-1] },
						"east": { "texture": "#material", "uv": [ 6.5, 13.0, 13.0, 16.0 ], "windMode": [-1,-1,-1,-1] },
						"south": { "texture": "#material", "uv": [ 7.25, 13.0, 9.25, 16.0 ], "windMode": [-1,-1,-1,-1] },
						"west": { "texture": "#material", "uv": [ 6.5, 13.0, 13.0, 16.0 ], "windMode": [-1,-1,-1,-1] },
						"up": { "texture": "#material", "uv": [ 0.0, 11.5, 6.5, 13.5 ], "rotation": 90 },
						"down": { "texture": "#material", "uv": [ 0.0, 11.5, 6.5, 13.5 ], "rotation": 90 }
					}
				},
				{
					"name": "Leftearflap",
					"from": [ 2.3, 0.0, 5.5 ], 
					"to": [ 4.8, 3.0, 7.0 ], 
					"unwrapMode": 4,
					"autoUnwrap": false,
					"uv": [ 16.75, 14.0 ],
					"rotationOrigin": [ 1.5, 3.0, 6.1 ],
					"rotationX": -9.0,
					"faces": {
						"north": { "texture": "#material", "uv": [ 15.25, 9.75, 17.75, 12.75 ] },
						"east": { "texture": "#material", "uv": [ 15.5, 6.5, 17.0, 9.5 ] },
						"south": { "texture": "#material", "uv": [ 14.75, 6.5, 17.25, 9.5 ] },
						"west": { "texture": "#material", "uv": [ 15.0, 6.75, 16.5, 9.75 ] },
						"up": { "texture": "#material", "uv": [ 14.5, 4.5, 16.0, 7.0 ], "rotation": 90 },
						"down": { "texture": "#material", "uv": [ 18.5, 19.5, 20.0, 22.0 ], "rotation": 90 }
					},
					"children": [
						{
							"name": "Leftearlower",
							"from": [ 0.3, -3.0, 0.3 ], 
							"to": [ 2.3, 0.5, 1.3 ], 
							"unwrapMode": 4,
							"autoUnwrap": false,
							"uv": [ 25.25, 10.0 ],
							"rotationOrigin": [ 0.7, 0.5, 0.8 ],
							"rotationX": 12.0,
							"faces": {
								"north": { "texture": "#material", "uv": [ 20.0, 22.5, 22.0, 26.0 ], "rotation": 180 },
								"east": { "texture": "#material", "uv": [ 20.0, 22.5, 21.0, 26.0 ], "rotation": 180 },
								"south": { "texture": "#material", "uv": [ 20.0, 22.5, 22.0, 26.0 ], "rotation": 180 },
								"west": { "texture": "#material", "uv": [ 21.0, 22.5, 22.0, 26.0 ], "rotation": 180 },
								"up": { "texture": "#material", "uv": [ 20.0, 26.0, 22.0, 27.0 ], "rotation": 180 },
								"down": { "texture": "#material", "uv": [ 20.0, 22.5, 22.0, 23.5 ], "rotation": 180 }
							}
						}
					]
				},
				{
					"name": "Rightearflap",
					"from": [ 2.3, 0.0, -0.6 ], 
					"to": [ 4.8, 3.0, 0.9 ], 
					"unwrapMode": 4,
					"autoUnwrap": false,
					"uv": [ 17.75, 2.0 ],
					"rotationOrigin": [ 1.5, 3.0, -0.2 ],
					"rotationX": 9.0,
					"faces": {
						"north": { "texture": "#material", "uv": [ 14.5, 6.5, 17.0, 9.5 ] },
						"east": { "texture": "#material", "uv": [ 15.5, 6.5, 17.0, 9.5 ] },
						"south": { "texture": "#material", "uv": [ 14.5, 6.5, 17.0, 9.5 ] },
						"west": { "texture": "#material", "uv": [ 15.0, 6.5, 16.5, 9.5 ] },
						"up": { "texture": "#material", "uv": [ 14.5, 4.5, 16.0, 7.0 ], "rotation": 90 },
						"down": { "texture": "#material", "uv": [ 21.5, 19.5, 23.0, 22.0 ], "rotation": 90 }
					},
					"children": [
						{
							"name": "Rightearlower",
							"from": [ 0.2, -3.0, 0.2 ], 
							"to": [ 2.2, 0.5, 1.2 ], 
							"unwrapMode": 4,
							"autoUnwrap": false,
							"uv": [ 24.5, 10.5 ],
							"rotationOrigin": [ 0.6, 0.5, 0.7 ],
							"rotationX": -12.0,
							"faces": {
								"north": { "texture": "#material", "uv": [ 20.0, 22.5, 22.0, 26.0 ], "rotation": 180 },
								"east": { "texture": "#material", "uv": [ 21.0, 22.5, 22.0, 26.0 ], "rotation": 180 },
								"south": { "texture": "#material", "uv": [ 20.0, 22.5, 22.0, 26.0 ], "rotation": 180 },
								"west": { "texture": "#material", "uv": [ 20.0, 22.5, 21.0, 26.0 ], "rotation": 180 },
								"up": { "texture": "#material", "uv": [ 20.0, 26.0, 22.0, 27.0 ], "rotation": 180 },
								"down": { "texture": "#material", "uv": [ 20.0, 26.0, 22.0, 27.0 ], "rotation": 180 }
							}
						}
					]
				}
			]
		}
	]}