{
  "ingredientPattern": "S,C",
  "ingredients": {
    "S": { "type": "item", "code": "game:saw-*", "isTool": true },
    "C": {
      "type": "block",
      "code": "lblbarkbasket-*-east",
      "name": "bark",
      "attributes": { "type": "basket" },
      "returnedStack": { "type": "block", "code": "game:sign-ground-north" }
    }
  },
  "recipeGroup": 2,
  "shapeless": true,
  "width": 1,
  "height": 2,
  "output": { "type": "block", "code": "ancienttools:barkbasket-{bark}-east" }
}
