[
	{
   		"op": "addeach",
    	"path": "/attributes/tradeProps/selling/list/-",
    	"value": [
			{
			"code": "ceramos:ceramatile-petal",
			"type": "item",
			"stacksize": 12,
			"stock": { "avg": 8, "var": 0.25 },
			"price": { "avg": 14, "var": 1.5 }
			},

			{
			"code": "ceramos:ceramatile-stamens",
			"type": "item",
			"stacksize": 12,
			"stock": { "avg": 8, "var": 0.25 },
			"price": { "avg": 14, "var": 1.5 }
			},

			{
			"code": "ceramos:ceramatile-cyanstars",
			"type": "item",
			"stacksize": 12,
			"stock": { "avg": 8, "var": 0.25 },
			"price": { "avg": 14, "var": 1.5 }
			},

			{
			"code": "ceramos:ceramatile-parsley",
			"type": "item",
			"stacksize": 12,
			"stock": { "avg": 8, "var": 0.25 },
			"price": { "avg": 14, "var": 1.5 }
			}
		],
	"file": "game:entities/humanoid/trader-buildmaterials.json"
	}
]