{
	"code": "biaxe",
	"damagedby": ["blockbreaking", "attacking"],
	"tool": "sword",
	"class": "ItemSword",
	"behaviors": [{ 
		"name": "GroundStorable",
			"sprintKey": true,
			"selectionBox": { x1: 0, y1: 0, z1: 0, x2: 1, y2: 0.1, z2: 1 },
			"collisionBox": { x1: 0, y1: 0, z1: 0, x2: 0, y2: 0, z2: 0 },
		}
	],
	"attributes": {
		"toolrackTransform": { 
			"translation": { x: 0, y: 0.01, z: 0},
			"scale": 1.69
		},
		
	"groundStorageTransform": {
	"translation": { x: 0, y: -0.47, z: 0 }
	}
	
	},
	"shape": { "base": "tstools:item/biaxe" },
	"heldTpHitAnimation": "spearhit",
	"textures": {
		"metal": { "base": "tstools:item/iron" },
		"handle": { "base": "item/handel-k" },
		"titan-tip": { "base":"tstools:item/titan-tip"}
		},
	"attackRange": 2.2,
	"tooltier": 4,
	"miningspeed": {
			"wood": 2,
			"leaves": 2
		},
	"durability": 1000,
		
	"attackpower": 4.8,
	"creativeinventory": { "general": ["*"], "items": ["*"], "tools": ["*"], "tstools": ["*"] },

	"fpHandTransform": {
		"translation": { x: -0.3, y: -0.4, z: 0.5 },
		"rotation": { x: -29, y: -5, z: 87 },
		"origin": { x: 0.2, y: 0.5, z: 0.5 },
		"scale": 3.45
	},
	"guiTransform": {
			"translation": { x: 6, y: 2, z: 0 },
			"rotation": { x: -90, y: -131, z: -180 },
			"origin": { x: 0.65, y: 0, z: 0.45 },
			"scale": 1.82
		},
		"groundTransform": {
			"translation": { x: 0, y: -0.36, z: 0 },
			"rotation": { x: 0, y: 0, z: 0 },
			"origin": { x: 0.5, y: 0, z: 0.5 },
			"scale": 3.6
		
	},
	"tpHandTransform": {
			"translation": { x: -0.86, y: -0.5, z: -0.58 },
			"rotation": { x: 90, y: 0, z: -10 },
			"scale": 0.95
		}
	
}