{
     "code": "biaxehead",
	 "creativeinventory": { "general": ["*"], "tools": ["*"], "tstools": ["*"] },
	 "textures": {
		 "titan-tip":{ "base": "tstools:item/handel-k" }
	 },
	
	"shape": { "base": "tstools:item/biaxehead" },
	 "maxstacksize": 8,
	"fpHandTransform": { "rotation": { x: 180, y: 0, z: -91 },
						"translation": { x: 0, y: -0.5, z: 0.5 },
						"scale": 2.28},
	"tpHandTransform": { "translation": { x: 0.6, y: -1.3, z: -0.1 },
						"rotation": { x: -90, y: -176, z: -170 },
						"origin": { x: 0, e: 0.5, z: 0 },
						"scale": 0.81},
	"guiTransform": { "translation": { x: -4, y: 3, z: 0 },
						"rotation": { x: 50, y: 56, z: 65 },
						"origin": { x: 0.25, y: -0.45, z: 0 },
						"scale": 2.48},
	"groundTransform": { "translation": { x: 0, y: 0.03, z: 0},
						"rotation": { x: 0, y: -117, z: 0 },
						"origin": { x: 0.5, y: 0.5, z: 0.5299 },
						"scale": 4.65}
	
	
	                          
	 
}