{
	"code": "tinbronzesword",
	"damagedby": ["blockbreaking", "attacking"],
	"tool": "sword",
	"class": "ItemSword",
	"behaviors": [{ 
		"name": "GroundStorable",
			"sprintKey": true,
			"selectionBox": { x1: 0, y1: 0, z1: 0, x2: 1, y2: 0.1, z2: 1 },
			"collisionBox": { x1: 0, y1: 0, z1: 0, x2: 0, y2: 0, z2: 0 },
		}
	],
	"attributes": {
		"toolrackTransform": { 
			"translation": { x: 0, y: 0.5, z: 0}
		}
	},
	"shape": { "base": "tstools:item/tinbronzesword" },
	"heldTpHitAnimation": "spearhit",
	"textures": {
		"metal":{ "base": "item/tinbronze" },
		"handle": { "base": "item/handel-k" },
		"titan-tip": { "base":"tstools:item/titan-tip"}
		},
	"attackRange": 2.5,
	"tooltier": 3,
	"miningspeed": {
			"wood": 2,
			"leaves": 2
		},
	"durability": 1000,
		
	"attackpower": 4.3,
	"creativeinventory": { "general": ["*"], "items": ["*"], "tools": ["*"], "tstools": ["*"] },

	"fpHandTransform": {
		"translation": { x: -0.3, y: -0.5, z: 0.3 },
		"rotation": { x: -29, y: 1, z: 88 },
		"origin": { x: 0.2, y: 0.5, z: 0.5 },
		"scale": 2.5
	},
	"guiTransform": {
			"translation": { x: 11, y: -4, z: 0 },
			"rotation": { x: -63, y: -131, z: -180 },
			"origin": { x: 0.61, y: 0, z: 0.47 },
			"scale": 2.05
		},
		"groundTransform": {
			"translation": { x: 0, y: 0, z: 0 },
			"rotation": { x: 0, y: 0, z: 0 },
			"origin": { x: 0.5, y: 0, z: 0.5 },
			"scale": 3.6
		
	},
	"tpHandTransform": {
			"translation": { x: -1.02, y: -0.5, z: -0.15 },
			"rotation": { x: 90, y: 0, z: -10 },
			"scale": 0.95
		}
	
}