{
     "code": "tstip",
	 "creativeinventory": { "general": ["*"], "tools": ["*"], "tstools": ["*"] },
	 "textures": {
		 "titan-tip":{ "base": "tstools:item/titan-tip" }
	 },
	
	"shape": { "base": "tstools:item/tstip" },
	 "maxstacksize": 8,
	"fpHandTransform": { "rotation": { x: 180, y: -52, z: -80 },
						"scale": 2.28},
	"tpHandTransform": { "translation": { x: -0.1, y: 0, z: 0.73 },
						"rotation": { x: -180, y: -134, z: -180 },
						"origin": { x: 0, e: 0, z: 0 },
						"scale": 1.06},
	"guiTransform": { "translation": { x: -12, y: 0, z: 97 },
						"rotation": { x: 50, y: 56, z: 65 },
						"origin": { x: 0, y: -0.8, z: 0 },
						"scale": 5.57},
	"groundTransform": { "translation": { x: 0, y: 0.01, z: 0},
						"rotation": { x: 99, y: -106, z: -47 },
						"origin": { x: 0.5, y: 0.5, z: 0.5299 },
						"scale": 3.72}
	
	
	                          
	 
}