{
     "code": "tspickaxe",
	 "creativeinventory": { "general": ["*"], "tools": ["*"], "tstools": ["*"] },
	 "textures": {
		 "iron":{ "base": "item/iron" }
	 },
	"tool": "pickaxe",
	"behaviors": [{ 
		"name": "GroundStorable",
			"sprintKey": true,
			"selectionBox": { x1: 0, y1: 0, z1: 0, x2: 1, y2: 0.1, z2: 1 },
			"collisionBox": { x1: 0, y1: 0, z1: 0, x2: 0, y2: 0, z2: 0 },
		}
	],
	"attributes": {
		"toolrackTransform": { 
			"translation": { x: 0, y: 0.5, z: 0}
		}
	},
	
	"shape": { "base": "tstools:item/tspickaxe" },
	 "maxstacksize": 1,
	"fpHandTransform": { "rotation": { x: 150, y: -14, z: -100 },
						"scale": 1.54},
	"tpHandTransform": { "translation": { x: -1.2, y: -0.6, z: -1.25},
						"rotation": { x: -99, y: 18, z: 10},
						"scale": 0.69},
	"guiTransform": { "translation": { x: 0, y: 5, z: 0},
						"rotation": { x: -96, y: 50, z: 0},
						"origin": { x: 0.5, y: 0.6, z: 0.6 },
						"scale": 1.54},
	"groundTransform": { "translation": { x: 0, y: -0.25, z: 0},
						"rotation": { x: 180, y: 8, z: -1},
						"origin": { x: 0.5, y: 0.5, z: 0.5299 },
						"scale": 3.42},
	"durability": 3800,
	"tooltier": 6,
	"miningspeed": {
			"ceramic": 4,
			"stone": 12,
			"ore": 12,
			"metal": 12,
			"ice": 5},
	"attackpower": 4,
	"damagedby": ["blockbreaking", "attacking"],
	"heldTpHitAnimation": "smithing"
	
	                          
	 
}