{
     "code": "tsshovel",
	 "creativeinventory": { "general": ["*"], "tools": ["*"], "tstools": ["*"] },
	 "textures": {
		"iron": { "base": "item/iron" }
	 },
	"tool": "shovel",
	"behaviors": [{	"name": "GroundStorable",
		"properties": {
			"layout": "WallHalves",
			"wallOffY": 2,
			"sprintKey": true,
			"selectionBox": { x1: 0, y1: 0, z1: 0, x2: 1, y2: 0.1, z2: 1 },
			"collisionBox": { x1: 0, y1: 0, z1: 0, x2: 0, y2: 0, z2: 0 }
		}
	}
		], 
	"attributes": {
		"toolrackTransform": { 
			"rotation": { y: 1, z: -1 },
			"translation": { x: -0.47, y: 0.6 },
			"scale": 1.25,
			"groundStorageTransform": {
				"translation": { x: 0, y: 0.5, z: -0.16 },
				"rotation": { x: 13, y: 88, z: -87 },
				"scale": 0.88
			}
		}
	},
	
	"shape": { "base": "tstools:item/tsshovel" },
	 "maxstacksize": 1,
	"fpHandTransform": { "translation": { x: 0.0468, y: -0.2, z: 0 },
		                  "rotation": { x: -15, y: 15, z: 100 },
						    "scale": 2 },
	"tpHandTransform": { "translation": { x: -1.04, y: -0.24, z: -0.61 },
						"rotation": { x: 0, y: 0, z: -10 },
						"scale": 0.8},
	"guiTransform": { "translation": { x: 1, y: 1, z: 0},
						"rotation": { x: -88, y: -143, z: 180 },
						"origin": { x: 1.25, y: -4, z: 0.65 },
						"scale": 1.54},
	"groundTransform": { "translation": { x: 0, y: 0, z: 0 },
						"rotation": {x: 0, y: 0, z: 0 },
						"origin": { x: 0.5, y: 0, z: 0.5 },
						"scale": 3.6 },
	"durability": 3800,
	"tooltier": 6,
	"miningspeed": {
			"soil": 9,
			"sand": 9,
			"gravel": 6,
			"snow": 6
	},
	"attackpower": 4,
	"damagedby": ["blockbreaking", "attacking"],
	"heldTpHitAnimation": "shoveldig"
	
	                          
	 
}