{
	code: "antler-albino",
	shape: { base: "item/antler-albino" },
	behaviors: [{"name": "GroundStorable","properties": {"layout": "Quadrants"}}],
	creativeinventory: { "general": ["*"], "items": ["*"] },
	maxstacksize: 64,
	attributes: {
		displaycaseable: true, 
		shelvable: true,
		onDisplayTransform: {
			translation: { x: -0.15, y: -0.08, z: 0.06 },
			rotation: { x: 270, y: 0, z: 95 },
			origin: { x: 0.5, y: 0.22, z: 0.54 },
			scale: 1.9
		},
		groundStorageTransform: {
			translation: { x: 0, y: -0.5, z: -0.8 },
			rotation: { x: -95, y: 0, z: -8 },
			scale: 2.05
		}
	},
	materialDensity: 900,
	heldTpHitAnimation: "breaktool",
	grindingProps: {
		grindedStack: { type: "item", code: "game:bonemeal" }
	},
	fpHandTransform: {
		translation: { x: 0, y: -0.5, z: -1.5 },
		rotation: { x: 180, y: 0, z: 90 },
		scale: 12
	},
	guiTransform: {
		translation: { x: -3, y: -3, z: 5 },
		rotation: { x: 0, y: 0, z: 90 },
		origin: { x: 0.5, y: 0.25, z: 0.5 },
		scale: 3.65
	},
	tpHandTransform: {
		translation: { x: -0.5, y: 0, z: -0.25 },
		rotation: { x: 0, y: -174, z: 0 },
		origin: { x: 0.5, y: 0.12, z: 0.5 },
		scale: 2
	},
	collisionbox: { x1: 0.3125, y1: 0, z1: 0.3125, x2: 0.6875, y2: 0.125, z2: 0.6875 },
	selectionbox: { x1: 0.3125, y1: 0, z1: 0.3125, x2: 0.6875, y2: 0.125, z2: 0.6875 },
	groundTransform: {
		scale: 7
	},
		groundTransform: {
		translation: { x: 0, y: 0, z: 0 },
		rotation: { x: 90, y: 0, z: 0 },
		origin: { x: 0.5, y: 0.5, z: 0.5299 },
		scale: 9
	}
	
}