{
	code: "gems-horn",
	shape: { base: "item/gems-horn" },
	behaviors: [{"name": "GroundStorable","properties": {"layout": "Quadrants"}}],
	creativeinventory: { "general": ["*"], "items": ["*"] },
	maxstacksize: 64,
	attributes: {
			groundStorageTransform: {
			translation: { x: 0, y: -0.44, z: 0 },
			rotation: { x: 90, y: 180, z: 55 },
			scale: 1.25
		}
	},
	materialDensity: 900,
	heldTpHitAnimation: "breaktool",
	grindingProps: {
		grindedStack: { type: "item", code: "game:bonemeal" }
	},
	fpHandTransform: {
		translation: { x: 1, y: -0.2, z: -1.5 },
		rotation: { x: 180, y: -60, z: -154 },
		scale: 12
	},
	guiTransform: {
		translation: { x: -2, y: 12, z: 1 },
		rotation: { x: -28, y: 21, z: -139 },
		origin: { x: 0.5, y: 0.25, z: 0.5 },
		scale: 2.45
	},
	tpHandTransform: {
		translation: { x: -0.5, y: -0.1, z: -0.4 },
		rotation: { x: -14, y: -155, z: 52 },
		origin: { x: 0.35, y: 0.1, z: 0.5 },
		scale: 1.22
	},
	groundTransform: {
		translation: { x: 0, y: 0.15, z: 0 },
		rotation: { x: 90, y: 0, z: 180 },
		origin: { x: 0.5, y: 0.22, z: 0.54 },
		scale: 6
	}