[
    {
      "op": "add",
      "path": "/-",
      "value": {
        "ingredientPattern": "SL",
        "ingredients": {
          "S": {
            "type": "item",
            "code": "moremolds:handsaw-*",
            "isTool": true
          },
          "L": {
            "type": "block",
            "code": "game:log-placed-*-ud",
            "name": "wood"
          }
        },
        "width": 2,
        "height": 1,
        "shapeless": true,
        "output": {
          "type": "item",
          "code": "game:plank-{wood}",
          "quantity": 4
        }
      },
      "file": "game:recipes/grid/plank.json"
    },
    {
      "op": "add",
      "path": "/-",
      "value": {
        "ingredientPattern": "SL",
        "ingredients": {
          "S": {
            "type": "item",
            "code": "moremolds:handsaw-*",
            "isTool": true
          },
          "L": {
            "type": "block",
            "code": "game:logsection-placed-*-ne-ud",
            "name": "wood"
          }
        },
        "width": 2,
        "height": 1,
        "shapeless": true,
        "output": {
          "type": "item",
          "code": "game:plank-{wood}",
          "quantity": 4
        }
      },
      "file": "game:recipes/grid/plank.json"
    }
  ]