[
	{
		ingredientPattern: "C",
		ingredients: {
			"C": { type: "item", code: "game:vegetable-carrot", quantity: 1 }
		},
		shapeless: true,
		width: 1,
        	height: 1,
		output: { type: "item", code: "game:seeds-carrot", quantity: 1  }
	},
	{
		ingredientPattern: "C",
		ingredients: {
			"C": { type: "item", code: "game:vegetable-onion", quantity: 1 }
		},
		shapeless: true,
		width: 1,
        	height: 1,
		output: { type: "item", code: "game:seeds-onion", quantity: 1  }
	},
	{
		ingredientPattern: "C",
		ingredients: {
			"C": { type: "item", code: "game:vegetable-turnip", quantity: 1 }
		},
		shapeless: true,
		width: 1,
        	height: 1,
		output: { type: "item", code: "game:seeds-turnip", quantity: 1  }
	},
	{
		ingredientPattern: "C",
		ingredients: {
			"C": { type: "item", code: "game:vegetable-parsnip", quantity: 1 }
		},
		shapeless: true,
		width: 1,
        	height: 1,
		output: { type: "item", code: "game:seeds-parsnip", quantity: 1  }
	},
	{
		ingredientPattern: "C",
		ingredients: {
			"C": { type: "item", code: "game:vegetable-bellpepper", quantity: 1 }
		},
		shapeless: true,
		width: 1,
        	height: 1,
		output: { type: "item", code: "game:seeds-bellpepper", quantity: 1  }
	},
	{
		ingredientPattern: "C",
		ingredients: {
			"C": { type: "item", code: "game:vegetable-cabbage", quantity: 1 }
		},
		shapeless: true,
		width: 1,
        	height: 1,
		output: { type: "item", code: "game:seeds-cabbage", quantity: 1  }
	},
	{
		ingredientPattern: "C",
		ingredients: {
			"C": { type: "item", code: "game:legume-soybean", quantity: 1 }
		},
		shapeless: true,
		width: 1,
        	height: 1,
		output: { type: "item", code: "game:seeds-soybean", quantity: 1  }
	},
	{
		ingredientPattern: "C",
		ingredients: {
			"C": { type: "item", code: "game:grain-rye", quantity: 1 }
		},
		shapeless: true,
		width: 1,
        	height: 1,
		output: { type: "item", code: "game:seeds-rye", quantity: 1  }
	},
	{
		ingredientPattern: "C",
		ingredients: {
			"C": { type: "item", code: "game:grain-rice", quantity: 1 }
		},
		shapeless: true,
		width: 1,
        	height: 1,
		output: { type: "item", code: "game:seeds-rice", quantity: 1  }
	},
	{
		ingredientPattern: "C",
		ingredients: {
			"C": { type: "item", code: "game:grain-spelt", quantity: 1 }
		},
		shapeless: true,
		width: 1,
        	height: 1,
		output: { type: "item", code: "game:seeds-spelt", quantity: 1  }
	},
	{
		ingredientPattern: "C",
		ingredients: {
			"C": { type: "item", code: "game:grain-flax", quantity: 1 }
		},
		shapeless: true,
		width: 1,
        	height: 1,
		output: { type: "item", code: "game:seeds-flax", quantity: 1  }
	},
	{
		ingredientPattern: "C",
		ingredients: {
			"C": { type: "item", code: "game:grain-amaranth", quantity: 1 }
		},
		shapeless: true,
		width: 1,
        	height: 1,
		output: { type: "item", code: "game:seeds-amaranth", quantity: 1  }
	},
	{
		ingredientPattern: "C",
		ingredients: {
			"C": { type: "item", code: "game:grain-sunflower", quantity: 1 }
		},
		shapeless: true,
		width: 1,
        	height: 1,
		output: { type: "item", code: "game:seeds-sunflower", quantity: 1  }
	},
	{
		ingredientPattern: "C",
		ingredients: {
			"C": { type: "item", code: "game:fruit-pineapple", quantity: 4 }
		},
		shapeless: true,
		width: 1,
        	height: 1,
		output: { type: "item", code: "game:seeds-pineapple", quantity: 1  }
	},
	{
		ingredientPattern: "C",
		ingredients: {
			"C": { type: "item", code: "game:legume-peanut", quantity: 1 }
		},
		shapeless: true,
		width: 1,
        	height: 1,
		output: { type: "item", code: "game:seeds-peanut", quantity: 1  }
	},
	{
		ingredientPattern: "C",
		ingredients: {
			"C": { type: "item", code: "game:rawcassava-raw", quantity: 1 }
		},
		shapeless: true,
		width: 1,
        	height: 1,
		output: { type: "item", code: "game:seeds-cassava", quantity: 3  }
	},
]






















