[

    {
        "op": "add",
        "path": "/attributesByType/claypot-cooked/textureMapping/treefruit-almond",
        "value": [
          "fruit",
          "fruit-almond"
        ],
        "file": "game:blocktypes/clay/pot.json"
    },
    {
        "op": "add",
        "path": "/attributesByType/claypot-cooked/textureMapping/treefruit-apricot",
        "value": [
          "fruit",
          "fruit-apricot"
        ],
        "file": "game:blocktypes/clay/pot.json"
    },
    {
        "op": "add",
        "path": "/attributesByType/claypot-cooked/textureMapping/treefruit-citron",
        "value": [
          "fruit",
          "fruit-citron"
        ],
        "file": "game:blocktypes/clay/pot.json"
    },
    {
        "op": "add",
        "path": "/attributesByType/claypot-cooked/textureMapping/treefruit-cocoa",
        "value": [
          "fruit",
          "fruit-cocoa"
        ],
        "file": "game:blocktypes/clay/pot.json"
    },
    {
        "op": "add",
        "path": "/attributesByType/claypot-cooked/textureMapping/treefruit-fig",
        "value": [
          "fruit",
          "fruit-fig"
        ],
        "file": "game:blocktypes/clay/pot.json"
    },
    {
        "op": "add",
        "path": "/attributesByType/claypot-cooked/textureMapping/treefruit-hawthorn",
        "value": [
          "fruit",
          "fruit-hawthorn"
        ],
        "file": "game:blocktypes/clay/pot.json"
    },
    {
        "op": "add",
        "path": "/attributesByType/claypot-cooked/textureMapping/treefruit-purpleplum",
        "value": [
          "fruit",
          "fruit-purpleplum"
        ],
        "file": "game:blocktypes/clay/pot.json"
    },
    {
        "op": "add",
        "path": "/attributesByType/claypot-cooked/textureMapping/treefruit-quince",
        "value": [
          "fruit",
          "fruit-quince"
        ],
        "file": "game:blocktypes/clay/pot.json"
    },
	{
        "op": "add",
        "path": "/attributesByType/claypot-cooked/textureMapping/treefruit-pomelo",
        "value": [
          "fruit",
          "fruit-pomelo"
        ],
        "file": "game:blocktypes/clay/pot.json"
    },

    {
        "op": "add",
        "path": "/texturesByType/*/fruit-almond",
        "value": {
          "base": "wildcrafttrees:block/food/pie/fill-almond"
        },
        "file": "game:blocktypes/clay/pot.json"
    },
    {
        "op": "add",
        "path": "/texturesByType/*/fruit-apricot",
        "value": {
          "base": "wildcrafttrees:block/food/pie/fill-apricot"
        },
        "file": "game:blocktypes/clay/pot.json"
    },
    {
        "op": "add",
        "path": "/texturesByType/*/fruit-citron",
        "value": {
          "base": "wildcrafttrees:block/food/pie/fill-citron"
        },
        "file": "game:blocktypes/clay/pot.json"
    },
    {
        "op": "add",
        "path": "/texturesByType/*/fruit-cocoa",
        "value": {
          "base": "wildcrafttrees:block/food/pie/fill-cocoa"
        },
        "file": "game:blocktypes/clay/pot.json"
    },
    {
        "op": "add",
        "path": "/texturesByType/*/fruit-fig",
        "value": {
          "base": "wildcrafttrees:block/food/pie/fill-fig"
        },
        "file": "game:blocktypes/clay/pot.json"
    },
    {
        "op": "add",
        "path": "/texturesByType/*/fruit-hawthorn",
        "value": {
          "base": "wildcrafttrees:block/food/pie/fill-hawthorn"
        },
        "file": "game:blocktypes/clay/pot.json"
    },
    {
        "op": "add",
        "path": "/texturesByType/*/fruit-purpleplum",
        "value": {
          "base": "wildcrafttrees:block/food/pie/fill-purpleplum"
        },
        "file": "game:blocktypes/clay/pot.json"
    },
    {
        "op": "add",
        "path": "/texturesByType/*/fruit-quince",
        "value": {
          "base": "wildcrafttrees:block/food/pie/fill-quince"
        },
        "file": "game:blocktypes/clay/pot.json"
    },
	{
        "op": "add",
        "path": "/texturesByType/*/fruit-quince",
        "value": {
          "base": "wildcrafttrees:block/food/pie/fill-commonhackberry"
        },
        "file": "game:blocktypes/clay/pot.json"
    },
	{
        "op": "add",
        "path": "/texturesByType/*/fruit-quince",
        "value": {
          "base": "wildcrafttrees:block/food/pie/fill-sugarhackberry"
        },
        "file": "game:blocktypes/clay/pot.json"
    },
	{
        "op": "add",
        "path": "/texturesByType/*/fruit-quince",
        "value": {
          "base": "wildcrafttrees:block/food/pie/fill-hazelnut"
        },
        "file": "game:blocktypes/clay/pot.json"
    },
	{
        "op": "add",
        "path": "/texturesByType/*/fruit-quince",
        "value": {
          "base": "wildcrafttrees:block/food/pie/fill-pomelo"
        },
        "file": "game:blocktypes/clay/pot.json"
    }

]