{
	"code": "handsawblade",
	"variantgroups": [
		{ "code": "metal", "states": ["copper", "tinbronze", "bismuthbronze", "blackbronze", "gold", "silver", "iron", "meteoriciron", "steel" ] }
	],
	"shape": { "base": "moremolds:item/tool/handsaw" },
	"textures": {
		"metal": { "base": "game:block/metal/ingot/{metal}" },
		"wood": { "base": "game:block/transparent" },
		"linen": { "base": "game:block/transparent" }
	},
	"creativeinventory": { "general": ["*"], "items": ["*"], "moremolds": ["*"] },
	"fpHandTransform": {
		"translation": { "x": 0.5, "y": -0.2, "z": 0 },
		"rotation": { "x": -161, "y": -7, "z": 90 },
		"scale": 2.5
	},
	"guiTransform": {
		"rotate": true,
		"translation": { "x": -2, "y": 1, "z": 0 },
		"rotation": { "x": -96, "y": -43, "z": -180 },
		"origin": { "x": 0.4, "y": 0.35, "z": 0.64 },
		"scale": 3.26
	},
	"groundTransform": {
		"translation": { "x": 0, "y": 0, "z": 0 },
		"rotation": { "x": 0, "y": 0, "z": 0 },
		"origin": { "x": 0.5, "y": 0.3, "z": 0.5 },
		"scale": 4.75
	},
	"tpHandTransform": {
		"translation": { "x": -0.8, "y": -0.5, "z": -0.5 },
		"rotation": { "x": 90, "y": -174, "z": 0 },
		"scale": 1
	}
}