{
  "code": "chandelier-branch",
  "variantgroups": [
    {
      "code": "metal",
      "loadFromProperties": "block/metal"
    }
  ],
  "allowedVariants": [
    "chandelier-branch-iron",
    "chandelier-branch-meteoriciron",
    "chandelier-branch-platinum",
    "chandelier-branch-rhodium",
    "chandelier-branch-stainlesssteel",
    "chandelier-branch-steel",
    "chandelier-branch-titanium"
  ],
  "shape": { "base": "item/chandelierbranch" },
  "textures": {
    "blackbronze": {
      "base": "game:block/metal/ingot/{metal}"
    }
  },
  "attributes": {
    "onDisplayTransform": {
      "origin": { "x": 0.5, "y": 0, "z": 0.5 },
      "scale": 0.75
    },
    "displaycaseable": false,
    "shelvable": false
  },
  "maxstacksize": 4,
  "creativeinventory": {
    "general": ["*"],
    "decorative": ["*"],
    "salty": ["*"]
  },
  "materialDensity": 600,
  "guiTransform": {
    "translation": { "x": 1, "y": 0, "z": 0 },
    "rotation": { "x": 118, "y": -49, "z": 7 },
    "origin": { "x": 0.5, "y": 0.11, "z": 0.5 },
    "scale": 1.83
  },
  "fpHandTransform": {
    "translation": { "x": 0, "y": 0, "z": 0 },
    "rotation": { "x": 40, "y": 91, "z": 15 },
    "origin": { "x": 1, "y": 0.5, "z": 0 },
    "scale": 4.11
  },
  "groundTransform": {
    "translation": { "x": 0, "y": 0, "z": 0 },
    "rotation": { "x": 142, "y": 33, "z": -180 },
    "origin": { "x": 0.5, "y": 0, "z": 0.5 },
    "scale": 4.26
  },
  "tpHandTransform": {
    "translation": { "x": 0, "y": 0, "z": 0 },
    "rotation": { "x": 1, "y": 0, "z": 0 },
    "origin": { "x": 0.15, "y": 0.0, "z": 0.2 },
    "scale": 0.74
  }
}
