{
  "code": "chandelier-trunk",
  "variantgroups": [
    {
      "code": "metal",
      "loadFromProperties": "block/metal"
    }
  ],
  "allowedVariants": [
    "chandelier-trunk-iron",
    "chandelier-trunk-meteoriciron",
    "chandelier-trunk-platinum",
    "chandelier-trunk-rhodium",
    "chandelier-trunk-stainlesssteel",
    "chandelier-trunk-steel",
    "chandelier-trunk-titanium"
  ],
  "shape": { "base": "item/chandeliertrunk" },
  "textures": {
    "blackbronze": {
      "base": "game:block/metal/ingot/{metal}"
    }
  },
  "attributes": {
    "onDisplayTransform": {
      "origin": { "x": 0.5, "y": 0, "z": 0.5 },
      "scale": 0.75
    },
    "displaycaseable": false,
    "shelvable": false
  },
  "maxstacksize": 4,
  "creativeinventory": {
    "general": ["*"],
    "decorative": ["*"],
    "salty": ["*"]
  },
  "materialDensity": 600,
  "guiTransform": {
    "translation": { "x": 1, "y": 0, "z": 0 },
    "rotation": { "x": 1, "y": 44, "z": -144 },
    "origin": { "x": 0.8, "y": 0.3, "z": 0.9 },
    "scale": 1.61
  },
  "fpHandTransform": {
    "translation": { "x": -0.5, "y": -0.2, "z": 0.5 },
    "rotation": { "x": -90, "y": 91, "z": 15 },
    "origin": { "x": 0.9, "y": 0.4, "z": 0.6 },
    "scale": 1.16
  },
  "groundTransform": {
    "translation": { "x": 0, "y": 0, "z": 0 },
    "rotation": { "x": 91, "y": 0, "z": 0 },
    "origin": { "x": 0.5, "y": 0, "z": 0.55 },
    "scale": 4.26
  },
  "tpHandTransform": {
    "translation": { "x": 0, "y": 0, "z": 0 },
    "rotation": { "x": 1, "y": 0, "z": -90 },
    "origin": { "x": 0.0, "y": 0.2, "z": 0.2 },
    "scale": 0.65
  }
}
