[
    {
    "op": "add",
    "path": "/game:v1.15.6bricklayers-glassbatch",
    "value": [
		"/iir remap bricklayers:glassbatch-plain-blue bricklayers:glassbatch-blue force",
		"/iir remap bricklayers:glassbatch-plain-brown bricklayers:glassbatch-brown force",
		"/iir remap bricklayers:glassbatch-plain-green bricklayers:glassbatch-green force",
		"/iir remap bricklayers:glassbatch-plain-pink bricklayers:glassbatch-pink force",
		"/iir remap bricklayers:glassbatch-plain-violet bricklayers:glassbatch-violet force",
		"/iir remap bricklayers:glassbatch-plain-red bricklayers:glassbatch-red force",
		"/iir remap bricklayers:glassbatch-plain-yellow bricklayers:glassbatch-yellow force",
		"/iir remap bricklayers:glassbatch-smoky-smoky bricklayers:glassbatch-smoky force"
	       ],
    "file": "game:config/remaps.json"
    },
    {
    "op": "add",
    "path": "/game:v1.18bricklayers-expanded-matter",
    "value": [
		"/iir remap em:powdered-metal-copper bricklayers:powdered-copper force",
		"/iir remap em:powdered-metal-gold bricklayers:powdered-gold force",
		"/iir remap em:powdered-metal-lead bricklayers:powdered-lead force",
		"/iir remap em:powdered-metal-nickel bricklayers:powdered-nickel force",
		"/iir remap em:powdered-metal-rusty bricklayers:powdered-rustymetal force",
		"/iir remap em:powdered-metal-temporal bricklayers:powdered-temporal force",
		"/iir remap em:powdered-metal-tin bricklayers:powdered-tin force",
		"/iir remap em:powdered-metal-titanium bricklayers:powdered-titanium force",
		"/iir remap em:powdered-metal-uranium bricklayers:powdered-titanium force",
		"/iir remap em:powdered-ore-bauxite bricklayers:powdered-bauxite force",
		"/iir remap em:powdered-ore-boneash bricklayers:powdered-boneash force",
		"/iir remap em:powdered-ore-cassiterite bricklayers:powdered-cassiterite force",
		"/iir remap em:powdered-ore-cinnabar bricklayers:powdered-cinnabar force",
		"/iir remap em:powdered-ore-chromite bricklayers:powdered-chromite force",
		"/iir remap em:powdered-ore-chromiumoxide bricklayers:powdered-chromiumoxide force",
		"/iir remap em:powdered-ore-coal bricklayers:powdered-coal force",
		"/iir remap em:powdered-ore-corundum bricklayers:powdered-corundum force",
		"/iir remap em:powdered-ore-fluorite bricklayers:powdered-fluorite force",
		"/iir remap em:powdered-ore-granite bricklayers:powdered-granite force",
		"/iir remap em:powdered-ore-hematite bricklayers:powdered-hematite force",
		"/iir remap em:powdered-ore-ilmenite bricklayers:powdered-ilmenite force",
		"/iir remap em:powdered-ore-kernite bricklayers:powdered-kernite force",
		"/iir remap em:powdered-ore-lapislazuli bricklayers:powdered-lapislazuli force",
		"/iir remap em:powdered-ore-limonite bricklayers:powdered-limonite force",
		"/iir remap em:powdered-ore-litharge bricklayers:powdered-litharge force",
		"/iir remap em:powdered-ore-leadoxide bricklayers:powdered-leadoxide force",
		"/iir remap em:powdered-ore-magnetite bricklayers:powdered-magnetite force",
		"/iir remap em:powdered-ore-malachite bricklayers:powdered-malachite force",
		"/iir remap em:powdered-ore-massicot bricklayers:powdered-massicot force",
		"/iir remap em:powdered-ore-olivine bricklayers:powdered-olivine force",
		"/iir remap em:powdered-ore-pentlandite bricklayers:powdered-pentlandite force",
		"/iir remap em:powdered-ore-phosphorite bricklayers:powdered-phosphorite force",
		"/iir remap em:powdered-ore-redphosphorus bricklayers:powdered-redphosphorus force",
		"/iir remap em:powdered-ore-rhodochrosite bricklayers:powdered-rhodochrosite force",
		"/iir remap em:powdered-ore-quartz bricklayers:powdered-quartz force",
		"/iir remap em:powdered-ore-whitelead bricklayers:powdered-whitelead force",
		"/iir remap em:powdered-ore-whitephosphorus bricklayers:powdered-whitephosphorus force",
		"/iir remap em:powdered-ore-yellowcake bricklayers:powdered-yellowcake force",
		"/iir remap em:crushed-ore-coal game:crushed-coal force",
		"/iir remap em:crushed-ore-hematite game:crushed-hematite force",
		"/iir remap em:crushed-ore-limonite game:crushed-limonite force",
		"/iir remap em:crushed-ore-magnetite em:crushed-ore-magnetite force",
		"/iir remap em:crushed-ore-pentlandite game:crushed-pentlandite force",
		"/iir remap em:crushed-ore-rhodochrosite game:crushed-rhodochrosite force",
		"/iir remap em:crushed-ore-phosphorite bricklayers:crushedluminous-phosphorite force",
		"/iir remap em:crushed-ore-corundum bricklayers:crushedore-corundum force",
		"/iir remap em:crushed-metal-uranium bricklayers:crushedluminous-uranium force",
		"/iir remap em:crushed-metal-rusty bricklayers:crushedore-rustymetal force",
		"/iir remap em:crushed-metal-copper game::crushed-copper force",
		"/iir remap em:crushed-metal-gold game::crushed-gold force",
		"/iir remap em:crushed-metal-lead game::crushed-lead force",
		"/iir remap em:crushed-metal-tin game::crushed-tin force",
		"/iir remap em:crushed-metal-titanium game::crushed-titanium force",
		"/bir remap game:block-toolmold-burned-axe bricklayers:block-toolmoldcolored-burned-*-axe force",
		"/bir remap game:block-toolmold-burned-pickaxe bricklayers:block-toolmoldcolored-burned-*-pickaxe force",
		"/bir remap game:block-toolmold-burned-shovel bricklayers:block-toolmoldcolored-burned-*-shovel force",
		"/bir remap game:block-toolmold-burned-longblade bricklayers:block-toolmoldcolored-burned-*-longblade force",
		"/bir remap game:block-toolmold-burned-hammer bricklayers:block-toolmoldcolored-burned-*-hammer force",
		"/bir remap game:block-toolmold-burned-anvil bricklayers:block-toolmoldcolored-burned-*-anvil force",
		"/bir remap game:block-toolmold-burned-helvehammer bricklayers:block-toolmoldcolored-burned-*-helvehammer force",
		"/bir remap game:block-toolmold-burned-hoe bricklayers:block-toolmoldcolored-burned-*-hoe force",
		"/bir remap game:block-toolmold-burned-prospectingpick bricklayers:block-toolmoldcolored-burned-*-prospectingpick force",
		"/bir remap game:block-toolmold-burned-lamellae bricklayers:block-toolmoldcolored-burned-*-lamellae force",
		"/bir remap game:block-toolmold-raw-axe bricklayers:block-toolmoldcolored-raw-*-axe force",
		"/bir remap game:block-toolmold-raw-pickaxe bricklayers:block-toolmoldcolored-raw-*-pickaxe force",
		"/bir remap game:block-toolmold-raw-shovel bricklayers:block-toolmoldcolored-raw-*-shovel force",
		"/bir remap game:block-toolmold-raw-longblade bricklayers:block-toolmoldcolored-raw-*-longblade force",
		"/bir remap game:block-toolmold-raw-hammer bricklayers:block-toolmoldcolored-raw-*-hammer force",
		"/bir remap game:block-toolmold-raw-anvil bricklayers:block-toolmoldcolored-raw-*-anvil force",
		"/bir remap game:block-toolmold-raw-helvehammer bricklayers:block-toolmoldcolored-raw-*-helvehammer force",
		"/bir remap game:block-toolmold-raw-hoe bricklayers:block-toolmoldcolored-raw-*-hoe force",
		"/bir remap game:block-toolmold-raw-prospectingpick bricklayers:block-toolmoldcolored-raw-*-prospectingpick force",
		"/bir remap game:block-toolmold-raw-lamellae bricklayers:block-toolmoldcolored-raw-*-lamellae force"
    ],
    "file": "game:config/remaps.json"
    }
]
