[
  {
    "op": "add",
    "path": "/creativeinventory/ceramics",
    "value":  ["*-down-free-*"],
    "file": "game:blocktypes/clay/shingleslab.json",
    "side": "Server"
  },
  {
    "op": "addeach",
    "path": "/variantgroups/0/states/-",
    "value": [ "black", "blurple", "darkgrey", "green", "light", "malachite", "orange", "pink", "purple", "yellow" ],
    "file": "game:blocktypes/clay/shingleslab.json",
    "side": "Server"
  },
  {
    "op": "remove",
    "path": "/textures",
    "file": "game:blocktypes/clay/shingleslab.json",
    "side": "Server"
  },
  {
    "op": "add",
    "path": "/texturesByType",
    "value": {
	"@.*-(blue|red|fire|brown)-.*": { "sides": { "base": "game:block/clay/shingles/{variant}" } },
	"*": { "sides": { "base": "bricklayers:block/clay/shingles/{variant}" } }
    },
    "file": "game:blocktypes/clay/shingleslab.json",
    "side": "Server"
  }
]
