[
  {
    "op": "add",
    "path": "/attributes/tradeProps/selling/list/-",
    "value": {
	"code": "bricklayers:storagevesselcolored-burnt-red",
	"type": "block",
	    "stacksize": 1,
	    "stock": {
		"avg": 2,
		"var": 1
	    },
	    "price": {
		"avg": 12,
		"var": 2
	    }
    },
    "file": "game:entities/humanoid/trader-luxuries.json",
    "side": "Server"
  },
  {
    "op": "add",
    "path": "/attributes/tradeProps/selling/list/-",
    "value": {
	"code": "bricklayers:glazedplanter-burnt-milky-gold-checker",
	"type": "block",
	    "stacksize": 1,
	    "stock": {
		"avg": 1,
		"var": 0
	    },
	    "price": {
		"avg": 32,
		"var": 4
	    }
    },
    "file": "game:entities/humanoid/trader-luxuries.json",
    "side": "Server"
  },
  {
    "op": "add",
    "path": "/attributes/tradeProps/selling/list/-",
    "value": {
	"code": "bricklayers:glazedplanter-burnt-clear-blue-lines",
	"type": "block",
	    "stacksize": 1,
	    "stock": {
		"avg": 1,
		"var": 0
	    },
	    "price": {
		"avg": 16,
		"var": 3
	    }
    },
    "file": "game:entities/humanoid/trader-luxuries.json",
    "side": "Server"
  },
  {
    "op": "add",
    "path": "/attributes/tradeProps/selling/list/-",
    "value": {
	"code": "bricklayers:glazedplanter-burnt-milky-red-plain",
	"type": "block",
	    "stacksize": 1,
	    "stock": {
		"avg": 1,
		"var": 0
	    },
	    "price": {
		"avg": 16,
		"var": 3
	    }
    },
    "file": "game:entities/humanoid/trader-luxuries.json",
    "side": "Server"
  },
  {
    "op": "add",
    "path": "/attributes/tradeProps/selling/list/-",
    "value": {
	"code": "bricklayers:glazedplanter-burnt-milky-malachite-plain",
	"type": "block",
	    "stacksize": 1,
	    "stock": {
		"avg": 1,
		"var": 0
	    },
	    "price": {
		"avg": 15,
		"var": 3
	    }
    },
    "file": "game:entities/humanoid/trader-luxuries.json",
    "side": "Server"
  },
  {
    "op": "add",
    "path": "/attributes/tradeProps/selling/list/-",
    "value": {
	"code": "bricklayers:glazedplanter-burnt-milky-white-plain",
	"type": "block",
	    "stacksize": 1,
	    "stock": {
		"avg": 1,
		"var": 0
	    },
	    "price": {
		"avg": 17,
		"var": 3
	    }
    },
    "file": "game:entities/humanoid/trader-luxuries.json",
    "side": "Server"
  },
  {
    "op": "add",
    "path": "/attributes/tradeProps/selling/list/-",
    "value": {
	"code": "bricklayers:glazedplanter-burnt-clear-white-plain",
	"type": "block",
	    "stacksize": 1,
	    "stock": {
		"avg": 1,
		"var": 0
	    },
	    "price": {
		"avg": 17,
		"var": 3
	    }
    },
    "file": "game:entities/humanoid/trader-luxuries.json",
    "side": "Server"
  },
  {
    "op": "add",
    "path": "/attributes/tradeProps/selling/list/-",
    "value": {
	"code": "bricklayers:glazedflowerpot-burnt-clear-white-plain",
	"type": "block",
	    "stacksize": 1,
	    "stock": {
		"avg": 3,
		"var": 1
	    },
	    "price": {
		"avg": 7,
		"var": 1
	    }
    },
    "file": "game:entities/humanoid/trader-luxuries.json",
    "side": "Server"
  },
  {
    "op": "add",
    "path": "/attributes/tradeProps/selling/list/-",
    "value": {
	"code": "bricklayers:glazedflowerpot-burnt-milky-malachite-lines",
	"type": "block",
	    "stacksize": 1,
	    "stock": {
		"avg": 3,
		"var": 1
	    },
	    "price": {
		"avg": 7,
		"var": 1
	    }
    },
    "file": "game:entities/humanoid/trader-luxuries.json",
    "side": "Server"
  },
  {
    "op": "add",
    "path": "/attributes/tradeProps/selling/list/-",
    "value": {
	"code": "bricklayers:glazedbowl-burnt-milky-blue-plain",
	"type": "block",
	    "stacksize": 1,
	    "stock": {
		"avg": 2,
		"var": 1
	    },
	    "price": {
		"avg": 2,
		"var": 0.25
	    }
    },
    "file": "game:entities/humanoid/trader-luxuries.json",
    "side": "Server"
  },
  {
    "op": "add",
    "path": "/attributes/tradeProps/selling/list/-",
    "value": {
	"code": "bricklayers:glasscolored-plain-black",
	"type": "block",
	    "stacksize": 4,
	    "stock": {
		"avg": 16,
		"var": 4
	    },
	    "price": {
		"avg": 2,
		"var": 0.5
	    }
    },
    "file": "game:entities/humanoid/trader-luxuries.json",
    "side": "Server"
  }
]
