[
  {
    "op": "add",
    "path": "/attributes/tradeProps/buying/list/-",
    "value": {
	"code": "em:powdered-metal-gold",
	"type": "item",
	    "stacksize": 16,
	    "stock": {
		"avg": 2,
		"var": 1
	    },
	    "price": {
		"avg": 5,
		"var": 2
	    }
    },
    "file": "game:entities/humanoid/trader-luxuries.json",
    "side": "Server"
  },
  {
    "op": "add",
    "path": "/attributes/tradeProps/buying/list/-",
    "value": {
	"code": "em:powdered-ore-malachite",
	"type": "item",
	    "stacksize": 32,
	    "stock": {
		"avg": 2,
		"var": 1
	    },
	    "price": {
		"avg": 5,
		"var": 2
	    }
    },
    "file": "game:entities/humanoid/trader-luxuries.json",
    "side": "Server"
  },
  {
    "op": "add",
    "path": "/attributes/tradeProps/buying/list/-",
    "value": {
	"code": "bricklayers:glazedplanter-burnt-clear-gold-plain",
	"type": "block",
	    "stacksize": 1,
	    "stock": {
		"avg": 1,
		"var": 0
	    },
	    "price": {
		"avg": 28,
		"var": 3
	    }
    },
    "file": "game:entities/humanoid/trader-treasurehunter.json",
    "side": "Server"
  },
  {
    "op": "add",
    "path": "/attributes/tradeProps/buying/list/-",
    "value": {
	"code": "bricklayers:glazedplanter-burnt-clear-blue-lines",
	"type": "block",
	    "stacksize": 1,
	    "stock": {
		"avg": 1,
		"var": 0
	    },
	    "price": {
		"avg": 18,
		"var": 3
	    }
    },
    "file": "game:entities/humanoid/trader-treasurehunter.json",
    "side": "Server"
  }
]
