{"GameVersion":"1.18.0","SizeX":7,"SizeY":7,"SizeZ":7,"BlockCodes":{"9672":"game:planks-oak-we","9702":"game:supportbeam-oak","439":"game:seashell-seastar-darkpurple","7279":"game:planks-oak-ns","8206":"game:genericwood","9444":"game:supportbeam-tarnishedmetal-iron","488":"game:bowl-fired","630":"game:jug-blue-fired","456":"game:chiseledblock","6540":"game:crate","8441":"game:wagonwheels-spoked-south","8433":"game:wagonwheels-spoked-north","898":"game:glasspane-leaded-oak-ew","9714":"game:banner-banner","136":"game:multiblock-monolithic-0-p1-0","146":"game:multiblock-monolithic-0-p2-0","8606":"game:clutter","885":"game:glasspane-leaded-oak-ns","8610":"game:groundstorage","9715":"game:clutteredbookshelf-agedacacia","8611":"game:meta-filler","8614":"game:meta-spawner","8372":"game:toolrack-north","642":"game:oillamp-west","8266":"game:painting-howl-south","9713":"game:banner-segment","786":"game:storagevessel-volcanic","841":"game:wallpaper-pink"},"ItemCodes":{"3112":"game:pulp-linen","1491":"game:stone-greenmarble","861":"game:metalbit-copper","1743":"game:spear-scrap-scrap","1554":"game:axe-scrap-scrap"},"Indices":[2048,3072,4096,1050624,1051648,1052672,2099200,2101248,3147776,3149824,4195328,4196352,4197376,4198400,4199424,5244928,5245952,5246976,1025,2049,3073,4097,5121,1050625,1051649,1052673,2098177,2099201,2100225,2101249,2102273,3145729,3146753,3147777,3148801,3149825,4194305,4195329,4196353,4197377,4198401,4199425,5242881,5244929,5245953,5246977,1050626,1051650,1052674,1053698,2099202,2100226,2101250,2102274,3147778,3148802,3149826,4195330,4196354,4197378,4198402,4199426,5244930,5245954,5246978,1050627,1051651,1052675,1053699,2099203,2100227,2101251,2102275,3147779,3148803,3149827,4195331,4196355,4197379,4198403,4199427,5244931,5245955,5246979,1050628,1051652,1052676,2098180,2099204,2100228,2101252,2102276,3147780,3148804,3149828,4195332,4196356,4197380,4198404,4199428,5244932,5245956,5246980,1029,2053,3077,4101,5125,1050629,1051653,1052677,2098181,2099205,2100229,2101253,2102277,3145733,3146757,3147781,3148805,3149829,3150853,3151877,4194309,4195333,4196357,4197381,4198405,4199429,4200453,5242885,5244933,5245957,5246981,5249029,6297605,2054,3078,4102,1050630,1052678,2099206,2101254,3147782,3149830,4195334,4196358,4198406,4199430,5244934,5245958,5246982],"BlockIds":[456,456,456,6540,9702,6540,9702,6540,456,456,456,456,9702,456,456,456,456,456,8441,456,456,456,8433,456,9672,456,9702,7279,898,9672,9702,9714,9444,7279,898,7279,136,456,7279,7279,7279,456,146,456,456,456,456,7279,456,456,456,8606,456,6540,885,8610,885,456,9672,9715,7279,456,456,456,456,456,7279,456,456,456,8606,456,8606,885,8611,885,456,9672,8611,7279,456,456,456,456,456,456,456,9702,9672,8614,7279,9702,9672,8372,9672,456,9672,642,7279,456,456,456,456,8441,456,456,456,8433,456,456,456,9702,9672,8266,9672,9702,9714,9444,9672,456,7279,9444,9713,136,456,9672,456,7279,456,9714,146,456,456,456,136,146,456,456,456,8606,786,9702,9702,456,456,456,456,456,456,456,456,456],"DecorIndices":[2099201,2101249,3147777,3149825,2099204,2101252,3147780,3149828],"DecorIds":[841,33555273,841,33555273,841,33555273,841,33555273],"BlockEntities":{"2048":"!<d@[F*K@R#64c-E,TfC!rr<$!<d@[F*]Ug#64o6@VfsmCI<#NAIW-_Bldj%ARo7dDe!Pj$#O*mATDKnCi]UW!!((d!!!$*Ec6&.FD5Z2!2'Jq$O:0a@W,skErc7@!9!AH!!ipCD/\")jBk1d@DZKh<#RPQdA7\\\\XCh[D\\!\"]DHF(o/r6#:CVF*(?!Ch[D\\!\"];?@VfsmCJJ;TAI;4ACERS4@;]k%$Q!5p@;0OP@<?($BjkgTF^]00Bln'#Erc7@!!!Q1!!!","3072":"!<d@[F*K@R#64c-E,TfC!rr<$!<d@[F*]Xh#64o6@VfsmCI<#NAIW-_Bldj%ARo7dDe!Pj$#O*mATDKnCi]UW!!((d!!!$*Ec6&.FD5Z2!2'Jq$O:0a@W,skErc7@!9!AH!!ipCD/\")jBk1d@DZKh<#RPQdA7\\\\XCh[D\\!\"]DHF(o/r6#:CVF*(?!Ch[D\\!\"];?@VfsmCJJ;TAI;4ACERS4@;]k%$Q!5p@;0OP@<?($BjkgTF^]00Bln'#Erc7@!!!Q1!!!","4096":"!<d@[F*K@R#64c-E,TfC!rr<$!<d@[F*][i#64o6@VfsmCI<#NAIW-_Bldj%ARo7dDe!Pj$#O*mATDKnCi]UW!!((d!!!$*Ec6&.FD5Z2!2'Jq$O:0a@W,skErc7@!9!AH!!ipCD/\")jBk1d@DZKh<#RPQdA7\\\\XCh[D\\!\"]DHF(o/r6#:CVF*(?!Ch[D\\!\"];?@VfsmCJJ;TAI;4ACERS4@;]k%$Q!5p@;0OP@<?($BjkgTF^]00Bln'#Erc7@!!!Q1!!!","1050624":"!<d@[F*K@R#64c-E,TfC\"98E%!<d@[F*]Ug#64o6@VfsmCI<#NAHcRa@<?&b$#+:#ASuU.Ed7ZiEH>r7FE7un!!!3,F)5c:EsD_\"!!*'\"!%86U!!3-#z\"Uo!]E^FS\\@r\"GMA7YpSEaa'$\"U/^N@V'?fE+*]sE\\2!CB6%QoBk;1(Es2\\gH#R=$GAhD1/R`:'A-<3UATMNNDJ*csjNEk(!=EXO@V'@CDes?4z\"UJpYA5dSYFCbYdCi=B+A-WHX@:Eea;flGXCB4D","1051648":"!<d@[F*K@R#64c-E,TfC\"98E%!<d@[F*]Xh#64o6@VfsmCI<#NAIij)E,]`9FCJfiD(T[7CBt)QARTFs,QJ/q$4dRG!.[9K!!%O6*<6(i58\";4!!%O6*WQ.h58`NU+9MT","1052672":"!<d@[F*K@R#64c-E,TfC\"98E%!<d@[F*][i#64o6@VfsmCI<#NAHcRa@<?&b$#+:#ASuU.Ed7ZiEH>r7FE7un!!!3,F)5c:EsD_\"z!4Mt/!!3-#z\"Uo!]E^FS\\@r\"GMA7YpSEaa'$\"U/^N@V'?bE+*]sE\\1g5An>k$AH`3YH#R=$GAhD1/R`:'A-<3UATMNNDJ*csgCME@!=EXO@V'@CDes?4z\"UJpYA5dSYFCbYdCi=B+A-WHX@:Eea;flGXCB4D","2099200":"!<d@[F*K@R#64c-E,TfC\"TSN&!<d@[F*]Ug#64o6@VfsmCI<#NAIij)E,]`9FCJfiD(T[7CBt)QARTFs*rlWg$3^k=!.[9H%h8O<Im4\\.bm^s\"!!#8L)!4I6!rr","2101248":"!<d@[F*K@R#64c-E,TfC\"TSN&!<d@[F*][i#64o6@VfsmCI<#NAHcRa@<?&b$#+:#ASuU.Ed7ZiEH>r7FE7un!!!3,F)5c:EsD_\"!!*'\"!7M)O!\"],1z\"Uo!]E^FS\\@r\"GMA7YpSEaa'$\"U/^N@V'?cE+*]sE\\1aCBl%<oDJ'+UFEqh:$$U<+A1_5&ARkoMD.Rd%6#L=OA`V#M^]=dY@:Eea6Z6dZEW?(>!!NXEBk1.a@<?&b@r-()ARl#QCggdaCf>Fa@qu)F","3147776":"!<d@[F*K@R#64c-E,TfC\"onW'!<d@[F*]Ug#64o6@VfsmCI<#NAIW-_Bldj%ARo7dDe!Pg\"_)%OD0%-+$7?/k%0-BY58=.uJ3P%S!.[9H%h/L=J3ObK!._g)rVq@3)!4I6!t,KXDJs`/F^f9'A9.bO!!)rd56)''B6%p5DIc[`Dg+Qk@W,skErl=A!!'7m!\"AMh!\"0*M@<?($Bjkh!!<<*\"a<^fd!=3^aFCB9*Df,QJ\"TSo8@s)7!Bk28d!!!\"Xn36m_n2C=Q$>\"'gFAlmaAO158!!!92F(o/r;f?JdA,uZ1#S1ujA7\\&CD/XK;;f?JdA,uZ1\"USXSDe!QX@;TQ_:LS#]E,8s#CNBk\"@<Q'nCe\\>[ATDKnCf,=`DKKT7Bk;>dz&-)\\1","3149824":"!<d@[F*K@R#64c-E,TfC\"onW'!<d@[F*][i#64o6@VfsmCI<#NAIW-_Bldj%ARo7dDe!Pg\"_)%OD0$s&$6ffa%0-BY58=.uJ3OYW%0-BY58=.uJA3*W]fWS<k\"?g!$OLZYFCfK,@;Kuc!!!#?,ldoG#]aj*@<?4%D?-=5!\"0$AF^f9'A9.eP!!%uUrr<Q,pAbI+ASl.';e]cR6#Qc(!!imPBk1dRDes,u!<<**%s)GqAO1-LDf^#!Des,u!<<*'$\"@^h@r\"hJD.O&M@;@!)Cgh3sEsidmG%#*$9jr-TEbSru;0?;bFD5i2ATIkP!!!!1!!!!","4195328":"!<d@[F*K@R#64c-E,TfC#64`(!<d@[F*]Rf#64o6@VfsmCI<#NAIW-_Bldj%ARo7dDe!Pj$#O*mATDKnCi]UW!!((d!!!$*Ec6&.FD5Z2!71cI$O:0a@W,skEs;UE!!)L'!'p*8!.a]e!20%6!5SBC!9!_R!!ipCD/\")jBk1d@DZKh<#RPQdA7\\\\XCh[D\\!!!98F(o/r6#:CVF*(?!Ch[D\\!!!0/@VfsmCJJ;TAI;4ACERS4@;]k%$Q!5p@;0OP@<?($BjkgTF^]00Bln'#Erc7@!!!Q1!!!","4196352":"!<d@[F*K@R#64c-E,TfC#64`(!<d@[F*]Ug#64o6@VfsmCI<#NAIW-_Bldj%ARo7dDe!Pg\"_)%OD0&5J$6ffa%0-BY590_(J3FSV%K?BW58ALGlE_K2!&-YTk\"?g!$6ffa%0-BY590_(J3OYW%0-BY58=.uTKaFs!.[9Nk\"?g!$O_#nDg,]6@W,skErc7@!:]J\"!\"0BOEc6)<A5dAaG=-L^DeWa'!<<*\"!;u<d$OLZYFCfK,@;Kuc!!!#?,ldoG#]aj*@<?4%D?/#b!\"0$AF^f9'A9.hQ!!(sH56+7D4TGo[1B7[fASl.';e]cR6#Qc(!!imPBk1dRDes,u!<<**%s)GqAO1-LDf^#!Des,u!<<*'$\"@^h@r\"hJD.O&M@;@!)Cgh3sEsidmG%#*$9jr-TEbSru;0?;bFD5i2ATIkP!!!!1!!!!","4197376":"!<d@[F*K@R#64c-E,TfC#64`(!<d@[F*]Xh#64o6@VfsmCI<#NAIij)E,]`9FCJfiD(T[7CBt)QARTFs,QJ/q$474B!.[9S!!%O6&e>EO!.[9K!!&ZV*<6(i58`NU+9MT","4198400":"!<d@[F*K@R#64c-E,TfC#64`(!<d@[F*][i#64o6@VfsmCI<#NAIW-_Bldj%ARo7dDe!Pj$Zg3(G@Pc)DeWa'!<<*\"nG`Ff$P@#lDfor.;f6Mt6ZljVBk28czn1XhM$#O*mATDKnCi]UW!!((d!!!$*Ec6&.FD5Z2!2'Jq$O:0a@W,skEruCB!9!eT!(d%d!\"Aes!!ipCD/\")jBk1d@DZKh<#RPQdA7\\\\XCh[D\\!!!98F(o/r6#:CVF*(?!Ch[D\\!!!0/@VfsmCJJ;TAI;4ACERS4@;]k%$Q!5p@;0OP@<?($BjkgTF^]00Bln'#Erc7@!!!Q1!!!","4199424":"!<d@[F*K@R#64c-E,TfC#64`(!<d@[F*]^j#64o6@VfsmCI<#NAIW-_Bldj%ARo7dDe!Pj$#O*mATDKnCi]UW!!((d!!!$*Ec6&.FD5Z2!2'Jq$O:0a@W,skEsD[F!!*#k!'pJ8!.aj8!.apV!5S56!5S;V!9!?2!!ipCD/\")jBk1d@DZKh<#RPQdA7\\\\XCh[D\\!!!98F(o/r6#:CVF*(?!Ch[D\\!!!0/@VfsmCJJ;TAI;4ACERS4@;]k%$Q!5p@;0OP@<?($BjkgTF^]00Bln'#Erc7@!!!Q1!!!","5244928":"!<d@[F*K@R#64c-E,TfC#QOi)!<d@[F*]Ug#64o6@VfsmCI<#NAIW-_Bldj%ARo7dDe!Pj$#O*mATDKnCi]UW!!$pW!!!$*Ec6&.FD5Z2!2'Jq$O:0a@W,skErl=A!!)Sp!$M.0!!ipCD/\")jBk1d@DZKh<#RPQdA7\\\\XCh[D\\!!!98F(o/r6#:CVF*(?!Ch[D\\!!!0/@VfsmCJJ;TAI;4ACERS4@;]k%$Q!5p@;0OP@<?($BjkgTF^]00Bln'#Erc7@!!!Q1!!!","5245952":"!<d@[F*K@R#64c-E,TfC#QOi)!<d@[F*]Xh#64o6@VfsmCI<#NAIW-_Bldj%ARo7dDe!Pj$#O*mATDKnCi]UW!!$pW!!!$*Ec6&.FD5Z2!2'Jq$O:0a@W,skEruCB!$LbG!$M:6!'p,*!!ipCD/\")jBk1d@DZKh<#RPQdA7\\\\XCh[D\\!!!98F(o/r6#:CVF*(?!Ch[D\\!!!0/@VfsmCJJ;TAI;4ACERS4@;]k%$Q!5p@;0OP@<?($BjkgTF^]00Bln'#Erc7@!!!Q1!!!","5246976":"!<d@[F*K@R#64c-E,TfC#QOi)!<d@[F*][i#64o6@VfsmCI<#NAIW-_Bldj%ARo7dDe!Pj$Zg3(G@Pc)DeWa'!WW3#0^r!@&GFKO$P@#lDfor.;f6Mt6ZljVBk28czrpTmq$#O*mATDKnCi]UW!!$pW!!!$*Ec6&.FD5Z2!2'Jq$O:0a@W,skEruCB!!)Xi!!)`?!$Lbe!!ipCD/\")jBk1d@DZKh<#RPQdA7\\\\XCh[D\\!$DOXF(o/r6#:CVF*(?!Ch[D\\!!!0/@VfsmCJJ;TAI;4ACERS4@;]k%$Q!5p@;0OP@<?($BjkgTF^]00Bln'#Erc7@!!!Q1!!!","2049":"!<d@[F*KCS#64c-E,TfC!rr<$!<d@[F*]Ug#64o6@VfsmCI<#NAIW-_Bldj%ARo7dDe!Pj$#O*mATDKnCi]UW!!!KO!!!$*Ec6&.FD5Z2!2'Jq$O:0a@W,skErc7@!61-#!!ipCD/\")jBk1d@DZKh<#RPQdA7\\\\XCh[D\\!!!98F(o/r6#:CVF*(?!Ch[D\\!!!0/@VfsmCJJ;TAHY;DCh3tj@<Q'nCe\\>[ATDKnCf,=`DKKT7Bk;>dz&-)\\1","3073":"!<d@[F*KCS#64c-E,TfC!rr<$!<d@[F*]Xh#64o6@VfsmCI<#NAIW-_Bldj%ARo7dDe!Pj$#O*mATDKnCi]UW!!!KO!!!$*Ec6&.FD5Z2!2'Jq$O:0a@W,skErc7@!61-#!!ipCD/\")jBk1d@DZKh<#RPQdA7\\\\XCh[D\\!!!98F(o/r6#:CVF*(?!Ch[D\\!!!0/@VfsmCJJ;TAHY;DCh3tj@<Q'nCe\\>[ATDKnCf,=`DKKT7Bk;>dz&-)\\1","4097":"!<d@[F*KCS#64c-E,TfC!rr<$!<d@[F*][i#64o6@VfsmCI<#NAIW-_Bldj%ARo7dDe!Pj$#O*mATDKnCi]UW!!!KO!!!$*Ec6&.FD5Z2!2'Jq$O:0a@W,skErc7@!61-#!!ipCD/\")jBk1d@DZKh<#RPQdA7\\\\XCh[D\\!!!98F(o/r6#:CVF*(?!Ch[D\\!!!0/@VfsmCJJ;TAHY;DCh3tj@<Q'nCe\\>[ATDKnCf,=`DKKT7Bk;>dz&-)\\1","1050625":"!<d@[F*KCS#64c-E,TfC\"98E%!<d@[F*]Ug#64o6@VfsmCI<#NAIW-_Bldj%ARo7dDe!Pg\"_)%OD0%l@$69H\\'`\\5a590_(J3OYR%IU?T-QW6eIm4e49-=<D*=;rj!!%O5&e>FtXQm,,HE?D<*<6'n5T&WV+9MuXD..NtEbSruErc7@!,ihW!!*@GDffE0Bl@khciO1T#@hmcDeWa'#ljr*!#\"l'5SX4uTFsHhi\"-t1!quWo#a/*d8<dH]W00@Fk`?kd#RY-[Blm9fA7\\&F!<>=i$$0fkAQ*M`Bk.5E$j[AbBk1d@Ci+*3FAm*oBk.5E\"9f*@Ci<g!:18!N$;Y)G+E2.*DJO;$(L_JqBl$LPFCfK,@;Je`@;^1$FD5<-!<<*\"!\"],1!!","1052673":"!<d@[F*KCS#64c-E,TfC\"98E%!<d@[F*][i#64o6@VfsmCI<#NAIW-_Bldj%ARo7dDe!Pj$Zg3(G@Pc)DeWa'\"98E%nF3%MnJ_E-pmV3_0FZD1$P@#lDfor.;f6Mt6ZljVBk28ez%e'H\"HLLnAqX=Im$#O*mATDKnCi]UW!!((d!!!$*Ec6&.FD5Z2!2'Jq$O:0a@W,skEsVgH!!)M\\!!!qd!'hI;!2(=h!8npu!!o%B!(`Qn!2uFF!9g$S!!ipCD/\")jBk1d@DZKi&#RPQdA7\\\\XCh[D\\!!*?9F(o/r6#:CVF*(?!Ch[D\\!!*60@VfsmCJJ;TAI;4ACERS4@;]k%$Q!5p@;0OP@<?($BjkgTF^]00Bln'#Erc7@!!!Q1!!!","2098177":"!<d@[F*KCS#64c-E,TfC\"TSN&!<d@[F*]Rf#64o6@VfsmCI<#NAIij)E,]`9FCJfiD(T[7CBt)QARTFs<r`RC$3_FM!.[9H$5EO@5X6=i!.[9Nk\"?%#$3_FM!.[9H%h/L=J3Oc$]fWP@!!%O6)!4Hu+:8Gb!!!!`*<6(i58\"J9!!%O6'`\\46^E!:SJ3On59)n","2102273":"!<d@[F*KCS#64c-E,TfC\"TSN&!<d@[F*]^j#64o6@VfsmCI<#NAIij)E,]`9FCJfiD(T[7CBt)QARTFs6i[Q2$3^k=!.[9H$5G2,40oq[]t6';k\"?fu$4[CC&d9!M!'iddk\"?fu$5a*R%0-A.58\";4!!%O6'`\\46^DQ*++9DN","3145729":"!<d@[F*KCS#64c-E,TfC\"onW'!<d@[F*]Oe#64o6@VfsmCI<#NAIW*WDJj$+/Ri.+DImhl\"E\\p.AIiH_DKB5<G@><(/TYT>E!-DdDffE0AQSp4!!!-.D.Rd%6#L=OA_R_e5Qh=4DffE0AQf'6!!!<3@rH1\"ARfgnA,lT","3146753":"!<d@[F*KCS#64c-E,TfC\"onW'!<d@[F*]Rf#64o6@VfsmCI<#NAKPu9E,]`9FCJfiD(Tj<Ec,T4BOt^kATV?s/ST6DD?pDTARTFs,QJ/q$474B!'ia`!!%O6&e>EO!.[6J!!%O6*A5#e1Do1E+9DN","4195329":"!<d@[F*KCS#64c-E,TfC#64`(!<d@[F*]Rf#64o6@VfsmCI<#NAIW-_Bldj%ARo7dDe!Pg\"_)%OD0$m$$6TZ_'`\\5a4rjV'J3OYW%0-C$5S`hhIm+kQ!.[9Nk\"?'gD..NtEbSruErc7@!6?Gd!!*@GDffE0Bl@khciO1T#@hmcDeWa'\"98E%!:U^'5k=^NT_A<ai;3HR#RY-[Blm9fA7\\&F!<<**$$0fkAQ*M`Bk.5E\":,NZBk1d@Ci+*3FAm*oBk.5E!!N[<Ci<g!:18!N$;Y)G+E2.*DJO;$(L_JqBl$LPFCfK,@;Je`@;^1$FD5<-!<<*\"!\"],1!!","4199425":"!<d@[F*KCS#64c-E,TfC#64`(!<d@[F*]^j#64o6@VfsmCI<#NAIW-_Bldj%ARo7dDe!Pj$#O*mATDKnCi]UW!!((d!!!$*Ec6&.FD5Z2!2'Jq$O:0a@W,skEs)IC!!*#k!'p%E!'pD6!9!?R!!ipCD/\")jBk1d@DZKh<#RPQdA7\\\\XCh[D\\!!*?9F(o/r6#:CVF*(?!Ch[D\\!!!0/@VfsmCJJ;TAI;4ACERS4@;]k%$Q!5p@;0OP@<?($BjkgTF^]00Bln'#Erc7@!!!Q1!!!","5244929":"!<d@[F*KCS#64c-E,TfC#QOi)!<d@[F*]Ug#64o6@VfsmCI<#NAIW-_Bldj%ARo7dDe!Pj$#O*mATDKnCi]UW!!$pW!!!$*Ec6&.FD5Z2!2'Jq$O:0a@W,skErl=A!!)T[!$M.0!!ipCD/\")jBk1d@DZKh<#RPQdA7\\\\XCh[D\\!$DOXF(o/r6#:CVF*(?!Ch[D\\!$DFO@VfsmCJJ;TAI;4ACERS4@;]k%$Q!5p@;0OP@<?($BjkgTF^]00Bln'#Erc7@!!!Q1!!!","5245953":"!<d@[F*KCS#64c-E,TfC#QOi)!<d@[F*]Xh#64o6@VfsmCI<#NAIW-_Bldj%ARo7dDe!Pg\"_)%OD0(@1$69H\\'`\\5!590_(J3OYR%5,=UZPEN?5<g\"I9-=<D+pnYl!!#8K*<6(i58\"J9!!%O6('\":u590_(J3On59-=9C+pnhi!!%O6'`\\5!590_(J3OYR%KHHX58F4u5<g\"I9-=6B)[Zo]!!%O6'`\\5!58\";<s8P;J*A5%;1Do7I$OLZYFCfK,@;Kuc!!!\";)uos>#]aj*@<?4%D?-=5!\"0$AF^f9'A9.bO!!!#grW!32ASl.';e]cR6#Qc(56qR:Bk1dRDes,u!<=bY%s)GqAO1-LDf^#!Des,u!<=bV$\"@^h@r\"hJD.O&M@;@!)Cgh3sEsidmG%#*$9jr-TEbSru;0?;bFD5i2ATIkP!!!!1!!!!","5246977":"!<d@[F*KCS#64c-E,TfC#QOi)!<d@[F*][i#64o6@VfsmCI<#NAIW-_Bldj%ARo7dDe!Pj$Zg3(G@Pc)DeWa'!WW3#0^r!@&GFKO$P@#lDfor.;f6Mt6ZljVBk28czrpTmq$#O*mATDKnCi]UW!!$pW!!!$*Ec6&.FD5Z2!2'Jq$O:0a@W,skErl=A!!)Le!!)`?!!ipCD/\")jBk1d@DZKh<#RPQdA7\\\\XCh[D\\!$DOXF(o/r6#:CVF*(?!Ch[D\\!$DFO@VfsmCJJ;TAI;4ACERS4@;]k%$Q!5p@;0OP@<?($BjkgTF^]00Bln'#Erc7@!!!Q1!!!","1050626":"!<d@[F*KFT#64c-E,TfC\"98E%!<d@[F*]Ug#64o6@VfsmCI<#NAIW-_Bldj%ARo7dDe!Pg\"_)%OD0$?j$5!UK'`\\5a4q\\#6!!#h\\)!4I!$#O*mATDKnCi]UW!!$pW!!!$*Ec6&.FD5Z2!2'Jq$O:0a@W,skErl=A!!)lq!$Lg(!!ipCD/\")jBk1d@DZKi&#RPQdA7\\\\XCh[D\\!'^`\"F(o/r6#:CVF*(?!Ch[D\\!'^Vn@VfsmCJJ;TAI;4ACERS4@;]k%$Q!5p@;0OP@<?($BjkgTF^]00Bln'#Erc7@!!!Q1!!!","1052674":"!<d@[F*KFT#64c-E,TfC\"98E%!<d@[F*][i#64o6@VfsmCI<#NAIW-_Bldj%ARo7dDe!Pg\"_)%OD0&t_$69H\\'`\\5a590_(J3OYR%IU?T-QW6eIm4e49-=9C*=;rj!!%O6&e>EO!!#8!0\"nm'*<6(i58`NU+9Dlj$47LJ!.[9S!!%O6&df?R!)Pp$!!%O6)!4I6!XfBWDJs`/F^f9'A9.bO!!)NX?N:HGB6%p5DIc[`Dg+Qk@W,skErc7@!!*&g!\"0*M@<?($Bjkh!!<<*\"D]A`W!=3^aFCB9*Df,QJ\"TSo8@s)7!Bk28dzn6Z/<p?qte$>\"'gFAlmaAO158!'^_qF(o/r;f?JdA,uZL#S1ujA7\\&CD/XK;;f?JdA,uZB\"USXSDe!QX@;TQ_:LS#]E,8s#CNBk\"@<Q'nCe\\>[ATDKnCf,=`DKKT7Bk;>dz&-)\\1","1053698":"!<d@[F*KFT#64c-E,TfC\"98E%!<d@[F*]^j#64o6@VfsmCI<#NAIW-_Bldj%ARo7dDe!Pj$#O*mATDKnCi]UW!!((d!!!$*Ec6&.FD5Z2!2'Jq$O:0a@W,skErc7@!9!AH!!ipCD/\")jBk1d@DZKh<#RPQdA7\\\\XCh[D\\!\"]DHF(o/r6#:CVF*(?!Ch[D\\!\"];?@VfsmCJJ;TAI;4ACERS4@;]k%$Q!5p@;0OP@<?($BjkgTF^]00Bln'#Erc7@!!!Q1!!!","2099202":"!<d@[F*KFT#64c-E,TfC\"TSN&!<d@[F*]Ug#64o6@VfsmCI<#NAIW-_Bldj%ARo7dDe!Pj$#O*mATDKnCi]UW!!((d!!!$*Ec6&.FD5Z2!2'Jq$O:0a@W,skErc7@!!)P]!!ipCD/\")jBk1d@DZKh<#RPQdA7\\\\XCh[D\\!!!98F(o/r6#:CVF*(?!Ch[D\\!!!0/@VfsmCJJ;TAI;4ACERS4@;]k%$Q!5p@;0OP@<?($BjkgTF^]00Bln'#Erc7@!!!Q1!!!","2100226":"!<d@[F*KFT#64c-E,TfC\"TSN&!<d@[F*]Xh#64o6@VfsmCI<#NAHu^]F`__:EWlSfH#R=6FCAWpAM%_:DJ(PFBln#?@:NeYF)u8?Bk;>g#BFa)@<?'_z\":8pVF(djWB5D/6&'7$=#BFa)@<?'az#mk*[Ci!ZmFCet_\"VYftATDg*A7\\_OG]\\(KAOCBHAHZFSARkc","2101250":"!<d@[F*KFT#64c-E,TfC\"TSN&!<d@[F*][i#64o6@VfsmCI<#NAIW-_Bldj%ARo7dDe!Pj$#O*mATDKnCi]UW!!$pW!!!$*Ec6&.FD5Z2!2'Jq$O:0a@W,skErc7@!!)`]!!ipCD/\")jBk1d@DZKh<#RPQdA7\\\\XCh[D\\!!!98F(o/r6#:CVF*(?!Ch[D\\!!!0/@VfsmCJJ;TAI;4ACERS4@;]k%$Q!5p@;0OP@<?($BjkgTF^]00Bln'#Erc7@!!!Q1!!!","2102274":"!<d@[F*KFT#64c-E,TfC\"TSN&!<d@[F*]^j#64o6@VfsmCI<#NAHcRa@<?&b$#+:#ASuU.Ed7ZiEH>r7FE7un!!!3,F)5c:EsD_\"!!*'\"!*o[,!!<3$z\"Uo!]E^FS\\@r\"GMA7YpSEaa'$\"U/^N@V'?`E+*]sE\\2BODesIu\"E\\p.AI3R!De(G.B4YTV$#O6pBL-NKCh;?3ah@c_CggdaCdW,WDfPgX!!!0.Ch[EYFCB9&#%MIfF(Jke$>a-[ASb:e@:O'R!!","3148802":"!<d@[F*KFT#64c-E,TfC\"onW'!<d@[F*]Xh#64o6@VfsmCI<#NAIW9mDfor.F*)>@@:s-U$#+:#ASuU.Ed7ZiEH>r7FE7Qb!!!3,F)5c:EsD_\"z!9aF`!!*'\"!!!6)1B7CT!!%0D!!!$\"z!!s6LDfT?!;flqu@:s.JEc5o<!!EUFATMNNDJ*csgCMCj!=E7WFCAZm7U]e<z!!","4195330":"!<d@[F*KFT#64c-E,TfC#64`(!<d@[F*]Rf#64o6@VfsmCI<#NAIW-_Bldj%ARo7dDe!Pj$#O*mATDKnCi]UW!!((d!!!$*Ec6&.FD5Z2!71cI$O:0a@W,skEs)IC!!)L'!'p,N!20&a!9!_R!!ipCD/\")jBk1d@DZKh<#RPQdA7\\\\XCh[D\\!!EQ<F(o/r6#:CVF*(?!Ch[D\\!!!0/@VfsmCJJ;TAI;4ACERS4@;]k%$Q!5p@;0OP@<?($BjkgTF^]00Bln'#Erc7@!!!Q1!!!","4197378":"!<d@[F*KFT#64c-E,TfC#64`(!<d@[F*]Xh#64o6@VfsmCI<#NAK>8sF`__:Eb/cjDf9E4BOu!l/R`:'A78tV@qf?T\"E\\p.AKtZ&DejE-AScO$F\"_!@DejE-ASbs1Ecl)6ARmB)F_kkK2?X8*DffE0AQSp4!!!-.D.Rd%6#L=OA_Ra;56M43DffE0AQf'6!!!<3@rH1\"ARfgnA,lc<G%#E*@;^/iBOP^h\"U0!nE+Ld)!!","4199426":"!<d@[F*KFT#64c-E,TfC#64`(!<d@[F*]^j#64o6@VfsmCI<#NAIW-_Bldj%ARo7dDe!Pj$#O*mATDKnCi]UW!!((d!!!$*Ec6&.FD5Z2!2'Jq$O:0a@W,skEs)IC!!*#k!'p%E!'pD6!9!?R!!ipCD/\")jBk1d@DZKh<#RPQdA7\\\\XCh[D\\!!*?9F(o/r6#:CVF*(?!Ch[D\\!!!0/@VfsmCJJ;TAI;4ACERS4@;]k%$Q!5p@;0OP@<?($BjkgTF^]00Bln'#Erc7@!!!Q1!!!","5244930":"!<d@[F*KFT#64c-E,TfC#QOi)!<d@[F*]Ug#64o6@VfsmCI<#NAIW-_Bldj%ARo7dDe!Pj$#O*mATDKnCi]UW!!$pW!!!$*Ec6&.FD5Z2!2'Jq$O:0a@W,skErl=A!!)T[!$M.0!!ipCD/\")jBk1d@DZKh<#RPQdA7\\\\XCh[D\\!$DOXF(o/r6#:CVF*(?!Ch[D\\!$DFO@VfsmCJJ;TAI;4ACERS4@;]k%$Q!5p@;0OP@<?($BjkgTF^]00Bln'#Erc7@!!!Q1!!!","5245954":"!<d@[F*KFT#64c-E,TfC#QOi)!<d@[F*]Xh#64o6@VfsmCI<#NAIW-_Bldj%ARo7dDe!Pj$#O*mATDKnCi]UW!!$pW!!!$*Ec6&.FD5Z2!2'Jq$O:0a@W,skErc7@!!)N]!!ipCD/\")jBk1d@DZKh<#RPQdA7\\\\XCh[D\\!$DOXF(o/r6#:CVF*(?!Ch[D\\!$DFO@VfsmCJJ;TAI;4ACERS4@;]k%$Q!5p@;0OP@<?($BjkgTF^]00Bln'#Erc7@!!!Q1!!!","5246978":"!<d@[F*KFT#64c-E,TfC#QOi)!<d@[F*][i#64o6@VfsmCI<#NAIW-_Bldj%ARo7dDe!Pj$#O*mATDKnCi]UW!!$pW!!!$*Ec6&.FD5Z2!2'Jq$O:0a@W,skErl=A!!)Le!!)`?!!ipCD/\")jBk1d@DZKh<#RPQdA7\\\\XCh[D\\!$DOXF(o/r6#:CVF*(?!Ch[D\\!$DFO@VfsmCJJ;TAI;4ACERS4@;]k%$Q!5p@;0OP@<?($BjkgTF^]00Bln'#Erc7@!!!Q1!!!","1050627":"!<d@[F*KIU#64c-E,TfC\"98E%!<d@[F*]Ug#64o6@VfsmCI<#NAIW-_Bldj%ARo7dDe!Pg\"_)%OD0%oA$6'<Z%0-BY58=.uJ3FSQ%0-BY58=.u:d>l[9*udK$4Qt8J3ObK!.[6G%h/L=JA2iqs*m3Q0\"j>')!4I!$#O*mATDKnCi]UW!!$pW!!!$*Ec6&.FD5Z2!2'Jq$O:0a@W,skErl=A!!)lq!$Lg(!!ipCD/\")jBk1d@DZKi&#RPQdA7\\\\XCh[D\\!'^`\"F(o/r6#:CVF*(?!Ch[D\\!'^Vn@VfsmCJJ;TAI;4ACERS4@;]k%$Q!5p@;0OP@<?($BjkgTF^]00Bln'#Erc7@!!!Q1!!!","1052675":"!<d@[F*KIU#64c-E,TfC\"98E%!<d@[F*][i#64o6@VfsmCI<#NAIW-_Bldj%ARo7dDe!Pg\"_)%OD0$s&$6ffa%0-BY590_(J3OYW%0-BY58=.u5X6=i!.[9Nk\"?fu$O_#nDg,]6@W,skErc7@!:]Jb!\"0BOEc6)<A5dAaG=-L^DeWa'!<<*\"!<;Ng$OLZYFCfK,@;Kuc!!!\";)uos>#]aj*@<?4%D?/#b!\"0$AF^f9'A9.eP!!!#g?N;5Bmf3V#ASl.';e]cR6#Qc(56qR:Bk1dRDes,u!<=&E%s)GqAO1-LDf^#!Des,u!<<]8$\"@^h@r\"hJD.O&M@;@!)Cgh3sEsidmG%#*$9jr-TEbSru;0?;bFD5i2ATIkP!!!!1!!!!","1053699":"!<d@[F*KIU#64c-E,TfC\"98E%!<d@[F*]^j#64o6@VfsmCI<#NAIW-_Bldj%ARo7dDe!Pj$#O*mATDKnCi]UW!!((d!!!$*Ec6&.FD5Z2!2'Jq$O:0a@W,skErc7@!9!AH!!ipCD/\")jBk1d@DZKh<#RPQdA7\\\\XCh[D\\!\"]DHF(o/r6#:CVF*(?!Ch[D\\!\"];?@VfsmCJJ;TAI;4ACERS4@;]k%$Q!5p@;0OP@<?($BjkgTF^]00Bln'#Erc7@!!!Q1!!!","2099203":"!<d@[F*KIU#64c-E,TfC\"TSN&!<d@[F*]Ug#64o6@VfsmCI<#NAIW-_Bldj%ARo7dDe!Pg\"_)%OD0$m$$6TZ_%0-BY58=.uJ3OYW%0-BY^D6eKIm4r+]fS%fk\"?'gD..NtEbSruErc7@!6?Gd!!*@GDffE0Bl@khTEP<'#@hmcDeWa'!<<*\"!:cZ]#RY-[Blm9fA7\\&F!<>=i$$0fkAQ*M`Bk.5E!=03WBk1d@Ci+*3FAm*oBk.5E!<id=Ci<g!:18!N$;Y)G+E2.*DJO;$(L_JqBl$LPFCfK,@;Je`@;^1$FD5<-!<<*\"!\"],1!!","2100227":"!<d@[F*KIU#64c-E,TfC\"TSN&!<d@[F*]Xh#64o6@VfsmCI<#NAHu^]F`__:EWlSfH#R=#FDl)6/TY?E\":&scFCB9&=9&=$!!EUFATMNNDJ*csjNA<(\":&scFCB9&=o\\O&!!rsADes6$@ru9m!!!","2101251":"!<d@[F*KIU#64c-E,TfC\"TSN&!<d@[F*][i#64o6@VfsmCI<#NAIW-_Bldj%ARo7dDe!Pg\"_)%OD0%-+$7?/k%0-BY58=.uJ3P%S!.[9H%h/L=JA2j!s*m6R!<@X7)!4I6!t,EP@<?($Bjkh!!<<*\"D]A`W!=3^aFCB9*Df,QJ\"TSo8@s)7!Bk28czp?qte$>\"'gFAlmaAO158!!!92F(o/r;f?JdA,uZ1#S1ujA7\\&CD/XK;;f?JdA,uZ1\"USXSDe!QX@;TQ_:LS#]E,8s#CNBk\"@<Q'nCe\\>[ATDKnCf,=`DKKT7Bk;>dz&-)\\1","2102275":"!<d@[F*KIU#64c-E,TfC\"TSN&!<d@[F*]^j#64o6@VfsmCI<#NAHu^]F`__:EWlSfH#R=5@W-1#F(f-$G%G_J@W-1#E+s-\"/R`:'A248mEc6&.FCePS!!!!%$#O6pBL-NKCh;?3aZ]h4Ec6&.FCeVU!!!!*$\"ImiCh7*uARkc@","4195331":"!<d@[F*KIU#64c-E,TfC#64`(!<d@[F*]Rf#64o6@VfsmCI<#NAIW-_Bldj%ARo7dDe!Pg\"_)%OD0$m$$6TZ_%0-BY590_(J3OYW%0-BY^D/B7]<`LY!.[9Nk\"?'gD..NtEbSruErc7@!6?Gd!!*@GDffE0Bl@khciO1T#@hmcDeWa'\"98E%!:U^'5k=^NT_A<ai;3HR#RY-[Blm9fA7\\&F!<<**$$0fkAQ*M`Bk.5E\":,NZBk1d@Ci+*3FAm*oBk.5E!!N[<Ci<g!:18!N$;Y)G+E2.*DJO;$(L_JqBl$LPFCfK,@;Je`@;^1$FD5<-!<<*\"!\"],1!!","4199427":"!<d@[F*KIU#64c-E,TfC#64`(!<d@[F*]^j#64o6@VfsmCI<#NAIW-_Bldj%ARo7dDe!Pj$#O*mATDKnCi]UW!!((d!!!$*Ec6&.FD5Z2!2'Jq$O:0a@W,skEs)IC!!*#k!'p%E!'pD6!9!?R!!ipCD/\")jBk1d@DZKh<#RPQdA7\\\\XCh[D\\!!*?9F(o/r6#:CVF*(?!Ch[D\\!!!0/@VfsmCJJ;TAI;4ACERS4@;]k%$Q!5p@;0OP@<?($BjkgTF^]00Bln'#Erc7@!!!Q1!!!","5244931":"!<d@[F*KIU#64c-E,TfC#QOi)!<d@[F*]Ug#64o6@VfsmCI<#NAIW-_Bldj%ARo7dDe!Pj$#O*mATDKnCi]UW!!$pW!!!$*Ec6&.FD5Z2!2'Jq$O:0a@W,skErl=A!!)T[!$M.0!!ipCD/\")jBk1d@DZKh<#RPQdA7\\\\XCh[D\\!$DOXF(o/r6#:CVF*(?!Ch[D\\!$DFO@VfsmCJJ;TAI;4ACERS4@;]k%$Q!5p@;0OP@<?($BjkgTF^]00Bln'#Erc7@!!!Q1!!!","5245955":"!<d@[F*KIU#64c-E,TfC#QOi)!<d@[F*]Xh#64o6@VfsmCI<#NAIW-_Bldj%ARo7dDe!Pj$#O*mATDKnCi]UW!!$pW!!!$*Ec6&.FD5Z2!2'Jq$O:0a@W,skErc7@!!)N]!!ipCD/\")jBk1d@DZKh<#RPQdA7\\\\XCh[D\\!$DOXF(o/r6#:CVF*(?!Ch[D\\!$DFO@VfsmCJJ;TAI;4ACERS4@;]k%$Q!5p@;0OP@<?($BjkgTF^]00Bln'#Erc7@!!!Q1!!!","5246979":"!<d@[F*KIU#64c-E,TfC#QOi)!<d@[F*][i#64o6@VfsmCI<#NAIW-_Bldj%ARo7dDe!Pj$#O*mATDKnCi]UW!!$pW!!!$*Ec6&.FD5Z2!2'Jq$O:0a@W,skErl=A!!)Le!!)`?!!ipCD/\")jBk1d@DZKh<#RPQdA7\\\\XCh[D\\!$DOXF(o/r6#:CVF*(?!Ch[D\\!$DFO@VfsmCJJ;TAI;4ACERS4@;]k%$Q!5p@;0OP@<?($BjkgTF^]00Bln'#Erc7@!!!Q1!!!","1050628":"!<d@[F*KLV#64c-E,TfC\"98E%!<d@[F*]Ug#64o6@VfsmCI<#NAIW-_Bldj%ARo7dDe!Pj$#O*mATDKnCi]UW!!((d!!!$*Ec6&.FD5Z2!71cI$O:0a@W,skEs2OD!!)`m!![IB!(M';!2ad$!9S5B!!ipCD/\")jBk1d@DZKi&#RPQdA7\\\\XCh[D\\!!*?9F(o/r6#:CVF*(?!Ch[D\\!!*60@VfsmCJJ;TAI;4ACERS4@;]k%$Q!5p@;0OP@<?($BjkgTF^]00Bln'#Erc7@!!!Q1!!!","1051652":"!<d@[F*KLV#64c-E,TfC\"98E%!<d@[F*]Xh#64o6@VfsmCI<#NAIW-_Bldj%ARo7dDe!Pj$#O*mATDKnCi]UW!!$pW!!!$*Ec6&.FD5Z2!2'Jq$O:0a@W,skEs)IC!!'7t!.]%c!5L;g!\"AAg!!ipCD/\")jBk1d@DZKi&#RPQdA7\\\\XCh[D\\!%8*`F(o/r6#:CVF*(?!Ch[D\\!%8!W@VfsmCJJ;TAI;4ACERS4@;]k%$Q!5p@;0OP@<?($BjkgTF^]00Bln'#Erc7@!!!Q1!!!","1052676":"!<d@[F*KLV#64c-E,TfC\"98E%!<d@[F*][i#64o6@VfsmCI<#NAIW-_Bldj%ARo7dDe!Pj$#O*mATDKnCi]UW!!((d!!!$*Ec6&.FD5Z2!2'Jq$O:0a@W,skEs2OD!!)M\\!![bu!(M:L!2b/$!9Sb1!!ipCD/\")jBk1d@DZKi&#RPQdA7\\\\XCh[D\\!!*?9F(o/r6#:CVF*(?!Ch[D\\!!*60@VfsmCJJ;TAI;4ACERS4@;]k%$Q!5p@;0OP@<?($BjkgTF^]00Bln'#Erc7@!!!Q1!!!","2098180":"!<d@[F*KLV#64c-E,TfC\"TSN&!<d@[F*]Rf#64o6@VfsmCI<#NAIij)E,]`9FCJfiD(T[7CBt)QARTFs3WKL+$474B!!#5(!!%O6&df?R!!'bS!!%O6)!4Hu)[Z`h!!%O6&e>EO!!#8!0\"nm'*<6(i58`NU!!","2100228":"!<d@[F*KLV#64c-E,TfC\"TSN&!<d@[F*]Xh#64o6@VfsmCI<#NAINEeFC?bBE+*s.AT@eWD..ZVDfor>!<<*\"\":]'_FCfK9@;JJQF`MO'!!!!+$Y=3tBlnVfDe*F##ljr*)J<JqANFLID..=#Bk/f;Ea`KiE\\1mADe*o/B45Xg3bWYQ@;^!tA1_nD@:Wqi/R`[ABld^#,A1G%ANFLID..=#Bk/f;Ea`KiE\\1aCBl%<s@<?($Bjkh!*G8etANFLID..=#Bk/f;Ea`KiE\\1d;DffZ,DJ())@;TR:BQ\\0#DJs6\"/Tc#AA7]d5@rH4$De*R(Bk;?,B45Xg3bWYQ@;^!tA1_nD@:Wqi/S9-GDJ=38Eb-8(@;TR:BQ\\0#DJs6\"/Tc#AA7]d5CisuFEbT*+,%k>$ANFLID..=#Bk/f;Ea`KiE\\2?TEcu/?@;KRpDe*o6B45Xg3bWYQ@;^!tA1_nD@:Wqi/Tc#E@<6R3AS?4(FCfIn!dHF\"!!!!\"!dQL#!!!!\"!dZR$!!!!\"!dHI$!!!!\"!dQO&!!!!\"!dZU&!!!!\"%W,ot:i'QcATC[WDJ*M\\!!!!\"%W,X!:i'QcATC[WDJ*P\\s8W*\"%WcStGA^;eDJ*NTDe*DZ!!!!\"$?L/pGA]cdF`):%!!!!*'Q\\5%GA^2oCjA<YFCfJaD/aE6F9)CXBl7X,BjkgTF^]00BlnW!E+*s.ARkc@!!!$6Bl7X,BjkgVE+*s.;0?;bFD5iBz!=<CZDfp\"tBmO=k!!!!*$[6$#8SrEbEcbl'!!<mN@<6NhE+*s.<,ZkeCe/JeEc]SFgkU3-PX#6\\Bl8$(Ec,<%6XaqB@qg%1z!tK$_FCfK1@;J;E@<-!lzz!tTE`@q]:kB4XnNE_(+kEW?(>z!!=-U@<6NXBOPpoAQ<\\[@<?'[DffE(88iWkErZ1?z!\"TT]E+*s.ARn5IFD5i2ATIhO!!!!","2102276":"!<d@[F*KLV#64c-E,TfC\"TSN&!<d@[F*]^j#64o6@VfsmCI<#NAIij)E,]`9FCJfiD(T[7CBt)QARTFs8H9)2$31\\G%0-A.5SYob]<`@:9-=9C(^^EU!!!!`&df'J!!#4u!!!!a)!4I6!X]bO\"UtG3!'_)''`\\46^E\"r?4#7`99-=99","3148804":"!<d@[F*KLV#64c-E,TfC\"onW'!<d@[F*]Xh#64o6@VfsmCI<#NAI`g#DesH&@r!Z6DfTr5\"po!]G%GQ5DfU+(#'\"^#Dfg%'!!!!'\"`nKuFE7Zf0`V4S!!(=L!!!$\"!!!!(!AXWU!!!!3\"onW(z!!!!","4195332":"!<d@[F*KLV#64c-E,TfC#64`(!<d@[F*]Rf#64o6@VfsmCI<#NAIW-_Bldj%ARo7dDe!Pj$#O*mATDKnCi]UW!!((d!!!$*Ec6&.FD5Z2!71cI$O:0a@W,skEs)IC!!)L'!'p,N!20&a!9!_R!!ipCD/\")jBk1d@DZKh<#RPQdA7\\\\XCh[D\\!!EQ<F(o/r6#:CVF*(?!Ch[D\\!!!0/@VfsmCJJ;TAI;4ACERS4@;]k%$Q!5p@;0OP@<?($BjkgTF^]00Bln'#Erc7@!!!Q1!!!","4199428":"!<d@[F*KLV#64c-E,TfC#64`(!<d@[F*]^j#64o6@VfsmCI<#NAIW-_Bldj%ARo7dDe!Pj$#O*mATDKnCi]UW!!((d!!!$*Ec6&.FD5Z2!2'Jq$O:0a@W,skEs)IC!!*#k!'p%E!'pD6!9!?R!!ipCD/\")jBk1d@DZKh<#RPQdA7\\\\XCh[D\\!!*?9F(o/r6#:CVF*(?!Ch[D\\!!!0/@VfsmCJJ;TAI;4ACERS4@;]k%$Q!5p@;0OP@<?($BjkgTF^]00Bln'#Erc7@!!!Q1!!!","5244932":"!<d@[F*KLV#64c-E,TfC#QOi)!<d@[F*]Ug#64o6@VfsmCI<#NAIW-_Bldj%ARo7dDe!Pj$#O*mATDKnCi]UW!!$pW!!!$*Ec6&.FD5Z2!2'Jq$O:0a@W,skErl=A!!)T[!$M.0!!ipCD/\")jBk1d@DZKh<#RPQdA7\\\\XCh[D\\!$DOXF(o/r6#:CVF*(?!Ch[D\\!$DFO@VfsmCJJ;TAI;4ACERS4@;]k%$Q!5p@;0OP@<?($BjkgTF^]00Bln'#Erc7@!!!Q1!!!","5245956":"!<d@[F*KLV#64c-E,TfC#QOi)!<d@[F*]Xh#64o6@VfsmCI<#NAIW-_Bldj%ARo7dDe!Pg\"_)%OD0%W9$5NsP'`\\5!58\";4!!!!a('\":u58`NU$69H\\'`\\5!590_(J3OYR%5,=UZPEN?5<g\"I9-=<E$#O*mATDKnCi]UW!!$pW!!!$*Ec6&.FD5Z2!2'Jq$O:0a@W,skErc7@!!)Nf!!ipCD/\")jBk1d@DZKi&#RPQdA7\\\\XCh[D\\!&\"TgF(o/r6#:CVF*(?!Ch[D\\!&\"K^@VfsmCJJ;TAI;4ACERS4@;]k%$Q!5p@;0OP@<?($BjkgTF^]00Bln'#Erc7@!!!Q1!!!","5246980":"!<d@[F*KLV#64c-E,TfC#QOi)!<d@[F*][i#64o6@VfsmCI<#NAIW-_Bldj%ARo7dDe!Pj$#O*mATDKnCi]UW!!$pW!!!$*Ec6&.FD5Z2!2'Jq$O:0a@W,skErl=A!!)Le!!)`?!!ipCD/\")jBk1d@DZKh<#RPQdA7\\\\XCh[D\\!$DOXF(o/r6#:CVF*(?!Ch[D\\!$DFO@VfsmCJJ;TAI;4ACERS4@;]k%$Q!5p@;0OP@<?($BjkgTF^]00Bln'#Erc7@!!!Q1!!!","2053":"!<d@[F*KOW#64c-E,TfC!rr<$!<d@[F*]Ug#64o6@VfsmCI<#NAIW-_Bldj%ARo7dDe!Pj$#O*mATDKnCi]UW!!!KO!!!$*Ec6&.FD5Z2!2'Jq$O:0a@W,skErc7@!61-#!!ipCD/\")jBk1d@DZKh<#RPQdA7\\\\XCh[D\\!!!98F(o/r6#:CVF*(?!Ch[D\\!!!0/@VfsmCJJ;TAHY;DCh3tj@<Q'nCe\\>[ATDKnCf,=`DKKT7Bk;>dz&-)\\1","3077":"!<d@[F*KOW#64c-E,TfC!rr<$!<d@[F*]Xh#64o6@VfsmCI<#NAIW-_Bldj%ARo7dDe!Pj$#O*mATDKnCi]UW!!!KO!!!$*Ec6&.FD5Z2!2'Jq$O:0a@W,skErc7@!61-#!!ipCD/\")jBk1d@DZKh<#RPQdA7\\\\XCh[D\\!!!98F(o/r6#:CVF*(?!Ch[D\\!!!0/@VfsmCJJ;TAHY;DCh3tj@<Q'nCe\\>[ATDKnCf,=`DKKT7Bk;>dz&-)\\1","4101":"!<d@[F*KOW#64c-E,TfC!rr<$!<d@[F*][i#64o6@VfsmCI<#NAIW-_Bldj%ARo7dDe!Pj$#O*mATDKnCi]UW!!!KO!!!$*Ec6&.FD5Z2!2'Jq$O:0a@W,skErc7@!61-#!!ipCD/\")jBk1d@DZKh<#RPQdA7\\\\XCh[D\\!!!98F(o/r6#:CVF*(?!Ch[D\\!!!0/@VfsmCJJ;TAHY;DCh3tj@<Q'nCe\\>[ATDKnCf,=`DKKT7Bk;>dz&-)\\1","1050629":"!<d@[F*KOW#64c-E,TfC\"98E%!<d@[F*]Ug#64o6@VfsmCI<#NAIW-_Bldj%ARo7dDe!Pg\"_)%OD0&DO$6ffa%0-BY590_(J3OYW%0-BY58=.uLd2s\\!.[9Nk\"?ft$7?/k%0-BY58=.uJ3P%S!.[6G%h8R=Im4YJ!.ZjG!!%O6)!4I6!=K3N@<?($Bjkh!!<<*\"D]A`W!=3^aFCB9*Df,R%!WWT5@s)7!Bk28kzpAY*sE`2s-FC,$FE^'QdE$#&inl#N`oNqU$nim-Bn/hW9$>\"'gFAlmaAO158!'^_qF(o/r;f?JdA,uZ7#S1ujA7\\&CD/XK;;f?JdA,uZ5\"USXSDe!QX@;TQ_:LS#]E,8s#CNBk\"@<Q'nCe\\>[ATDKnCf,=`DKKT7Bk;>dz&-)\\1","1051653":"!<d@[F*KOW#64c-E,TfC\"98E%!<d@[F*]Xh#64o6@VfsmCI<#NAIW-_Bldj%ARo7dDe!Pj$#O*mATDKnCi]UW!!$pW!!!$*Ec6&.FD5Z2!2'Jq$O:0a@W,skErc7@!!)NX!!ipCD/\")jBk1d@DZKh<#RPQdA7\\\\XCh[D\\!$DOXF(o/r6#:CVF*(?!Ch[D\\!$DFO@VfsmCJJ;TAI;4ACERS4@;]k%$Q!5p@;0OP@<?($BjkgTF^]00Bln'#Erc7@!!!Q1!!!","1052677":"!<d@[F*KOW#64c-E,TfC\"98E%!<d@[F*][i#64o6@VfsmCI<#NAIW-_Bldj%ARo7dDe!Pg\"_)%OD0'=i$5a*R%0-BY58\";4!!%O6'`\\5i5T&WV+9;fn$474B!.[9S!!#8K&e>HNs*m6JHE?D<*<6)t^DQ*++9;fs$4dRG!.[9K!!%O6*<6()58\"J9s8RR5'`\\5a1E?GqJ?p*T9-=6C$#O*mATDKnCi]UW!!$pW!!!$*Ec6&.FD5Z2!2'Jq$O:0a@W,skEsVgH!!)M\\!![bu!(M:L!2b/$!9Sb1!\"SkS!)EC*!3Z7W!:Kjd!!ipCD/\")jBk1d@DZKi&#RPQdA7\\\\XCh[D\\!'^`\"F(o/r6#:CVF*(?!Ch[D\\!'^Vn@VfsmCJJ;TAI;4ACERS4@;]k%$Q!5p@;0OP@<?($BjkgTF^]00Bln'#Erc7@!!!Q1!!!","2098181":"!<d@[F*KOW#64c-E,TfC\"TSN&!<d@[F*]Rf#64o6@VfsmCI<#NAIij)E,]`9FCJfiD(T[7CBt)QARTFs+ohrm$474B!.[9S!!%O6&e>EO!.[9K!!#8L*<6(i58`NU!!","2102277":"!<d@[F*KOW#64c-E,TfC\"TSN&!<d@[F*]^j#64o6@VfsmCI<#NAIij)E,]`9FCJfiD(T[7CBt)QARTFsaoDbc$3^k=!!#4r$4Qt8!'_1u!!#8$k\"?fu$5a*R%0-BY58\";4!!%O6'`\\465T&WV+9Dlo$474B!!#4u!!%O6&e>HMs8P7ts8RR5*<6)t58`HQ+9Dle$3^k=!!#4r$4Qt8!'_1u!.[9Nj@LHq$5a*R%0-BY4q\\23!!%O5'`\\6,58`HQ+9Dle$3^k=!'ia]$4Qt85X,t`!2)Onj@LHq$6ffa%0-A.58=.uJ3FSV%K?D-4r\"%tJ3P%S!2)Onj@LHq!!","3145733":"!<d@[F*KOW#64c-E,TfC\"onW'!<d@[F*]Oe#64o6@VfsmCI<#NAIW*WDJj$+/Ri.+DImhl\"E\\p.AIiH_DKB5<G@><(/TYT>E!-DdDffE0AQSp4!!!-.D.Rd%6#L=OA_R_e5Qh=4DffE0AQf'6!!!<3@rH1\"ARfgnA,lT","3146757":"!<d@[F*KOW#64c-E,TfC\"onW'!<d@[F*]Rf#64o6@VfsmCI<#NAKPu9E,]`9FCJfiD(Tj<Ec,T4BOt^kATV?s/ST6DD?pDTARTFs,QJ/q$474B!'ia`!!%O6&e>EO!.[6J!!%O6*A5#e1Do1E+9DN","3148805":"!<d@[F*KOW#64c-E,TfC\"onW'!<d@[F*]Xh#64o6@VfsmCI<#NAIW-_Bldj%ARo7dDe!Pj$#O*mATDKnCi]UW!!$pW!!!$*Ec6&.FD5Z2!2'Jq$O:0a@W,skErc7@!\"\\T!!!ipCD/\")jBk1d@DZKi&#RPQdA7\\\\XCh[D\\!!3E:F(o/r6#:CVF*(?!Ch[D\\!!3<1@VfsmCJJ;TAI;4ACERS4@;]k%$Q!5p@;0OP@<?($BjkgTF^]00Bln'#Erc7@!!!Q1!!!","3150853":"!<d@[F*KOW#64c-E,TfC\"onW'!<d@[F*]^j#64o6@VfsmCI<#NAKPu9E,]`9FCJfiD(Tj<Ec,T4BOt^kATV?s/ST6DD?pDTARTFs*rlWg$474B!.[6J!!%O5&df'J!'ia`s8RR4)!\"72!WW","3151877":"!<d@[F*KOW#64c-E,TfC\"onW'!<d@[F*]ak#64o6@VfsmCI<#NAI`0XDJj$+/TYK9D.RU,\"U&pmE+K8qAS5jkDKH!dEc6&.FCePS!!!!%$#O6pBL-NKCh;?3ahIr`Ec6&.FCeVU!!!!*$\"ImiCh7*uARkc@","4195333":"!<d@[F*KOW#64c-E,TfC#64`(!<d@[F*]Rf#64o6@VfsmCI<#NAIW-_Bldj%ARo7dDe!Pg\"_)%OD0$m$$6TZ_%0-BY590_(J3OYW%0-BY^_M0sC:\"ua!.[9Nk\"?'gD..NtEbSruErc7@!6?Gd!!*@GDffE0Bl@khciO1T#@hmcDeWa'\"98E%!:U^'5k=^NT_A<ai;3HR#RY-[Blm9fA7\\&F!<<**$$0fkAQ*M`Bk.5E\":,NZBk1d@Ci+*3FAm*oBk.5E!!N[<Ci<g!:18!N$;Y)G+E2.*DJO;$(L_JqBl$LPFCfK,@;Je`@;^1$FD5<-!<<*\"!\"],1!!","4197381":"!<d@[F*KOW#64c-E,TfC#64`(!<d@[F*]Xh#64o6@VfsmCI<#NAIW-_Bldj%ARo7dDe!Pj$#O*mATDKnCi]UW!!$pW!!!$*Ec6&.FD5Z2!2'Jq$O:0a@W,skErc7@!!)Ng!!ipCD/\")jBk1d@DZKi&#RPQdA7\\\\XCh[D\\!'^`\"F(o/r6#:CVF*(?!Ch[D\\!'^Vn@VfsmCJJ;TAI;4ACERS4@;]k%$Q!5p@;0OP@<?($BjkgTF^]00Bln'#Erc7@!!!Q1!!!","4199429":"!<d@[F*KOW#64c-E,TfC#64`(!<d@[F*]^j#64o6@VfsmCI<#NAIW-_Bldj%ARo7dDe!Pg\"_)%OD0&&E$6ffa%0-BY58=.uJ3FSV%0-BY^_QD>Im+m!XQhVZk\"?fu$69HW%0-BY58\"J9!!%Pb'mcrrZlOIol80@?9-=9D$#O*mATDKnCi]UW!!((d!!!$*Ec6&.FD5Z2!2'Jq$O:0a@W,skEs)IC!!*#k!'p%E!'pD6!9!?R!!ipCD/\")jBk1d@DZKh<#RPQdA7\\\\XCh[D\\!!*?9F(o/r6#:CVF*(?!Ch[D\\!!!0/@VfsmCJJ;TAI;4ACERS4@;]k%$Q!5p@;0OP@<?($BjkgTF^]00Bln'#Erc7@!!!Q1!!!","4200453":"!<d@[F*KOW#64c-E,TfC#64`(!<d@[F*]ak#64o6@VfsmCI<#NAIW*WDJj$+/Ri.+DImhl\"E\\p.AJ&TaDKB5<B6%p5DIb>?BPDDg#BFa)@<?'_z\":8pVF(djWB5D/6&';Qh#BFa)@<?'az#mk*[Ci!ZmFCet_!!","5244933":"!<d@[F*KOW#64c-E,TfC#QOi)!<d@[F*]Ug#64o6@VfsmCI<#NAIW-_Bldj%ARo7dDe!Pj$Zg3(G@Pc)DeWa'!WW3#0`(A@&Ftq`$P@#lDfor.;f6Mt6ZljVBk28czn.5R-$#O*mATDKnCi]UW!!$pW!!!$*Ec6&.FD5Z2!2'Jq$O:0a@W,skErl=A!!)T[!$M.0!!ipCD/\")jBk1d@DZKh<#RPQdA7\\\\XCh[D\\!$DOXF(o/r6#:CVF*(?!Ch[D\\!$DFO@VfsmCJJ;TAI;4ACERS4@;]k%$Q!5p@;0OP@<?($BjkgTF^]00Bln'#Erc7@!!!Q1!!!","5245957":"!<d@[F*KOW#64c-E,TfC#QOi)!<d@[F*]Xh#64o6@VfsmCI<#NAIW-_Bldj%ARo7dDe!Pg\"_)%OD0&DO$6ffa%0-BY58=.u5X,kl%KHHX58F4u5<g.g!.[9Nk\"?ft$7?/k%0-BY58=.u5X-7h!.[9H%h/L=JA2j!s$&^g!<@X7)!4I6!Xf<O@<?($Bjkh!!<<*\"D]A`W!=3^aFCB9*Df,QJ\"TSo8@s)7!Bk28cznGWCn$>\"'gFAlmaAO158!'^_qF(o/r;f?JdA,uZ`#S1ujA7\\&CD/XK;;f?JdA,uZ`\"USXSDe!QX@;TQ_:LS#]E,8s#CNBk\"@<Q'nCe\\>[ATDKnCf,=`DKKT7Bk;>dz&-)\\1","5246981":"!<d@[F*KOW#64c-E,TfC#QOi)!<d@[F*][i#64o6@VfsmCI<#NAIW-_Bldj%ARo7dDe!Pj$#O*mATDKnCi]UW!!$pW!!!$*Ec6&.FD5Z2!2'Jq$O:0a@W,skErl=A!!)Le!!)`?!!ipCD/\")jBk1d@DZKh<#RPQdA7\\\\XCh[D\\!$DOXF(o/r6#:CVF*(?!Ch[D\\!$DFO@VfsmCJJ;TAI;4ACERS4@;]k%$Q!5p@;0OP@<?($BjkgTF^]00Bln'#Erc7@!!!Q1!!!","2054":"!<d@[F*KRX#64c-E,TfC!rr<$!<d@[F*]Ug#64o6@VfsmCI<#NAIW-_Bldj%ARo7dDe!Pj$#O*mATDKnCi]UW!!((d!!!$*Ec6&.FD5Z2!2'Jq$O:0a@W,skErc7@!9!AH!!ipCD/\")jBk1d@DZKh<#RPQdA7\\\\XCh[D\\!\"]DHF(o/r6#:CVF*(?!Ch[D\\!\"];?@VfsmCJJ;TAI;4ACERS4@;]k%$Q!5p@;0OP@<?($BjkgTF^]00Bln'#Erc7@!!!Q1!!!","3078":"!<d@[F*KRX#64c-E,TfC!rr<$!<d@[F*]Xh#64o6@VfsmCI<#NAIW-_Bldj%ARo7dDe!Pj$#O*mATDKnCi]UW!!((d!!!$*Ec6&.FD5Z2!2'Jq$O:0a@W,skErc7@!9!AH!!ipCD/\")jBk1d@DZKh<#RPQdA7\\\\XCh[D\\!\"]DHF(o/r6#:CVF*(?!Ch[D\\!\"];?@VfsmCJJ;TAI;4ACERS4@;]k%$Q!5p@;0OP@<?($BjkgTF^]00Bln'#Erc7@!!!Q1!!!","4102":"!<d@[F*KRX#64c-E,TfC!rr<$!<d@[F*][i#64o6@VfsmCI<#NAIW-_Bldj%ARo7dDe!Pj$#O*mATDKnCi]UW!!((d!!!$*Ec6&.FD5Z2!2'Jq$O:0a@W,skErc7@!9!AH!!ipCD/\")jBk1d@DZKh<#RPQdA7\\\\XCh[D\\!\"]DHF(o/r6#:CVF*(?!Ch[D\\!\"];?@VfsmCJJ;TAI;4ACERS4@;]k%$Q!5p@;0OP@<?($BjkgTF^]00Bln'#Erc7@!!!Q1!!!","1050630":"!<d@[F*KRX#64c-E,TfC\"98E%!<d@[F*]Ug#64o6@VfsmCI<#NAHu^]F`__:EWlSfH#R=%@V'@l/T>-=FE7QiEc6&.FCePS!!!!%$#O6pBL-NKCh;?38O!=_Ec6&.FCeVU!!!!*$\"ImiCh7*uARkc@","1052678":"!<d@[F*KRX#64c-E,TfC\"98E%!<d@[F*][i#64o6@VfsmCI<#NAJT?/DfT9!AThX+F(K/>G&M2,@;]dh\"po!]G%GQ5DfU+(#'\"^#Dfg%/!!!!'\"`nKuFE7E^\"Uo!]E^FS\\@r\"GMA7ZNtFDl2.B4Z6tF)to//Tu&K@ps7h@g*!WH#R=!DJsQ4@;H&QD.Rd%6#L=OA_R_e56(","2099206":"!<d@[F*KRX#64c-E,TfC\"TSN&!<d@[F*]Ug#64o6@VfsmCI<#NAIij)E,]`9FCJfiD(T[7CBt)QARTFs)?:*]$31\\L%5,=UZP>++40oq-!.[9Nk\"?ft!!","2101254":"!<d@[F*KRX#64c-E,TfC\"TSN&!<d@[F*][i#64o6@VfsmCI<#NAIij)E,]`9FCJfiD(T[7CBt)QARTFs4obp6$47LJ!.[9S!!%O6&e>H3bm^rorr7I4*<6'>^_l3,+9;fd$3_FM!.[9H$4SW$40oYS]fWP;k\"?ft!!","3147782":"!<d@[F*KRX#64c-E,TfC\"onW'!<d@[F*]Ug#64o6@VfsmCI<#NAIW-_Bldj%ARo7dDe!Pj$Zg3(G@Pc)DeWa'!<<*\"n1[',$P@#lDfor.;f6Mt6ZljVBk28dzo^Dh`n1XhM$#O*mATDKnCi]UW!!((d!!!$*Ec6&.FD5Z2!2'Jq$O:0a@W,skErl=A!!!Qp!.lmh!!ipCD/\")jBk1d@DZKh<#RPQdA7\\\\XCh[D\\!!!98F(o/r6#:CVF*(?!Ch[D\\!!!0/@VfsmCJJ;TAI;4ACERS4@;]k%$Q!5p@;0OP@<?($BjkgTF^]00Bln'#Erc7@!!!Q1!!!","3149830":"!<d@[F*KRX#64c-E,TfC\"onW'!<d@[F*][i#64o6@VfsmCI<#NAIW-_Bldj%ARo7dDe!Pj$#O*mATDKnCi]UW!!((d!!!$*Ec6&.FD5Z2!2'Jq$O:0a@W,skErl=A!!\"#=!.m?5!!ipCD/\")jBk1d@DZKh<#RPQdA7\\\\XCh[D\\!!!98F(o/r6#:CVF*(?!Ch[D\\!!!0/@VfsmCJJ;TAI;4ACERS4@;]k%$Q!5p@;0OP@<?($BjkgTF^]00Bln'#Erc7@!!!Q1!!!","4195334":"!<d@[F*KRX#64c-E,TfC#64`(!<d@[F*]Rf#64o6@VfsmCI<#NAIW-_Bldj%ARo7dDe!Pj$#O*mATDKnCi]UW!!((d!!!$*Ec6&.FD5Z2!71cI$O:0a@W,skEs;UE!!)L'!'p*8!.a]e!20%6!5SBC!9!_R!!ipCD/\")jBk1d@DZKh<#RPQdA7\\\\XCh[D\\!!!98F(o/r6#:CVF*(?!Ch[D\\!!!0/@VfsmCJJ;TAI;4ACERS4@;]k%$Q!5p@;0OP@<?($BjkgTF^]00Bln'#Erc7@!!!Q1!!!","4196358":"!<d@[F*KRX#64c-E,TfC#64`(!<d@[F*]Ug#64o6@VfsmCI<#NAIW-_Bldj%ARo7dDe!Pj$#O*mATDKnCi]UW!!((d!!!$*Ec6&.FD5Z2!71cI$O:0a@W,skEruCB!!\"];!(:cj!9io:!!ipCD/\")jBk1d@DZKh<#RPQdA7\\\\XCh[D\\!!!98F(o/r6#:CVF*(?!Ch[D\\!!!0/@VfsmCJJ;TAI;4ACERS4@;]k%$Q!5p@;0OP@<?($BjkgTF^]00Bln'#Erc7@!!!Q1!!!","4198406":"!<d@[F*KRX#64c-E,TfC#64`(!<d@[F*][i#64o6@VfsmCI<#NAIW-_Bldj%ARo7dDe!Pg\"_)%OD0$Tq$5a*R*<6(i58\";<!!%O6*<6(i58`NU+9;iXF)Go?@s)7!Bk28c!!!#grr2s+&SH-&F`(_gDJs_dF^f9'A9.bO!!!#g0E;IeD..NtEbSruErc7@!,ihW!!*@GDffE0Bl@khTEP<'#@hmcDeWa'!rr<$!'L8]7\"#\"7kktG\\#RY-[Blm9fA7\\&F!<<**$$0fkAQ*M`Bk.5E!!j*VBk1d@Ci+*3FAm*oBk.5E!!N[<Ci<g!:18!N$;Y)G+E2.*DJO;$(L_JqBl$LPFCfK,@;Je`@;^1$FD5<-!<<*\"!\"],1!!","4199430":"!<d@[F*KRX#64c-E,TfC#64`(!<d@[F*]^j#64o6@VfsmCI<#NAIW-_Bldj%ARo7dDe!Pj$#O*mATDKnCi]UW!!((d!!!$*Ec6&.FD5Z2!2'Jq$O:0a@W,skEsD[F!!*#k!'pJ8!.aj8!.apV!5S56!5S;V!9!?2!!ipCD/\")jBk1d@DZKh<#RPQdA7\\\\XCh[D\\!!!98F(o/r6#:CVF*(?!Ch[D\\!!!0/@VfsmCJJ;TAI;4ACERS4@;]k%$Q!5p@;0OP@<?($BjkgTF^]00Bln'#Erc7@!!!Q1!!!","5244934":"!<d@[F*KRX#64c-E,TfC#QOi)!<d@[F*]Ug#64o6@VfsmCI<#NAIW-_Bldj%ARo7dDe!Pj$Zg3(G@Pc)DeWa'!WW3#0`(A@&Ftq`$P@#lDfor.;f6Mt6ZljVBk28czn.5R-$#O*mATDKnCi]UW!!$pW!!!$*Ec6&.FD5Z2!2'Jq$O:0a@W,skErl=A!!)Sp!$M.0!!ipCD/\")jBk1d@DZKh<#RPQdA7\\\\XCh[D\\!!!98F(o/r6#:CVF*(?!Ch[D\\!!!0/@VfsmCJJ;TAI;4ACERS4@;]k%$Q!5p@;0OP@<?($BjkgTF^]00Bln'#Erc7@!!!Q1!!!","5245958":"!<d@[F*KRX#64c-E,TfC#QOi)!<d@[F*]Xh#64o6@VfsmCI<#NAIW-_Bldj%ARo7dDe!Pj$#O*mATDKnCi]UW!!$pW!!!$*Ec6&.FD5Z2!2'Jq$O:0a@W,skEruCB!$LbG!$M:6!'p,*!!ipCD/\")jBk1d@DZKh<#RPQdA7\\\\XCh[D\\!!!98F(o/r6#:CVF*(?!Ch[D\\!!!0/@VfsmCJJ;TAI;4ACERS4@;]k%$Q!5p@;0OP@<?($BjkgTF^]00Bln'#Erc7@!!!Q1!!!","5246982":"!<d@[F*KRX#64c-E,TfC#QOi)!<d@[F*][i#64o6@VfsmCI<#NAIW-_Bldj%ARo7dDe!Pj$#O*mATDKnCi]UW!!$pW!!!$*Ec6&.FD5Z2!2'Jq$O:0a@W,skEruCB!!)Xi!!)`?!$Lbe!!ipCD/\")jBk1d@DZKh<#RPQdA7\\\\XCh[D\\!$DOXF(o/r6#:CVF*(?!Ch[D\\!!!0/@VfsmCJJ;TAI;4ACERS4@;]k%$Q!5p@;0OP@<?($BjkgTF^]00Bln'#Erc7@!!!Q1!!!"},"Entities":[],"ReplaceMode":2,"EntranceRotation":-1}