{
	"editor": {
		"allAngles": false,
		"entityTextureMode": false
	},
	"textureWidth": 16,
	"textureHeight": 16,
	"textureSizes": {
	},
	"textures": {
		"apricot": "apricot"
	},
	"elements": [
		{
			"name": "Apricot",
			"from": [ 6.0, 0.0, 6.0 ], 
			"to": [ 10.0, 4.0, 10.0 ], 
			"rotationOrigin": [ 8.0, 0.0, 8.0 ],
			"faces": {
				"north": { "texture": "#apricot", "uv": [ 8.0, 8.0, 16.0, 16.0 ], "rotation": 180, "autoUv": false },
				"east": { "texture": "#apricot", "uv": [ 8.0, 8.0, 16.0, 16.0 ], "autoUv": false },
				"south": { "texture": "#apricot", "uv": [ 0.0, 8.0, 8.0, 16.0 ], "rotation": 180, "autoUv": false },
				"west": { "texture": "#apricot", "uv": [ 8.0, 8.0, 16.0, 16.0 ], "autoUv": false },
				"up": { "texture": "#apricot", "uv": [ 0.0, 0.0, 8.0, 8.0 ], "rotation": 180, "autoUv": false },
				"down": { "texture": "#apricot", "uv": [ 0.0, 0.0, 8.0, 8.0 ], "rotation": 180, "autoUv": false }
			},
			"children": [
				{
					"name": "ApricotStem",
					"from": [ 1.5, 4.0, 1.5 ], 
					"to": [ 2.5, 5.0, 2.5 ], 
					"rotationOrigin": [ 1.5, 4.0, 1.5 ],
					"faces": {
						"north": { "texture": "#apricot", "uv": [ 8.0, 4.0, 10.0, 6.0 ], "autoUv": false },
						"east": { "texture": "#apricot", "uv": [ 8.0, 6.0, 10.0, 8.0 ], "autoUv": false },
						"south": { "texture": "#apricot", "uv": [ 10.0, 6.0, 12.0, 8.0 ], "autoUv": false },
						"west": { "texture": "#apricot", "uv": [ 10.0, 6.0, 12.0, 8.0 ], "autoUv": false },
						"up": { "texture": "#apricot", "uv": [ 10.0, 4.0, 12.0, 6.0 ], "autoUv": false },
						"down": { "texture": "#apricot", "uv": [ 0.0, 0.0, 1.0, 1.0 ], "enabled": false }
					},
					"children": [
						{
							"name": "ApricotLeaf",
							"from": [ 0.0, 0.5, 0.5 ], 
							"to": [ 2.0, 0.5, 3.5 ], 
							"rotationOrigin": [ 0.0, 0.5, 0.5 ],
							"rotationX": -30.0,
							"rotationY": 22.5,
							"rotationZ": 22.5,
							"faces": {
								"north": { "texture": "#apricot", "uv": [ 0.0, 0.0, 2.0, 1.0 ], "enabled": false },
								"east": { "texture": "#apricot", "uv": [ 0.0, 0.0, 3.0, 1.0 ], "enabled": false },
								"south": { "texture": "#apricot", "uv": [ 0.0, 0.0, 2.0, 1.0 ], "enabled": false },
								"west": { "texture": "#apricot", "uv": [ 0.0, 0.0, 3.0, 1.0 ], "enabled": false },
								"up": { "texture": "#apricot", "uv": [ 12.0, 0.0, 16.0, 8.0 ], "autoUv": false },
								"down": { "texture": "#apricot", "uv": [ 0.0, 0.0, 2.0, 3.0 ], "enabled": false }
							}
						}
					]
				}
			]
		}
	]}