{
	"editor": {
		"allAngles": false,
		"entityTextureMode": false
	},
	"textureWidth": 8,
	"textureHeight": 8,
	"textureSizes": {
	},
	"textures": {
		"ripe": "cocoa/ripe",
		"treetrunk": "cocoa/treetrunk"
	},
	"elements": [
		{
			"name": "origin",
			"from": [ 8.0, 0.0, 8.0 ], 
			"to": [ 8.0, 0.0, 8.0 ], 
			"rotationOrigin": [ 8.0, 0.0, 8.0 ],
			"faces": {
				"north": { "texture": "#mango", "uv": [ 0.0, 0.0, 0.5, 0.5 ], "enabled": false },
				"east": { "texture": "#mango", "uv": [ 0.0, 0.0, 0.5, 0.5 ], "enabled": false },
				"south": { "texture": "#mango", "uv": [ 0.0, 0.0, 0.5, 0.5 ], "enabled": false },
				"west": { "texture": "#mango", "uv": [ 0.0, 0.0, 0.5, 0.5 ], "enabled": false },
				"up": { "texture": "#mango", "uv": [ 0.0, 0.0, 0.5, 0.5 ], "enabled": false },
				"down": { "texture": "#mango", "uv": [ 0.0, 0.0, 0.5, 0.5 ], "enabled": false }
			},
			"children": [
				{
					"name": "main",
					"from": [ -2.0, 1.0, -2.0 ], 
					"to": [ 1.5, 5.5, 1.0 ], 
					"rotationOrigin": [ 0.0, 3.0, 0.0 ],
					"faces": {
						"north": { "texture": "#ripe", "uv": [ 0.0, 1.0, 3.5, 5.5 ] },
						"east": { "texture": "#ripe", "uv": [ 0.0, 2.5, 3.0, 7.0 ] },
						"south": { "texture": "#ripe", "uv": [ 0.0, 0.0, 3.5, 4.5 ] },
						"west": { "texture": "#ripe", "uv": [ 0.0, 3.5, 3.0, 8.0 ], "rotation": 180 },
						"up": { "texture": "#ripe", "uv": [ 4.0, 0.0, 7.5, 3.0 ] },
						"down": { "texture": "#ripe", "uv": [ 4.0, 0.0, 7.5, 3.0 ] }
					},
					"children": [
						{
							"name": "bottom",
							"from": [ 0.5, -1.0, 0.5 ], 
							"to": [ 3.0, 0.0, 2.5 ], 
							"rotationOrigin": [ 2.1, -1.0, 2.0 ],
							"faces": {
								"north": { "texture": "#ripe", "uv": [ 4.5, 1.0, 7.0, 2.0 ] },
								"east": { "texture": "#ripe", "uv": [ 5.0, 0.5, 7.0, 1.5 ] },
								"south": { "texture": "#ripe", "uv": [ 4.0, 3.0, 6.5, 4.0 ] },
								"west": { "texture": "#ripe", "uv": [ 0.0, 5.5, 2.0, 6.5 ] },
								"up": { "texture": "#mango", "uv": [ 0.0, 0.0, 2.5, 2.0 ], "enabled": false },
								"down": { "texture": "#ripe", "uv": [ 4.5, 0.5, 7.0, 2.5 ] }
							}
						},
						{
							"name": "top",
							"from": [ 0.5, 4.5, 0.5 ], 
							"to": [ 3.0, 5.5, 2.5 ], 
							"rotationOrigin": [ 2.5, 4.5, 2.0 ],
							"faces": {
								"north": { "texture": "#ripe", "uv": [ 4.5, 2.5, 7.0, 3.5 ] },
								"east": { "texture": "#ripe", "uv": [ 1.0, 5.0, 3.0, 6.0 ] },
								"south": { "texture": "#ripe", "uv": [ 0.0, 3.0, 2.5, 4.0 ] },
								"west": { "texture": "#ripe", "uv": [ 4.0, 3.0, 6.0, 4.0 ] },
								"up": { "texture": "#ripe", "uv": [ 4.5, 0.5, 7.0, 2.5 ] },
								"down": { "texture": "#mango", "uv": [ 0.0, 0.0, 2.5, 2.0 ], "enabled": false }
							}
						},
						{
							"name": "branch",
							"from": [ 1.25, 5.5, 1.0 ], 
							"to": [ 2.25, 6.0, 2.0 ], 
							"rotationOrigin": [ 1.8, 5.5, 1.5 ],
							"rotationY": -45.0,
							"faces": {
								"north": { "texture": "#treetrunk", "uv": [ 0.5, 4.25, 1.5, 4.75 ] },
								"east": { "texture": "#treetrunk", "uv": [ 3.5, 4.5, 4.5, 5.0 ] },
								"south": { "texture": "#treetrunk", "uv": [ 2.0, 4.5, 3.0, 5.0 ] },
								"west": { "texture": "#treetrunk", "uv": [ 2.0, 4.5, 3.0, 5.0 ] },
								"up": { "texture": "#treetrunk", "uv": [ 1.75, 1.75, 2.75, 2.75 ] },
								"down": { "texture": "#mango", "uv": [ 0.0, 0.0, 1.0, 1.0 ], "enabled": false }
							}
						}
					]
				}
			]
		}
	]}