{
	"editor": {
		"allAngles": false,
		"entityTextureMode": false
	},
	"textureWidth": 16,
	"textureHeight": 16,
	"textureSizes": {
	},
	"textures": {
		"commonhackberry": "commonhackberry"
	},
	"elements": [
		{
			"name": "Cube1",
			"from": [ 8.0, 1.0, 8.0 ], 
			"to": [ 13.0, 1.8, 8.8 ], 
			"rotationOrigin": [ 8.0, 1.0, 8.0 ],
			"rotationY": 22.5,
			"faces": {
				"north": { "texture": "#commonhackberry", "uv": [ 4.0, 13.0, 14.0, 15.0 ], "autoUv": false },
				"east": { "texture": "#commonhackberry", "uv": [ 3.0, 13.0, 5.0, 15.0 ], "autoUv": false },
				"south": { "texture": "#commonhackberry", "uv": [ 4.0, 13.0, 14.0, 15.0 ], "autoUv": false },
				"west": { "texture": "#commonhackberry", "uv": [ 1.0, 13.0, 3.0, 15.0 ], "autoUv": false },
				"up": { "texture": "#commonhackberry", "uv": [ 5.0, 14.0, 15.0, 16.0 ], "autoUv": false },
				"down": { "texture": "#commonhackberry", "uv": [ 4.0, 12.0, 14.0, 14.0 ], "autoUv": false }
			},
			"children": [
				{
					"name": "Cube2",
					"from": [ -2.7, 0.02, 0.0 ], 
					"to": [ 0.3, 0.82, 0.8 ], 
					"rotationOrigin": [ 0.0, 0.0, 0.0 ],
					"rotationY": -22.5,
					"faces": {
						"north": { "texture": "#commonhackberry", "uv": [ 6.0, 14.0, 12.0, 12.0 ], "autoUv": false },
						"east": { "texture": "#commonhackberry", "uv": [ 8.0, 13.0, 10.0, 15.0 ], "autoUv": false },
						"south": { "texture": "#commonhackberry", "uv": [ 6.0, 13.0, 12.0, 15.0 ], "autoUv": false },
						"west": { "texture": "#commonhackberry", "uv": [ 7.0, 13.0, 9.0, 15.0 ], "autoUv": false },
						"up": { "texture": "#commonhackberry", "uv": [ 5.0, 12.0, 11.0, 14.0 ], "autoUv": false },
						"down": { "texture": "#commonhackberry", "uv": [ 7.0, 13.0, 13.0, 15.0 ], "autoUv": false }
					}
				},
				{
					"name": "Cube3",
					"from": [ -4.9, 0.0, -0.8 ], 
					"to": [ -1.9, 0.8, 0.0 ], 
					"rotationOrigin": [ -2.0, 0.0, -1.0 ],
					"rotationY": -50.0,
					"faces": {
						"north": { "texture": "#commonhackberry", "uv": [ 6.0, 14.0, 12.0, 16.0 ], "autoUv": false },
						"east": { "texture": "#commonhackberry", "uv": [ 10.0, 14.0, 12.0, 16.0 ], "autoUv": false },
						"south": { "texture": "#commonhackberry", "uv": [ 7.0, 13.0, 13.0, 15.0 ], "autoUv": false },
						"west": { "texture": "#commonhackberry", "uv": [ 5.0, 13.0, 7.0, 15.0 ], "autoUv": false },
						"up": { "texture": "#commonhackberry", "uv": [ 6.0, 14.0, 12.0, 16.0 ], "autoUv": false },
						"down": { "texture": "#commonhackberry", "uv": [ 4.0, 12.0, 10.0, 14.0 ], "autoUv": false }
					},
					"children": [
						{
							"name": "Cube14",
							"from": [ -5.5, -1.3, 0.3 ], 
							"to": [ 0.0, 1.7, 0.3 ], 
							"rotationOrigin": [ 0.5, 0.0, 0.0 ],
							"rotationX": -80.0,
							"rotationY": 22.5,
							"rotationZ": 45.0,
							"faces": {
								"north": { "texture": "#commonhackberry", "uv": [ 0.0, 0.0, 5.0, 3.0 ], "enabled": false },
								"east": { "texture": "#commonhackberry", "uv": [ 0.0, 0.0, 1.0, 3.0 ], "enabled": false },
								"south": { "texture": "#commonhackberry", "uv": [ 9.0, 1.0, 15.0, 12.0 ], "rotation": 270, "autoUv": false },
								"west": { "texture": "#commonhackberry", "uv": [ 0.0, 0.0, 1.0, 3.0 ], "enabled": false },
								"up": { "texture": "#commonhackberry", "uv": [ 0.0, 0.0, 5.0, 1.0 ], "enabled": false },
								"down": { "texture": "#commonhackberry", "uv": [ 0.0, 0.0, 5.0, 1.0 ], "enabled": false }
							}
						}
					]
				},
				{
					"name": "Cube4",
					"from": [ 1.0, 0.2, 0.7 ], 
					"to": [ 1.5, 0.7, 2.7 ], 
					"rotationOrigin": [ 1.0, 0.0, 0.0 ],
					"rotationY": -6.0,
					"faces": {
						"north": { "texture": "#commonhackberry", "uv": [ 4.0, 13.0, 7.0, 14.0 ], "autoUv": false },
						"east": { "texture": "#commonhackberry", "uv": [ 6.0, 14.0, 10.0, 15.0 ], "autoUv": false },
						"south": { "texture": "#commonhackberry", "uv": [ 5.0, 13.0, 6.0, 14.0 ] },
						"west": { "texture": "#commonhackberry", "uv": [ 9.0, 14.0, 13.0, 15.0 ], "autoUv": false },
						"up": { "texture": "#commonhackberry", "uv": [ 5.0, 12.0, 9.0, 13.0 ], "rotation": 90, "autoUv": false },
						"down": { "texture": "#commonhackberry", "uv": [ 5.0, 13.0, 9.0, 14.0 ], "rotation": 90, "autoUv": false }
					},
					"children": [
						{
							"name": "Cube9",
							"from": [ -0.8, -0.8, 2.0 ], 
							"to": [ 1.2, 1.2, 4.0 ], 
							"rotationOrigin": [ 0.0, 0.0, 2.0 ],
							"rotationY": 22.5,
							"rotationZ": 22.5,
							"faces": {
								"north": { "texture": "#commonhackberry", "uv": [ 0.0, 0.0, 4.0, 4.0 ], "autoUv": false },
								"east": { "texture": "#commonhackberry", "uv": [ 0.0, 0.0, 4.0, 4.0 ], "autoUv": false },
								"south": { "texture": "#commonhackberry", "uv": [ 0.0, 4.0, 4.0, 8.0 ], "autoUv": false },
								"west": { "texture": "#commonhackberry", "uv": [ 0.0, 0.0, 4.0, 4.0 ], "autoUv": false },
								"up": { "texture": "#commonhackberry", "uv": [ 0.0, 0.0, 4.0, 4.0 ], "autoUv": false },
								"down": { "texture": "#commonhackberry", "uv": [ 0.0, 0.0, 4.0, 4.0 ], "autoUv": false }
							}
						}
					]
				},
				{
					"name": "Cube5",
					"from": [ -0.5, 0.3, 0.3 ], 
					"to": [ 0.0, 0.8, 2.8 ], 
					"rotationOrigin": [ -1.0, 0.0, 0.0 ],
					"rotationX": 22.5,
					"rotationY": -17.0,
					"faces": {
						"north": { "texture": "#commonhackberry", "uv": [ 4.0, 13.0, 5.0, 14.0 ] },
						"east": { "texture": "#commonhackberry", "uv": [ 5.0, 12.0, 10.0, 13.0 ], "autoUv": false },
						"south": { "texture": "#commonhackberry", "uv": [ 4.0, 13.0, 5.0, 14.0 ] },
						"west": { "texture": "#commonhackberry", "uv": [ 7.0, 15.0, 12.0, 16.0 ], "autoUv": false },
						"up": { "texture": "#commonhackberry", "uv": [ 4.0, 12.0, 9.0, 13.0 ], "rotation": 90, "autoUv": false },
						"down": { "texture": "#commonhackberry", "uv": [ 4.0, 12.0, 9.0, 13.0 ], "rotation": 90, "autoUv": false }
					},
					"children": [
						{
							"name": "Cube10",
							"from": [ -0.5, -0.8, 2.0 ], 
							"to": [ 1.5, 1.2, 4.0 ], 
							"rotationOrigin": [ 0.0, 0.0, 2.0 ],
							"rotationZ": 22.5,
							"faces": {
								"north": { "texture": "#commonhackberry", "uv": [ 0.0, 0.0, 4.0, 4.0 ], "autoUv": false },
								"east": { "texture": "#commonhackberry", "uv": [ 0.0, 0.0, 4.0, 4.0 ], "autoUv": false },
								"south": { "texture": "#commonhackberry", "uv": [ 0.0, 4.0, 4.0, 8.0 ], "autoUv": false },
								"west": { "texture": "#commonhackberry", "uv": [ 0.0, 0.0, 4.0, 4.0 ], "autoUv": false },
								"up": { "texture": "#commonhackberry", "uv": [ 0.0, 0.0, 4.0, 4.0 ], "autoUv": false },
								"down": { "texture": "#commonhackberry", "uv": [ 0.0, 0.0, 4.0, 4.0 ], "autoUv": false }
							}
						}
					]
				},
				{
					"name": "Cube6",
					"from": [ -2.0, 0.0, -0.2 ], 
					"to": [ -1.5, 0.5, 4.8 ], 
					"rotationOrigin": [ -2.0, 0.0, 0.0 ],
					"rotationX": 8.0,
					"rotationY": -45.0,
					"rotationZ": 22.5,
					"faces": {
						"north": { "texture": "#commonhackberry", "uv": [ 2.0, 12.0, 3.0, 13.0 ] },
						"east": { "texture": "#commonhackberry", "uv": [ 2.0, 13.0, 12.0, 14.0 ], "autoUv": false },
						"south": { "texture": "#commonhackberry", "uv": [ 3.0, 13.0, 4.0, 14.0 ] },
						"west": { "texture": "#commonhackberry", "uv": [ 3.0, 14.0, 13.0, 15.0 ], "autoUv": false },
						"up": { "texture": "#commonhackberry", "uv": [ 2.0, 12.0, 12.0, 13.0 ], "rotation": 90, "autoUv": false },
						"down": { "texture": "#commonhackberry", "uv": [ 2.0, 13.0, 12.0, 14.0 ], "rotation": 90, "autoUv": false }
					},
					"children": [
						{
							"name": "Cube11",
							"from": [ -1.2, -0.8, 4.8 ], 
							"to": [ 0.8, 1.2, 6.8 ], 
							"rotationOrigin": [ 0.0, 0.0, 5.0 ],
							"rotationY": -22.5,
							"rotationZ": -67.5,
							"faces": {
								"north": { "texture": "#commonhackberry", "uv": [ 0.0, 0.0, 4.0, 4.0 ], "autoUv": false },
								"east": { "texture": "#commonhackberry", "uv": [ 0.0, 0.0, 4.0, 4.0 ], "autoUv": false },
								"south": { "texture": "#commonhackberry", "uv": [ 0.0, 4.0, 4.0, 8.0 ], "autoUv": false },
								"west": { "texture": "#commonhackberry", "uv": [ 0.0, 0.0, 4.0, 4.0 ], "autoUv": false },
								"up": { "texture": "#commonhackberry", "uv": [ 0.0, 0.0, 4.0, 4.0 ], "autoUv": false },
								"down": { "texture": "#commonhackberry", "uv": [ 0.0, 0.0, 4.0, 4.0 ], "autoUv": false }
							}
						}
					]
				},
				{
					"name": "Cube7",
					"from": [ -3.0, 0.0, -0.9 ], 
					"to": [ -2.5, 0.5, 3.1 ], 
					"rotationOrigin": [ -3.0, 0.0, -1.0 ],
					"rotationX": -22.5,
					"rotationY": -73.0,
					"faces": {
						"north": { "texture": "#commonhackberry", "uv": [ 2.0, 12.0, 3.0, 13.0 ] },
						"east": { "texture": "#commonhackberry", "uv": [ 4.0, 14.0, 12.0, 15.0 ], "autoUv": false },
						"south": { "texture": "#commonhackberry", "uv": [ 5.0, 13.0, 6.0, 14.0 ] },
						"west": { "texture": "#commonhackberry", "uv": [ 3.0, 12.0, 11.0, 13.0 ], "autoUv": false },
						"up": { "texture": "#commonhackberry", "uv": [ 4.0, 15.0, 12.0, 16.0 ], "rotation": 90, "autoUv": false },
						"down": { "texture": "#commonhackberry", "uv": [ 4.0, 14.0, 12.0, 15.0 ], "rotation": 90, "autoUv": false }
					},
					"children": [
						{
							"name": "Cube12",
							"from": [ -0.8, -0.8, 3.8 ], 
							"to": [ 1.2, 1.2, 5.8 ], 
							"rotationOrigin": [ 0.0, 0.0, 4.0 ],
							"rotationX": 22.5,
							"rotationZ": 22.5,
							"faces": {
								"north": { "texture": "#commonhackberry", "uv": [ 0.0, 0.0, 4.0, 4.0 ], "autoUv": false },
								"east": { "texture": "#commonhackberry", "uv": [ 0.0, 0.0, 4.0, 4.0 ], "autoUv": false },
								"south": { "texture": "#commonhackberry", "uv": [ 0.0, 4.0, 4.0, 8.0 ], "autoUv": false },
								"west": { "texture": "#commonhackberry", "uv": [ 0.0, 0.0, 4.0, 4.0 ], "autoUv": false },
								"up": { "texture": "#commonhackberry", "uv": [ 0.0, 0.0, 4.0, 4.0 ], "autoUv": false },
								"down": { "texture": "#commonhackberry", "uv": [ 0.0, 0.0, 4.0, 4.0 ], "autoUv": false }
							}
						}
					]
				},
				{
					"name": "Cube8",
					"from": [ -4.1, -0.2, 2.1 ], 
					"to": [ -3.6, 0.3, 4.1 ], 
					"rotationOrigin": [ -4.0, 0.0, 2.0 ],
					"rotationY": 16.0,
					"rotationZ": 30.0,
					"faces": {
						"north": { "texture": "#commonhackberry", "uv": [ 5.0, 13.0, 6.0, 14.0 ] },
						"east": { "texture": "#commonhackberry", "uv": [ 5.0, 13.0, 9.0, 14.0 ], "autoUv": false },
						"south": { "texture": "#commonhackberry", "uv": [ 6.0, 13.0, 7.0, 14.0 ] },
						"west": { "texture": "#commonhackberry", "uv": [ 5.0, 12.0, 9.0, 13.0 ], "autoUv": false },
						"up": { "texture": "#commonhackberry", "uv": [ 6.0, 15.0, 10.0, 16.0 ], "rotation": 90, "autoUv": false },
						"down": { "texture": "#commonhackberry", "uv": [ 4.0, 13.0, 8.0, 14.0 ], "rotation": 90, "autoUv": false }
					},
					"children": [
						{
							"name": "Cube13",
							"from": [ -0.8, -0.8, 1.8 ], 
							"to": [ 1.2, 1.2, 3.8 ], 
							"rotationOrigin": [ 0.0, 0.0, 2.0 ],
							"rotationX": -22.5,
							"rotationY": -22.5,
							"faces": {
								"north": { "texture": "#commonhackberry", "uv": [ 0.0, 0.0, 4.0, 4.0 ], "autoUv": false },
								"east": { "texture": "#commonhackberry", "uv": [ 0.0, 0.0, 4.0, 4.0 ], "autoUv": false },
								"south": { "texture": "#commonhackberry", "uv": [ 0.0, 4.0, 4.0, 8.0 ], "autoUv": false },
								"west": { "texture": "#commonhackberry", "uv": [ 0.0, 0.0, 4.0, 4.0 ], "autoUv": false },
								"up": { "texture": "#commonhackberry", "uv": [ 0.0, 0.0, 4.0, 4.0 ], "autoUv": false },
								"down": { "texture": "#commonhackberry", "uv": [ 0.0, 0.0, 4.0, 4.0 ], "autoUv": false }
							}
						}
					]
				}
			]
		}
	]}