{
	"editor": {
		"allAngles": false,
		"entityTextureMode": false
	},
	"textureWidth": 16,
	"textureHeight": 16,
	"textureSizes": {
	},
	"textures": {
		"pomelo": "pomelo"
	},
	"elements": [
		{
			"name": "Cube1",
			"from": [ 6.0, 0.0, 6.0 ], 
			"to": [ 10.0, 2.0, 10.0 ], 
			"rotationOrigin": [ 8.0, 0.0, 8.0 ],
			"faces": {
				"north": { "texture": "#pomelo", "uv": [ 0.0, 9.0, 8.0, 13.0 ], "autoUv": false },
				"east": { "texture": "#pomelo", "uv": [ 0.0, 9.0, 8.0, 13.0 ], "autoUv": false },
				"south": { "texture": "#pomelo", "uv": [ 0.0, 9.0, 8.0, 13.0 ], "autoUv": false },
				"west": { "texture": "#pomelo", "uv": [ 0.0, 9.0, 8.0, 13.0 ], "autoUv": false },
				"up": { "texture": "#pomelo", "uv": [ 0.0, 0.0, 8.0, 8.0 ], "autoUv": false },
				"down": { "texture": "#pomelo", "uv": [ 0.0, 0.0, 8.0, 8.0 ], "autoUv": false }
			},
			"children": [
				{
					"name": "Cube2",
					"from": [ 0.25, 2.0, 0.25 ], 
					"to": [ 3.75, 4.0, 3.75 ], 
					"rotationOrigin": [ 2.0, 2.0, 2.0 ],
					"faces": {
						"north": { "texture": "#pomelo", "uv": [ 9.0, 8.0, 16.0, 12.0 ], "autoUv": false },
						"east": { "texture": "#pomelo", "uv": [ 9.0, 8.0, 16.0, 12.0 ], "autoUv": false },
						"south": { "texture": "#pomelo", "uv": [ 9.0, 8.0, 16.0, 12.0 ], "autoUv": false },
						"west": { "texture": "#pomelo", "uv": [ 9.0, 8.0, 16.0, 12.0 ], "autoUv": false },
						"up": { "texture": "#pomelo", "uv": [ 9.0, 0.0, 16.0, 7.0 ], "autoUv": false },
						"down": { "texture": "#pomelo", "uv": [ 9.0, 0.0, 17.0, 8.0 ], "enabled": false, "autoUv": false }
					},
					"children": [
						{
							"name": "Cube3",
							"from": [ 1.0, 1.7, 1.7 ], 
							"to": [ 2.5, 5.2, 1.7 ], 
							"rotationOrigin": [ 1.75, 1.7, 1.7 ],
							"rotationX": 16.0,
							"faces": {
								"north": { "texture": "#pomelo", "uv": [ 9.0, 13.0, 16.0, 16.0 ], "rotation": 90, "autoUv": false },
								"east": { "texture": "#pomelo", "uv": [ 0.0, 0.0, 1.0, 3.0 ], "enabled": false },
								"south": { "texture": "#pomelo", "uv": [ 0.0, 0.0, 1.0, 3.0 ], "enabled": false },
								"west": { "texture": "#pomelo", "uv": [ 0.0, 0.0, 1.0, 3.0 ], "enabled": false },
								"up": { "texture": "#pomelo", "uv": [ 0.0, 0.0, 1.0, 1.0 ], "enabled": false },
								"down": { "texture": "#pomelo", "uv": [ 0.0, 0.0, 1.0, 1.0 ], "enabled": false }
							}
						}
					]
				}
			]
		}
	]}