{
	code: "herbalbread",
  	classByType: {
		"*-dough": "ExpandedDough",
		"*": "ExpandedFood",
	},
	maxstacksize: 32,
	variantgroups: [
		{code: "state", states: ["dough", "partbaked", "cooked", "charred", "syruppartbaked", "syrup", "syrupcharred"]}
	],
	attributes: {
		displaycaseable: true,
		shelvable: true,
		inPiePropertiesByType: {
			"*-dough": { texture: "game:block/food/pie/herbalrice{bakeLevel}", partType: 'Crust'  },
		},
		expandedNutritionProps: {
      		"game:milkportion" : { saturation: 1.5, foodcategory: "Dairy" },
			"expandedfoods:lard": { saturation: 16, "health":  0.1, foodcategory: "Protein"},
			"expandedfoods:pasteurizedmilk": { saturation: 1.15, "health":  0.1, foodcategory: "Dairy"},
			"expandedfoods:brothportion-bone": { saturation: 1, "health": 0.1, foodcategory: "Protein"},
			"expandedfoods:soymilk-edible": { saturation: 1.125, "health": 0.1, foodcategory: "Dairy"},
      		"game:flour-rice" : { saturation: 170, foodcategory: "Grain" },
      		"game:flour-rye" : { saturation: 140, foodcategory: "Grain" },
      		"game:flour-spelt" : { saturation: 140, foodcategory: "Grain" },
      		"game:flour-cassava" : { saturation: 140, foodcategory: "Grain" },
      		"game:flour-amaranth" : { saturation: 140, foodcategory: "Grain" },
      		"game:flour-sunflower" : { saturation: 140, foodcategory: "Grain" },
      		"game:flour-birch" : { saturation: 140, foodcategory: "Grain" },
      		"game:flour-pine" : { saturation: 140, foodcategory: "Grain" },
      		"game:honeyportion" : { saturation: 4, foodcategory: "Fruit" },
      		"expandedfoods:fruitsyrupportion-saguaro" : { saturation: 12, "health": 0.2, foodcategory: "Fruit" }, 
      		"expandedfoods:fruitsyrupportion-*" : { saturation: 12, "health": 0.1, foodcategory: "Fruit" },
      		"expandedfoods:wildfruitsyrupportion-*" : { saturation: 12, "health": 0.1, foodcategory: "Fruit" },
      		"expandedfoods:treesyrupportion-*" : { saturation: 9.6, "health": 0.1, foodcategory: "Fruit" }, 
		},
    	renderIngredientsByType: {
			"*-partbaked": {
      			"game:flour-flax" : "expandedfoods:shapes/item/food/bread/berrybread/flax-partbaked.json",
        		"game:flour-rye" : "expandedfoods:shapes/item/food/bread/berrybread/rye-partbaked.json",
        		"game:flour-spelt" : "expandedfoods:shapes/item/food/bread/berrybread/spelt-partbaked.json",
        		"game:flour-rice" : "expandedfoods:shapes/item/food/bread/berrybread/rice-partbaked.json",
        		"game:flour-cassava" : "expandedfoods:shapes/item/food/bread/berrybread/cassava-partbaked.json",
        		"game:flour-amaranth" : "expandedfoods:shapes/item/food/bread/berrybread/amaranth-partbaked.json",
        		"game:flour-sunflower" : "expandedfoods:shapes/item/food/bread/berrybread/sunflower-partbaked.json",
        		"game:flour-birch" : "expandedfoods:shapes/item/food/bread/berrybread/birch-partbaked.json",
        		"game:flour-pine" : "expandedfoods:shapes/item/food/bread/berrybread/pine-partbaked.json",
			},
			"*-cooked": {
        		"game:flour-flax" : "expandedfoods:shapes/item/food/bread/berrybread/flax-bread.json",
        		"game:flour-rye" : "expandedfoods:shapes/item/food/bread/berrybread/rye-bread.json",
        		"game:flour-spelt" : "expandedfoods:shapes/item/food/bread/berrybread/spelt-bread.json",
        		"game:flour-rice" : "expandedfoods:shapes/item/food/bread/berrybread/rice-bread.json",
        		"game:flour-cassava" : "expandedfoods:shapes/item/food/bread/berrybread/cassava-bread.json",
        		"game:flour-amaranth" : "expandedfoods:shapes/item/food/bread/berrybread/amaranth-bread.json",
        		"game:flour-sunflower" : "expandedfoods:shapes/item/food/bread/berrybread/sunflower-bread.json",
        		"game:flour-birch" : "expandedfoods:shapes/item/food/bread/berrybread/birch-bread.json",
        		"game:flour-pine" : "expandedfoods:shapes/item/food/bread/berrybread/pine-bread.json",
			},
			"*-charred": {
        		"game:flour-flax" : "expandedfoods:shapes/item/food/bread/berrybread/flax-charred.json",
        		"game:flour-rye" : "expandedfoods:shapes/item/food/bread/berrybread/rye-charred.json",
        		"game:flour-spelt" : "expandedfoods:shapes/item/food/bread/berrybread/spelt-charred.json",
        		"game:flour-rice" : "expandedfoods:shapes/item/food/bread/berrybread/rice-charred.json",
        		"game:flour-cassava" : "expandedfoods:shapes/item/food/bread/berrybread/cassava-charred.json",
        		"game:flour-amaranth" : "expandedfoods:shapes/item/food/bread/berrybread/amaranth-charred.json",
        		"game:flour-sunflower" : "expandedfoods:shapes/item/food/bread/berrybread/sunflower-charred.json",
        		"game:flour-birch" : "expandedfoods:shapes/item/food/bread/berrybread/birch-charred.json",
        		"game:flour-pine" : "expandedfoods:shapes/item/food/bread/berrybread/pine-charred.json",
			},
			"*-dough": {
      			"game:flour-flax" : "expandedfoods:shapes/item/food/bread/berrybread/flax-dough.json",
				"game:flour-rye" : "expandedfoods:shapes/item/food/bread/berrybread/rye-dough.json",
				"game:flour-spelt" : "expandedfoods:shapes/item/food/bread/berrybread/spelt-dough.json",
				"game:flour-rice" : "expandedfoods:shapes/item/food/bread/berrybread/rice-dough.json",
				"game:flour-cassava" : "expandedfoods:shapes/item/food/bread/berrybread/cassava-dough.json",
				"game:flour-amaranth" : "expandedfoods:shapes/item/food/bread/berrybread/amaranth-dough.json",
				"game:flour-sunflower" : "expandedfoods:shapes/item/food/bread/berrybread/sunflower-dough.json",
        		"game:flour-birch" : "expandedfoods:shapes/item/food/bread/berrybread/birch-dough.json",
        		"game:flour-pine" : "expandedfoods:shapes/item/food/bread/berrybread/pine-dough.json",
			},
			"*-syruppartbaked": {
      			"game:flour-flax" : "expandedfoods:shapes/item/food/bread/berrybread/flax-partbaked.json",
        		"game:flour-rye" : "expandedfoods:shapes/item/food/bread/berrybread/rye-partbaked.json",
        		"game:flour-spelt" : "expandedfoods:shapes/item/food/bread/berrybread/spelt-partbaked.json",
        		"game:flour-rice" : "expandedfoods:shapes/item/food/bread/berrybread/rice-partbaked.json",
        		"game:flour-cassava" : "expandedfoods:shapes/item/food/bread/berrybread/cassava-partbaked.json",
        		"game:flour-amaranth" : "expandedfoods:shapes/item/food/bread/berrybread/amaranth-partbaked.json",
        		"game:flour-sunflower" : "expandedfoods:shapes/item/food/bread/berrybread/sunflower-partbaked.json",
        		"game:flour-birch" : "expandedfoods:shapes/item/food/bread/berrybread/birch-partbaked.json",
        		"game:flour-pine" : "expandedfoods:shapes/item/food/bread/berrybread/pine-partbaked.json",
				"expandedfoods:peanutliquid-paste": "expandedfoods:shapes/item/food/bread/overlays/syrup/breadpeanutbutter.json",
				"expandedfoods:fruitsyrupportion-blueberry": "expandedfoods:shapes/item/food/bread/overlays/syrup/breadblueberrysyrup.json",
      			"expandedfoods:fruitsyrupportion-cranberry": "expandedfoods:shapes/item/food/bread/overlays/syrup/breadcranberrysyrup.json",
      			"expandedfoods:fruitsyrupportion-redcurrant": "expandedfoods:shapes/item/food/bread/overlays/syrup/breadredcurrantsyrup.json",
      			"expandedfoods:fruitsyrupportion-blackcurrant": "expandedfoods:shapes/item/food/bread/overlays/syrup/breadblackcurrantsyrup.json",
      			"expandedfoods:fruitsyrupportion-whitecurrant": "expandedfoods:shapes/item/food/bread/overlays/syrup/breadwhitecurrantsyrup.json",
      			"expandedfoods:fruitsyrupportion-pineapple": "expandedfoods:shapes/item/food/bread/overlays/syrup/breadpineapplesyrup.json",
      			"expandedfoods:fruitsyrupportion-saguaro": "expandedfoods:shapes/item/food/bread/overlays/syrup/breadsaguarosyrup.json",
      			"expandedfoods:fruitsyrupportion-apple": "expandedfoods:shapes/item/food/bread/overlays/syrup/breadapplesyrup.json",
      			"expandedfoods:fruitsyrupportion-cherry": "expandedfoods:shapes/item/food/bread/overlays/syrup/breadcherrysyrup.json",
      			"expandedfoods:fruitsyrupportion-peach": "expandedfoods:shapes/item/food/bread/overlays/syrup/breadpeachsyrup.json",
      			"expandedfoods:fruitsyrupportion-pear": "expandedfoods:shapes/item/food/bread/overlays/syrup/breadpearsyrup.json",
      			"expandedfoods:fruitsyrupportion-orange": "expandedfoods:shapes/item/food/bread/overlays/syrup/breadorangesyrup.json",
      			"expandedfoods:fruitsyrupportion-mango": "expandedfoods:shapes/item/food/bread/overlays/syrup/breadmangosyrup.json",
      			"expandedfoods:fruitsyrupportion-breadfruit": "expandedfoods:shapes/item/food/bread/overlays/syrup/breadbreadfruitsyrup.json",
      			"expandedfoods:fruitsyrupportion-lychee": "expandedfoods:shapes/item/food/bread/overlays/syrup/breadlycheesyrup.json",
      			"expandedfoods:fruitsyrupportion-pomegranate": "expandedfoods:shapes/item/food/bread/overlays/syrup/breadpomegranatesyrup.json",
				"expandedfoods:treesyrupportion-birch": "expandedfoods:shapes/item/food/bread/overlays/syrup/breadbirchsyrup.json",
				"expandedfoods:treesyrupportion-maple": "expandedfoods:shapes/item/food/bread/overlays/syrup/breadmaplesyrup.json",
				"game:honeyportion": "expandedfoods:shapes/item/food/bread/overlays/syrup/breadhoney.json",
      			"expandedfoods:wildfruitsyrupportion-huckleberry": "expandedfoods:shapes/item/food/bread/overlays/syrup/breadhuckleberrysyrup.json",
      			"expandedfoods:wildfruitsyrupportion-snowberry": "expandedfoods:shapes/item/food/bread/overlays/syrup/breadsnowberrysyrup.json",
      			"expandedfoods:wildfruitsyrupportion-brambleberry": "expandedfoods:shapes/item/food/bread/overlays/syrup/breadbrambleberrysyrup.json",
      			"expandedfoods:wildfruitsyrupportion-cloudberry": "expandedfoods:shapes/item/food/bread/overlays/syrup/breadcloudberrysyrup.json",
      			"expandedfoods:wildfruitsyrupportion-dogrose": "expandedfoods:shapes/item/food/bread/overlays/syrup/breaddogrosesyrup.json",
      			"expandedfoods:wildfruitsyrupportion-gooseberry": "expandedfoods:shapes/item/food/bread/overlays/syrup/breadgooseberrysyrup.json",
      			"expandedfoods:wildfruitsyrupportion-honeysuckle": "expandedfoods:shapes/item/food/bread/overlays/syrup/breadhoneysucklesyrup.json",
      			"expandedfoods:wildfruitsyrupportion-strawberry": "expandedfoods:shapes/item/food/bread/overlays/syrup/breadstrawberrysyrup.json",
      			"expandedfoods:wildfruitsyrupportion-raspberry": "expandedfoods:shapes/item/food/bread/overlays/syrup/breadraspberrysyrup.json",
      			"expandedfoods:wildfruitsyrupportion-elderberry": "expandedfoods:shapes/item/food/bread/overlays/syrup/breadelderberrysyrup.json",
			},
			"*-syrup": {
        		"game:flour-flax" : "expandedfoods:shapes/item/food/bread/berrybread/flax-bread.json",
        		"game:flour-rye" : "expandedfoods:shapes/item/food/bread/berrybread/rye-bread.json",
        		"game:flour-spelt" : "expandedfoods:shapes/item/food/bread/berrybread/spelt-bread.json",
        		"game:flour-rice" : "expandedfoods:shapes/item/food/bread/berrybread/rice-bread.json",
        		"game:flour-cassava" : "expandedfoods:shapes/item/food/bread/berrybread/cassava-bread.json",
        		"game:flour-amaranth" : "expandedfoods:shapes/item/food/bread/berrybread/amaranth-bread.json",
        		"game:flour-sunflower" : "expandedfoods:shapes/item/food/bread/berrybread/sunflower-bread.json",
        		"game:flour-birch" : "expandedfoods:shapes/item/food/bread/berrybread/birch-bread.json",
        		"game:flour-pine" : "expandedfoods:shapes/item/food/bread/berrybread/pine-bread.json",
				"expandedfoods:peanutliquid-paste": "expandedfoods:shapes/item/food/bread/overlays/syrup/breadpeanutbutter.json",
				"expandedfoods:fruitsyrupportion-blueberry": "expandedfoods:shapes/item/food/bread/overlays/syrup/breadblueberrysyrup.json",
      			"expandedfoods:fruitsyrupportion-cranberry": "expandedfoods:shapes/item/food/bread/overlays/syrup/breadcranberrysyrup.json",
      			"expandedfoods:fruitsyrupportion-redcurrant": "expandedfoods:shapes/item/food/bread/overlays/syrup/breadredcurrantsyrup.json",
      			"expandedfoods:fruitsyrupportion-blackcurrant": "expandedfoods:shapes/item/food/bread/overlays/syrup/breadblackcurrantsyrup.json",
      			"expandedfoods:fruitsyrupportion-whitecurrant": "expandedfoods:shapes/item/food/bread/overlays/syrup/breadwhitecurrantsyrup.json",
      			"expandedfoods:fruitsyrupportion-pineapple": "expandedfoods:shapes/item/food/bread/overlays/syrup/breadpineapplesyrup.json",
      			"expandedfoods:fruitsyrupportion-saguaro": "expandedfoods:shapes/item/food/bread/overlays/syrup/breadsaguarosyrup.json",
      			"expandedfoods:fruitsyrupportion-apple": "expandedfoods:shapes/item/food/bread/overlays/syrup/breadapplesyrup.json",
      			"expandedfoods:fruitsyrupportion-cherry": "expandedfoods:shapes/item/food/bread/overlays/syrup/breadcherrysyrup.json",
      			"expandedfoods:fruitsyrupportion-peach": "expandedfoods:shapes/item/food/bread/overlays/syrup/breadpeachsyrup.json",
      			"expandedfoods:fruitsyrupportion-pear": "expandedfoods:shapes/item/food/bread/overlays/syrup/breadpearsyrup.json",
      			"expandedfoods:fruitsyrupportion-orange": "expandedfoods:shapes/item/food/bread/overlays/syrup/breadorangesyrup.json",
      			"expandedfoods:fruitsyrupportion-mango": "expandedfoods:shapes/item/food/bread/overlays/syrup/breadmangosyrup.json",
      			"expandedfoods:fruitsyrupportion-breadfruit": "expandedfoods:shapes/item/food/bread/overlays/syrup/breadbreadfruitsyrup.json",
      			"expandedfoods:fruitsyrupportion-lychee": "expandedfoods:shapes/item/food/bread/overlays/syrup/breadlycheesyrup.json",
      			"expandedfoods:fruitsyrupportion-pomegranate": "expandedfoods:shapes/item/food/bread/overlays/syrup/breadpomegranatesyrup.json",
				"expandedfoods:treesyrupportion-birch": "expandedfoods:shapes/item/food/bread/overlays/syrup/breadbirchsyrup.json",
				"expandedfoods:treesyrupportion-maple": "expandedfoods:shapes/item/food/bread/overlays/syrup/breadmaplesyrup.json",
				"game:honeyportion": "expandedfoods:shapes/item/food/bread/overlays/syrup/breadhoney.json",
      			"expandedfoods:wildfruitsyrupportion-huckleberry": "expandedfoods:shapes/item/food/bread/overlays/syrup/breadhuckleberrysyrup.json",
      			"expandedfoods:wildfruitsyrupportion-snowberry": "expandedfoods:shapes/item/food/bread/overlays/syrup/breadsnowberrysyrup.json",
      			"expandedfoods:wildfruitsyrupportion-brambleberry": "expandedfoods:shapes/item/food/bread/overlays/syrup/breadbrambleberrysyrup.json",
      			"expandedfoods:wildfruitsyrupportion-cloudberry": "expandedfoods:shapes/item/food/bread/overlays/syrup/breadcloudberrysyrup.json",
      			"expandedfoods:wildfruitsyrupportion-dogrose": "expandedfoods:shapes/item/food/bread/overlays/syrup/breaddogrosesyrup.json",
      			"expandedfoods:wildfruitsyrupportion-gooseberry": "expandedfoods:shapes/item/food/bread/overlays/syrup/breadgooseberrysyrup.json",
      			"expandedfoods:wildfruitsyrupportion-honeysuckle": "expandedfoods:shapes/item/food/bread/overlays/syrup/breadhoneysucklesyrup.json",
      			"expandedfoods:wildfruitsyrupportion-strawberry": "expandedfoods:shapes/item/food/bread/overlays/syrup/breadstrawberrysyrup.json",
      			"expandedfoods:wildfruitsyrupportion-raspberry": "expandedfoods:shapes/item/food/bread/overlays/syrup/breadraspberrysyrup.json",
      			"expandedfoods:wildfruitsyrupportion-elderberry": "expandedfoods:shapes/item/food/bread/overlays/syrup/breadelderberrysyrup.json",
			},
			"*-syrupcharred": {
        		"game:flour-flax" : "expandedfoods:shapes/item/food/bread/berrybread/flax-charred.json",
        		"game:flour-rye" : "expandedfoods:shapes/item/food/bread/berrybread/rye-charred.json",
        		"game:flour-spelt" : "expandedfoods:shapes/item/food/bread/berrybread/spelt-charred.json",
        		"game:flour-rice" : "expandedfoods:shapes/item/food/bread/berrybread/rice-charred.json",
        		"game:flour-cassava" : "expandedfoods:shapes/item/food/bread/berrybread/cassava-charred.json",
        		"game:flour-amaranth" : "expandedfoods:shapes/item/food/bread/berrybread/amaranth-charred.json",
        		"game:flour-sunflower" : "expandedfoods:shapes/item/food/bread/berrybread/sunflower-charred.json",
        		"game:flour-birch" : "expandedfoods:shapes/item/food/bread/berrybread/birch-charred.json",
        		"game:flour-pine" : "expandedfoods:shapes/item/food/bread/berrybread/pine-charred.json",
				"expandedfoods:peanutliquid-paste": "expandedfoods:shapes/item/food/bread/overlays/syrup/breadpeanutbutter.json",
				"expandedfoods:fruitsyrupportion-blueberry": "expandedfoods:shapes/item/food/bread/overlays/syrup/breadblueberrysyrup.json",
      			"expandedfoods:fruitsyrupportion-cranberry": "expandedfoods:shapes/item/food/bread/overlays/syrup/breadcranberrysyrup.json",
      			"expandedfoods:fruitsyrupportion-redcurrant": "expandedfoods:shapes/item/food/bread/overlays/syrup/breadredcurrantsyrup.json",
      			"expandedfoods:fruitsyrupportion-blackcurrant": "expandedfoods:shapes/item/food/bread/overlays/syrup/breadblackcurrantsyrup.json",
      			"expandedfoods:fruitsyrupportion-whitecurrant": "expandedfoods:shapes/item/food/bread/overlays/syrup/breadwhitecurrantsyrup.json",
      			"expandedfoods:fruitsyrupportion-pineapple": "expandedfoods:shapes/item/food/bread/overlays/syrup/breadpineapplesyrup.json",
      			"expandedfoods:fruitsyrupportion-saguaro": "expandedfoods:shapes/item/food/bread/overlays/syrup/breadsaguarosyrup.json",
      			"expandedfoods:fruitsyrupportion-apple": "expandedfoods:shapes/item/food/bread/overlays/syrup/breadapplesyrup.json",
      			"expandedfoods:fruitsyrupportion-cherry": "expandedfoods:shapes/item/food/bread/overlays/syrup/breadcherrysyrup.json",
      			"expandedfoods:fruitsyrupportion-peach": "expandedfoods:shapes/item/food/bread/overlays/syrup/breadpeachsyrup.json",
      			"expandedfoods:fruitsyrupportion-pear": "expandedfoods:shapes/item/food/bread/overlays/syrup/breadpearsyrup.json",
      			"expandedfoods:fruitsyrupportion-orange": "expandedfoods:shapes/item/food/bread/overlays/syrup/breadorangesyrup.json",
      			"expandedfoods:fruitsyrupportion-mango": "expandedfoods:shapes/item/food/bread/overlays/syrup/breadmangosyrup.json",
      			"expandedfoods:fruitsyrupportion-breadfruit": "expandedfoods:shapes/item/food/bread/overlays/syrup/breadbreadfruitsyrup.json",
      			"expandedfoods:fruitsyrupportion-lychee": "expandedfoods:shapes/item/food/bread/overlays/syrup/breadlycheesyrup.json",
      			"expandedfoods:fruitsyrupportion-pomegranate": "expandedfoods:shapes/item/food/bread/overlays/syrup/breadpomegranatesyrup.json",
				"expandedfoods:treesyrupportion-birch": "expandedfoods:shapes/item/food/bread/overlays/syrup/breadbirchsyrup.json",
				"expandedfoods:treesyrupportion-maple": "expandedfoods:shapes/item/food/bread/overlays/syrup/breadmaplesyrup.json",
				"game:honeyportion": "expandedfoods:shapes/item/food/bread/overlays/syrup/breadhoney.json",
      			"expandedfoods:wildfruitsyrupportion-huckleberry": "expandedfoods:shapes/item/food/bread/overlays/syrup/breadhuckleberrysyrup.json",
      			"expandedfoods:wildfruitsyrupportion-snowberry": "expandedfoods:shapes/item/food/bread/overlays/syrup/breadsnowberrysyrup.json",
      			"expandedfoods:wildfruitsyrupportion-brambleberry": "expandedfoods:shapes/item/food/bread/overlays/syrup/breadbrambleberrysyrup.json",
      			"expandedfoods:wildfruitsyrupportion-cloudberry": "expandedfoods:shapes/item/food/bread/overlays/syrup/breadcloudberrysyrup.json",
      			"expandedfoods:wildfruitsyrupportion-dogrose": "expandedfoods:shapes/item/food/bread/overlays/syrup/breaddogrosesyrup.json",
      			"expandedfoods:wildfruitsyrupportion-gooseberry": "expandedfoods:shapes/item/food/bread/overlays/syrup/breadgooseberrysyrup.json",
      			"expandedfoods:wildfruitsyrupportion-honeysuckle": "expandedfoods:shapes/item/food/bread/overlays/syrup/breadhoneysucklesyrup.json",
      			"expandedfoods:wildfruitsyrupportion-strawberry": "expandedfoods:shapes/item/food/bread/overlays/syrup/breadstrawberrysyrup.json",
      			"expandedfoods:wildfruitsyrupportion-raspberry": "expandedfoods:shapes/item/food/bread/overlays/syrup/breadraspberrysyrup.json",
      			"expandedfoods:wildfruitsyrupportion-elderberry": "expandedfoods:shapes/item/food/bread/overlays/syrup/breadelderberrysyrup.json",
			},
		},
		bakingPropertiesByType: {
			"*-dough": {
				temp: 160,
				levelFrom: 0.0,
				levelTo: 0.25,
				startScaleY: 0.9,
				endScaleY: 0.95,
				resultCode: "expandedfoods:herbalbread-partbaked",
			},
			"*-partbaked": {
				temp: 160,
				levelFrom: 0.25,
				levelTo: 0.5,
				startScaleY: 0.95,
				endScaleY: 1.10,
				resultCode: "expandedfoods:herbalbread-cooked",
				initialCode: "expandedfoods:herbalbread-dough",
			},
			"*-cooked": {
				temp: 160,
				levelFrom: 0.5,
				levelTo: 0.75,
				startScaleY: 1.10,
				endScaleY: 1.13,
				resultCode: "expandedfoods:herbalbread-charred",
				initialCode: "expandedfoods:herbalbread-partbaked",
			},
			"*-charred": {
				temp: 160,
				levelFrom: 0.75,
				levelTo: 1.0,
				startScaleY: 1.13,
				endScaleY: 1.10,
				initialCode: "expandedfoods:herbalbread-cooked",
			},
			"*-syruppartbaked": {
				temp: 160,
				levelFrom: 0.25,
				levelTo: 0.5,
				startScaleY: 0.95,
				endScaleY: 1.10,
				resultCode: "expandedfoods:herbalbread-syrup",
			},
			"*-syrup": {
				temp: 160,
				levelFrom: 0.5,
				levelTo: 0.75,
				startScaleY: 1.10,
				endScaleY: 1.13,
				resultCode: "expandedfoods:herbalbread-syrupcharred",
				initialCode: "expandedfoods:herbalbread-syruppartbaked",
			},
			"*-syrupcharred": {
				temp: 160,
				levelFrom: 0.75,
				levelTo: 1.0,
				startScaleY: 1.13,
				endScaleY: 1.10,
				initialCode: "expandedfoods:herbalbread-syrup",
			},
		},
		satMultByType: {
			"*-partbaked": 0.5,
			"*-cooked": 1,
			"*-charred": 0.75,
			"*-syruppartbaked": 0.5,
			"*-syrup": 1,
			"*-syrupcharred": 0.75
		},
	},
	shape: { base: "game:item/food/bread/flaxbread" },
	textures: {
		"flaxbread": { base: "item/food/grain/herbal/flaxbread" },
		"ricebread": { base: "item/food/grain/herbal/ricebread" },
		"speltbread": { base: "item/food/grain/herbal/speltbread" },
		"ryebread": { base: "item/food/grain/herbal/ryebread" },
		"cassavabread": { base: "item/food/grain/herbal/cassavabread" },
		"amaranthbread": { base: "item/food/grain/herbal/amaranthbread" },
		"sunflowerbread": { base: "item/food/grain/herbal/sunflowerbread" },
		"birchbread": { base: "item/food/grain/herbal/birchbread" },
		"pinebread": { base: "item/food/grain/herbal/pinebread" },
		"flaxbread1": { base: "item/food/grain/herbal/flaxbread1" },
		"ricebread1": { base: "item/food/grain/herbal/ricebread1" },
		"speltbread1": { base: "item/food/grain/herbal/speltbread1" },
		"ryebread1": { base: "item/food/grain/herbal/ryebread1" },
		"cassavabread1": { base: "item/food/grain/herbal/cassavabread1" },
		"amaranthbread1": { base: "item/food/grain/herbal/amaranthbread1" },
		"sunflowerbread1": { base: "item/food/grain/herbal/sunflowerbread1" },
		"birchbread1": { base: "item/food/grain/herbal/birchbread1" },
		"pinebread1": { base: "item/food/grain/herbal/pinebread1" },
		"flaxbread2": { base: "item/food/grain/herbal/flaxbread2" },
		"ricebread2": { base: "item/food/grain/herbal/ricebread2" },
		"speltbread2": { base: "item/food/grain/herbal/speltbread2" },
		"ryebread2": { base: "item/food/grain/herbal/ryebread2" },
		"cassavabread2": { base: "item/food/grain/herbal/cassavabread2" },
		"amaranthbread2": { base: "item/food/grain/herbal/amaranthbread2" },
		"sunflowerbread2": { base: "item/food/grain/herbal/sunflowerbread2" },
		"birchbread2": { base: "item/food/grain/herbal/birchbread2" },
		"pinebread2": { base: "item/food/grain/herbal/pinebread2" },
		"bread": { base: "item/food/grain/herbal/flaxbread" },
		"weaktannin": { base: "game:block/liquid/weaktannin" },
		"strongtannin": { base: "game:block/liquid/strongtannin" },
		"honey": { base: "game:block/liquid/honey" },
		"fill-apple": { base: "game:block/food/pie/fill-apple" },
		"fill-blackcurrant": { base: "game:block/food/pie/fill-blackcurrant" },
		"fill-blueberry": { base: "game:block/food/pie/fill-blueberry" },
		"fill-breadfruit": { base: "game:block/food/pie/fill-breadfruit" },
		"fill-cherry": { base: "game:block/food/pie/fill-cherry" },
		"fill-cranberry": { base: "game:block/food/pie/fill-cranberry" },
		"fill-lychee": { base: "game:block/food/pie/fill-lychee" },
		"fill-mango": { base: "game:block/food/pie/fill-mango" },
		"fill-orange": { base: "game:block/food/pie/fill-orange" },
		"fill-peach": { base: "game:block/food/pie/fill-peach" },
		"fill-pear": { base: "game:block/food/pie/fill-pear" },
		"fill-pineapple": { base: "game:block/food/pie/fill-pineapple" },
		"fill-pomegranate": { base: "game:block/food/pie/fill-pomegranate" },
		"fill-redcurrant": { base: "game:block/food/pie/fill-redcurrant" },
		"fill-saguaro": { base: "game:block/food/pie/fill-saguaro" },
		"fill-whitecurrant": { base: "game:block/food/pie/fill-whitecurrant" },
		"fill-huckleberry": { base: "wildcraft:block/food/pie/fill-huckleberry" },
		"fill-snowberry": { base: "wildcraft:block/food/pie/fill-snowberry" },
		"fill-brambleberry": { base: "wildcraft:block/food/pie/fill-brambleberry" },
		"fill-cloudberry": { base: "wildcraft:block/food/pie/fill-cloudberry" },
		"fill-dogrose": { base: "wildcraft:block/food/pie/fill-dogrose" },
		"fill-elderberry": { base: "wildcraft:block/food/pie/fill-elderberry" },
		"fill-gooseberry": { base: "wildcraft:block/food/pie/fill-gooseberry" },
		"fill-honeysuckle": { base: "wildcraft:block/food/pie/fill-honeysuckle" },
		"fill-strawberry": { base: "wildcraft:block/food/pie/fill-strawberry" },
		"fill-raspberry": { base: "wildcraft:block/food/pie/fill-raspberry" },
	},
	"grindingPropsByType": {
		"@*-(partbaked|cooked|charred)": { "grindedStack": { "type":  "item", "code": "expandedfoods:herbalbreadcrumbs", "quantity": 4 } },
	},
	creativeinventory: { "general": ["*"], "items": ["*"], "expandedfoods": ["*"] },
	nutritionPropsByType: {
		"*-partbaked": {saturation: 145, foodcategory: "Grain" },
		"*-cooked": {saturation: 160, foodcategory: "Grain" },
		"*-charred": {saturation: 130, foodcategory: "Grain" },
		"*-syruppartbaked": {saturation: 145, foodcategory: "Grain" },
		"*-syrup": {saturation: 160, foodcategory: "Grain" },
		"*-syrupcharred": {saturation: 130, foodcategory: "Grain" },
	},
	combustiblePropsByType: {
		"*-dough": {
			meltingPoint: 200,
			meltingDuration: 15,
			smeltedRatio: 1,
			smeltingType: "bake",
			smeltedStack: { type: "item", code: "expandedfoods:herbalbread-charred" },
			requiresContainer: false
		},
		"*-partbaked": {
			meltingPoint: 200,
			meltingDuration: 15,
			smeltedRatio: 1,
			smeltingType: "bake",
			smeltedStack: { type: "item", code: "expandedfoods:herbalbread-charred" },
			requiresContainer: false
		},
		"*-cooked": {
			meltingPoint: 200,
			meltingDuration: 15,
			smeltedRatio: 1,
			smeltingType: "bake",
			smeltedStack: { type: "item", code: "expandedfoods:herbalbread-charred" },
			requiresContainer: false
		},
		"*-syruppartbaked": {
			meltingPoint: 200,
			meltingDuration: 15,
			smeltedRatio: 1,
			smeltingType: "bake",
			smeltedStack: { type: "item", code: "expandedfoods:herbalbread-syrupcharred" },
			requiresContainer: false
		},
		"*-syrup": {
			meltingPoint: 200,
			meltingDuration: 15,
			smeltedRatio: 1,
			smeltingType: "bake",
			smeltedStack: { type: "item", code: "expandedfoods:herbalbread-syrupcharred" },
			requiresContainer: false
		},
	},
	transitionablePropsByType: { 
		"*-dough": [{
			type: "Perish",
			freshHours: { avg: 48 },
			transitionHours: { avg: 24 },
			transitionedStack: { type: "item", code: "game:rot" },
			transitionRatio: 1
		}],
		"*-charred": [{
			type: "Perish",
			freshHours: { avg: 864 },
			transitionHours: { avg: 72 },
			transitionedStack: { type: "item", code: "game:rot" },
			transitionRatio: 1
		}],
		"*-syrupcharred": [{
			type: "Perish",
			freshHours: { avg: 864 },
			transitionHours: { avg: 72 },
			transitionedStack: { type: "item", code: "game:rot" },
			transitionRatio: 1
		}],
		"*": [{
			type: "Perish",
			freshHours: { avg: 432 },
			transitionHours: { avg: 36 },
			transitionedStack: { type: "item", code: "game:rot" },
			transitionRatio: 1
		}],
	},
	heldTpIdleAnimationByType: {
			"*": "holdbothhands"
	},
	materialDensity: 200,
	guiTransform: {
		translation: { x: 3, y: 0, z: 0 },
		rotation: { x: -28, y: 23, z: 180 },
		origin: { x: 0.5, y: 0.07, z: 0.5 },
		scale: 5
	},
	groundTransform: {
		translation: { x: 0, y: 0, z: 0 },
		rotation: { x: 0, y: 0, z: 1 },
		origin: { x: 0.5, y: 0, z: 0.5 },
		scale: 4.5
	},
	tpHandTransform: {
		translation: { x: -0.54, y: -0.16, z: -0.4 },
		rotation: { x: 44, y: -69, z: 2 },
		origin: { x: 0.5, y: 0.13, z: 0.5 },
		scale: 1
	},
	fpHandTransform: {
		translation: { x: 0, y: 0.24, z: 0.3 },
		rotation: { x: 104, y: 0, z: 71 },
		origin: { x: 0.5, y: 0.1, z: 0.5 },
		scale: 2.5
	}
}
