{
	"enabled":  false,
	code: "herbalacornbread",
  	classByType: {
		"*-dough": "ExpandedDough",
		"*": "ExpandedFood",
	},
	maxstacksize: 32,
	variantgroups: [
		{code: "state", states: ["dough", "partbaked", "cooked", "charred", "syruppartbaked", "syrup", "syrupcharred"]}
	],
	attributes: {
		displaycaseable: true,
		shelvable: true,
		inPiePropertiesByType: {
			"*-dough": { texture: "game:block/food/pie/herbalacorn{bakeLevel}", partType: 'Crust'  },
		},
		expandedNutritionProps: {
      		"game:milkportion" : { saturation: 1.5, foodcategory: "Dairy" },
			"expandedfoods:lard": { saturation: 16, "health":  0.1, foodcategory: "Protein"},
			"expandedfoods:pasteurizedmilk": { saturation: 1.15, "health":  0.1, foodcategory: "Dairy"},
			"expandedfoods:brothportion-bone": { saturation: 1, "health": 0.1, foodcategory: "Protein"},
			"expandedfoods:soymilk-edible": { saturation: 1.125, "health": 0.1, foodcategory: "Dairy"},
      		"game:flour-rice" : { saturation: 170, foodcategory: "Grain" },
      		"game:flour-rye" : { saturation: 140, foodcategory: "Grain" },
      		"game:flour-spelt" : { saturation: 140, foodcategory: "Grain" },
      		"game:flour-cassava" : { saturation: 140, foodcategory: "Grain" },
      		"game:flour-amaranth" : { saturation: 140, foodcategory: "Grain" },
      		"game:flour-sunflower" : { saturation: 140, foodcategory: "Grain" },
      		"game:flour-birch" : { saturation: 140, foodcategory: "Grain" },
      		"game:flour-pine" : { saturation: 140, foodcategory: "Grain" },
			"aculinaryartillery:eggyolkfullportion-chicken": { saturation: 20, foodcategory: "Protein"},
			"aculinaryartillery:eggyolkfullportion-pheasant": { saturation: 28, foodcategory: "Protein"},
			"aculinaryartillery:eggyolkfullportion-goldenpheasant": { saturation: 28, foodcategory: "Protein"},
			"aculinaryartillery:eggyolkfullportion-capercaillie": { saturation: 28, foodcategory: "Protein"},
      		"acorns:flour-acorn" : { saturation: 140, foodcategory: "Grain" },
      		"expandedfoods:fruitsyrupportion-saguaro" : { saturation: 12, "health": 0.2, foodcategory: "Fruit" }, 
      		"expandedfoods:fruitsyrupportion-*" : { saturation: 12, "health": 0.1, foodcategory: "Fruit" },
      		"expandedfoods:treesyrupportion-*" : { saturation: 9.6, "health": 0.1, foodcategory: "Fruit" }, 
      		"expandedfoods:wildfruitsyrupportion-*" : { saturation: 12, "health": 0.1, foodcategory: "Fruit" },
		},
    	renderIngredientsByType: {
			"*-partbaked": {
      				"game:flour-*" : "game:shapes/item/food/bread/acornamaranthbread.json",
			},
			"*-cooked": {
      				"game:flour-*" : "game:shapes/item/food/bread/acornamaranthbread.json",
			},
			"*-charred": {
      				"game:flour-*" : "game:shapes/item/food/bread/acornamaranthbread.json",
			},
			"*-dough": {
      				"game:flour-*" : "game:shapes/item/food/bread/acornamaranthbread-dough.json",
			},
			"*-syruppartbaked": {
      			"game:flour-*" : "game:shapes/item/food/bread/acornamaranthbread.json",
				"expandedfoods:peanutliquid-paste": "expandedfoods:shapes/item/food/bread/overlays/syrup/acornpeanutbutter.json",
				"expandedfoods:treesyrupportion-birch": "expandedfoods:shapes/item/food/bread/overlays/syrup/acornbirchsyrup.json",
				"expandedfoods:treesyrupportion-maple": "expandedfoods:shapes/item/food/bread/overlays/syrup/acornmaplesyrup.json",
				"expandedfoods:fruitsyrupportion-blueberry": "expandedfoods:shapes/item/food/bread/overlays/syrup/acornblueberrysyrup.json",
      			"expandedfoods:fruitsyrupportion-cranberry": "expandedfoods:shapes/item/food/bread/overlays/syrup/acorncranberrysyrup.json",
      			"expandedfoods:fruitsyrupportion-redcurrant": "expandedfoods:shapes/item/food/bread/overlays/syrup/acornredcurrantsyrup.json",
      			"expandedfoods:fruitsyrupportion-blackcurrant": "expandedfoods:shapes/item/food/bread/overlays/syrup/acornblackcurrantsyrup.json",
      			"expandedfoods:fruitsyrupportion-whitecurrant": "expandedfoods:shapes/item/food/bread/overlays/syrup/acornwhitecurrantsyrup.json",
      			"expandedfoods:fruitsyrupportion-pineapple": "expandedfoods:shapes/item/food/bread/overlays/syrup/acornpineapplesyrup.json",
      			"expandedfoods:fruitsyrupportion-saguaro": "expandedfoods:shapes/item/food/bread/overlays/syrup/acornsaguarosyrup.json",
      			"expandedfoods:fruitsyrupportion-apple": "expandedfoods:shapes/item/food/bread/overlays/syrup/acornapplesyrup.json",
      			"expandedfoods:fruitsyrupportion-cherry": "expandedfoods:shapes/item/food/bread/overlays/syrup/acorncherrysyrup.json",
      			"expandedfoods:fruitsyrupportion-peach": "expandedfoods:shapes/item/food/bread/overlays/syrup/acornpeachsyrup.json",
      			"expandedfoods:fruitsyrupportion-pear": "expandedfoods:shapes/item/food/bread/overlays/syrup/acornpearsyrup.json",
      			"expandedfoods:fruitsyrupportion-orange": "expandedfoods:shapes/item/food/bread/overlays/syrup/acornorangesyrup.json",
      			"expandedfoods:fruitsyrupportion-mango": "expandedfoods:shapes/item/food/bread/overlays/syrup/acornmangosyrup.json",
      			"expandedfoods:fruitsyrupportion-breadfruit": "expandedfoods:shapes/item/food/bread/overlays/syrup/acornbreadfruitsyrup.json",
      			"expandedfoods:fruitsyrupportion-lychee": "expandedfoods:shapes/item/food/bread/overlays/syrup/acornlycheesyrup.json",
      			"expandedfoods:fruitsyrupportion-pomegranate": "expandedfoods:shapes/item/food/bread/overlays/syrup/acornpomegranatesyrup.json",
				"game:honeyportion": "expandedfoods:shapes/item/food/bread/overlays/syrup/acornhoney.json",
      			"expandedfoods:wildfruitsyrupportion-huckleberry": "expandedfoods:shapes/item/food/bread/overlays/syrup/acornhuckleberrysyrup.json",
      			"expandedfoods:wildfruitsyrupportion-snowberry": "expandedfoods:shapes/item/food/bread/overlays/syrup/acornsnowberrysyrup.json",
      			"expandedfoods:wildfruitsyrupportion-brambleberry": "expandedfoods:shapes/item/food/bread/overlays/syrup/acornbrambleberrysyrup.json",
      			"expandedfoods:wildfruitsyrupportion-cloudberry": "expandedfoods:shapes/item/food/bread/overlays/syrup/acorncloudberrysyrup.json",
      			"expandedfoods:wildfruitsyrupportion-dogrose": "expandedfoods:shapes/item/food/bread/overlays/syrup/acorndogrosesyrup.json",
      			"expandedfoods:wildfruitsyrupportion-gooseberry": "expandedfoods:shapes/item/food/bread/overlays/syrup/acorngooseberrysyrup.json",
      			"expandedfoods:wildfruitsyrupportion-honeysuckle": "expandedfoods:shapes/item/food/bread/overlays/syrup/acornhoneysucklesyrup.json",
      			"expandedfoods:wildfruitsyrupportion-strawberry": "expandedfoods:shapes/item/food/bread/overlays/syrup/acornstrawberrysyrup.json",
      			"expandedfoods:wildfruitsyrupportion-raspberry": "expandedfoods:shapes/item/food/bread/overlays/syrup/acornraspberrysyrup.json",
      			"expandedfoods:wildfruitsyrupportion-elderberry": "expandedfoods:shapes/item/food/bread/overlays/syrup/acornelderberrysyrup.json",
			},
			"*-syrup": {
      			"game:flour-*" : "game:shapes/item/food/bread/acornamaranthbread.json",
				"expandedfoods:peanutliquid-paste": "expandedfoods:shapes/item/food/bread/overlays/syrup/acornpeanutbutter.json",
				"expandedfoods:treesyrupportion-birch": "expandedfoods:shapes/item/food/bread/overlays/syrup/acornbirchsyrup.json",
				"expandedfoods:treesyrupportion-maple": "expandedfoods:shapes/item/food/bread/overlays/syrup/acornmaplesyrup.json",
				"expandedfoods:fruitsyrupportion-blueberry": "expandedfoods:shapes/item/food/bread/overlays/syrup/acornblueberrysyrup.json",
      			"expandedfoods:fruitsyrupportion-cranberry": "expandedfoods:shapes/item/food/bread/overlays/syrup/acorncranberrysyrup.json",
      			"expandedfoods:fruitsyrupportion-redcurrant": "expandedfoods:shapes/item/food/bread/overlays/syrup/acornredcurrantsyrup.json",
      			"expandedfoods:fruitsyrupportion-blackcurrant": "expandedfoods:shapes/item/food/bread/overlays/syrup/acornblackcurrantsyrup.json",
      			"expandedfoods:fruitsyrupportion-whitecurrant": "expandedfoods:shapes/item/food/bread/overlays/syrup/acornwhitecurrantsyrup.json",
      			"expandedfoods:fruitsyrupportion-pineapple": "expandedfoods:shapes/item/food/bread/overlays/syrup/acornpineapplesyrup.json",
      			"expandedfoods:fruitsyrupportion-saguaro": "expandedfoods:shapes/item/food/bread/overlays/syrup/acornsaguarosyrup.json",
      			"expandedfoods:fruitsyrupportion-apple": "expandedfoods:shapes/item/food/bread/overlays/syrup/acornapplesyrup.json",
      			"expandedfoods:fruitsyrupportion-cherry": "expandedfoods:shapes/item/food/bread/overlays/syrup/acorncherrysyrup.json",
      			"expandedfoods:fruitsyrupportion-peach": "expandedfoods:shapes/item/food/bread/overlays/syrup/acornpeachsyrup.json",
      			"expandedfoods:fruitsyrupportion-pear": "expandedfoods:shapes/item/food/bread/overlays/syrup/acornpearsyrup.json",
      			"expandedfoods:fruitsyrupportion-orange": "expandedfoods:shapes/item/food/bread/overlays/syrup/acornorangesyrup.json",
      			"expandedfoods:fruitsyrupportion-mango": "expandedfoods:shapes/item/food/bread/overlays/syrup/acornmangosyrup.json",
      			"expandedfoods:fruitsyrupportion-breadfruit": "expandedfoods:shapes/item/food/bread/overlays/syrup/acornbreadfruitsyrup.json",
      			"expandedfoods:fruitsyrupportion-lychee": "expandedfoods:shapes/item/food/bread/overlays/syrup/acornlycheesyrup.json",
      			"expandedfoods:fruitsyrupportion-pomegranate": "expandedfoods:shapes/item/food/bread/overlays/syrup/acornpomegranatesyrup.json",
				"game:honeyportion": "expandedfoods:shapes/item/food/bread/overlays/syrup/acornhoney.json",
      			"expandedfoods:wildfruitsyrupportion-huckleberry": "expandedfoods:shapes/item/food/bread/overlays/syrup/acornhuckleberrysyrup.json",
      			"expandedfoods:wildfruitsyrupportion-snowberry": "expandedfoods:shapes/item/food/bread/overlays/syrup/acornsnowberrysyrup.json",
      			"expandedfoods:wildfruitsyrupportion-brambleberry": "expandedfoods:shapes/item/food/bread/overlays/syrup/acornbrambleberrysyrup.json",
      			"expandedfoods:wildfruitsyrupportion-cloudberry": "expandedfoods:shapes/item/food/bread/overlays/syrup/acorncloudberrysyrup.json",
      			"expandedfoods:wildfruitsyrupportion-dogrose": "expandedfoods:shapes/item/food/bread/overlays/syrup/acorndogrosesyrup.json",
      			"expandedfoods:wildfruitsyrupportion-gooseberry": "expandedfoods:shapes/item/food/bread/overlays/syrup/acorngooseberrysyrup.json",
      			"expandedfoods:wildfruitsyrupportion-honeysuckle": "expandedfoods:shapes/item/food/bread/overlays/syrup/acornhoneysucklesyrup.json",
      			"expandedfoods:wildfruitsyrupportion-strawberry": "expandedfoods:shapes/item/food/bread/overlays/syrup/acornstrawberrysyrup.json",
      			"expandedfoods:wildfruitsyrupportion-raspberry": "expandedfoods:shapes/item/food/bread/overlays/syrup/acornraspberrysyrup.json",
      			"expandedfoods:wildfruitsyrupportion-elderberry": "expandedfoods:shapes/item/food/bread/overlays/syrup/acornelderberrysyrup.json",
			},
			"*-syrupcharred": {
      			"game:flour-*" : "game:shapes/item/food/bread/acornamaranthbread.json",
				"expandedfoods:peanutliquid-paste": "expandedfoods:shapes/item/food/bread/overlays/syrup/acornpeanutbutter.json",
				"expandedfoods:treesyrupportion-birch": "expandedfoods:shapes/item/food/bread/overlays/syrup/acornbirchsyrup.json",
				"expandedfoods:treesyrupportion-maple": "expandedfoods:shapes/item/food/bread/overlays/syrup/acornmaplesyrup.json",
				"expandedfoods:fruitsyrupportion-blueberry": "expandedfoods:shapes/item/food/bread/overlays/syrup/acornblueberrysyrup.json",
      			"expandedfoods:fruitsyrupportion-cranberry": "expandedfoods:shapes/item/food/bread/overlays/syrup/acorncranberrysyrup.json",
      			"expandedfoods:fruitsyrupportion-redcurrant": "expandedfoods:shapes/item/food/bread/overlays/syrup/acornredcurrantsyrup.json",
      			"expandedfoods:fruitsyrupportion-blackcurrant": "expandedfoods:shapes/item/food/bread/overlays/syrup/acornblackcurrantsyrup.json",
      			"expandedfoods:fruitsyrupportion-whitecurrant": "expandedfoods:shapes/item/food/bread/overlays/syrup/acornwhitecurrantsyrup.json",
      			"expandedfoods:fruitsyrupportion-pineapple": "expandedfoods:shapes/item/food/bread/overlays/syrup/acornpineapplesyrup.json",
      			"expandedfoods:fruitsyrupportion-saguaro": "expandedfoods:shapes/item/food/bread/overlays/syrup/acornsaguarosyrup.json",
      			"expandedfoods:fruitsyrupportion-apple": "expandedfoods:shapes/item/food/bread/overlays/syrup/acornapplesyrup.json",
      			"expandedfoods:fruitsyrupportion-cherry": "expandedfoods:shapes/item/food/bread/overlays/syrup/acorncherrysyrup.json",
      			"expandedfoods:fruitsyrupportion-peach": "expandedfoods:shapes/item/food/bread/overlays/syrup/acornpeachsyrup.json",
      			"expandedfoods:fruitsyrupportion-pear": "expandedfoods:shapes/item/food/bread/overlays/syrup/acornpearsyrup.json",
      			"expandedfoods:fruitsyrupportion-orange": "expandedfoods:shapes/item/food/bread/overlays/syrup/acornorangesyrup.json",
      			"expandedfoods:fruitsyrupportion-mango": "expandedfoods:shapes/item/food/bread/overlays/syrup/acornmangosyrup.json",
      			"expandedfoods:fruitsyrupportion-breadfruit": "expandedfoods:shapes/item/food/bread/overlays/syrup/acornbreadfruitsyrup.json",
      			"expandedfoods:fruitsyrupportion-lychee": "expandedfoods:shapes/item/food/bread/overlays/syrup/acornlycheesyrup.json",
      			"expandedfoods:fruitsyrupportion-pomegranate": "expandedfoods:shapes/item/food/bread/overlays/syrup/acornpomegranatesyrup.json",
				"game:honeyportion": "expandedfoods:shapes/item/food/bread/overlays/syrup/acornhoney.json",
      			"expandedfoods:wildfruitsyrupportion-huckleberry": "expandedfoods:shapes/item/food/bread/overlays/syrup/acornhuckleberrysyrup.json",
      			"expandedfoods:wildfruitsyrupportion-snowberry": "expandedfoods:shapes/item/food/bread/overlays/syrup/acornsnowberrysyrup.json",
      			"expandedfoods:wildfruitsyrupportion-brambleberry": "expandedfoods:shapes/item/food/bread/overlays/syrup/acornbrambleberrysyrup.json",
      			"expandedfoods:wildfruitsyrupportion-cloudberry": "expandedfoods:shapes/item/food/bread/overlays/syrup/acorncloudberrysyrup.json",
      			"expandedfoods:wildfruitsyrupportion-dogrose": "expandedfoods:shapes/item/food/bread/overlays/syrup/acorndogrosesyrup.json",
      			"expandedfoods:wildfruitsyrupportion-gooseberry": "expandedfoods:shapes/item/food/bread/overlays/syrup/acorngooseberrysyrup.json",
      			"expandedfoods:wildfruitsyrupportion-honeysuckle": "expandedfoods:shapes/item/food/bread/overlays/syrup/acornhoneysucklesyrup.json",
      			"expandedfoods:wildfruitsyrupportion-strawberry": "expandedfoods:shapes/item/food/bread/overlays/syrup/acornstrawberrysyrup.json",
      			"expandedfoods:wildfruitsyrupportion-raspberry": "expandedfoods:shapes/item/food/bread/overlays/syrup/acornraspberrysyrup.json",
      			"expandedfoods:wildfruitsyrupportion-elderberry": "expandedfoods:shapes/item/food/bread/overlays/syrup/acornelderberrysyrup.json",
			},
		},
		bakingPropertiesByType: {
			"*-dough": {
				temp: 160,
				levelFrom: 0.0,
				levelTo: 0.25,
				startScaleY: 0.9,
				endScaleY: 0.95,
				resultCode: "expandedfoods:herbalacornbread-partbaked",
			},
			"*-partbaked": {
				temp: 160,
				levelFrom: 0.25,
				levelTo: 0.5,
				startScaleY: 0.95,
				endScaleY: 1.10,
				resultCode: "expandedfoods:herbalacornbread-cooked",
				initialCode: "expandedfoods:herbalacornbread-dough",
			},
			"*-cooked": {
				temp: 160,
				levelFrom: 0.5,
				levelTo: 0.75,
				startScaleY: 1.10,
				endScaleY: 1.13,
				resultCode: "expandedfoods:herbalacornbread-charred",
				initialCode: "expandedfoods:herbalacornbread-partbaked",
			},
			"*-charred": {
				temp: 160,
				levelFrom: 0.75,
				levelTo: 1.0,
				startScaleY: 1.13,
				endScaleY: 1.10,
				initialCode: "expandedfoods:herbalacornbread-cooked",
			},
			"*-syruppartbaked": {
				temp: 160,
				levelFrom: 0.25,
				levelTo: 0.5,
				startScaleY: 0.95,
				endScaleY: 1.10,
				resultCode: "expandedfoods:herbalacornbread-syrup",
			},
			"*-syrup": {
				temp: 160,
				levelFrom: 0.5,
				levelTo: 0.75,
				startScaleY: 1.10,
				endScaleY: 1.13,
				resultCode: "expandedfoods:herbalacornbread-syrupcharred",
				initialCode: "expandedfoods:herbalacornbread-syruppartbaked",
			},
			"*-syrupcharred": {
				temp: 160,
				levelFrom: 0.75,
				levelTo: 1.0,
				startScaleY: 1.13,
				endScaleY: 1.10,
				initialCode: "expandedfoods:herbalacornbread-syrup",
			},
		},
		satMultByType: {
			"*-partbaked": 0.5,
			"*-cooked": 1,
			"*-charred": 0.75,
			"*-syruppartbaked": 0.5,
			"*-syrup": 1,
			"*-syrupcharred": 0.75
		},
	},
	shape: { base: "game:item/food/bread/acornamaranthbread" },
  	texturesByType: {
		"*-syruppartbaked": {
			"weaktannin": { base: "game:block/liquid/weaktannin"},
			"strongtannin": { base: "game:block/liquid/strongtannin"},
			"honey": { base: "game:block/liquid/honey"},
    		"bread": {base: "item/food/grain/herbal/acornbread2" },
			"fill-apple": { base: "game:block/food/pie/fill-apple" },
			"fill-blackcurrant": { base: "game:block/food/pie/fill-blackcurrant" },
			"fill-blueberry": { base: "game:block/food/pie/fill-blueberry" },
			"fill-breadfruit": { base: "game:block/food/pie/fill-breadfruit" },
			"fill-cherry": { base: "game:block/food/pie/fill-cherry" },
			"fill-cranberry": { base: "game:block/food/pie/fill-cranberry" },
			"fill-lychee": { base: "game:block/food/pie/fill-lychee" },
			"fill-mango": { base: "game:block/food/pie/fill-mango" },
			"fill-orange": { base: "game:block/food/pie/fill-orange" },
			"fill-peach": { base: "game:block/food/pie/fill-peach" },
			"fill-pear": { base: "game:block/food/pie/fill-pear" },
			"fill-pineapple": { base: "game:block/food/pie/fill-pineapple" },
			"fill-pomegranate": { base: "game:block/food/pie/fill-pomegranate" },
			"fill-redcurrant": { base: "game:block/food/pie/fill-redcurrant" },
			"fill-saguaro": { base: "game:block/food/pie/fill-saguaro" },
			"fill-whitecurrant": { base: "game:block/food/pie/fill-whitecurrant" },
			"fill-huckleberry" : {base: "wildcraft:block/food/pie/fill-huckleberry" },
			"fill-snowberry" : {base: "wildcraft:block/food/pie/fill-snowberry" },
			"fill-brambleberry" : {base: "wildcraft:block/food/pie/fill-brambleberry" },
			"fill-cloudberry" : {base: "wildcraft:block/food/pie/fill-cloudberry" },
			"fill-dogrose" : {base: "wildcraft:block/food/pie/fill-dogrose" },
			"fill-elderberry" : {base: "wildcraft:block/food/pie/fill-elderberry" },
			"fill-gooseberry" : {base: "wildcraft:block/food/pie/fill-gooseberry" },
			"fill-honeysuckle" : {base: "wildcraft:block/food/pie/fill-honeysuckle" },
			"fill-strawberry" : {base: "wildcraft:block/food/pie/fill-strawberry" },
			"fill-raspberry" : {base: "wildcraft:block/food/pie/fill-raspberry" },
		},
		"*-syrupcharred": {
			"weaktannin": { base: "game:block/liquid/weaktannin"},
			"strongtannin": { base: "game:block/liquid/strongtannin"},
			"honey": { base: "game:block/liquid/honey"},
    		"bread": {base: "item/food/grain/herbal/acornbread1" },
			"fill-apple": { base: "game:block/food/pie/fill-apple" },
			"fill-blackcurrant": { base: "game:block/food/pie/fill-blackcurrant" },
			"fill-blueberry": { base: "game:block/food/pie/fill-blueberry" },
			"fill-breadfruit": { base: "game:block/food/pie/fill-breadfruit" },
			"fill-cherry": { base: "game:block/food/pie/fill-cherry" },
			"fill-cranberry": { base: "game:block/food/pie/fill-cranberry" },
			"fill-lychee": { base: "game:block/food/pie/fill-lychee" },
			"fill-mango": { base: "game:block/food/pie/fill-mango" },
			"fill-orange": { base: "game:block/food/pie/fill-orange" },
			"fill-peach": { base: "game:block/food/pie/fill-peach" },
			"fill-pear": { base: "game:block/food/pie/fill-pear" },
			"fill-pineapple": { base: "game:block/food/pie/fill-pineapple" },
			"fill-pomegranate": { base: "game:block/food/pie/fill-pomegranate" },
			"fill-redcurrant": { base: "game:block/food/pie/fill-redcurrant" },
			"fill-saguaro": { base: "game:block/food/pie/fill-saguaro" },
			"fill-whitecurrant": { base: "game:block/food/pie/fill-whitecurrant" },
			"fill-huckleberry" : {base: "wildcraft:block/food/pie/fill-huckleberry" },
			"fill-snowberry" : {base: "wildcraft:block/food/pie/fill-snowberry" },
			"fill-brambleberry" : {base: "wildcraft:block/food/pie/fill-brambleberry" },
			"fill-cloudberry" : {base: "wildcraft:block/food/pie/fill-cloudberry" },
			"fill-dogrose" : {base: "wildcraft:block/food/pie/fill-dogrose" },
			"fill-elderberry" : {base: "wildcraft:block/food/pie/fill-elderberry" },
			"fill-gooseberry" : {base: "wildcraft:block/food/pie/fill-gooseberry" },
			"fill-honeysuckle" : {base: "wildcraft:block/food/pie/fill-honeysuckle" },
			"fill-strawberry" : {base: "wildcraft:block/food/pie/fill-strawberry" },
			"fill-raspberry" : {base: "wildcraft:block/food/pie/fill-raspberry" },
		},
		"*-partbaked": {
    			"bread": {base: "item/food/grain/herbal/acornbread2" },
		},
		"*-charred": {
    			"bread": {base: "item/food/grain/herbal/acornbread1" },
		},
		"*": {
			"weaktannin": { base: "game:block/liquid/weaktannin"},
			"strongtannin": { base: "game:block/liquid/strongtannin"},
			"honey": { base: "game:block/liquid/honey"},
    		"bread": {base: "item/food/grain/herbal/acornbread" },
    		"acornbread": {base: "item/food/grain/herbal/acornbread" },
			"fill-apple": { base: "game:block/food/pie/fill-apple" },
			"fill-blackcurrant": { base: "game:block/food/pie/fill-blackcurrant" },
			"fill-blueberry": { base: "game:block/food/pie/fill-blueberry" },
			"fill-breadfruit": { base: "game:block/food/pie/fill-breadfruit" },
			"fill-cherry": { base: "game:block/food/pie/fill-cherry" },
			"fill-cranberry": { base: "game:block/food/pie/fill-cranberry" },
			"fill-lychee": { base: "game:block/food/pie/fill-lychee" },
			"fill-mango": { base: "game:block/food/pie/fill-mango" },
			"fill-orange": { base: "game:block/food/pie/fill-orange" },
			"fill-peach": { base: "game:block/food/pie/fill-peach" },
			"fill-pear": { base: "game:block/food/pie/fill-pear" },
			"fill-pineapple": { base: "game:block/food/pie/fill-pineapple" },
			"fill-pomegranate": { base: "game:block/food/pie/fill-pomegranate" },
			"fill-redcurrant": { base: "game:block/food/pie/fill-redcurrant" },
			"fill-saguaro": { base: "game:block/food/pie/fill-saguaro" },
			"fill-whitecurrant": { base: "game:block/food/pie/fill-whitecurrant" },
			"fill-huckleberry" : {base: "wildcraft:block/food/pie/fill-huckleberry" },
			"fill-snowberry" : {base: "wildcraft:block/food/pie/fill-snowberry" },
			"fill-brambleberry" : {base: "wildcraft:block/food/pie/fill-brambleberry" },
			"fill-cloudberry" : {base: "wildcraft:block/food/pie/fill-cloudberry" },
			"fill-dogrose" : {base: "wildcraft:block/food/pie/fill-dogrose" },
			"fill-elderberry" : {base: "wildcraft:block/food/pie/fill-elderberry" },
			"fill-gooseberry" : {base: "wildcraft:block/food/pie/fill-gooseberry" },
			"fill-honeysuckle" : {base: "wildcraft:block/food/pie/fill-honeysuckle" },
			"fill-strawberry" : {base: "wildcraft:block/food/pie/fill-strawberry" },
			"fill-raspberry" : {base: "wildcraft:block/food/pie/fill-raspberry" },
		},
  	},
	"grindingPropsByType": {
		"@*-(partbaked|cooked|charred)": { "grindedStack": { "type":  "item", "code": "expandedfoods:herbalacornbreadcrumbs", "quantity": 4 } },
	},
	creativeinventory: { "general": ["*"], "items": ["*"], "expandedfoods": ["*"] },
	nutritionPropsByType: {
		"*-partbaked": {saturation: 145, foodcategory: "Grain" },
		"*-syruppartbaked": {saturation: 145, foodcategory: "Grain" },
		"*-cooked": {saturation: 160, foodcategory: "Grain" },
		"*-syrup": {saturation: 160, foodcategory: "Grain" },
		"*-charred": {saturation: 130, foodcategory: "Grain" },
		"*-syrupcharred": {saturation: 130, foodcategory: "Grain" },
	},
	combustiblePropsByType: {
		"*-dough": {
			meltingPoint: 200,
			meltingDuration: 15,
			smeltedRatio: 1,
			smeltingType: "bake",
			smeltedStack: { type: "item", code: "expandedfoods:herbalacornbread-charred" },
			requiresContainer: false
		},
		"*-partbaked": {
			meltingPoint: 200,
			meltingDuration: 15,
			smeltedRatio: 1,
			smeltingType: "bake",
			smeltedStack: { type: "item", code: "expandedfoods:herbalacornbread-charred" },
			requiresContainer: false
		},
		"*-cooked": {
			meltingPoint: 200,
			meltingDuration: 15,
			smeltedRatio: 1,
			smeltingType: "bake",
			smeltedStack: { type: "item", code: "expandedfoods:herbalacornbread-charred" },
			requiresContainer: false
		},
		"*-syruppartbaked": {
			meltingPoint: 200,
			meltingDuration: 15,
			smeltedRatio: 1,
			smeltingType: "bake",
			smeltedStack: { type: "item", code: "expandedfoods:herbalacornbread-syrupcharred" },
			requiresContainer: false
		},
		"*-syrup": {
			meltingPoint: 200,
			meltingDuration: 15,
			smeltedRatio: 1,
			smeltingType: "bake",
			smeltedStack: { type: "item", code: "expandedfoods:herbalacornbread-syrupcharred" },
			requiresContainer: false
		},
	},
	transitionablePropsByType: { 
		"*-dough": [{
			type: "Perish",
			freshHours: { avg: 48 },
			transitionHours: { avg: 24 },
			transitionedStack: { type: "item", code: "game:rot" },
			transitionRatio: 1
		}],
		"*-charred": [{
			type: "Perish",
			freshHours: { avg: 864 },
			transitionHours: { avg: 72 },
			transitionedStack: { type: "item", code: "game:rot" },
			transitionRatio: 1
		}],
		"*-syrupcharred": [{
			type: "Perish",
			freshHours: { avg: 864 },
			transitionHours: { avg: 72 },
			transitionedStack: { type: "item", code: "game:rot" },
			transitionRatio: 1
		}],
		"*": [{
			type: "Perish",
			freshHours: { avg: 432 },
			transitionHours: { avg: 36 },
			transitionedStack: { type: "item", code: "game:rot" },
			transitionRatio: 1
		}],
	},
	materialDensity: 200,
	guiTransform: {
		translation: { x: 3, y: 0, z: 0 },
		rotation: { x: -28, y: 23, z: 180 },
		origin: { x: 0.5, y: 0.07, z: 0.5 },
		scale: 5
	},
	groundTransform: {
		translation: { x: 0, y: 0, z: 0 },
		rotation: { x: 0, y: 0, z: 1 },
		origin: { x: 0.5, y: 0, z: 0.5 },
		scale: 4.5
	},
	tpHandTransform: {
		translation: { x: -0.54, y: -0.16, z: -0.4 },
		rotation: { x: 44, y: -69, z: 2 },
		origin: { x: 0.5, y: 0.13, z: 0.5 },
		scale: 1
	},
	fpHandTransform: {
		translation: { x: 0, y: 0.24, z: 0.3 },
		rotation: { x: 104, y: 0, z: 71 },
		origin: { x: 0.5, y: 0.1, z: 0.5 },
		scale: 2.5
	}
}
