{
	"code": "clothes",
	"class": "ItemWearable",
	"variantgroups": [
		{ "code": "category",  "states": ["neck"] },
		{ "code": "neck", "onVariant": "category", "states": [
			"neckscarf"
		] },
		{ "code": "fabric", "states": [
			"cotton", "linen", "wool", "silk"
		]},
		{ "code": "color", "states": [
			"black", "blue", "brown", "green", "gray", "orange", "pink", "plain", "purple", "red", "white", "yellow"
		]}
	],
	"shapeByType": {
		"*": {
			"base": "entity/humanoid/seraph/clothing/neck/neckscarf-linen-plain" 
		}
	},
	"texturesByType": {
		"*-silk-plain": {
			"seraph": { "base": "game:block/transparent" },
			"neckscarf-linen-plain": { "base": "entity/humanoid/seraphclothes/neck/neckscarf-silk-plain" }
		},
		"*-silk-*": {
			"seraph": { "base": "game:block/transparent" },
			"neckscarf-linen-plain": { "base": "entity/humanoid/seraphclothes/neck/neckscarf-cotton-{color}" }
		},
		"*-neckscarf-*": {
			"seraph": { "base": "game:block/transparent" },
			"neckscarf-linen-plain": { "base": "entity/humanoid/seraphclothes/neck/neckscarf-{fabric}-{color}" }
		},
		"*": {
			"seraph": { "base": "game:block/transparent" },
			"neckscarf-linen-plain": { "base": "entity/humanoid/seraphclothes/neck/neckscarf-cotton-{color}" }
		}	
	},
	"storageFlags": 128,
    "attributes":{
        "statModifiersByType": {
            "*-wool-*": { "warmth": 2.0 },
			"*": { "warmth": 1.5 }
        }
    },
	"attributesByType": {
		"*": {
			"wearableAttachment": true,
			"clothescategory": "neck"
		}
	},
	"creativeinventory": { "general": ["*"], "items": ["*"], "clothing": ["*"], "hideandfabric": ["*"] },
	"renderAlphaTest": 0.25,
	"fpHandTransform": {
		"translation": { "x": 0.2, "y": -2.5, "z": -0.9 },
		"rotation": { "x": -2, "y": 31, "z": -46 },
		"scale": 4.09
	},
	"tpHandTransform": {
		"translation": { "x": -0.6, "y": -2.1, "z": -0.7 },
		"rotation": { "x": -21, "y": -180, "z": 25 },
		"origin": { "x": 0.5, "y": 1.4, "z": 0.5 },
		"scale": 0.71
	},
	"guiTransformByType": {
		"*": {
			"rotate": false,
			"translation": { "x": 0, "y": 0, "z": 0 },
			"rotation": { "x": 174, "y": -128, "z": 6 },
			"origin": { "x": 0.45, "y": 1.43, "z": 0.54 },
			"scale": 3.5
		}
	},
	"groundTransformByType": {
		"*": {
			"translation": { "x": 0, "y": -0.05, "z": 0 },
			"rotation": { "x": 0, "y": 0, "z": -90 },
			"origin": { "x": 0.5, "y": 1.5, "z": 0.5 },
			"scale": 3.06
		}
	}
}