{
	"code": "chutesectionmold",
	"variantgroups": [
		{ "code":"type", "states": ["raw", "burned"] }
	],
	"classByType": {
		"*-raw": "Block",
		"*-burned": "BlockToolMold"
	},
	"behaviorsByType": 
	{
	  "*-raw": 
	  [
		{ "name": "GroundStorable", "properties": { "layout": "SingleCenter" } },
		{ "name": "Unplaceable", "__comment": "The ground storable obsoletes this being a block. Should be an item, but is kept a block for backwards compatibility" }, 
		{ "name": "RightClickPickup"} 
	  ],
	  "*": [{"name": "UnstableFalling"}]
	},
	"shapeByType": {
		"*-raw": { "base": "moremolds:block/clay/mold/chutesection" },
		"*-burned": { "base": "moremolds:block/clay/mold/chutesection" }
	},
    "attributesByType": {
        "chutesectionmold-burned": {
            "requiredUnits": 400,
            "fillHeight": 5,
            "moldrackable": false,
            "drop": {"type": "item", "code": "game:chutesection-{metal}", "quantity": 4}
        }
    },
	"entityClass": "ToolMold",
	"blockmaterial": "Ceramic",
	"creativeinventory": { "general": ["*"], "construction": ["*"], "moremolds": ["*"] },
	"replaceable": 700,
	"resistance": 2,
	"maxStackSize": 8,
	"lightAbsorption": 0,
	"texturesByType": {
		"*-raw": {  "all": { "base": "game:block/clay/fireclay" } },
		"*-burned": {  "floor": { "base": "moremolds:block/clay/fireclay-dark" }, "other": { "base": "moremolds:block/clay/fireclay-dark" } }
	},
	"sounds": {
		"walk": "walk/stone"
	},
	"collisionbox": { "x1": 0.0625, "y1": 0, "z1": 0.0625, "x2": 0.9375, "y2": 0.375, "z2": 0.9375 },
	"selectionbox": { "x1": 0.0625, "y1": 0, "z1": 0.0625, "x2": 0.9375, "y2": 0.375, "z2": 0.9375 },
	"sideopaque": {
		"all": false
	},
	"sidesolid": {
		"all": false
	},
	"combustiblePropsByType": {
		"*-raw": {
			"meltingPoint": 800,
			"meltingDuration": 45,
			"smeltedRatio": 1,
			"smeltingType": "fire",
			"smeltedStack": { "type": "block", "code": "moremolds:chutesectionmold-burned" },
			"requiresContainer": false
		}
	},
	"heldTpIdleAnimation": "holdbothhandslarge",
	"heldTpUseAnimation": "twohandplaceblock",
	"guiTransform": {
		"rotate": true,
		"translation": { "x": 0, "y": 3, "z": 0 },
		"origin": { "x": 0.5, "y": 0.1825, "z": 0.5 },
		"scale": 1.27
	},
	"fpHandTransform": {
		"translation": { "x": 0.2, "y": 0.3, "z": 0 }
	},
	"tpHandTransform": {
		"translation": { "x": -1.1, "y": -0.3, "z": -0.4 },
		"rotation": { "x": -80, "y": -158, "z": 105 },
		"origin": { "x": 0.5, "y": 0.1, "z": 0.4 },
		"scale": 0.55
	},
	"groundTransform": {
		"translation": { "x": 0, "y": 0, "z": 0 },
		"rotation": { "x": 0, "y": -45, "z": 0 },
		"origin": { "x": 0.5, "y": 0, "z": 0.5 },
		"scale": 4.70
	}
}