{
	"code": "five_platemold",
	"variantgroups": [
		{ "code":"type", "states": ["raw", "burned"] }
	],
	"classByType": {
		"*-raw": "Block",
		"*-burned": "BlockToolMold"
	},
	"behaviorsByType": 
	{
	  "*-raw": 
	  [
		{ "name": "GroundStorable", "properties": { "layout": "SingleCenter" } },
		{ "name": "Unplaceable", "__comment": "The ground storable obsoletes this being a block. Should be an item, but is kept a block for backwards compatibility" }, 
		{ "name": "RightClickPickup"} 
	  ],
	  "*": [{"name": "UnstableFalling"}]
	},
	"shapeByType": {
		"*-raw": { "base": "moremolds:block/clay/mold/five_plates" },
		"*-burned": { "base": "moremolds:block/clay/mold/five_plates" }
	},
    "attributesByType": {
        "five_platemold-burned": {
            "requiredUnits": 1000,
            "fillHeight": 9,
            "moldrackable": false,
			"fillQuadsByLevel": [
				{ "x1": 2.5, "z1": 2.5, "x2": 13.5, "z2": 13.5 }
			],
            "drop": {"type": "item", "code": "game:metalplate-{metal}", "quantity": 5}
        }
    },
	"entityClass": "ToolMold",
	"blockmaterial": "Ceramic",
	"creativeinventory": { "general": ["*"], "construction": ["*"], "moremolds": ["*"] },
	"replaceable": 700,
	"resistance": 2,
	"maxStackSize": 1,
	"lightAbsorption": 0,
	"texturesByType": {
		"*-raw": {  "all": { "base": "game:block/clay/fireclay" } },
		"*-burned": {  "floor": { "base": "moremolds:block/clay/fireclay-dark" }, "other": { "base": "moremolds:block/clay/fireclay-dark" } }
	},
	"sounds": {
		"walk": "walk/stone"
	},
	"collisionbox": { "x1": 0.09375, "y1": 0, "z1": 0.09375, "x2": 0.90625, "y2": 0.625, "z2": 0.90625 },
	"selectionbox": { "x1": 0.09375, "y1": 0, "z1": 0.09375, "x2": 0.90625, "y2": 0.625, "z2": 0.90625 },
	"sideopaque": {
		"all": false
	},
	"sidesolid": {
		"all": false
	},
	"combustiblePropsByType": {
		"*-raw": {
			"meltingPoint": 800,
			"meltingDuration": 45,
			"smeltedRatio": 1,
			"smeltingType": "fire",
			"smeltedStack": { "type": "block", "code": "moremolds:five_platemold-burned" },
			"requiresContainer": false
		}
	},
	"heldTpIdleAnimation": "holdbothhandslarge",
	"heldTpUseAnimation": "twohandplaceblock",
	"guiTransform": {
		"translation": { "x": 0, "y": 3, "z": 0 },
		"origin": { "x": 0.5, "y": 0.2625, "z": 0.5 },
		"scale": 1.33
	},
	"fpHandTransform": {
		"translation": { "x": 0.2, "y": 0.3, "z": 0 }
	},
	"tpHandTransform": {
		"translation": { "x": -1.2, "y": -0.95, "z": -0.5 },
		"rotation": { "x": 12, "y": 17, "z": -66 },
		"scale": 0.56
	},
	"groundTransform": {
		"translation": { "x": 0, "y": 0, "z": 0 },
		"rotation": { "x": 0, "y": -45, "z": 0 },
		"origin": { "x": 0.5, "y": 0, "z": 0.5 },
		"scale": 4.7
	}
}