{
	"code": "wrenchmold",
	"variantgroups": [
		{ "code":"type", "states": ["raw", "burned"] }
	],
	"classByType": {
		"*-raw": "Block",
		"*-burned": "BlockToolMold"
	},
	"behaviorsByType": 
	{
	  "*-raw": 
	  [
		{ "name": "GroundStorable", "properties": { "layout": "SingleCenter" } },
		{ "name": "Unplaceable", "__comment": "The ground storable obsoletes this being a block. Should be an item, but is kept a block for backwards compatibility" }, 
		{ "name": "RightClickPickup"} 
	  ],
	  "*": [{"name": "UnstableFalling"}]
	},
	"shapeByType": {
		"*-raw": { "base": "moremolds:block/clay/mold/wrench" },
		"*-burned": { "base": "moremolds:block/clay/mold/wrench", "rotateY": 90 }
	},
    "attributesByType": {
        "*-burned": {
            "requiredUnits": 200,
            "fillHeight": 1,
            "moldrackable": true,
			"fillQuadsByLevel": [
				{ "x1": 1, "z1": 1, "x2": 15, "z2": 15 }
			],
			"onmoldrackTransform": { "rotation": { "z": 90 } },
           "drop": {"type": "item", "code": "game:wrench-{metal}", "quantity": 2}
        }
    },
	"entityClass": "ToolMold",
	"blockmaterial": "Ceramic",
	"creativeinventory": { "general": ["*"], "construction": ["*"], "moremolds": ["*"] },
	"replaceable": 700,
	"resistance": 2,
	"maxStackSize": 8,
	"lightAbsorption": 0,
	"texturesByType": {
		"*-raw": {  "all": { "base": "game:block/clay/blueclay" } },
		"*-burned": {  "floor": { "base": "game:block/clay/ceramic-dark" }, "other": { "base": "game:block/clay/ceramic" } }
	},
	"sounds": {
		"walk": "walk/stone"
	},
	"collisionbox": { "x1": 0.0625, "y1": 0, "z1": 0.0625, "x2": 0.9375, "y2": 0.125, "z2": 0.9375 },
	"selectionbox": { "x1": 0.0625, "y1": 0, "z1": 0.0625, "x2": 0.9375, "y2": 0.125, "z2": 0.9375 },
	"sideopaque": {
		"all": false
	},
	"sidesolid": {
		"all": false
	},
	"combustiblePropsByType": {
		"wrenchmold-raw": {
			"meltingPoint": 650,
			"meltingDuration": 45,
			"smeltedRatio": 1,
			"smeltingType": "fire",
			"smeltedStack": { "type": "block", "code": "moremolds:wrenchmold-burned" },
			"requiresContainer": false
		}
	},
	"guiTransform": {
        "translation": { "x": 0, "y": 3, "z": 0 },
        "origin": { "x": 0.5, "y": 0.0625, "z": 0.5 },
        "scale": 1.33
	},
	"fpHandTransform": {
		"translation": { "x": 0.2, "y": 0.3, "z": 0 }
	},
	"tpHandTransform": {
		"translation": { "x": -1.1, "y": -0.9, "z": -1.3 },
		"rotation": { "x": -80, "y": -81, "z": -1 },
		"scale": 0.5
	},
	"groundTransform": {
		"translation": { "x": 0, "y": 0, "z": 0 },
		"rotation": { "x": 0, "y": -45, "z": 0 },
		"origin": { "x": 0.5, "y": 0, "z": 0.5 },
		"scale": 4.7
	}
}