{
    "code": "clothes",
    "class": "ItemWearable",
    "variantgroups": [
      { "code": "category", "states": ["foot"] },
      { "code": "foot", "combine": "SelectiveMultiply", "onVariant": "category", "states": ["travelling-boots", "walking-boots"] }
    ],
    "behaviors": [{ "name": "GroundStorable", "properties": { "layout": "Quadrants", "collisionBox": { "x1": 0, "y1": 0, "z1": 0, "x2": 1, "y2": 0.25, "z2": 1 } } }],
	"shapeByType": {
		"*-travelling-boots": { "base": "entity/humanoid/seraph/clothing/foot/travelling-boots" },
		"*-walking-boots": { "base": "entity/humanoid/seraph/clothing/foot/courier-boots" }
	},
	texturesByType: {
		"*-travelling-boots": {
			"seraph": { base: "game:block/transparent" }
		},
		"*-walking-boots": {
			"seraph": { base: "game:block/transparent" }
		},
	},
    "storageFlags": 128,
    "attributes": {
	  "wearableAttachment": true,
      "groundStorageTransform": {
        "translation": { "x": 0, "y": 0.011, "z": 0 }
      },
      "onDisplayTransform": {
        "translation": { "x": 0, "y": 0.011, "z": 0 },
        "rotation": { "x": 0, "y": -90, "z": 0 },
        "origin": { "x": 0.5, "y": 0, "z": 0.5 },
        "scale": 0.9
      },
      "displaycaseable": true,
      "shelvable": true,
      "warmthByType": {
        "*-travelling-boots": 0.5,
        "*-walking-boots": 0.5
      },
      "clothescategory": "armorlegs",
      "statModifiersByType": {
        "*-travelling-boots": {
          "walkSpeed": 0.1,
          "hungerrate": 0.05
        },
        "*-walking-boots": {
          "walkSpeed": 0.06,
          "hungerrate": 0.05
        }
      },
      "defaultProtLoss": {
        "perTierRelativeProtectionLoss": [0.01, 0.06],
        "perTierFlatDamageReductionLoss": [0.04, 0.08]
      },
      "protectionModifiersByType": {
        "*-boots": {
          "relativeProtection": 0.3,
          "flatDamageReduction": 0.2,
          "protectionTier": 1
        }
      }
    },
    "durabilityByType": {
      "*-boots": 500
    },
    "creativeinventory": { "general": ["*"], "items": ["*"], "clothing": ["*"], "hideandfabric": ["*"] },
    "renderAlphaTest": 0.25,
    "fpHandTransform": {
      "translation": { "x": 0.7, "y": 0.1, "z": -0.4 },
      "rotation": { "x": -33, "y": 10, "z": -24 },
      "scale": 2.5
    },
    "tpHandTransform": {
      "translation": { "x": -0.75, "y": -0.8, "z": -0.9 },
      "rotation": { "x": 48, "y": 88, "z": 54 },
      "scale": 0.6
    },
    "guiTransform": {
      "rotate": false,
      "translation": { "x": 2, "y": 0, "z": 18 },
      "rotation": { "x": 152, "y": -118, "z": -3 },
      "origin": { "x": 0.5, "y": 0.29, "z": 0.55 },
      "scale": 2.2
    },
    "groundTransform": {
      "translation": { "x": 0.05, "y": 0.02, "z": 0 },
      "rotation": { "x": 0, "y": 0, "z": 0 },
      "origin": { "x": 0.5, "y": 0, "z": 0.5 },
      "scale": 3.11
    }
  }
  