{
  "code": "woolarmor",
  "class": "ItemWearable",
  "heldTpIdleAnimation": "holdunderarm",
  "variantgroups": [
    { "code": "bodypart", "states": ["head", "body", "legs"] },
    {
      "code": "construction",
      "states": [
        "sewn",
        "tailored-blue",
        "tailored-brown",
        "tailored-gray",
        "tailored-black",
        "tailored-green",
        "tailored-orange",
        "tailored-pink",
        "tailored-plain",
        "tailored-purple",
        "tailored-red",
        "tailored-white",
        "tailored-yellow"
      ]
    }
  ],
  "shape": { "base": "game:entity/humanoid/seraph/armor/gambeson/{bodypart}" },
  "textures": {
    "seraph": { "base": "game:block/transparent" },
    "materialByType": {
      "*-tailored-plain": { "base": "entity/humanoid/serapharmor/wool/tailored-plain" },
      "*-tailored-*": { "base": "game:entity/humanoid/serapharmor/sewn/{construction}" },
      "*-sewn": { "base": "entity/humanoid/serapharmor/wool/sewn" }
    }
  },
  "storageFlags": 128,
  "attributes": {
    "visibleDamageEffect": true,
    "wearableAttachment": true,
    "clothescategoryByType": {
      "*-head-*": "armorhead",
      "*-body-*": "armorbody",
      "*-legs-*": "armorlegs"
    },
    "disableElementsByType": {
      "*-head-*": ["Hair tile upper part", "Ponytail1", "hideme"],
      "*-body-*": ["Waist", "hideupperarm", "hidelowerarm"]
    },
    "defaultProtLoss": {
      "perTierRelativeProtectionLoss": [0.03, 0.15],
      "perTierFlatDamageReductionLoss": [0.1, 0.2]
    },
    "footStepSoundByType": {
      "*-body-sewn": "game:wearable/leather*",
      "*-body-tailored-*": "game:wearable/leather*"
    },
    "protectionModifiersByType": {
      "*-sewn": {
        "relativeProtection": 0.7,
        "flatDamageReduction": 0.7,
        "protectionTier": 2,
        "perTierRelativeProtectionLoss": [0.015, 0.075],
        "perTierFlatDamageReductionLoss": [0.05, 0.1]
      },
      "*-tailored-*": {
        "relativeProtection": 0.75,
        "flatDamageReduction": 0.75,
        "protectionTier": 2,
        "perTierRelativeProtectionLoss": [0.015, 0.075],
        "perTierFlatDamageReductionLoss": [0.05, 0.1]
      }
    },
    "statModifiersByType": {
      "*-sewn": {
        "warmth": 1.2,
        "walkSpeed": -0.02,
        "healingeffectivness": -0.17,
        "hungerrate": 0.03
      },
      "*-tailored-*": {
        "warmth": 1.5,
        "healingeffectivness": -0.1,
        "hungerrate": 0.03
      }
    }
  },
  "creativeinventory": { "general": ["*"], "items": ["*"], "clothing": ["*"], "hideandfabric": ["*"] },
  "renderAlphaTest": 0.25,
  "durabilityByType": {
    "*-sewn": 900,
    "*-tailored-*": 900
  },
  "fpHandTransformByType": {
    "*-head-*": {
      "translation": { "x": 0.4, "y": -1.9, "z": -0.5 },
      "rotation": { "x": 163, "y": -111, "z": -180 },
      "origin": { "x": 0.5, "y": 1.7, "z": 0.5 },
      "scale": 2.15
    },
    "*-body-*": {
      "translation": { "x": 0.4, "y": -1.2, "z": -0.5 },
      "rotation": { "x": 163, "y": -111, "z": -180 },
      "origin": { "x": 0.5, "y": 1.6, "z": 0.5 },
      "scale": 2.15
    },
    "*-legs-*": {
      "translation": { "x": 0.4, "y": -1.2, "z": -0.5 },
      "rotation": { "x": 163, "y": -111, "z": -180 },
      "origin": { "x": 0.5, "y": 1.6, "z": 0.5 },
      "scale": 2.15
    }
  },
  "tpHandTransformByType": {
    "*-head-*": {
      "translation": { "x": -0.82, "y": -2.2, "z": -0.5 },
      "rotation": { "x": 18, "y": 169, "z": 30 },
      "origin": { "x": 0.5, "y": 1.7, "z": 0.5 },
      "scale": 0.64
    },
    "*-body-*": {
      "translation": { "x": -1, "y": -1.9, "z": -0.5 },
      "rotation": { "x": 97, "y": -168, "z": 94 },
      "origin": { "x": 0.5, "y": 1.5, "z": 0.5 },
      "scale": 0.67
    },
    "*-legs-*": {
      "translation": { "x": -0.7, "y": -0.6, "z": -0.4 },
      "rotation": { "x": 95, "y": -20, "z": -91 },
      "origin": { "x": 0.5, "y": 0.7, "z": 0.5 },
      "scale": 0.74
    }
  },
  "guiTransformByType": {
    "*-head-*": {
      "translation": { "x": 0, "y": 0, "z": 0 },
      "rotation": { "x": -26, "y": -46, "z": -180 },
      "origin": { "x": 0.6, "y": 1.72, "z": 0.5 },
      "scale": 2
    },
    "*-body-*": {
      "translation": { "x": 3, "y": 0, "z": 0 },
      "rotation": { "x": -26, "y": -46, "z": -180 },
      "origin": { "x": 0.5, "y": 1.11, "z": 0.5 },
      "scale": 1.37
    },
    "*-legs-*": {
      "translation": { "x": 1, "y": 0, "z": 0 },
      "rotation": { "x": -26, "y": -46, "z": -180 },
      "origin": { "x": 0.5, "y": 0.6, "z": 0.5 },
      "scale": 1.25
    }
  },
  "groundTransformByType": {
    "*-head-*": {
      "translation": { "x": 0, "y": 0, "z": 0 },
      "rotation": { "x": 0, "y": 0, "z": 0 },
      "origin": { "x": 0.34, "y": 1.71, "z": 0.5 },
      "scale": 3.1
    },
    "*-body-*": {
      "translation": { "x": 0, "y": 0, "z": 0 },
      "rotation": { "x": 0, "y": 0, "z": 90 },
      "origin": { "x": 0.34, "y": 1.12, "z": 0.5 },
      "scale": 3.1
    },
    "*-legs-*": {
      "translation": { "x": 0, "y": 0, "z": 0 },
      "rotation": { "x": 0, "y": 0, "z": 90 },
      "origin": { "x": 0.34, "y": 1.12, "z": 0.5 },
      "scale": 3.1
    }
  }
}
