{
	code: "rana",
	class: "EntityAgent",
	variantgroups: [
		{ code: "type", states: ["temporaria", "arvalis", "dalmatina", "latastei", "pseudodalmatina", "graeca", "iberica", "italica", "pyrenaica", "macrocnemis", "tavasensis", "amurensis", "asiatica"]},
		{ code: "gender", states: ["female", "male"]}
	],
	collisionBoxSizeByType: {
		"rana-temporaria-*": { x: 0.09, y: 0.045 },
		"rana-arvalis-*": { x: 0.075, y: 0.0375 },
		"rana-dalmatina-*": { x: 0.085, y: 0.0425 },
		"rana-latastei-*": { x: 0.075, y: 0.0375 },
		"rana-pseudodalmatina-*": { x: 0.08, y: 0.04 },
		"rana-graeca-*": { x: 0.08, y: 0.04 },
		"rana-iberica-*": { x: 0.07, y: 0.035 },
		"rana-italica-*": { x: 0.075, y: 0.0375 },
		"rana-pyrenaica-*": { x: 0.05, y: 0.025 },
		"rana-macrocnemis-*": { x: 0.075, y: 0.0375 },
		"rana-tavasensis-*": { x: 0.07, y: 0.035 },
		"rana-amurensis-*": { x: 0.08, y: 0.04 },
		"rana-asiatica-*": { x: 0.07, y: 0.035 },
	},
	deadCollisionBoxSizeByType: {
		"rana-temporaria-*": { x: 0.09, y: 0.045 },
		"rana-arvalis-*": { x: 0.075, y: 0.0375 },
		"rana-dalmatina-*": { x: 0.085, y: 0.0425 },
		"rana-latastei-*": { x: 0.075, y: 0.0375 },
		"rana-pseudodalmatina-*": { x: 0.08, y: 0.04 },
		"rana-graeca-*": { x: 0.08, y: 0.04 },
		"rana-iberica-*": { x: 0.07, y: 0.035 },
		"rana-italica-*": { x: 0.075, y: 0.0375 },
		"rana-pyrenaica-*": { x: 0.05, y: 0.025 },
		"rana-macrocnemis-*": { x: 0.075, y: 0.0375 },
		"rana-tavasensis-*": { x: 0.07, y: 0.035 },
		"rana-amurensis-*": { x: 0.08, y: 0.04 },
		"rana-asiatica-*": { x: 0.07, y: 0.035 },
	},	
	selectionBoxSizeByType: {
		"*-temporaria-*": { x: 0.09, y: 0.045 },
		"*-arvalis-*": { x: 0.075, y: 0.0375 },
		"*-dalmatina-*": { x: 0.085, y: 0.0425 },
		"*-latastei-*": { x: 0.075, y: 0.0375 },
		"*-pseudodalmatina-*": { x: 0.08, y: 0.04 },
		"*-graeca-*": { x: 0.08, y: 0.04 },
		"*-iberica-*": { x: 0.07, y: 0.035 },
		"*-italica-*": { x: 0.075, y: 0.0375 },
		"*-pyrenaica-*": { x: 0.05, y: 0.025 },
		"*-macrocnemis-*": { x: 0.075, y: 0.0375 },
		"*-tavasensis-*": { x: 0.07, y: 0.035 },
		"*-amurensis-*": { x: 0.08, y: 0.04 },
		"*-asiatica-*": { x: 0.07, y: 0.035 },
	},
	deadSelectionBoxSizeByType: {
		"*-temporaria-*": { x: 0.09, y: 0.045 },
		"*-arvalis-*": { x: 0.075, y: 0.0375 },
		"*-dalmatina-*": { x: 0.085, y: 0.0425 },
		"*-latastei-*": { x: 0.075, y: 0.0375 },
		"*-pseudodalmatina-*": { x: 0.08, y: 0.04 },
		"*-graeca-*": { x: 0.08, y: 0.04 },
		"*-iberica-*": { x: 0.07, y: 0.035 },
		"*-italica-*": { x: 0.075, y: 0.0375 },
		"*-pyrenaica-*": { x: 0.05, y: 0.025 },
		"*-macrocnemis-*": { x: 0.075, y: 0.0375 },
		"*-tavasensis-*": { x: 0.07, y: 0.035 },
		"*-amurensis-*": { x: 0.08, y: 0.04 },
		"*-asiatica-*": { x: 0.07, y: 0.035 },
	},	
	knockbackResistance: 0,
	weight: 1,
	eyeHeight: 0.04,
	drops: [],
	attributes: {
		netCaughtItemCode: "pondfrogsi:creature-rana-{type}-{gender}",
		guiTransform: {
			translation: { x: 0, y: 0, z: 0 },
			rotation: { x: 180, y: -115, z: 6 },
			origin: { x: 0.5, y: 0.74, z: 0.5 }
		},
		tpHandTransform: {
			translation: { x: -0.7, y: -0.8, z: -0.6 },
			rotation: { x: 1, y: 172, z: 26 },
			scale: 0.44
		},
		fpHandTransform: {
			translation: { x: 0.05, y: -0.3, z: 0.5 },
			rotation: { x: -8, y: -84, z: -31 },
		},
		groundTransform: {
			translation: { x: 0, y: 0.1, z: 0 }
		}
	},
	client: {
		renderer: "Shape",
		shape: { base: "entity/land/rana" },
		textureByType: {
			"*-temporaria-female": { base: "entity/pondfrog/rana-temporaria-female" },
			"*-temporaria-male": { base: "entity/pondfrog/rana-temporaria-male" },
			"*-arvalis-female": { base: "entity/pondfrog/rana-arvalis-female" },
			"*-arvalis-male": { base: "entity/pondfrog/rana-arvalis-male" },
			"*-dalmatina-female": { base: "entity/pondfrog/rana-dalmatina-female" },
			"*-dalmatina-male": { base: "entity/pondfrog/rana-dalmatina-male" },
			"*-latastei-female": { base: "entity/pondfrog/rana-latastei-female" },
			"*-latastei-male": { base: "entity/pondfrog/rana-latastei-male" },
			"*-pseudodalmatina-*": { base: "entity/pondfrog/rana-pseudodalmatina" },
			"*-graeca-female": { base: "entity/pondfrog/rana-graeca-female" },
			"*-graeca-male": { base: "entity/pondfrog/rana-graeca-male" },
			"*-iberica-female": { base: "entity/pondfrog/rana-iberica-female" },
			"*-iberica-male": { base: "entity/pondfrog/rana-iberica-male" },
			"*-italica-female": { base: "entity/pondfrog/rana-italica-female" },
			"*-italica-male": { base: "entity/pondfrog/rana-italica-male" },
			"*-pyrenaica-female": { base: "entity/pondfrog/rana-pyrenaica-female" },
			"*-pyrenaica-male": { base: "entity/pondfrog/rana-pyrenaica-male" },
			"*-macrocnemis-female": { base: "entity/pondfrog/rana-macrocnemis-female" },
			"*-macrocnemis-male": { base: "entity/pondfrog/rana-macrocnemis-male" },
			"*-tavasensis-*": { base: "entity/pondfrog/rana-tavasensis" },
			"*-amurensis-*": { base: "entity/pondfrog/rana-amurensis" },
			"*-asiatica-*": { base: "entity/pondfrog/rana-asiatica" },
		},
		sizeByType: {
			"rana-temporaria-female": 0.111,
			"rana-temporaria-male": 0.101,
			"rana-arvalis-female": 0.092,
			"rana-arvalis-male": 0.082,
			"rana-dalmatina-female": 0.105,
			"rana-dalmatina-male": 0.095,
			"rana-latastei-female": 0.092,
			"rana-latastei-male": 0.082,
			"rana-pseudodalmatina-female": 0.098,
			"rana-pseudodalmatina-male": 0.088,
			"rana-graeca-female": 0.098,
			"rana-graeca-male": 0.088,
			"rana-iberica-female": 0.086,
			"rana-iberica-male": 0.076,
			"rana-italica-female": 0.092,
			"rana-italica-male": 0.082,
			"rana-pyrenaica-female": 0.062,
			"rana-pyrenaica-male": 0.052,
			"rana-macrocnemis-female": 0.092,
			"rana-macrocnemis-male": 0.082,
			"rana-tavasensis-female": 0.086,
			"rana-tavasensis-male": 0.076,
			"rana-amurensis-female": 0.098,
			"rana-amurensis-male": 0.088,
			"rana-asiatica-female": 0.086,
			"rana-asiatica-male": 0.076,
		},
		behaviors: [
			{ code: "repulseagents" }, 
			{ code: "controlledphysics", stepHeight: 0.5},
			{ code: "floatupwhenstuck", onlyWhenDead: true },
			{ code: "interpolateposition" },
			{ code: "despawn", minPlayerDistance: 8, belowLightLevel: 8, minSeconds: 300 },
		],
		animations: [
			{
				code: "hurt",
				animation: "jump", 
				animationSpeed: 2.2,
				weight: 10,
				blendMode: "AddAverage" 
			},
			{
				code: "die",
				animation: "sleep", 
				animationSpeed: 1.25,
				weight: 10,
				blendMode: "Average",
				triggeredBy: { onControls: ["dead"] }
			},
			{ 
				code: "idle", 
				animation: "idle",
				blendMode: "AddAverage",
				easeOutSpeed: 4,
				triggeredBy: { defaultAnim: true },
			},
			{
				code: "sleep", 
				animation: "sleep",
				easeInSpeed: 4,
				easeOutSpeed: 4,
				weight: 1.25,
				blendMode: "Average", 
			},
			{
				code: "sit", 
				animation: "call",
				easeInSpeed: 4,
				easeOutSpeed: 3,
				supressDefaultAnimation: true,
				blendMode: "Average", 
			},
			{
				code: "walk",
				animation: "jump",
				supressDefaultAnimation: true,
				blendMode: "AddAverage"
			}
		]
	},
	server: {
		attributes: {
			pathfinder: {
				minTurnAnglePerSec: 350,
				maxTurnAnglePerSec: 650
			}
		},
		behaviors: [
			{ code: "repulseagents" }, 
			{ code: "controlledphysics", stepHeight: 0.5},
			{ code: "despawn", minPlayerDistance: 8, belowLightLevel: 8, minSeconds: 300 },
			{ code: "floatupwhenstuck", onlyWhenDead: true },
			{ 
				code: "emotionstates",
				states: [
					{ code: "fleeondamage", 
							duration: 30, 
							chance: 1,
							slot: 2, 
							priority: 5, 
							accumType: "max", 
							whenHealthRelBelow: 0.3 },
					{ 
						code: "saturated", 
						duration: 1200, chance: 1, slot: 0, priority: 1, accumType: "sum",
						belowTempDuration: 600,
						belowTempThreshold: -5
					},
					
				],
			},
			{ 
				code: "taskai",
				aitasks: [
					{
						code: "idle",
						priority: 1.1,
						priorityForCancel: 1.35,
						minduration: 2500,
						maxduration: 2500,
						mincooldown: 6000,
						maxcooldown: 20000,
						animation: "idle",
						animationSpeed: 1
					},
					{
                     			   code: "idle",
                        		   priority: 1.3,
                        		   priorityForCancel: 1.35,
                   		           minduration: 4667,
                        		   maxduration: 4667,
                        		   mincooldown: 4667,
                        		   maxcooldown: 8000,
					   duringDayTimeFrames: [ { fromHour: 17, toHour: 24 }, { fromHour: 0, toHour: 6 }],
                       		   	   animation: "call",
                       		    	   animationSpeed: 1.0,
					   belowTempChance: 0,
 					   belowTempThresholdByType: {
						"*-temporaria-*": 0,
						"*-arvalis-*": -2,
						"*-dalmatina-*": 2,
						"*-latastei-*": 4,
						"*-pseudodalmatina-*": 9,
						"*-graeca-*": 5,
						"*-iberica-*": 4,
						"*-italica-*": 3,
						"*-pyrenaica-*": 1,
						"*-macrocnemis-*": 0,
						"*-tavasensis-*": 7,
						"*-amurensis-*": -5,
						"*-asiatica-*": -1,
						},
                        		   soundByType: {
							"*-temporaria-*":"game:creature/pondfrog/song1",
							"*-arvalis-*":"game:creature/pondfrog/song2",
							"*-dalmatina-*":"game:creature/pondfrog/song3",
							"*-latastei-*":"game:creature/pondfrog/song3",
							"*-pseudodalmatina-*":"game:creature/pondfrog/song4",
							"*-graeca-*":"game:creature/pondfrog/song7",
							"*-iberica-*":"game:creature/pondfrog/song5",
							"*-italica-*":"game:creature/pondfrog/song7",
							"*-pyrenaica-*":"game:creature/pondfrog/song6",
							"*-macrocnemis-*":"game:creature/pondfrog/song4",
							"*-tavasensis-*":"game:creature/pondfrog/song4",
							"*-amurensis-*":"game:creature/pondfrog/song8",
							"*-asiatica-*":"game:creature/pondfrog/song1",
                            				"*": "game:creature/pondfrog/song1"
                        				},
                        		   soundRangeByType: {
                            				      "*": 50
                        				     }
                    			},
					{
						code: "fleeentity",
						entityCodes: [ "player", "wolf-male", "wolf-female", "bear-*", "hyena-male", "hyena-female" ],
						priority: 1.7,
						seekingRange: 2,
						animation: "jump",
						whenInEmotionState: "fleeondamage",
						animationSpeed: 1,
						movespeed: 0.0035
					},
					{
						code: "idle",
						priority: 1.3,
						priorityForCancel: 1.35,
						minduration: 200000,
						maxduration: 800000,
						mincooldown: 10000,
						maxcooldown: 30000,
						animation: "sleep",
						animationSpeed: 0.3,
						belowTempPriority: 1.9,
 						belowTempThresholdByType: {
						"*-temporaria-*": 0,
						"*-arvalis-*": -2,
						"*-dalmatina-*": 2,
						"*-latastei-*": 4,
						"*-pseudodalmatina-*": 9,
						"*-graeca-*": 5,
						"*-iberica-*": 4,
						"*-italica-*": 3,
						"*-pyrenaica-*": 1,
						"*-macrocnemis-*": 0,
						"*-tavasensis-*": 7,
						"*-amurensis-*": -5,
						"*-asiatica-*": -1,
						},
						duringDayTimeFrames: [ { fromHour: 12, toHour: 17 } ],
						stopOnNearbyEntityCodes: ["player"],
						stopRange: 2,
						stopOnHurt: true
					},					
					{
						code: "idle",
						priority: 1.1,
						priorityForCancel: 1.35,
						minduration: 2500,
						maxduration: 2500,
						mincooldown: 6000,
						maxcooldown: 20000,
						animation: "idle",
						animationSpeed: 1
					},
					{
						code: "wander", 
						priority: 1.0, 
						priorityForCancel: 1.35,
						animation: "jump",
						preferredLightLevel: 20,
						animationSpeed: 1,
						movespeed: 0.0025
					},
					{
						code: "getoutofwater",
						priority: 1.4,
						movespeed: 0.0025,
						animation: "swim",
						animationSpeed: 1
					},
					{
						code: "idle",
						priority: 0.6,
						priorityForCancel: 1.35,
						minduration: 5000,
						maxduration: 30000,
						mincooldown: 2000,
						maxcooldown: 120000,
						animation: "eat",
						stopOnNearbyEntityCodes: ["player"],
						stopRange: 2					},
					{ 
						code: "lookaround", 
						turnSpeedMul: 0.2,
						priority: 0.5
					}
				]
			},
		],
		spawnconditions: {

				runtime: {
					group: "passive",
					chanceByType: {
						"*-temporaria-*": 0.0063,
						"*-arvalis-*": 0.005,
						"*-dalmatina-*": 0.005,
						"*-latastei-*": 0.005,
						"*-pseudodalmatina-*": 0.005,
						"*-graeca-*": 0.025,
						"*-iberica-*": 0.025,
						"*-italica-*": 0.025,
						"*-pyrenaica-*": 0.025,
						"*-macrocnemis-*": 0.005,
						"*-tavasensis-*": 0.005,
						"*-amurensis-*": 0.0055,
						"*-asiatica-*": 0.005,
							},
					tryOnlySurface: true,
					spawnCapPlayerScaling: 0.5,
					maxQuantityByGroup: { code: "rana-*", maxQuantity: 100 },				
					groupSize: { dist: "verynarrowgaussian", avg: 2, var: 2 },
					insideBlockCodesByType: { 
							     "*-graeca-*":["game:water-d-*", "game:water-n-*", "game:water-ne-*", "game:water-e-*", "game:water-se-*", "game:water-s-*", "game:water-sw-*", "game:water-w-*", "game:water-nw-*", "game:flower-horsetail-*"],
							     "*-iberica-*":["game:water-d-*", "game:water-n-*", "game:water-ne-*", "game:water-e-*", "game:water-se-*", "game:water-s-*", "game:water-sw-*", "game:water-w-*", "game:water-nw-*", "game:flower-horsetail-*"],
							     "*-italica-*":["game:water-d-*", "game:water-n-*", "game:water-ne-*", "game:water-e-*", "game:water-se-*", "game:water-s-*", "game:water-sw-*", "game:water-w-*", "game:water-nw-*", "game:flower-horsetail-*"],
							     "*-pyrenaica-*":["game:water-d-*", "game:water-n-*", "game:water-ne-*", "game:water-e-*", "game:water-se-*", "game:water-s-*", "game:water-sw-*", "game:water-w-*", "game:water-nw-*", "game:flower-horsetail-*"],
							     "*-amurensis-*":["game:water-*", "game:tallplant-coopersreed-*", "game:tallplant-papyrus-*", "game:flower-horsetail-*"],
							     "*":["game:water-still-7", "game:tallplant-coopersreed-*", "game:tallplant-papyrus-*", "game:flower-horsetail-*"],
					},
					minTempByType: {
						"*-temporaria-*": 3,
						"*-arvalis-*": 1,
						"*-dalmatina-*": 5,
						"*-latastei-*": 7,
						"*-pseudodalmatina-*": 12,
						"*-graeca-*": 8,
						"*-iberica-*": 7,
						"*-italica-*": 6,
						"*-pyrenaica-*": 4,
						"*-macrocnemis-*": 3,
						"*-tavasensis-*": 10,
						"*-amurensis-*": -2,
						"*-asiatica-*": 2,
					},
					maxTempByType: {
						"*-temporaria-*": 18,
						"*-arvalis-*": 14,
						"*-dalmatina-*": 20,
						"*-latastei-*": 18,
						"*-pseudodalmatina-*": 18,
						"*-graeca-*": 21,
						"*-iberica-*": 20,
						"*-italica-*": 19,
						"*-pyrenaica-*": 16,
						"*-macrocnemis-*": 16,
						"*-tavasensis-*": 18,
						"*-amurensis-*": 11,
						"*-asiatica-*": 19,
					},
					minRainByType: {
						"*-temporaria-*": 0.6,
						"*-arvalis-*": 0.65,
						"*-dalmatina-*": 0.55,
						"*-latastei-*": 0.6,
						"*-pseudodalmatina-*": 0.7,
						"*-graeca-*": 0.6,
						"*-iberica-*": 0.55,
						"*-italica-*": 0.65,
						"*-pyrenaica-*": 0.55,
						"*-macrocnemis-*": 0.6,
						"*-tavasensis-*": 0.55,
						"*-amurensis-*": 0.5,
						"*-asiatica-*": 0.45,
					},
					maxRainByType: {
						"*-temporaria-*": 0.9,
						"*-arvalis-*": 0.85,
						"*-dalmatina-*": 0.8,
						"*-latastei-*": 0.85,
						"*-pseudodalmatina-*": 1,
						"*-graeca-*": 0.95,
						"*-iberica-*": 0.9,
						"*-italica-*": 0.95,
						"*-pyrenaica-*": 0.9,
						"*-macrocnemis-*": 0.95,
						"*-tavasensis-*": 0.8,
						"*-amurensis-*": 0.8,
						"*-asiatica-*": 0.75,
					},
					minYByType: {
						"*-temporaria-*": 1.01,
						"*-arvalis-*": 1.03,
						"*-dalmatina-*": 1.05,
						"*-latastei-*": 1.06,
						"*-pseudodalmatina-*": 1.06,
						"*-graeca-*": 1.01,
						"*-iberica-*": 1.06,
						"*-italica-*": 1.04,
						"*-pyrenaica-*": 1.28,
						"*-macrocnemis-*": 1.1,
						"*-tavasensis-*": 1.16,
						"*-amurensis-*": 1.04,
						"*-asiatica-*": 1.1,
					},
					maxYByType: {
						"*-temporaria-*": 1.4,
						"*-arvalis-*": 1.32,
						"*-dalmatina-*": 1.36,
						"*-latastei-*": 1.38,
						"*-pseudodalmatina-*": 1.3,
						"*-graeca-*": 1.34,
						"*-iberica-*": 1.42,
						"*-italica-*": 1.4,
						"*-pyrenaica-*": 1.5,
						"*-macrocnemis-*": 1.4,
						"*-tavasensis-*": 1.42,
						"*-amurensis-*": 1.4,
						"*-asiatica-*": 1.46,
					},
					minShrubsByType: {
						"*-temporaria-*": 0.15,
						"*-arvalis-*": 0.1,
						"*-dalmatina-*": 0.25,
						"*-latastei-*": 0.25,
						"*-pseudodalmatina-*": 0.5,
						"*-graeca-*": 0.1,
						"*-iberica-*": 0.33,
						"*-italica-*": 0.15,
						"*-pyrenaica-*": 0,
						"*-macrocnemis-*": 0.25,
						"*-tavasensis-*": 0.1,
						"*-amurensis-*": 0.1,
						"*-asiatica-*": 0.1,
					},
					maxShrubsByType: {
						"*-temporaria-*": 0.7,
						"*-arvalis-*": 0.6,
						"*-dalmatina-*": 0.9,
						"*-latastei-*": 0.95,
						"*-pseudodalmatina-*": 1,
						"*-graeca-*": 0.6,
						"*-iberica-*": 1,
						"*-italica-*": 0.75,
						"*-pyrenaica-*": 0.5,
						"*-macrocnemis-*": 0.9,
						"*-tavasensis-*": 0.6,
						"*-amurensis-*": 0.6,
						"*-asiatica-*": 0.6,
					},
					minForestByType: {
						"*-temporaria-*": 0.1,
						"*-arvalis-*": 0.05,
						"*-dalmatina-*": 0.25,
						"*-latastei-*": 0,
						"*-pseudodalmatina-*": 0.5,
						"*-graeca-*": 0.33,
						"*-iberica-*": 0,
						"*-italica-*": 0,
						"*-pyrenaica-*": 0,
						"*-macrocnemis-*": 0.5,
						"*-tavasensis-*": 0.4,
						"*-amurensis-*": 0.4,
						"*-asiatica-*": 0.2,
					},
					maxForestByType: {
						"*-temporaria-*": 1,
						"*-arvalis-*": 0.85,
						"*-dalmatina-*": 1,
						"*-latastei-*": 0.5,
						"*-pseudodalmatina-*": 1,
						"*-graeca-*": 1,
						"*-iberica-*": 0.5,
						"*-italica-*": 0.6,
						"*-pyrenaica-*": 0.5,
						"*-macrocnemis-*": 1,
						"*-tavasensis-*": 0.9,
						"*-amurensis-*": 1,
						"*-asiatica-*": 0.9,
					},
					"companions": [ "pondfrogsi:rana-{species}-male", "pondfrogsi:rana-{species}-female"],
					
				}
		}
	},
	soundsByType: {
		"*-temporaria-*": {
        	                  idle: "game:creature/pondfrog/song1",
				  death: "game:creature/pondfrog/song1",
				  },
		"*-arvalis-*": {
        	                  idle: "game:creature/pondfrog/song2",
				  death: "game:creature/pondfrog/song2",
				  },
		"*-dalmatina-*": {
        	                  idle: "game:creature/pondfrog/song3",
				  death: "game:creature/pondfrog/song3",
				  },
		"*-latastei-*": {
        	                  idle: "game:creature/pondfrog/song3",
				  death: "game:creature/pondfrog/song3",
				  },
		"*-pseudodalmatina-*": {
        	                  idle: "game:creature/pondfrog/song4",
				  death: "game:creature/pondfrog/song4",
				  },
		"*-graeca-*": {
        	                  idle: "game:creature/pondfrog/song7",
				  death: "game:creature/pondfrog/song7",
				  },
		"*-iberica-*": {
        	                  idle: "game:creature/pondfrog/song5",
				  death: "game:creature/pondfrog/song5",
				  },
		"*-italica-*": {
        	                  idle: "game:creature/pondfrog/song7",
				  death: "game:creature/pondfrog/song7",
				  },
		"*-pyrenaica-*": {
        	                  idle: "game:creature/pondfrog/song6",
				  death: "game:creature/pondfrog/song6",
				  },
		"*-macrocnemis-*": {
        	                  idle: "game:creature/pondfrog/song4",
				  death: "game:creature/pondfrog/song4",
				  },
		"*-tavasensis-*": {
        	                  idle: "game:creature/pondfrog/song4",
				  death: "game:creature/pondfrog/song4",
				  },
		"*-amurensis-*": {
        	                  idle: "game:creature/pondfrog/song8",
				  death: "game:creature/pondfrog/song8",
				  },
		"*-asiatica-*": {
        	                  idle: "game:creature/pondfrog/song1",
				  death: "game:creature/pondfrog/song1",
				  },
		"*": {
        	                  idle: "game:creature/pondfrog/song1",
				  death: "game:creature/pondfrog/song1",
				  },
    },
	idleSoundChance: 0,
}

