{
	"editor": {
		"allAngles": false,
		"entityTextureMode": false
	},
	"textureWidth": 16,
	"textureHeight": 16,
	"textureSizes": {
	},
	"textures": {
		"copper1": "/Users/HARPWNER/AppData/Roaming/Vintagestory/assets/survival/textures/block/metal/sheet/copper1",
		"generic": "/Users/HARPWNER/AppData/Roaming/Vintagestory/assets/survival/textures/block/wood/planks/generic"
	},
	"elements": [
		{
			"name": "Wall1",
			"from": [ 6.0, 5.0, 6.0 ], 
			"to": [ 10.0, 6.0, 10.0 ], 
			"rotationOrigin": [ 6.0, 5.0, 6.0 ],
			"faces": {
				"north": { "texture": "#copper1", "uv": [ 6.0, 15.0, 10.0, 16.0 ] },
				"east": { "texture": "#copper1", "uv": [ 5.0, 0.0, 9.0, 1.0 ] },
				"south": { "texture": "#copper1", "uv": [ 6.5, 15.0, 10.5, 16.0 ] },
				"west": { "texture": "#copper1", "uv": [ 4.5, 0.0, 8.5, 1.0 ] },
				"up": { "texture": "#copper1", "uv": [ 0.0, 0.0, 4.0, 4.0 ] },
				"down": { "texture": "#copper1", "uv": [ 0.0, 0.0, 4.0, 4.0 ] }
			}
		},
		{
			"name": "Wall",
			"from": [ 5.0, 6.0, 6.0 ], 
			"to": [ 6.0, 10.0, 10.0 ], 
			"rotationOrigin": [ 5.0, 6.0, 6.0 ],
			"faces": {
				"north": { "texture": "#copper1", "uv": [ 15.0, 8.0, 16.0, 12.0 ] },
				"east": { "texture": "#copper1", "uv": [ 0.0, 0.0, 4.0, 4.0 ] },
				"south": { "texture": "#copper1", "uv": [ 0.0, 8.5, 1.0, 12.5 ] },
				"west": { "texture": "#copper1", "uv": [ 11.5, 6.0, 15.5, 10.0 ] },
				"up": { "texture": "#copper1", "uv": [ 15.0, 6.0, 16.0, 10.0 ] },
				"down": { "texture": "#copper1", "uv": [ 0.0, 7.0, 1.0, 11.0 ] }
			}
		},
		{
			"name": "Wall3",
			"from": [ 10.0, 6.0, 6.0 ], 
			"to": [ 11.0, 10.0, 10.0 ], 
			"rotationOrigin": [ 10.0, 6.0, 6.0 ],
			"faces": {
				"north": { "texture": "#copper1", "uv": [ 0.0, 5.5, 1.0, 9.5 ] },
				"east": { "texture": "#copper1", "uv": [ 10.0, 3.0, 14.0, 7.0 ] },
				"south": { "texture": "#copper1", "uv": [ 15.0, 7.0, 16.0, 11.0 ] },
				"west": { "texture": "#copper1", "uv": [ 5.5, 6.5, 9.5, 10.5 ] },
				"up": { "texture": "#copper1", "uv": [ 0.0, 6.5, 1.0, 10.5 ] },
				"down": { "texture": "#copper1", "uv": [ 15.0, 7.5, 16.0, 11.5 ] }
			}
		},
		{
			"name": "Wall4",
			"from": [ 6.0, 10.0, 6.0 ], 
			"to": [ 10.0, 11.0, 10.0 ], 
			"rotationOrigin": [ 6.0, 10.0, 6.0 ],
			"faces": {
				"north": { "texture": "#copper1", "uv": [ 0.0, 0.0, 4.0, 1.0 ] },
				"east": { "texture": "#copper1", "uv": [ 6.0, 15.0, 10.0, 16.0 ] },
				"south": { "texture": "#copper1", "uv": [ 6.0, 0.0, 10.0, 1.0 ] },
				"west": { "texture": "#copper1", "uv": [ 6.0, 15.0, 10.0, 16.0 ] },
				"up": { "texture": "#copper1", "uv": [ 5.0, 3.5, 9.0, 7.5 ] },
				"down": { "texture": "#copper1", "uv": [ 5.5, 6.0, 9.5, 10.0 ] }
			}
		},
		{
			"name": "Wall5",
			"from": [ 6.0, 6.0, 6.0 ], 
			"to": [ 10.0, 10.0, 7.0 ], 
			"rotationOrigin": [ 6.0, 6.0, 6.0 ],
			"faces": {
				"north": { "texture": "#copper1", "uv": [ 6.5, 7.5, 10.5, 11.5 ] },
				"east": { "texture": "#copper1", "uv": [ 0.0, 0.0, 1.0, 4.0 ] },
				"south": { "texture": "#copper1", "uv": [ 6.5, 5.5, 10.5, 9.5 ] },
				"west": { "texture": "#copper1", "uv": [ 0.0, 0.0, 1.0, 4.0 ] },
				"up": { "texture": "#copper1", "uv": [ 0.0, 0.0, 4.0, 1.0 ] },
				"down": { "texture": "#copper1", "uv": [ 0.0, 0.0, 4.0, 1.0 ] }
			}
		},
		{
			"name": "Wall6",
			"from": [ 6.0, 6.0, 9.0 ], 
			"to": [ 10.0, 10.0, 10.0 ], 
			"rotationOrigin": [ 6.0, 6.0, 9.0 ],
			"faces": {
				"north": { "texture": "#copper1", "uv": [ 5.0, 4.5, 9.0, 8.5 ] },
				"east": { "texture": "#copper1", "uv": [ 0.0, 0.0, 1.0, 4.0 ] },
				"south": { "texture": "#copper1", "uv": [ 5.0, 3.5, 9.0, 7.5 ] },
				"west": { "texture": "#copper1", "uv": [ 0.0, 0.0, 1.0, 4.0 ] },
				"up": { "texture": "#copper1", "uv": [ 0.0, 0.0, 4.0, 1.0 ] },
				"down": { "texture": "#copper1", "uv": [ 0.0, 0.0, 4.0, 1.0 ] }
			}
		},
		{
			"name": "Exhaust",
			"from": [ 11.0, 7.5, 7.5 ], 
			"to": [ 13.0, 8.5, 8.5 ], 
			"rotationOrigin": [ 11.0, 8.0, 8.0 ],
			"faces": {
				"north": { "texture": "#copper1", "uv": [ 0.0, 0.0, 2.0, 1.0 ] },
				"east": { "texture": "#copper1", "uv": [ 0.0, 0.0, 1.0, 1.0 ] },
				"south": { "texture": "#copper1", "uv": [ 0.0, 0.0, 2.0, 1.0 ] },
				"west": { "texture": "#copper1", "uv": [ 0.0, 0.0, 1.0, 1.0 ] },
				"up": { "texture": "#copper1", "uv": [ 0.0, 0.0, 2.0, 1.0 ] },
				"down": { "texture": "#copper1", "uv": [ 0.0, 0.0, 2.0, 1.0 ] }
			}
		},
		{
			"name": "Exhaust8",
			"from": [ 13.0, 7.5, 7.5 ], 
			"to": [ 14.0, 9.5, 8.5 ], 
			"rotationOrigin": [ 13.0, 8.0, 8.0 ],
			"faces": {
				"north": { "texture": "#copper1", "uv": [ 0.0, 0.0, 1.0, 2.0 ] },
				"east": { "texture": "#copper1", "uv": [ 0.0, 0.0, 1.0, 2.0 ] },
				"south": { "texture": "#copper1", "uv": [ 0.0, 0.0, 1.0, 2.0 ] },
				"west": { "texture": "#copper1", "uv": [ 0.0, 0.0, 1.0, 2.0 ] },
				"up": { "texture": "#copper1", "uv": [ 0.0, 0.0, 1.0, 1.0 ] },
				"down": { "texture": "#copper1", "uv": [ 0.0, 0.0, 1.0, 1.0 ] }
			}
		},
		{
			"name": "Exhaust9",
			"from": [ 3.0, 7.5, 7.5 ], 
			"to": [ 5.0, 8.5, 8.5 ], 
			"rotationOrigin": [ 3.0, 8.0, 8.0 ],
			"faces": {
				"north": { "texture": "#copper1", "uv": [ 0.0, 0.0, 2.0, 1.0 ] },
				"east": { "texture": "#copper1", "uv": [ 0.0, 0.0, 1.0, 1.0 ] },
				"south": { "texture": "#copper1", "uv": [ 0.0, 0.0, 2.0, 1.0 ] },
				"west": { "texture": "#copper1", "uv": [ 0.0, 0.0, 1.0, 1.0 ] },
				"up": { "texture": "#copper1", "uv": [ 0.0, 0.0, 2.0, 1.0 ] },
				"down": { "texture": "#copper1", "uv": [ 0.0, 0.0, 2.0, 1.0 ] }
			}
		},
		{
			"name": "Exhaust10",
			"from": [ 2.0, 6.5, 7.5 ], 
			"to": [ 3.0, 8.5, 8.5 ], 
			"rotationOrigin": [ 2.0, 7.0, 8.0 ],
			"faces": {
				"north": { "texture": "#copper1", "uv": [ 0.0, 0.0, 1.0, 2.0 ] },
				"east": { "texture": "#copper1", "uv": [ 0.0, 0.0, 1.0, 2.0 ] },
				"south": { "texture": "#copper1", "uv": [ 0.0, 0.0, 1.0, 2.0 ] },
				"west": { "texture": "#copper1", "uv": [ 0.0, 0.0, 1.0, 2.0 ] },
				"up": { "texture": "#copper1", "uv": [ 0.0, 0.0, 1.0, 1.0 ] },
				"down": { "texture": "#copper1", "uv": [ 0.0, 0.0, 1.0, 1.0 ] }
			}
		},
		{
			"name": "Axle",
			"from": [ 7.0, 6.0, 0.0 ], 
			"to": [ 9.0, 10.0, 6.0 ], 
			"rotationOrigin": [ 7.0, 6.0, 0.0 ],
			"faces": {
				"north": { "texture": "#generic", "uv": [ 0.0, 0.0, 2.0, 4.0 ] },
				"east": { "texture": "#generic", "uv": [ 0.0, 0.0, 6.0, 4.0 ] },
				"south": { "texture": "#generic", "uv": [ 0.0, 0.0, 2.0, 4.0 ] },
				"west": { "texture": "#generic", "uv": [ 0.0, 0.0, 6.0, 4.0 ] },
				"up": { "texture": "#generic", "uv": [ 0.0, 0.0, 2.0, 6.0 ] },
				"down": { "texture": "#generic", "uv": [ 0.0, 0.0, 2.0, 6.0 ] }
			},
			"children": [
				{
					"name": "Cube1",
					"from": [ -1.0, 1.0, 0.01 ], 
					"to": [ 3.0, 3.0, 6.01 ], 
					"rotationOrigin": [ -1.0, 1.0, 0.0 ],
					"faces": {
						"north": { "texture": "#generic", "uv": [ 0.0, 0.0, 4.0, 2.0 ] },
						"east": { "texture": "#generic", "uv": [ 0.0, 0.0, 6.0, 2.0 ] },
						"south": { "texture": "#generic", "uv": [ 0.0, 0.0, 4.0, 2.0 ] },
						"west": { "texture": "#generic", "uv": [ 0.0, 0.0, 6.0, 2.0 ] },
						"up": { "texture": "#generic", "uv": [ 0.0, 0.0, 4.0, 6.0 ] },
						"down": { "texture": "#generic", "uv": [ 0.0, 0.0, 4.0, 6.0 ] }
					}
				}
			]
		}
	]}