{
	"editor": {
		"allAngles": true,
		"entityTextureMode": false
	},
	"textureWidth": 16,
	"textureHeight": 16,
	"textureSizes": {
	},
	"textures": {
		"brass2": "/Users/HARPWNER/AppData/Roaming/Vintagestory/assets/survival/textures/block/metal/sheet/brass2"
	},
	"elements": [
		{
			"name": "Leg1",
			"from": [ 7.5, -16.0, 0.0 ], 
			"to": [ 8.5, -0.1, 1.0 ], 
			"rotationOrigin": [ 7.0, -16.0, 0.0 ],
			"faces": {
				"north": { "texture": "#brass2", "uv": [ 12.0, 0.0, 13.0, 16.0 ], "autoUv": false, "windData": [-1,0,0,-1] },
				"east": { "texture": "#brass2", "uv": [ 3.0, 0.0, 4.0, 15.5 ], "windData": [-1,0,0,-1] },
				"south": { "texture": "#brass2", "uv": [ 12.0, 0.0, 13.0, 15.5 ], "windData": [-1,-1,0,0] },
				"west": { "texture": "#brass2", "uv": [ 3.0, 0.0, 4.0, 15.5 ], "windData": [-1,-1,0,0] },
				"up": { "texture": "#brass2", "uv": [ 3.5, 3.0, 4.5, 4.0 ], "autoUv": false },
				"down": { "texture": "#brass2", "uv": [ 2.5, 3.0, 3.5, 4.0 ] }
			},
			"children": [
				{
					"name": "Wall4",
					"from": [ 1.0, 11.0, 1.0 ], 
					"to": [ 11.5, 16.0, 2.0 ], 
					"rotationOrigin": [ 1.0, 11.0, 1.0 ],
					"rotationY": -135.0,
					"faces": {
						"north": { "texture": "#brass2", "uv": [ 2.5, 6.0, 13.0, 11.0 ], "windMode": [-1,-1,-1,-1] },
						"east": { "texture": "#brass2", "uv": [ 9.5, 5.0, 10.5, 10.0 ], "windMode": [-1,-1,-1,-1] },
						"south": { "texture": "#brass2", "uv": [ 0.5, 0.5, 15.5, 11.5 ], "autoUv": false },
						"west": { "texture": "#brass2", "uv": [ 8.0, 5.0, 9.0, 10.0 ] },
						"up": { "texture": "#brass2", "uv": [ 3.0, 15.0, 13.5, 16.0 ] },
						"down": { "texture": "#brass2", "uv": [ 2.5, 8.0, 13.0, 9.0 ] }
					}
				}
			]
		},
		{
			"name": "Leg2",
			"from": [ 15.0, -16.0, 7.5 ], 
			"to": [ 16.0, -0.1, 8.5 ], 
			"rotationOrigin": [ 15.0, -16.0, 7.0 ],
			"faces": {
				"north": { "texture": "#brass2", "uv": [ 7.5, 0.0, 8.5, 15.5 ] },
				"east": { "texture": "#brass2", "uv": [ 2.5, 0.0, 3.5, 15.5 ] },
				"south": { "texture": "#brass2", "uv": [ 7.5, 0.0, 8.5, 15.5 ] },
				"west": { "texture": "#brass2", "uv": [ 7.0, 0.0, 8.0, 15.5 ] },
				"up": { "texture": "#brass2", "uv": [ 12.5, 8.5, 13.5, 9.5 ] },
				"down": { "texture": "#brass2", "uv": [ 6.0, 11.0, 7.0, 12.0 ] }
			},
			"children": [
				{
					"name": "Wall3",
					"from": [ 0.0, 11.0, -9.5 ], 
					"to": [ 1.0, 16.0, 1.0 ], 
					"rotationOrigin": [ 0.0, 11.0, 1.0 ],
					"rotationY": 45.0,
					"faces": {
						"north": { "texture": "#brass2", "uv": [ 7.5, 6.0, 8.5, 11.0 ] },
						"east": { "texture": "#brass2", "uv": [ 0.5, 0.5, 15.5, 11.5 ], "autoUv": false },
						"south": { "texture": "#brass2", "uv": [ 8.0, 6.0, 9.0, 11.0 ] },
						"west": { "texture": "#brass2", "uv": [ 3.0, 6.0, 13.5, 11.0 ] },
						"up": { "texture": "#brass2", "uv": [ 15.0, 3.5, 16.0, 14.0 ] },
						"down": { "texture": "#brass2", "uv": [ 9.5, 3.0, 10.5, 13.5 ] }
					}
				}
			]
		},
		{
			"name": "Leg3",
			"from": [ 0.0, -16.0, 7.5 ], 
			"to": [ 1.0, -0.1, 8.5 ], 
			"rotationOrigin": [ 0.0, -16.0, 7.0 ],
			"faces": {
				"north": { "texture": "#brass2", "uv": [ 12.0, 0.0, 13.0, 15.5 ] },
				"east": { "texture": "#brass2", "uv": [ 12.0, 0.0, 13.0, 15.5 ] },
				"south": { "texture": "#brass2", "uv": [ 11.0, 0.0, 12.0, 15.5 ] },
				"west": { "texture": "#brass2", "uv": [ 7.5, 0.0, 8.5, 15.5 ] },
				"up": { "texture": "#brass2", "uv": [ 7.5, 11.0, 8.5, 12.0 ] },
				"down": { "texture": "#brass2", "uv": [ 4.5, 4.0, 5.5, 5.0 ] }
			},
			"children": [
				{
					"name": "Wall2",
					"from": [ 1.0, 11.0, 0.0 ], 
					"to": [ 11.5, 16.0, 1.0 ], 
					"rotationOrigin": [ 1.0, 11.0, 0.0 ],
					"rotationY": -45.0,
					"faces": {
						"north": { "texture": "#brass2", "uv": [ 3.5, 4.5, 14.0, 9.5 ] },
						"east": { "texture": "#brass2", "uv": [ 11.0, 6.5, 12.0, 11.5 ] },
						"south": { "texture": "#brass2", "uv": [ 0.5, 0.5, 15.5, 11.5 ], "autoUv": false },
						"west": { "texture": "#brass2", "uv": [ 6.5, 4.5, 7.5, 9.5 ] },
						"up": { "texture": "#brass2", "uv": [ 4.0, 15.0, 14.5, 16.0 ] },
						"down": { "texture": "#brass2", "uv": [ 2.5, 11.0, 13.0, 12.0 ] }
					}
				}
			]
		},
		{
			"name": "Leg4",
			"from": [ 7.5, -16.0, 15.0 ], 
			"to": [ 8.5, -0.1, 16.0 ], 
			"rotationOrigin": [ 7.0, -16.0, 0.0 ],
			"faces": {
				"north": { "texture": "#brass2", "uv": [ 7.5, 0.0, 8.5, 15.5 ] },
				"east": { "texture": "#brass2", "uv": [ 8.0, 0.0, 9.0, 15.5 ] },
				"south": { "texture": "#brass2", "uv": [ 4.0, 0.0, 5.0, 15.5 ] },
				"west": { "texture": "#brass2", "uv": [ 8.0, 0.0, 9.0, 15.5 ] },
				"up": { "texture": "#brass2", "uv": [ 5.5, 4.0, 6.5, 5.0 ] },
				"down": { "texture": "#brass2", "uv": [ 9.5, 7.0, 10.5, 8.0 ] }
			}
		},
		{
			"name": "Pipe",
			"from": [ 7.0, 1.0, 2.0 ], 
			"to": [ 8.0, 7.8, 3.0 ], 
			"rotationOrigin": [ 8.0, 1.0, 2.0 ],
			"rotationY": 45.0,
			"faces": {
				"north": { "texture": "#brass2", "uv": [ 8.0, 8.5, 9.0, 15.0 ] },
				"east": { "texture": "#brass2", "uv": [ 7.5, 8.5, 8.5, 15.0 ] },
				"south": { "texture": "#brass2", "uv": [ 7.5, 8.5, 8.5, 15.0 ] },
				"west": { "texture": "#brass2", "uv": [ 7.0, 8.5, 8.0, 15.0 ] },
				"up": { "texture": "#brass2", "uv": [ 8.5, 5.5, 9.5, 6.5 ] },
				"down": { "texture": "#brass2", "uv": [ 11.5, 8.5, 12.5, 9.5 ] }
			}
		},
		{
			"name": "Knot",
			"from": [ 7.2, 7.1, 2.8 ], 
			"to": [ 8.8, 8.2, 4.0 ], 
			"rotationOrigin": [ 7.2, 7.0, 2.7 ],
			"rotationX": -45.0,
			"faces": {
				"north": { "texture": "#brass2", "uv": [ 4.0, 11.5, 5.5, 12.5 ] },
				"east": { "texture": "#brass2", "uv": [ 0.0, 7.0, 1.0, 8.0 ] },
				"south": { "texture": "#brass2", "uv": [ 8.0, 9.5, 9.5, 10.5 ] },
				"west": { "texture": "#brass2", "uv": [ 9.0, 10.5, 10.0, 11.5 ] },
				"up": { "texture": "#brass2", "uv": [ 6.5, 11.5, 8.0, 12.5 ] },
				"down": { "texture": "#brass2", "uv": [ 5.0, 2.0, 6.5, 3.0 ] }
			}
		},
		{
			"name": "Pipe2",
			"from": [ 8.2, 7.2, 2.7 ], 
			"to": [ 9.2, 8.2, 6.0 ], 
			"rotationOrigin": [ 8.0, 7.0, 3.0 ],
			"rotationZ": 45.0,
			"faces": {
				"north": { "texture": "#brass2", "uv": [ 13.5, 14.5, 14.5, 15.5 ] },
				"east": { "texture": "#brass2", "uv": [ 0.0, 8.0, 3.0, 9.0 ] },
				"south": { "texture": "#brass2", "uv": [ 9.5, 10.0, 10.5, 11.0 ] },
				"west": { "texture": "#brass2", "uv": [ 13.0, 4.5, 16.0, 5.5 ] },
				"up": { "texture": "#brass2", "uv": [ 12.0, 13.0, 13.0, 16.0 ] },
				"down": { "texture": "#brass2", "uv": [ 10.5, 13.0, 11.5, 16.0 ] }
			}
		},
		{
			"name": "Bracket",
			"from": [ 5.5, 1.0, 10.0 ], 
			"to": [ 10.5, 10.0, 11.0 ], 
			"rotationOrigin": [ 6.0, 1.0, 10.0 ],
			"faces": {
				"north": { "texture": "#brass2", "uv": [ 5.5, 3.0, 10.5, 12.0 ] },
				"east": { "texture": "#brass2", "uv": [ 7.5, 3.5, 8.5, 12.5 ] },
				"south": { "texture": "#brass2", "uv": [ 2.0, 2.5, 7.0, 11.5 ] },
				"west": { "texture": "#brass2", "uv": [ 8.0, 4.5, 9.0, 13.5 ] },
				"up": { "texture": "#brass2", "uv": [ 5.5, 7.0, 10.5, 8.0 ] },
				"down": { "texture": "#brass2", "uv": [ 6.0, 9.5, 11.0, 10.5 ] }
			},
			"children": [
				{
					"name": "Cube1",
					"from": [ 1.0, 9.0, 0.0 ], 
					"to": [ 4.0, 10.0, 1.0 ], 
					"rotationOrigin": [ 1.0, 9.0, 0.0 ],
					"faces": {
						"north": { "texture": "#brass2", "uv": [ 7.5, 4.5, 10.5, 5.5 ] },
						"east": { "texture": "#brass2", "uv": [ 7.5, 6.0, 8.5, 7.0 ] },
						"south": { "texture": "#brass2", "uv": [ 8.5, 6.0, 11.5, 7.0 ] },
						"west": { "texture": "#brass2", "uv": [ 5.0, 3.5, 6.0, 4.5 ] },
						"up": { "texture": "#brass2", "uv": [ 4.5, 5.5, 7.5, 6.5 ] },
						"down": { "texture": "#brass2", "uv": [ 7.0, 4.0, 10.0, 5.0 ] }
					}
				}
			]
		},
		{
			"name": "Wall",
			"from": [ 7.5, -5.0, 15.0 ], 
			"to": [ 18.0, 0.0, 16.0 ], 
			"rotationOrigin": [ 7.5, -5.0, 15.0 ],
			"rotationY": 45.0,
			"faces": {
				"north": { "texture": "#brass2", "uv": [ 2.5, 5.5, 13.0, 10.5 ] },
				"east": { "texture": "#brass2", "uv": [ 11.0, 4.5, 8.5, 11.5 ], "autoUv": false },
				"south": { "texture": "#brass2", "uv": [ 0.5, 0.5, 15.5, 11.5 ], "autoUv": false },
				"west": { "texture": "#brass2", "uv": [ 8.5, 5.5, 9.5, 10.5 ] },
				"up": { "texture": "#brass2", "uv": [ 3.5, 15.0, 14.0, 16.0 ] },
				"down": { "texture": "#brass2", "uv": [ 3.5, 7.5, 14.0, 8.5 ] }
			},
			"children": [
				{
					"name": "Bottom",
					"from": [ 0.7, -1.0, -9.2 ], 
					"to": [ 9.9, 0.0, 0.0 ], 
					"rotationOrigin": [ 1.0, -1.0, -10.0 ],
					"faces": {
						"north": { "texture": "#brass2", "uv": [ 3.5, 0.0, 12.5, 1.0 ] },
						"east": { "texture": "#brass2", "uv": [ 4.0, 0.0, 13.0, 1.0 ] },
						"south": { "texture": "#brass2", "uv": [ 3.5, 0.0, 12.5, 1.0 ] },
						"west": { "texture": "#brass2", "uv": [ 3.5, 0.0, 12.5, 1.0 ] },
						"up": { "texture": "#brass2", "uv": [ 5.0, 3.5, 14.0, 12.5 ] },
						"down": { "texture": "#brass2", "uv": [ 0.5, 0.5, 15.5, 15.5 ], "autoUv": false }
					}
				},
				{
					"name": "Top",
					"from": [ 0.7, 5.0, -9.2 ], 
					"to": [ 9.9, 6.0, 0.0 ], 
					"rotationOrigin": [ 1.0, 5.0, -10.0 ],
					"faces": {
						"north": { "texture": "#brass2", "uv": [ 5.5, 7.5, 14.5, 8.5 ] },
						"east": { "texture": "#brass2", "uv": [ 5.5, 12.0, 14.5, 13.0 ] },
						"south": { "texture": "#brass2", "uv": [ 4.0, 6.0, 13.0, 7.0 ] },
						"west": { "texture": "#brass2", "uv": [ 5.0, 7.5, 14.0, 8.5 ] },
						"up": { "texture": "#brass2", "uv": [ 1.0, 1.0, 15.0, 15.0 ], "autoUv": false, "windMode": [-1,-1,-1,-1] },
						"down": { "texture": "#brass2", "uv": [ 6.5, 0.5, 15.5, 9.5 ] }
					}
				}
			]
		}
	]}