{
	"code": "basepart",
	"creativeinventory": {
		"general": [ "*" ],
		"items": [ "*" ],
		"awearablelight": [ "*" ]
	},
	"variantgroups": [
		{
			"code": "type",
			"states": [ "candle1", "candle2" ]
		}
	],
	"shape": { "base": "item/clothing/head/{type}" },
	"maxstacksize": 1,
	"guiTransform": {
		"translation": {
			"x": 0,
			"y": 0,
			"z": 0
		},
		"rotation": {
			"x": 160,
			"y": 30,
			"z": 0
		},
		"origin": {
			"x": 0.5,
			"y": 0.125,
			"z": 0.5
		},
		"scale": 4.5
	},
	"fpHandTransform": {
		"translation": {
			"x": 0.4,
			"y": 0,
			"z": 0
		},
		"rotation": {
			"x": 52,
			"y": 90,
			"z": -30
		},
		"origin": {
			"x": 0.5,
			"y": 0.5,
			"z": 0.8
		},
		"scale": 1.2
	},
	"groundTransform": {
		"translation": {
			"x": 0,
			"y": 0,
			"z": 0
		},
		"rotation": {
			"x": 1,
			"y": 0,
			"z": 0
		},
		"origin": {
			"x": 0.5,
			"y": 0,
			"z": 0.5
		},
		"scale": 3
	},
	"tpHandTransform": {
		"translation": {
			"x": 0,
			"y": 0.1,
			"z": 0
		},
		"rotation": {
			"x": -1,
			"y": 0,
			"z": -35
		},
		"origin": {
			"x": 0.1,
			"y": 0.1,
			"z": 0.21
		},
		"scale": 0.7
	}
}