[
{
	ingredientPattern: "HPC,_M_,_R_",
	ingredients: {
		"H": { type: "item", code: "game:hammer-*", isTool: true },
		"C": { type: "item", code: "game:chisel-*", isTool: true },
		"P": { type: "block", code: "game:rockpolished-*", name: "rock", allowedVariants: ["andesite", "chalk", "chert", "conglomerate", "limestone", "claystone", "granite", "sandstone", "shale", "basalt", "peridotite", "phyllite", "slate", "bauxite", "kimberlite", "suevite", "whitemarble", "redmarble", "greenmarble"] },
		"M": { type: "item", code: "game:metalplate-copper" },
		"R": { type: "block", code: "game:rock-*", name: "rock", allowedVariants: ["andesite", "chalk", "chert", "conglomerate", "limestone", "claystone", "granite", "sandstone", "shale", "basalt", "peridotite", "phyllite", "slate", "bauxite", "kimberlite", "suevite", "whitemarble", "redmarble", "greenmarble"] }
	},
	width: 3,
	height: 3,
	output: { type: "block", code: "ovenbakingtopplain-{rock}" }
},
{
	ingredientPattern: "HRC,_M_",
	ingredients: {
		"H": { type: "item", code: "game:hammer-*", isTool: true },
		"C": { type: "item", code: "game:chisel-*", isTool: true },
		"M": { type: "item", code: "game:metalplate-copper", quantity: 2  },
		"R": { type: "block", code: "game:rock-*", name: "rock", allowedVariants: ["andesite", "chalk", "chert", "conglomerate", "limestone", "claystone", "granite", "sandstone", "shale", "basalt", "peridotite", "phyllite", "slate", "bauxite", "kimberlite", "suevite", "whitemarble", "redmarble", "greenmarble"] }
	},
	width: 3,
	height: 2,
	output: { type: "block", code: "ovencontrollerplain-{rock}-extinct-east" }
},
{
	ingredientPattern: "HPC,R_R",
	ingredients: {
		"H": { type: "item", code: "game:hammer-*", isTool: true },
		"C": { type: "item", code: "game:chisel-*", isTool: true },
		"P": { type: "block", code: "game:rockpolished-*", name: "rock", allowedVariants: ["andesite", "chalk", "chert", "conglomerate", "limestone", "claystone", "granite", "sandstone", "shale", "basalt", "peridotite", "phyllite", "slate", "bauxite", "kimberlite", "suevite", "whitemarble", "redmarble", "greenmarble"] },
		"R": { type: "block", code: "game:rock-*", name: "rock", allowedVariants: ["andesite", "chalk", "chert", "conglomerate", "limestone", "claystone", "granite", "sandstone", "shale", "basalt", "peridotite", "phyllite", "slate", "bauxite", "kimberlite", "suevite", "whitemarble", "redmarble", "greenmarble"] }
	},
	width: 3,
	height: 2,
	output: { type: "block", code: "ovengrillplain-{rock}-cold-east" }
}
]