{
	"editor": {
		"allAngles": true,
		"entityTextureMode": true
	},
	"textureWidth": 64,
	"textureHeight": 96,
	"textureSizes": {
	},
	"textures": {
		"ram": "game:entity/sheep/sheep-bighorn-male"
	},
	"elements": [
		{
			"name": "Body",
			"from": [ 0.0, 10.0, 3.0 ], 
			"to": [ 18.0, 14.0, 13.0 ], 
			"autoUnwrap": false,
			"uv": [ 1.0, 1.0 ],
			"rotationOrigin": [ 9.0, 14.0, 8.0 ],
			"faces": {
				"north": { "texture": "#ram", "uv": [ 2.5, 10.0, 6.5, 28.0 ], "rotation": 270 },
				"east": { "texture": "#ram", "uv": [ 10.0, 6.0, 20.0, 10.0 ], "rotation": 180 },
				"south": { "texture": "#ram", "uv": [ 20.0, 10.0, 24.0, 28.0 ], "rotation": 90 },
				"west": { "texture": "#ram", "uv": [ 10.0, 28.0, 20.0, 32.0 ] },
				"up": { "texture": "#ram", "uv": [ 10.0, 10.0, 20.0, 28.0 ], "rotation": 90 },
				"down": { "texture": "#ram", "uv": [ 29.0, 10.0, 39.0, 28.0 ], "rotation": 270 }
			},
			"children": [
				{
					"name": "neck",
					"from": [ -4.3, 0.9, 2.5 ], 
					"to": [ 4.7, 3.9, 7.5 ], 
					"autoUnwrap": false,
					"uv": [ 41.0, 10.0 ],
					"rotationOrigin": [ 3.7, 4.9, 5.0 ],
					"rotationZ": -8.0,
					"faces": {
						"north": { "texture": "#ram", "uv": [ 52.0, 16.0, 55.0, 25.0 ], "rotation": 90 },
						"east": { "texture": "#ram", "uv": [ 47.0, 25.0, 52.0, 28.0 ], "rotation": 180, "enabled": false },
						"south": { "texture": "#ram", "uv": [ 41.0, 16.0, 44.0, 25.0 ], "rotation": 270 },
						"west": { "texture": "#ram", "uv": [ 47.0, 10.0, 52.0, 13.0 ] },
						"up": { "texture": "#ram", "uv": [ 58.0, 16.0, 63.0, 25.0 ], "rotation": 90 },
						"down": { "texture": "#ram", "uv": [ 47.0, 16.0, 52.0, 25.0 ], "rotation": 90 }
					},
					"children": [
						{
							"name": "head",
							"from": [ -2.9, -1.2, -0.5 ], 
							"to": [ 3.1, 2.8, 5.5 ], 
							"autoUnwrap": false,
							"uv": [ 39.0, 28.0 ],
							"rotationOrigin": [ 0.4, 0.2, 2.5 ],
							"rotationZ": 18.0,
							"faces": {
								"north": { "texture": "#ram", "uv": [ 39.0, 34.0, 45.0, 38.0 ] },
								"east": { "texture": "#ram", "uv": [ 57.0, 34.0, 63.0, 38.0 ] },
								"south": { "texture": "#ram", "uv": [ 51.0, 34.0, 57.0, 38.0 ] },
								"west": { "texture": "#ram", "uv": [ 45.0, 34.0, 51.0, 38.0 ] },
								"up": { "texture": "#ram", "uv": [ 45.0, 28.0, 51.0, 34.0 ], "rotation": 90 },
								"down": { "texture": "#ram", "uv": [ 45.0, 39.0, 51.0, 45.0 ], "rotation": 90 }
							},
							"children": [
								{
									"name": "mouth up",
									"from": [ -3.2, 0.2, 1.0 ], 
									"to": [ 2.8, 3.2, 5.0 ], 
									"autoUnwrap": false,
									"uv": [ 49.0, 1.0 ],
									"rotationOrigin": [ 0.8, 1.2, 0.0 ],
									"rotationZ": 8.0,
									"faces": {
										"north": { "texture": "#ram", "uv": [ 49.0, 1.0, 52.0, 7.0 ], "rotation": 270 },
										"east": { "texture": "#ram", "uv": [ 52.0, -2.0, 56.0, 1.0 ], "rotation": 180, "enabled": false },
										"south": { "texture": "#ram", "uv": [ 56.0, 1.0, 59.0, 7.0 ], "rotation": 90 },
										"west": { "texture": "#ram", "uv": [ 52.0, 7.0, 56.0, 10.0 ] },
										"up": { "texture": "#ram", "uv": [ 52.0, 1.0, 56.0, 7.0 ], "rotation": 90 },
										"down": { "texture": "#ram", "uv": [ 59.0, 1.0, 63.0, 7.0 ], "rotation": 270 }
									}
								},
								{
									"name": "R ear",
									"from": [ 2.0, 1.0, -2.0 ], 
									"to": [ 3.0, 3.0, 1.0 ], 
									"autoUnwrap": false,
									"uv": [ 25.0, 32.0 ],
									"rotationOrigin": [ 2.5, 2.0, 1.0 ],
									"rotationX": 8.0,
									"rotationY": -22.0,
									"rotationZ": 22.0,
									"faces": {
										"north": { "texture": "#ram", "uv": [ 25.0, 33.0, 26.0, 35.0 ] },
										"east": { "texture": "#ram", "uv": [ 30.0, 33.0, 33.0, 35.0 ] },
										"south": { "texture": "#ram", "uv": [ 29.0, 33.0, 30.0, 35.0 ], "enabled": false },
										"west": { "texture": "#ram", "uv": [ 26.0, 33.0, 29.0, 35.0 ] },
										"up": { "texture": "#ram", "uv": [ 26.0, 32.0, 29.0, 33.0 ], "rotation": 90 },
										"down": { "texture": "#ram", "uv": [ 26.0, 35.0, 29.0, 36.0 ], "rotation": 90 }
									}
								},
								{
									"name": "L ear",
									"from": [ 2.0, 1.0, 5.0 ], 
									"to": [ 3.0, 3.0, 8.0 ], 
									"autoUnwrap": false,
									"uv": [ 26.0, 37.0 ],
									"rotationOrigin": [ 2.5, 2.0, 5.0 ],
									"rotationX": -8.0,
									"rotationY": 22.0,
									"rotationZ": 22.0,
									"faces": {
										"north": { "texture": "#ram", "uv": [ 25.0, 38.0, 26.0, 40.0 ], "enabled": false },
										"east": { "texture": "#ram", "uv": [ 30.0, 38.0, 33.0, 40.0 ] },
										"south": { "texture": "#ram", "uv": [ 29.0, 38.0, 30.0, 40.0 ] },
										"west": { "texture": "#ram", "uv": [ 26.0, 38.0, 29.0, 40.0 ] },
										"up": { "texture": "#ram", "uv": [ 26.0, 37.0, 29.0, 38.0 ], "rotation": 90 },
										"down": { "texture": "#ram", "uv": [ 26.0, 40.0, 29.0, 41.0 ], "rotation": 90 }
									}
								}
							]
						}
					],
					"attachmentpoints": [
						{
							"code": "rope",
							"posX": "2.0","posY": "3.0","posZ": "2.5",
							"rotationX": "0.0","rotationY": "0.0","rotationZ": "0.0"
						}
					]
				},
				{
					"name": "R front leg",
					"from": [ 2.0, -4.0, 1.0 ], 
					"to": [ 5.0, 2.0, 4.0 ], 
					"autoUnwrap": false,
					"uv": [ 36.0, 67.0 ],
					"rotationOrigin": [ 3.5, 2.0, 2.5 ],
					"rotationX": 90.0,
					"rotationZ": -25.0,
					"faces": {
						"north": { "texture": "#ram", "uv": [ 36.0, 67.0, 39.0, 73.0 ] },
						"east": { "texture": "#ram", "uv": [ 45.0, 67.0, 48.0, 73.0 ] },
						"south": { "texture": "#ram", "uv": [ 42.0, 67.0, 45.0, 73.0 ] },
						"west": { "texture": "#ram", "uv": [ 39.0, 67.0, 42.0, 73.0 ] },
						"up": { "texture": "#ram", "uv": [ 39.0, 64.0, 42.0, 67.0 ], "rotation": 90, "enabled": false },
						"down": { "texture": "#ram", "uv": [ 39.0, 73.0, 42.0, 76.0 ], "rotation": 90 }
					},
					"children": [
						{
							"name": "R front foot",
							"from": [ 0.1, -7.0, 0.1 ], 
							"to": [ 2.9, 1.0, 2.9 ], 
							"autoUnwrap": false,
							"uv": [ 36.0, 77.0 ],
							"rotationOrigin": [ 1.6, 1.0, 1.6 ],
							"faces": {
								"north": { "texture": "#ram", "uv": [ 36.0, 80.0, 38.5, 88.0 ] },
								"east": { "texture": "#ram", "uv": [ 43.5, 80.0, 46.0, 88.0 ] },
								"south": { "texture": "#ram", "uv": [ 41.0, 80.0, 43.5, 88.0 ] },
								"west": { "texture": "#ram", "uv": [ 38.5, 80.0, 41.0, 88.0 ] },
								"up": { "texture": "#ram", "uv": [ 38.5, 77.0, 41.0, 79.5 ], "rotation": 90 },
								"down": { "texture": "#ram", "uv": [ 38.5, 88.0, 41.0, 90.5 ], "rotation": 90 }
							}
						}
					]
				},
				{
					"name": "L front leg",
					"from": [ 2.0, -4.0, 6.0 ], 
					"to": [ 5.0, 2.0, 9.0 ], 
					"autoUnwrap": false,
					"uv": [ 49.0, 67.0 ],
					"rotationOrigin": [ 3.5, 2.0, 7.5 ],
					"rotationX": -90.0,
					"rotationZ": -25.0,
					"faces": {
						"north": { "texture": "#ram", "uv": [ 49.0, 67.0, 52.0, 73.0 ] },
						"east": { "texture": "#ram", "uv": [ 58.0, 67.0, 61.0, 73.0 ] },
						"south": { "texture": "#ram", "uv": [ 55.0, 67.0, 58.0, 73.0 ] },
						"west": { "texture": "#ram", "uv": [ 52.0, 67.0, 55.0, 73.0 ] },
						"up": { "texture": "#ram", "uv": [ 52.0, 64.0, 55.0, 67.0 ], "rotation": 90, "enabled": false },
						"down": { "texture": "#ram", "uv": [ 52.0, 73.0, 55.0, 76.0 ], "rotation": 90 }
					},
					"children": [
						{
							"name": "L front foot",
							"from": [ 0.1, -7.0, 0.1 ], 
							"to": [ 2.9, 1.0, 2.9 ], 
							"autoUnwrap": false,
							"uv": [ 49.0, 77.0 ],
							"rotationOrigin": [ 1.6, 1.0, 1.6 ],
							"faces": {
								"north": { "texture": "#ram", "uv": [ 49.0, 80.0, 51.5, 88.0 ] },
								"east": { "texture": "#ram", "uv": [ 56.5, 80.0, 59.0, 88.0 ] },
								"south": { "texture": "#ram", "uv": [ 54.0, 80.0, 56.5, 88.0 ] },
								"west": { "texture": "#ram", "uv": [ 51.5, 80.0, 54.0, 88.0 ] },
								"up": { "texture": "#ram", "uv": [ 51.5, 77.0, 54.0, 79.5 ], "rotation": 90 },
								"down": { "texture": "#ram", "uv": [ 51.5, 88.0, 54.0, 90.5 ], "rotation": 90 }
							}
						}
					]
				},
				{
					"name": "R back leg",
					"from": [ 13.3, -6.0, -0.2 ], 
					"to": [ 17.3, 2.0, 3.8 ], 
					"autoUnwrap": false,
					"uv": [ 1.0, 67.0 ],
					"rotationOrigin": [ 15.3, 2.0, 1.8 ],
					"rotationX": 90.0,
					"rotationZ": 55.0,
					"faces": {
						"north": { "texture": "#ram", "uv": [ 1.0, 67.0, 5.0, 75.0 ] },
						"east": { "texture": "#ram", "uv": [ 13.0, 67.0, 17.0, 75.0 ] },
						"south": { "texture": "#ram", "uv": [ 9.0, 67.0, 13.0, 75.0 ] },
						"west": { "texture": "#ram", "uv": [ 5.0, 67.0, 9.0, 75.0 ] },
						"up": { "texture": "#ram", "uv": [ 3.0, 5.0, 7.0, 9.0 ], "rotation": 90 },
						"down": { "texture": "#ram", "uv": [ 5.0, 75.0, 9.0, 79.0 ], "rotation": 90 }
					},
					"children": [
						{
							"name": "R back foot",
							"from": [ 0.8, -8.2, 1.1 ], 
							"to": [ 3.6, 1.8, 3.9 ], 
							"autoUnwrap": false,
							"uv": [ 2.0, 80.0 ],
							"rotationOrigin": [ 2.3, 1.8, 2.6 ],
							"rotationZ": -15.0,
							"faces": {
								"north": { "texture": "#ram", "uv": [ 2.0, 83.0, 4.5, 93.0 ] },
								"east": { "texture": "#ram", "uv": [ 9.5, 83.0, 12.0, 93.0 ] },
								"south": { "texture": "#ram", "uv": [ 7.0, 83.0, 9.5, 93.0 ] },
								"west": { "texture": "#ram", "uv": [ 4.5, 83.0, 7.0, 93.0 ] },
								"up": { "texture": "#ram", "uv": [ 4.5, 80.0, 7.0, 82.5 ], "rotation": 90 },
								"down": { "texture": "#ram", "uv": [ 4.5, 93.0, 7.0, 95.5 ], "rotation": 90 }
							}
						}
					]
				},
				{
					"name": "L back leg",
					"from": [ 13.3, -6.0, 6.2 ], 
					"to": [ 17.3, 2.0, 10.2 ], 
					"autoUnwrap": false,
					"uv": [ 18.0, 67.0 ],
					"rotationOrigin": [ 15.3, 2.0, 8.2 ],
					"rotationX": -90.0,
					"rotationZ": 55.0,
					"faces": {
						"north": { "texture": "#ram", "uv": [ 18.0, 67.0, 22.0, 75.0 ] },
						"east": { "texture": "#ram", "uv": [ 30.0, 67.0, 34.0, 75.0 ] },
						"south": { "texture": "#ram", "uv": [ 26.0, 67.0, 30.0, 75.0 ] },
						"west": { "texture": "#ram", "uv": [ 22.0, 67.0, 26.0, 75.0 ] },
						"up": { "texture": "#ram", "uv": [ 3.0, 5.0, 7.0, 9.0 ], "rotation": 90 },
						"down": { "texture": "#ram", "uv": [ 22.0, 75.0, 26.0, 79.0 ], "rotation": 90 }
					},
					"children": [
						{
							"name": "L back foot",
							"from": [ 0.8, -8.2, 0.1 ], 
							"to": [ 3.6, 1.8, 2.9 ], 
							"uv": [ 20.0, 80.0 ],
							"rotationOrigin": [ 2.3, 1.8, 1.6 ],
							"rotationZ": -15.0,
							"faces": {
								"north": { "texture": "#ram", "uv": [ 20.0, 83.0, 22.5, 93.0 ] },
								"east": { "texture": "#ram", "uv": [ 27.5, 83.0, 30.0, 93.0 ] },
								"south": { "texture": "#ram", "uv": [ 25.0, 83.0, 27.5, 93.0 ] },
								"west": { "texture": "#ram", "uv": [ 22.5, 83.0, 25.0, 93.0 ] },
								"up": { "texture": "#ram", "uv": [ 22.5, 80.0, 25.0, 82.5 ], "rotation": 90 },
								"down": { "texture": "#ram", "uv": [ 22.5, 93.0, 25.0, 95.5 ], "rotation": 90 }
							}
						}
					]
				},
				{
					"name": "tail",
					"from": [ 17.2, 2.5, 4.0 ], 
					"to": [ 20.2, 4.5, 6.0 ], 
					"uv": [ 55.0, 45.0 ],
					"rotationOrigin": [ 17.2, 3.5, 5.0 ],
					"rotationZ": -33.0,
					"faces": {
						"north": { "texture": "#ram", "uv": [ 55.0, 48.0, 57.0, 51.0 ], "rotation": 270 },
						"east": { "texture": "#ram", "uv": [ 57.0, 48.0, 59.0, 50.0 ], "rotation": 180 },
						"south": { "texture": "#ram", "uv": [ 59.0, 48.0, 61.0, 51.0 ], "rotation": 90 },
						"west": { "texture": "#ram", "uv": [ 57.0, 50.0, 59.0, 52.0 ], "enabled": false },
						"up": { "texture": "#ram", "uv": [ 55.0, 45.0, 57.0, 48.0 ], "rotation": 90 },
						"down": { "texture": "#ram", "uv": [ 57.0, 45.0, 59.0, 48.0 ], "rotation": 270 }
					}
				},
				{
					"name": "Cube1",
					"from": [ 3.0, 0.0, 13.0 ], 
					"to": [ 6.0, 2.0, 26.0 ], 
					"unwrapMode": 1,
					"autoUnwrap": false,
					"uv": [ 0.0, 0.0 ],
					"rotationOrigin": [ 3.0, 0.0, 13.0 ],
					"rotationY": 90.0,
					"faces": {
						"north": { "texture": "#ram", "uv": [ 1.5, 21.0, 4.5, 23.0 ] },
						"east": { "texture": "#ram", "uv": [ 7.5, 5.5, 20.5, 7.5 ], "windMode": [-1,-1,-1,-1] },
						"south": { "texture": "#ram", "uv": [ 12.5, 3.5, 15.5, 5.5 ] },
						"west": { "texture": "#ram", "uv": [ 13.0, 12.5, 15.0, 25.5 ], "rotation": 90 },
						"up": { "texture": "#ram", "uv": [ 7.0, 11.0, 10.0, 24.0 ], "rotation": 180 },
						"down": { "texture": "#ram", "uv": [ 12.5, 12.5, 15.5, 25.5 ], "rotation": 180 }
					},
					"children": [
						{
							"name": "Cube28",
							"from": [ -2.0, 0.0, 1.0 ], 
							"to": [ 0.0, 1.0, 12.0 ], 
							"unwrapMode": 1,
							"autoUnwrap": false,
							"uv": [ 0.0, 0.0 ],
							"rotationOrigin": [ -2.0, 0.0, 1.0 ],
							"faces": {
								"north": { "texture": "#ram", "uv": [ 1.5, 21.0, 3.5, 22.0 ] },
								"east": { "texture": "#ram", "uv": [ 7.5, 5.5, 18.5, 6.5 ] },
								"south": { "texture": "#ram", "uv": [ 12.5, 3.5, 14.5, 4.5 ] },
								"west": { "texture": "#ram", "uv": [ 13.0, 12.5, 14.0, 23.5 ], "rotation": 90 },
								"up": { "texture": "#ram", "uv": [ 7.0, 11.0, 9.0, 22.0 ], "rotation": 180 },
								"down": { "texture": "#ram", "uv": [ 12.5, 12.5, 14.5, 23.5 ], "rotation": 180 }
							}
						}
					]
				},
				{
					"name": "Cube27",
					"from": [ 3.0, 0.0, 0.0 ], 
					"to": [ 6.0, 2.0, 13.0 ], 
					"unwrapMode": 1,
					"autoUnwrap": false,
					"uv": [ 0.0, 0.0 ],
					"rotationOrigin": [ 3.0, 0.0, 0.0 ],
					"rotationY": 90.0,
					"faces": {
						"north": { "texture": "#ram", "uv": [ 1.5, 21.0, 4.5, 23.0 ] },
						"east": { "texture": "#ram", "uv": [ 13.0, 12.5, 15.0, 25.5 ], "rotation": 270 },
						"south": { "texture": "#ram", "uv": [ 12.5, 3.5, 15.5, 5.5 ] },
						"west": { "texture": "#ram", "uv": [ 13.0, 12.5, 15.0, 25.5 ], "rotation": 90 },
						"up": { "texture": "#ram", "uv": [ 7.0, 9.5, 10.0, 22.5 ], "rotation": 180 },
						"down": { "texture": "#ram", "uv": [ 12.5, 12.5, 15.5, 25.5 ], "rotation": 180 }
					},
					"children": [
						{
							"name": "Cube29",
							"from": [ 3.0, 0.0, 1.0007 ], 
							"to": [ 5.0, 1.0, 12.0007 ], 
							"unwrapMode": 1,
							"autoUnwrap": false,
							"uv": [ 0.0, 0.0 ],
							"rotationOrigin": [ 3.0, 0.0, 1.0 ],
							"rotationY": -0.02,
							"faces": {
								"north": { "texture": "#ram", "uv": [ 1.5, 21.0, 3.5, 22.0 ] },
								"east": { "texture": "#ram", "uv": [ 7.5, 5.5, 18.5, 6.5 ] },
								"south": { "texture": "#ram", "uv": [ 12.5, 3.5, 14.5, 4.5 ] },
								"west": { "texture": "#ram", "uv": [ 13.0, 12.5, 14.0, 23.5 ], "rotation": 90 },
								"up": { "texture": "#ram", "uv": [ 7.0, 11.0, 9.0, 22.0 ], "rotation": 180 },
								"down": { "texture": "#ram", "uv": [ 12.5, 12.5, 14.5, 23.5 ], "rotation": 180 }
							}
						}
					]
				}
			]
		}
	]}