{
	"editor": {
		"allAngles": true,
		"entityTextureMode": true
	},
	"textureWidth": 64,
	"textureHeight": 64,
	"textureSizes": {
	},
	"textures": {
		"skin": "game:entity/wolf/wolf1"
	},
	"elements": [
		{
			"name": "Body",
			"from": [ 0.0, 8.0, 4.0 ], 
			"to": [ 9.0, 12.0, 12.0 ], 
			"autoUnwrap": false,
			"uv": [ 0.0, 0.0 ],
			"rotationOrigin": [ 9.0, 12.0, 8.0 ],
			"faces": {
				"north": { "texture": "#skin", "uv": [ 0.0, 8.0, 9.0, 12.0 ] },
				"east": { "texture": "#skin", "uv": [ 9.0, 8.0, 17.0, 12.0 ] },
				"south": { "texture": "#skin", "uv": [ 17.0, 8.0, 26.0, 12.0 ] },
				"west": { "texture": "#skin", "uv": [ 26.0, 8.0, 34.0, 12.0 ] },
				"up": { "texture": "#skin", "uv": [ 0.0, 0.0, 9.0, 8.0 ] },
				"down": { "texture": "#skin", "uv": [ 9.0, 0.0, 18.0, 8.0 ] }
			},
			"children": [
				{
					"name": "neck",
					"from": [ -4.0, 0.7, 1.0 ], 
					"to": [ 4.0, 3.7, 7.0 ], 
					"autoUnwrap": false,
					"uv": [ 0.0, 0.0 ],
					"rotationOrigin": [ 1.0, 4.7, 4.0 ],
					"faces": {
						"north": { "texture": "#skin", "uv": [ 0.0, 42.0, 8.0, 45.0 ] },
						"east": { "texture": "#skin", "uv": [ 0.0, 0.0, 6.0, 3.0 ], "enabled": false },
						"south": { "texture": "#skin", "uv": [ 8.0, 42.0, 16.0, 45.0 ] },
						"west": { "texture": "#skin", "uv": [ 16.0, 42.0, 22.0, 45.0 ] },
						"up": { "texture": "#skin", "uv": [ 0.0, 36.0, 8.0, 42.0 ] },
						"down": { "texture": "#skin", "uv": [ 8.0, 36.0, 16.0, 42.0 ] }
					},
					"children": [
						{
							"name": "head",
							"from": [ -3.2, -1.2, -0.1 ], 
							"to": [ 1.8, 2.8, 6.1 ], 
							"autoUnwrap": false,
							"uv": [ 0.0, 0.0 ],
							"rotationOrigin": [ 0.8, 1.8, 2.9 ],
							"rotationZ": 5.0,
							"faces": {
								"north": { "texture": "#skin", "uv": [ 0.0, 58.0, 5.0, 62.0 ] },
								"east": { "texture": "#skin", "uv": [ 5.0, 58.0, 11.0, 62.0 ] },
								"south": { "texture": "#skin", "uv": [ 11.0, 58.0, 16.0, 62.0 ] },
								"west": { "texture": "#skin", "uv": [ 16.0, 58.0, 22.0, 62.0 ] },
								"up": { "texture": "#skin", "uv": [ 0.0, 52.0, 5.0, 58.0 ] },
								"down": { "texture": "#skin", "uv": [ 5.0, 52.0, 10.0, 58.0 ] }
							},
							"children": [
								{
									"name": "mouth up",
									"from": [ -4.0, 0.1, 1.5 ], 
									"to": [ 2.0, 2.1, 4.5 ], 
									"autoUnwrap": false,
									"uv": [ 0.0, 0.0 ],
									"rotationOrigin": [ 1.0, 1.1, 3.0 ],
									"rotationZ": 7.0,
									"faces": {
										"north": { "texture": "#skin", "uv": [ 32.0, 62.0, 38.0, 64.0 ] },
										"east": { "texture": "#skin", "uv": [ 6.0, 3.0, 9.0, 5.0 ], "enabled": false },
										"south": { "texture": "#skin", "uv": [ 38.0, 62.0, 44.0, 64.0 ] },
										"west": { "texture": "#skin", "uv": [ 44.0, 62.0, 47.0, 64.0 ] },
										"up": { "texture": "#skin", "uv": [ 32.0, 59.0, 38.0, 62.0 ] },
										"down": { "texture": "#skin", "uv": [ 38.0, 59.0, 44.0, 62.0 ] }
									}
								},
								{
									"name": "left ear",
									"from": [ 3.0, 2.0, 3.7 ], 
									"to": [ 4.0, 6.0, 5.7 ], 
									"autoUnwrap": false,
									"uv": [ 0.0, 0.0 ],
									"rotationOrigin": [ 3.5, 2.0, 4.7 ],
									"rotationX": 22.5,
									"faces": {
										"north": { "texture": "#skin", "uv": [ 25.0, 39.0, 26.0, 43.0 ] },
										"east": { "texture": "#skin", "uv": [ 26.0, 39.0, 28.0, 43.0 ] },
										"south": { "texture": "#skin", "uv": [ 28.0, 39.0, 29.0, 43.0 ] },
										"west": { "texture": "#skin", "uv": [ 29.0, 39.0, 31.0, 43.0 ] },
										"up": { "texture": "#skin", "uv": [ 25.0, 37.0, 26.0, 39.0 ] },
										"down": { "texture": "#skin", "uv": [ 26.0, 37.0, 27.0, 39.0 ] }
									}
								},
								{
									"name": "right ear",
									"from": [ 3.0, 2.0, 0.0 ], 
									"to": [ 4.0, 6.0, 2.0 ], 
									"autoUnwrap": false,
									"uv": [ 0.0, 0.0 ],
									"rotationOrigin": [ 3.5, 2.0, 1.0 ],
									"rotationX": -22.5,
									"faces": {
										"north": { "texture": "#skin", "uv": [ 25.0, 46.0, 26.0, 50.0 ] },
										"east": { "texture": "#skin", "uv": [ 26.0, 46.0, 28.0, 50.0 ] },
										"south": { "texture": "#skin", "uv": [ 28.0, 46.0, 29.0, 50.0 ] },
										"west": { "texture": "#skin", "uv": [ 29.0, 46.0, 31.0, 50.0 ] },
										"up": { "texture": "#skin", "uv": [ 25.0, 44.0, 26.0, 46.0 ] },
										"down": { "texture": "#skin", "uv": [ 26.0, 44.0, 27.0, 46.0 ] }
									}
								}
							]
						}
					],
					"attachmentpoints": [
						{
							"code": "rope",
							"posX": "3.0","posY": "5.0","posZ": "3.0",
							"rotationX": "0.0","rotationY": "0.0","rotationZ": "0.0"
						}
					]
				},
				{
					"name": "abdomen",
					"from": [ 5.0, 0.0, 1.0 ], 
					"to": [ 18.0, 3.0, 7.0 ], 
					"autoUnwrap": false,
					"uv": [ 0.0, 0.0 ],
					"rotationOrigin": [ 7.0, 3.0, 4.0 ],
					"faces": {
						"north": { "texture": "#skin", "uv": [ 0.0, 26.0, 13.0, 29.0 ] },
						"east": { "texture": "#skin", "uv": [ 13.0, 26.0, 19.0, 29.0 ] },
						"south": { "texture": "#skin", "uv": [ 19.0, 26.0, 32.0, 29.0 ] },
						"west": { "texture": "#skin", "uv": [ 0.0, 0.0, 6.0, 3.0 ], "enabled": false },
						"up": { "texture": "#skin", "uv": [ 0.0, 20.0, 13.0, 26.0 ] },
						"down": { "texture": "#skin", "uv": [ 13.0, 20.0, 26.0, 26.0 ] }
					},
					"children": [
						{
							"name": "tail",
							"from": [ 11.0, 0.0, 2.0 ], 
							"to": [ 16.0, 2.0, 4.0 ], 
							"autoUnwrap": false,
							"uv": [ 0.0, 0.0 ],
							"rotationOrigin": [ 13.0, 1.0, 3.0 ],
							"rotationZ": -20.0,
							"faces": {
								"north": { "texture": "#skin", "uv": [ 27.0, 2.0, 32.0, 4.0 ] },
								"east": { "texture": "#skin", "uv": [ 32.0, 2.0, 34.0, 4.0 ] },
								"south": { "texture": "#skin", "uv": [ 34.0, 2.0, 39.0, 4.0 ] },
								"west": { "texture": "#skin", "uv": [ 39.0, 2.0, 41.0, 4.0 ] },
								"up": { "texture": "#skin", "uv": [ 27.0, 0.0, 32.0, 2.0 ] },
								"down": { "texture": "#skin", "uv": [ 32.0, 0.0, 37.0, 2.0 ] }
							},
							"children": [
								{
									"name": "tail end",
									"from": [ 4.0, -0.5, -0.5 ], 
									"to": [ 11.0, 2.5, 2.5 ], 
									"autoUnwrap": false,
									"uv": [ 0.0, 0.0 ],
									"rotationOrigin": [ 5.0, 1.5, 1.5 ],
									"rotationZ": 10.0,
									"faces": {
										"north": { "texture": "#skin", "uv": [ 44.0, 3.0, 51.0, 6.0 ] },
										"east": { "texture": "#skin", "uv": [ 51.0, 3.0, 54.0, 6.0 ] },
										"south": { "texture": "#skin", "uv": [ 54.0, 3.0, 61.0, 6.0 ] },
										"west": { "texture": "#skin", "uv": [ 61.0, 3.0, 64.0, 6.0 ] },
										"up": { "texture": "#skin", "uv": [ 44.0, 0.0, 51.0, 3.0 ] },
										"down": { "texture": "#skin", "uv": [ 51.0, 0.0, 58.0, 3.0 ] }
									}
								}
							]
						},
						{
							"name": "left back leg",
							"from": [ 7.5, -4.5, 4.0 ], 
							"to": [ 11.5, 3.5, 7.0 ], 
							"autoUnwrap": false,
							"uv": [ 0.0, 0.0 ],
							"rotationOrigin": [ 9.5, 1.0, 5.5 ],
							"rotationX": -90.0,
							"rotationZ": 40.0,
							"faces": {
								"north": { "texture": "#skin", "uv": [ 36.0, 48.0, 40.0, 56.0 ] },
								"east": { "texture": "#skin", "uv": [ 40.0, 48.0, 43.0, 56.0 ] },
								"south": { "texture": "#skin", "uv": [ 43.0, 48.0, 47.0, 56.0 ] },
								"west": { "texture": "#skin", "uv": [ 47.0, 48.0, 50.0, 56.0 ] },
								"up": { "texture": "#skin", "uv": [ 36.0, 45.0, 40.0, 48.0 ] },
								"down": { "texture": "#skin", "uv": [ 40.0, 45.0, 44.0, 48.0 ] }
							},
							"children": [
								{
									"name": "left leg back end",
									"from": [ 0.6, -6.2, 0.1 ], 
									"to": [ 3.4, 1.8, 2.9 ], 
									"autoUnwrap": false,
									"uv": [ 0.0, 0.0 ],
									"rotationOrigin": [ 2.0, 0.0, 1.5 ],
									"rotationZ": -12.0,
									"faces": {
										"north": { "texture": "#skin", "uv": [ 53.0, 48.0, 55.5, 56.0 ] },
										"east": { "texture": "#skin", "uv": [ 56.0, 48.0, 58.5, 56.0 ] },
										"south": { "texture": "#skin", "uv": [ 58.5, 48.0, 61.0, 56.0 ] },
										"west": { "texture": "#skin", "uv": [ 61.5, 48.0, 64.0, 56.0 ] },
										"up": { "texture": "#skin", "uv": [ 53.0, 45.0, 55.5, 47.5 ] },
										"down": { "texture": "#skin", "uv": [ 56.0, 45.0, 58.5, 47.5 ] }
									}
								}
							]
						},
						{
							"name": "right back leg",
							"from": [ 7.5, -4.5, -1.0 ], 
							"to": [ 11.5, 3.5, 2.0 ], 
							"autoUnwrap": false,
							"uv": [ 0.0, 0.0 ],
							"rotationOrigin": [ 9.5, 1.0, 0.5 ],
							"rotationX": 90.0,
							"rotationZ": 40.0,
							"faces": {
								"north": { "texture": "#skin", "uv": [ 36.0, 36.0, 40.0, 44.0 ] },
								"east": { "texture": "#skin", "uv": [ 40.0, 36.0, 43.0, 44.0 ] },
								"south": { "texture": "#skin", "uv": [ 43.0, 36.0, 47.0, 44.0 ] },
								"west": { "texture": "#skin", "uv": [ 47.0, 36.0, 50.0, 44.0 ] },
								"up": { "texture": "#skin", "uv": [ 36.0, 33.0, 40.0, 36.0 ] },
								"down": { "texture": "#skin", "uv": [ 40.0, 33.0, 44.0, 36.0 ] }
							},
							"children": [
								{
									"name": "right leg back end",
									"from": [ 0.6, -6.2, 0.1 ], 
									"to": [ 3.4, 1.8, 2.9 ], 
									"autoUnwrap": false,
									"uv": [ 0.0, 0.0 ],
									"rotationOrigin": [ 2.0, 0.0, 1.5 ],
									"rotationZ": -12.0,
									"faces": {
										"north": { "texture": "#skin", "uv": [ 53.0, 36.0, 55.5, 44.0 ] },
										"east": { "texture": "#skin", "uv": [ 56.0, 36.0, 58.5, 44.0 ] },
										"south": { "texture": "#skin", "uv": [ 58.5, 36.0, 61.0, 44.0 ] },
										"west": { "texture": "#skin", "uv": [ 61.5, 36.0, 64.0, 44.0 ] },
										"up": { "texture": "#skin", "uv": [ 53.0, 33.0, 55.5, 35.5 ] },
										"down": { "texture": "#skin", "uv": [ 56.0, 33.0, 58.5, 35.5 ] }
									}
								}
							]
						},
						{
							"name": "Cube1",
							"from": [ 2.0, 0.0, 7.0 ], 
							"to": [ 10.0, 1.0, 13.0 ], 
							"autoUnwrap": false,
							"uv": [ 0.0, 12.0 ],
							"rotationOrigin": [ 2.0, 0.0, 7.0 ],
							"rotationY": 30.0,
							"faces": {
								"north": { "texture": "#skin", "uv": [ 0.0, 17.0, 8.0, 18.0 ] },
								"east": { "texture": "#skin", "uv": [ 8.0, 17.0, 14.0, 18.0 ] },
								"south": { "texture": "#skin", "uv": [ 13.0, 17.0, 21.0, 18.0 ] },
								"west": { "texture": "#skin", "uv": [ 21.0, 17.0, 27.0, 18.0 ] },
								"up": { "texture": "#skin", "uv": [ 0.0, 12.0, 8.0, 18.0 ] },
								"down": { "texture": "#skin", "uv": [ 8.0, 12.0, 16.0, 18.0 ] }
							}
						},
						{
							"name": "Cube19",
							"from": [ 2.0, 0.0, -7.0 ], 
							"to": [ 10.0, 1.0, -1.0 ], 
							"autoUnwrap": false,
							"uv": [ 0.0, 12.0 ],
							"rotationOrigin": [ 2.0, 0.0, -1.0 ],
							"rotationY": -30.0,
							"faces": {
								"north": { "texture": "#skin", "uv": [ 0.0, 17.0, 8.0, 18.0 ] },
								"east": { "texture": "#skin", "uv": [ 8.0, 17.0, 14.0, 18.0 ] },
								"south": { "texture": "#skin", "uv": [ 13.0, 17.0, 21.0, 18.0 ] },
								"west": { "texture": "#skin", "uv": [ 21.0, 17.0, 27.0, 18.0 ] },
								"up": { "texture": "#skin", "uv": [ 0.0, 12.0, 8.0, 18.0 ] },
								"down": { "texture": "#skin", "uv": [ 8.0, 12.0, 16.0, 18.0 ] }
							}
						},
						{
							"name": "Cube20",
							"from": [ -3.0, 0.0, 6.0 ], 
							"to": [ 5.0, 2.0, 12.0 ], 
							"uv": [ 0.0, 12.0 ],
							"rotationOrigin": [ -3.0, 0.0, 6.0 ],
							"faces": {
								"north": { "texture": "#skin", "uv": [ 0.0, 18.0, 8.0, 20.0 ] },
								"east": { "texture": "#skin", "uv": [ 8.0, 18.0, 14.0, 20.0 ] },
								"south": { "texture": "#skin", "uv": [ 14.0, 18.0, 22.0, 20.0 ] },
								"west": { "texture": "#skin", "uv": [ 22.0, 18.0, 28.0, 20.0 ] },
								"up": { "texture": "#skin", "uv": [ 0.0, 12.0, 8.0, 18.0 ] },
								"down": { "texture": "#skin", "uv": [ 8.0, 12.0, 16.0, 18.0 ] }
							}
						},
						{
							"name": "Cube21",
							"from": [ -3.0, 0.0, -6.0 ], 
							"to": [ 5.0, 2.0, 0.0 ], 
							"uv": [ 0.0, 12.0 ],
							"rotationOrigin": [ -3.0, 0.0, 0.0 ],
							"faces": {
								"north": { "texture": "#skin", "uv": [ 0.0, 18.0, 8.0, 20.0 ] },
								"east": { "texture": "#skin", "uv": [ 8.0, 18.0, 14.0, 20.0 ] },
								"south": { "texture": "#skin", "uv": [ 14.0, 18.0, 22.0, 20.0 ] },
								"west": { "texture": "#skin", "uv": [ 22.0, 18.0, 28.0, 20.0 ] },
								"up": { "texture": "#skin", "uv": [ 0.0, 12.0, 8.0, 18.0 ] },
								"down": { "texture": "#skin", "uv": [ 8.0, 12.0, 16.0, 18.0 ] }
							}
						}
					]
				},
				{
					"name": "left leg",
					"from": [ 1.0, -5.0, 4.5 ], 
					"to": [ 4.0, 2.0, 7.5 ], 
					"autoUnwrap": false,
					"uv": [ 0.0, 0.0 ],
					"rotationOrigin": [ 2.5, 1.0, 6.0 ],
					"rotationX": -90.0,
					"rotationZ": -20.0,
					"faces": {
						"north": { "texture": "#skin", "uv": [ 38.0, 12.0, 41.0, 19.0 ] },
						"east": { "texture": "#skin", "uv": [ 41.0, 12.0, 44.0, 19.0 ] },
						"south": { "texture": "#skin", "uv": [ 44.0, 12.0, 47.0, 19.0 ] },
						"west": { "texture": "#skin", "uv": [ 47.0, 12.0, 50.0, 19.0 ] },
						"up": { "texture": "#skin", "uv": [ 38.0, 9.0, 41.0, 12.0 ] },
						"down": { "texture": "#skin", "uv": [ 41.0, 9.0, 44.0, 12.0 ] }
					},
					"children": [
						{
							"name": "left leg end",
							"from": [ 0.1, -5.0, 0.1 ], 
							"to": [ 2.9, 1.0, 2.9 ], 
							"autoUnwrap": false,
							"uv": [ 0.0, 0.0 ],
							"rotationOrigin": [ 1.5, 0.0, 1.5 ],
							"rotationZ": -5.0,
							"faces": {
								"north": { "texture": "#skin", "uv": [ 53.0, 13.0, 55.5, 19.0 ] },
								"east": { "texture": "#skin", "uv": [ 56.0, 13.0, 58.5, 19.0 ] },
								"south": { "texture": "#skin", "uv": [ 58.5, 13.0, 61.0, 19.0 ] },
								"west": { "texture": "#skin", "uv": [ 61.5, 13.0, 64.0, 19.0 ] },
								"up": { "texture": "#skin", "uv": [ 53.0, 10.0, 55.5, 12.5 ] },
								"down": { "texture": "#skin", "uv": [ 56.0, 10.0, 58.5, 12.5 ] }
							}
						}
					]
				},
				{
					"name": "right leg",
					"from": [ 1.0, -5.0, 0.5 ], 
					"to": [ 4.0, 2.0, 3.5 ], 
					"autoUnwrap": false,
					"uv": [ 0.0, 0.0 ],
					"rotationOrigin": [ 2.5, 1.0, 2.0 ],
					"rotationX": 90.0,
					"rotationZ": -20.0,
					"faces": {
						"north": { "texture": "#skin", "uv": [ 38.0, 23.0, 41.0, 30.0 ] },
						"east": { "texture": "#skin", "uv": [ 41.0, 23.0, 44.0, 30.0 ] },
						"south": { "texture": "#skin", "uv": [ 44.0, 23.0, 47.0, 30.0 ] },
						"west": { "texture": "#skin", "uv": [ 47.0, 23.0, 50.0, 30.0 ] },
						"up": { "texture": "#skin", "uv": [ 38.0, 20.0, 41.0, 23.0 ] },
						"down": { "texture": "#skin", "uv": [ 41.0, 20.0, 44.0, 23.0 ] }
					},
					"children": [
						{
							"name": "right leg end",
							"from": [ 0.1, -5.0, 0.1 ], 
							"to": [ 2.9, 1.0, 2.9 ], 
							"autoUnwrap": false,
							"uv": [ 0.0, 0.0 ],
							"rotationOrigin": [ 1.5, 0.0, 1.5 ],
							"rotationZ": -5.0,
							"faces": {
								"north": { "texture": "#skin", "uv": [ 53.0, 23.0, 55.5, 29.0 ] },
								"east": { "texture": "#skin", "uv": [ 56.0, 23.0, 58.5, 29.0 ] },
								"south": { "texture": "#skin", "uv": [ 58.5, 23.0, 61.0, 29.0 ] },
								"west": { "texture": "#skin", "uv": [ 61.5, 23.0, 64.0, 29.0 ] },
								"up": { "texture": "#skin", "uv": [ 53.0, 20.0, 55.5, 22.5 ] },
								"down": { "texture": "#skin", "uv": [ 56.0, 20.0, 58.5, 22.5 ] }
							}
						}
					]
				}
			]
		}
	]}