{
	"editor": {
		"allAngles": true,
		"entityTextureMode": true
	},
	"textureWidth": 64,
	"textureHeight": 64,
	"textureSizes": {
	},
	"textures": {
		"boar":  "game:entity/pig/pig-wild-male1"
	},
	"elements": [
		{
			"name": "body",
			"from": [ 2.0, 5.0, 4.0 ], 
			"to": [ 15.0, 8.0, 11.0 ], 
			"autoUnwrap": false,
			"uv": [ 0.0, 0.0 ],
			"rotationOrigin": [ 8.0, 9.0, 7.5 ],
			"rotationZ": -2.0,
			"faces": {
				"north": { "texture": "#boar", "uv": [ 5.0, 8.0, 8.0, 21.0 ], "rotation": 270 },
				"east": { "texture": "#boar", "uv": [ 8.0, 5.0, 15.0, 8.0 ], "rotation": 180 },
				"south": { "texture": "#boar", "uv": [ 15.0, 8.0, 18.0, 21.0 ], "rotation": 90 },
				"west": { "texture": "#boar", "uv": [ 8.0, 21.0, 15.0, 24.0 ] },
				"up": { "texture": "#boar", "uv": [ 8.0, 8.0, 15.0, 21.0 ], "rotation": 90 },
				"down": { "texture": "#boar", "uv": [ 23.0, 8.0, 30.0, 21.0 ], "rotation": 270 }
			},
			"children": [
				{
					"name": "neck",
					"from": [ -5.0, 0.3, 1.0 ], 
					"to": [ 2.0, 5.8, 6.0 ], 
					"autoUnwrap": false,
					"uv": [ 32.0, 2.0 ],
					"rotationOrigin": [ 2.0, 4.8, 3.5 ],
					"faces": {
						"north": { "texture": "#boar", "uv": [ 32.0, 9.0, 39.0, 14.5 ] },
						"east": { "texture": "#boar", "uv": [ 51.0, 9.0, 56.0, 14.5 ], "enabled": false },
						"south": { "texture": "#boar", "uv": [ 44.0, 9.0, 51.0, 14.5 ] },
						"west": { "texture": "#boar", "uv": [ 39.0, 9.0, 44.0, 14.5 ] },
						"up": { "texture": "#boar", "uv": [ 39.0, 2.0, 44.0, 9.0 ], "rotation": 90 },
						"down": { "texture": "#boar", "uv": [ 39.0, 16.0, 44.0, 23.0 ], "rotation": 90 }
					},
					"children": [
						{
							"name": "cheeks",
							"from": [ -1.5, -0.3, -0.5 ], 
							"to": [ 2.5, 2.7, 5.5 ], 
							"autoUnwrap": false,
							"uv": [ 16.0, 25.0 ],
							"rotationOrigin": [ 1.5, 1.2, 2.5 ],
							"rotationZ": -4.0,
							"faces": {
								"north": { "texture": "#boar", "uv": [ 16.0, 29.0, 20.0, 32.0 ] },
								"east": { "texture": "#boar", "uv": [ 30.0, 29.0, 36.0, 32.0 ] },
								"south": { "texture": "#boar", "uv": [ 26.0, 29.0, 30.0, 32.0 ] },
								"west": { "texture": "#boar", "uv": [ 20.0, 29.0, 26.0, 32.0 ] },
								"up": { "texture": "#boar", "uv": [ 20.0, 25.0, 26.0, 29.0 ], "rotation": 90 },
								"down": { "texture": "#boar", "uv": [ 20.0, 33.0, 26.0, 37.0 ], "rotation": 90 }
							}
						},
						{
							"name": "head",
							"from": [ -5.5, 3.3, 1.0 ], 
							"to": [ 1.5, 5.3, 4.0 ], 
							"autoUnwrap": false,
							"uv": [ 44.0, 26.0 ],
							"rotationOrigin": [ 1.5, 4.5, 2.5 ],
							"rotationZ": 25.0,
							"faces": {
								"north": { "texture": "#boar", "uv": [ 44.0, 26.0, 46.0, 33.0 ], "rotation": 270 },
								"east": { "texture": "#boar", "uv": [ 46.0, 24.0, 49.0, 26.0 ], "rotation": 180, "enabled": false },
								"south": { "texture": "#boar", "uv": [ 49.0, 26.0, 51.0, 33.0 ], "rotation": 90 },
								"west": { "texture": "#boar", "uv": [ 46.0, 33.0, 49.0, 35.0 ] },
								"up": { "texture": "#boar", "uv": [ 46.0, 26.0, 49.0, 33.0 ], "rotation": 90 },
								"down": { "texture": "#boar", "uv": [ 51.0, 26.0, 54.0, 33.0 ], "rotation": 270 }
							}
						},
						{
							"name": "jaw",
							"from": [ -3.1, 0.0, 1.5 ], 
							"to": [ 0.9, 1.0, 3.5 ], 
							"autoUnwrap": false,
							"uv": [ 56.0, 29.0 ],
							"rotationOrigin": [ 0.9, 0.2, 2.5 ],
							"rotationZ": 3.0,
							"faces": {
								"north": { "texture": "#boar", "uv": [ 56.0, 29.0, 57.0, 33.0 ], "rotation": 270 },
								"east": { "texture": "#boar", "uv": [ 57.0, 28.0, 59.0, 29.0 ], "rotation": 180, "enabled": false },
								"south": { "texture": "#boar", "uv": [ 59.0, 29.0, 60.0, 33.0 ], "rotation": 90 },
								"west": { "texture": "#boar", "uv": [ 57.0, 33.0, 59.0, 34.0 ] },
								"up": { "texture": "#boar", "uv": [ 57.0, 29.0, 59.0, 33.0 ], "rotation": 90 },
								"down": { "texture": "#boar", "uv": [ 60.0, 29.0, 62.0, 33.0 ], "rotation": 270 }
							},
							"children": [
								{
									"name": "R tooth",
									"from": [ 0.8, 0.5, -0.2 ], 
									"to": [ 1.8, 2.5, 0.8 ], 
									"autoUnwrap": false,
									"uv": [ 3.0, 31.0 ],
									"rotationOrigin": [ 1.3, 0.5, 0.3 ],
									"rotationX": -25.0,
									"rotationZ": 15.0,
									"faces": {
										"north": { "texture": "#boar", "uv": [ 3.0, 32.0, 4.0, 34.0 ] },
										"east": { "texture": "#boar", "uv": [ 6.0, 32.0, 7.0, 34.0 ] },
										"south": { "texture": "#boar", "uv": [ 5.0, 32.0, 6.0, 34.0 ] },
										"west": { "texture": "#boar", "uv": [ 4.0, 32.0, 5.0, 34.0 ] },
										"up": { "texture": "#boar", "uv": [ 4.0, 31.0, 5.0, 32.0 ], "rotation": 90 },
										"down": { "texture": "#boar", "uv": [ 4.0, 34.0, 5.0, 35.0 ], "rotation": 90 }
									}
								},
								{
									"name": "R tooth18",
									"from": [ 0.8, 0.5, 1.2 ], 
									"to": [ 1.8, 2.5, 2.2 ], 
									"autoUnwrap": false,
									"uv": [ 7.0, 31.0 ],
									"rotationOrigin": [ 1.3, 0.5, 1.7 ],
									"rotationX": 25.0,
									"rotationZ": 15.0,
									"faces": {
										"north": { "texture": "#boar", "uv": [ 7.0, 32.0, 8.0, 34.0 ] },
										"east": { "texture": "#boar", "uv": [ 10.0, 32.0, 11.0, 34.0 ] },
										"south": { "texture": "#boar", "uv": [ 9.0, 32.0, 10.0, 34.0 ] },
										"west": { "texture": "#boar", "uv": [ 8.0, 32.0, 9.0, 34.0 ] },
										"up": { "texture": "#boar", "uv": [ 8.0, 31.0, 9.0, 32.0 ], "rotation": 90 },
										"down": { "texture": "#boar", "uv": [ 8.0, 34.0, 9.0, 35.0 ], "rotation": 90 }
									}
								}
							]
						},
						{
							"name": "R ear",
							"from": [ 0.5, 4.6, -0.2 ], 
							"to": [ 1.5, 7.6, 1.8 ], 
							"autoUnwrap": false,
							"uv": [ 18.0, 1.0 ],
							"rotationOrigin": [ 1.0, 4.3, 0.8 ],
							"rotationX": -40.0,
							"rotationY": -20.0,
							"faces": {
								"north": { "texture": "#boar", "uv": [ 18.0, 2.0, 19.0, 5.0 ] },
								"east": { "texture": "#boar", "uv": [ 22.0, 2.0, 24.0, 5.0 ] },
								"south": { "texture": "#boar", "uv": [ 21.0, 2.0, 22.0, 5.0 ] },
								"west": { "texture": "#boar", "uv": [ 19.0, 2.0, 21.0, 5.0 ] },
								"up": { "texture": "#boar", "uv": [ 19.0, 1.0, 21.0, 2.0 ], "rotation": 90 },
								"down": { "texture": "#boar", "uv": [ 19.0, 5.0, 21.0, 6.0 ], "rotation": 90, "enabled": false }
							}
						},
						{
							"name": "L eat",
							"from": [ 0.5, 4.6, 3.2 ], 
							"to": [ 1.5, 7.6, 5.2 ], 
							"autoUnwrap": false,
							"uv": [ 26.0, 1.0 ],
							"rotationOrigin": [ 1.0, 4.3, 4.2 ],
							"rotationX": 40.0,
							"rotationY": 20.0,
							"faces": {
								"north": { "texture": "#boar", "uv": [ 26.0, 2.0, 27.0, 5.0 ] },
								"east": { "texture": "#boar", "uv": [ 30.0, 2.0, 32.0, 5.0 ] },
								"south": { "texture": "#boar", "uv": [ 29.0, 2.0, 30.0, 5.0 ] },
								"west": { "texture": "#boar", "uv": [ 27.0, 2.0, 29.0, 5.0 ] },
								"up": { "texture": "#boar", "uv": [ 27.0, 1.0, 29.0, 2.0 ], "rotation": 90 },
								"down": { "texture": "#boar", "uv": [ 27.0, 5.0, 29.0, 6.0 ], "rotation": 90, "enabled": false }
							}
						},
						{
							"name": "Cube1",
							"from": [ 4.0, 2.6, 0.0 ], 
							"to": [ 8.0, 6.6, 5.0 ], 
							"autoUnwrap": false,
							"uv": [ 39.5, 2.0 ],
							"rotationOrigin": [ 4.0, 2.5, 0.0 ],
							"rotationZ": -44.0,
							"faces": {
								"north": { "texture": "#boar", "uv": [ 35.0, 9.0, 39.0, 13.0 ], "autoUv": false, "windMode": [-1,-1,-1,-1] },
								"east": { "texture": "#boar", "uv": [ 43.5, 7.0, 48.5, 11.0 ] },
								"south": { "texture": "#boar", "uv": [ 44.0, 9.0, 48.0, 13.0 ], "windMode": [-1,-1,-1,-1] },
								"west": { "texture": "#boar", "uv": [ 52.5, 7.0, 57.5, 11.0 ] },
								"up": { "texture": "#boar", "uv": [ 39.5, 2.0, 43.5, 7.0 ] },
								"down": { "texture": "#boar", "uv": [ 39.5, 2.0, 43.5, 7.0 ], "windMode": [-1,-1,-1,-1] }
							}
						}
					],
					"attachmentpoints": [
						{
							"code": "rope",
							"posX": "3.0","posY": "5.0","posZ": "2.6",
							"rotationX": "0.0","rotationY": "0.0","rotationZ": "0.0"
						}
					]
				},
				{
					"name": "R back leg",
					"from": [ 8.0, -4.1, -1.0 ], 
					"to": [ 12.0, 1.9, 2.0 ], 
					"autoUnwrap": false,
					"uv": [ 32.0, 38.0 ],
					"rotationOrigin": [ 10.0, 1.9, 0.5 ],
					"rotationX": 80.0,
					"rotationZ": 23.0,
					"faces": {
						"north": { "texture": "#boar", "uv": [ 39.0, 42.0, 43.0, 48.0 ] },
						"east": { "texture": "#boar", "uv": [ 36.0, 42.0, 39.0, 48.0 ] },
						"south": { "texture": "#boar", "uv": [ 32.0, 42.0, 36.0, 48.0 ] },
						"west": { "texture": "#boar", "uv": [ 43.0, 42.0, 46.0, 48.0 ] },
						"up": { "texture": "#boar", "uv": [ 36.0, 38.0, 39.0, 42.0 ], "rotation": 270 },
						"down": { "texture": "#boar", "uv": [ 36.0, 48.0, 39.0, 52.0 ], "rotation": 270 }
					},
					"children": [
						{
							"name": "R back feet",
							"from": [ 1.3, -4.4, 1.0 ], 
							"to": [ 3.3, 1.6, 3.0 ], 
							"autoUnwrap": false,
							"uv": [ 38.0, 53.0 ],
							"rotationOrigin": [ 2.3, 1.6, 2.0 ],
							"rotationX": 8.0,
							"rotationZ": -22.0,
							"faces": {
								"north": { "texture": "#boar", "uv": [ 42.0, 55.0, 44.0, 61.0 ] },
								"east": { "texture": "#boar", "uv": [ 40.0, 55.0, 42.0, 61.0 ] },
								"south": { "texture": "#boar", "uv": [ 38.0, 55.0, 40.0, 61.0 ] },
								"west": { "texture": "#boar", "uv": [ 44.0, 55.0, 46.0, 61.0 ] },
								"up": { "texture": "#boar", "uv": [ 40.0, 53.0, 42.0, 55.0 ], "rotation": 270 },
								"down": { "texture": "#boar", "uv": [ 40.0, 61.0, 42.0, 63.0 ], "rotation": 270 }
							}
						}
					]
				},
				{
					"name": "L back leg",
					"from": [ 8.0, -4.1, 5.0 ], 
					"to": [ 12.0, 1.9, 8.0 ], 
					"autoUnwrap": false,
					"uv": [ 48.0, 38.0 ],
					"rotationOrigin": [ 10.0, 1.9, 6.5 ],
					"rotationX": -80.0,
					"rotationZ": 23.0,
					"faces": {
						"north": { "texture": "#boar", "uv": [ 55.0, 42.0, 59.0, 48.0 ] },
						"east": { "texture": "#boar", "uv": [ 52.0, 42.0, 55.0, 48.0 ] },
						"south": { "texture": "#boar", "uv": [ 48.0, 42.0, 52.0, 48.0 ] },
						"west": { "texture": "#boar", "uv": [ 59.0, 42.0, 62.0, 48.0 ] },
						"up": { "texture": "#boar", "uv": [ 52.0, 38.0, 55.0, 42.0 ], "rotation": 270 },
						"down": { "texture": "#boar", "uv": [ 52.0, 48.0, 55.0, 52.0 ], "rotation": 270 }
					},
					"children": [
						{
							"name": "L back feet",
							"from": [ 1.3, -4.4, 0.0 ], 
							"to": [ 3.3, 1.6, 2.0 ], 
							"autoUnwrap": false,
							"uv": [ 54.0, 53.0 ],
							"rotationOrigin": [ 2.3, 1.6, 1.0 ],
							"rotationX": -8.0,
							"rotationZ": -22.0,
							"faces": {
								"north": { "texture": "#boar", "uv": [ 58.0, 55.0, 60.0, 61.0 ] },
								"east": { "texture": "#boar", "uv": [ 56.0, 55.0, 58.0, 61.0 ] },
								"south": { "texture": "#boar", "uv": [ 54.0, 55.0, 56.0, 61.0 ] },
								"west": { "texture": "#boar", "uv": [ 60.0, 55.0, 62.0, 61.0 ] },
								"up": { "texture": "#boar", "uv": [ 56.0, 53.0, 58.0, 55.0 ], "rotation": 270 },
								"down": { "texture": "#boar", "uv": [ 56.0, 61.0, 58.0, 63.0 ], "rotation": 270 }
							}
						}
					]
				},
				{
					"name": "tail",
					"from": [ 12.0, -1.5, 3.0 ], 
					"to": [ 13.0, 2.5, 4.0 ], 
					"autoUnwrap": false,
					"uv": [ 56.0, 10.0 ],
					"rotationOrigin": [ 12.5, 2.5, 3.5 ],
					"rotationZ": 64.0,
					"faces": {
						"north": { "texture": "#boar", "uv": [ 58.0, 11.0, 59.0, 15.0 ] },
						"east": { "texture": "#boar", "uv": [ 57.0, 11.0, 58.0, 15.0 ] },
						"south": { "texture": "#boar", "uv": [ 56.0, 11.0, 57.0, 15.0 ] },
						"west": { "texture": "#boar", "uv": [ 59.0, 11.0, 60.0, 15.0 ] },
						"up": { "texture": "#boar", "uv": [ 57.0, 10.0, 58.0, 11.0 ], "rotation": 270 },
						"down": { "texture": "#boar", "uv": [ 57.0, 15.0, 58.0, 16.0 ], "rotation": 270 }
					}
				},
				{
					"name": "Bellyleftflank",
					"from": [ -2.0, 0.0, 6.0 ], 
					"to": [ 0.0, 2.0, 15.0 ], 
					"autoUnwrap": false,
					"uv": [ 0.0, 8.5 ],
					"rotationOrigin": [ 1.0, 0.0, 6.0 ],
					"rotationY": 90.0,
					"faces": {
						"north": { "texture": "#boar", "uv": [ 3.0, 19.5, 5.0, 21.5 ] },
						"east": { "texture": "#boar", "uv": [ 1.5, 19.0, 10.5, 21.0 ], "enabled": false },
						"south": { "texture": "#boar", "uv": [ 3.0, 8.5, 5.0, 10.5 ], "windMode": [-1,-1,-1,-1] },
						"west": { "texture": "#boar", "uv": [ 1.0, 10.5, 3.0, 19.5 ], "rotation": 90 },
						"up": { "texture": "#boar", "uv": [ 3.0, 10.5, 5.0, 19.5 ], "rotation": 180 },
						"down": { "texture": "#boar", "uv": [ 3.0, 10.5, 5.0, 19.5 ] }
					},
					"children": [
						{
							"name": "Bellyleftedge",
							"from": [ -1.0, 0.0, 1.0 ], 
							"to": [ 0.0, 2.0, 8.0 ], 
							"autoUnwrap": false,
							"uv": [ 0.0, 8.5 ],
							"rotationOrigin": [ 2.0, 0.0, 1.0 ],
							"rotationY": 0.0,
							"faces": {
								"north": { "texture": "#boar", "uv": [ 2.0, 18.5, 3.0, 20.5 ], "windMode": [-1,-1,-1,-1] },
								"east": { "texture": "#boar", "uv": [ 1.5, 19.0, 8.5, 21.0 ], "enabled": false },
								"south": { "texture": "#boar", "uv": [ 2.0, 9.5, 3.0, 11.5 ], "windMode": [-1,-1,-1,-1] },
								"west": { "texture": "#boar", "uv": [ 0.0, 11.5, 2.0, 18.5 ], "rotation": 90 },
								"up": { "texture": "#boar", "uv": [ 2.0, 11.5, 3.0, 18.5 ], "rotation": 180, "windMode": [-1,-1,-1,-1] },
								"down": { "texture": "#boar", "uv": [ 2.0, 11.5, 3.0, 18.5 ], "windMode": [-1,-1,-1,-1] }
							}
						}
					]
				},
				{
					"name": "Bellyrightflank",
					"from": [ 1.0, 0.0, 0.0 ], 
					"to": [ 3.0, 2.0, 9.0 ], 
					"autoUnwrap": false,
					"uv": [ 0.0, 8.5 ],
					"rotationOrigin": [ 1.0, 0.0, 0.0 ],
					"rotationY": 90.0,
					"faces": {
						"north": { "texture": "#boar", "uv": [ 18.0, 18.5, 20.0, 20.5 ], "windMode": [-1,-1,-1,-1] },
						"east": { "texture": "#boar", "uv": [ 1.5, 19.0, 10.5, 21.0 ], "enabled": false },
						"south": { "texture": "#boar", "uv": [ 18.0, 8.5, 20.0, 10.5 ], "windMode": [-1,-1,-1,-1] },
						"west": { "texture": "#boar", "uv": [ 20.0, 10.5, 22.0, 19.5 ], "rotation": 90, "windMode": [-1,-1,-1,-1] },
						"up": { "texture": "#boar", "uv": [ 18.0, 10.5, 20.0, 19.5 ], "rotation": 180, "windMode": [-1,-1,-1,-1] },
						"down": { "texture": "#boar", "uv": [ 18.0, 10.5, 20.0, 19.5 ] }
					},
					"children": [
						{
							"name": "Bellyrightedge",
							"from": [ 2.0, 0.0, 1.0 ], 
							"to": [ 3.0, 2.0, 8.0 ], 
							"autoUnwrap": false,
							"uv": [ 0.0, 8.5 ],
							"rotationOrigin": [ 0.0, 0.0, 1.0 ],
							"rotationY": 0.0,
							"faces": {
								"north": { "texture": "#boar", "uv": [ 20.0, 18.5, 21.0, 20.5 ], "windMode": [-1,-1,-1,-1] },
								"east": { "texture": "#boar", "uv": [ 1.5, 19.0, 8.5, 21.0 ], "enabled": false, "windMode": [-1,-1,-1,-1] },
								"south": { "texture": "#boar", "uv": [ 20.0, 9.5, 21.0, 11.5 ] },
								"west": { "texture": "#boar", "uv": [ 21.0, 11.5, 23.0, 18.5 ], "rotation": 90, "windMode": [-1,-1,-1,-1] },
								"up": { "texture": "#boar", "uv": [ 20.0, 11.5, 21.0, 18.5 ], "rotation": 180, "windMode": [-1,-1,-1,-1] },
								"down": { "texture": "#boar", "uv": [ 20.0, 11.5, 21.0, 18.5 ], "windMode": [-1,-1,-1,-1] }
							}
						}
					]
				},
				{
					"name": "R front leg",
					"from": [ -1.6973, -2.5285, 0.2 ], 
					"to": [ 1.3027, 3.4715, 2.2 ], 
					"autoUnwrap": false,
					"uv": [ 2.0, 39.0 ],
					"rotationOrigin": [ -0.1973, 2.4715, 1.6 ],
					"rotationX": 79.904,
					"rotationY": 7.878,
					"rotationZ": -8.602,
					"faces": {
						"north": { "texture": "#boar", "uv": [ 2.0, 42.0, 5.0, 48.0 ] },
						"east": { "texture": "#boar", "uv": [ 11.0, 42.0, 13.0, 48.0 ] },
						"south": { "texture": "#boar", "uv": [ 8.0, 42.0, 11.0, 48.0 ] },
						"west": { "texture": "#boar", "uv": [ 5.0, 42.0, 7.0, 48.0 ] },
						"up": { "texture": "#boar", "uv": [ 5.0, 39.0, 7.0, 42.0 ], "rotation": 90 },
						"down": { "texture": "#boar", "uv": [ 5.0, 48.0, 7.0, 51.0 ], "rotation": 90 }
					},
					"children": [
						{
							"name": "R front feet",
							"from": [ 0.5, -4.8, 0.5 ], 
							"to": [ 2.5, 1.2, 2.5 ], 
							"autoUnwrap": false,
							"uv": [ 3.0, 53.0 ],
							"rotationOrigin": [ 1.5, 1.2, 1.5 ],
							"rotationX": 5.0,
							"rotationZ": -17.0,
							"faces": {
								"north": { "texture": "#boar", "uv": [ 3.0, 55.0, 5.0, 61.0 ] },
								"east": { "texture": "#boar", "uv": [ 9.0, 55.0, 11.0, 61.0 ] },
								"south": { "texture": "#boar", "uv": [ 7.0, 55.0, 9.0, 61.0 ] },
								"west": { "texture": "#boar", "uv": [ 5.0, 55.0, 7.0, 61.0 ] },
								"up": { "texture": "#boar", "uv": [ 5.0, 53.0, 7.0, 55.0 ], "rotation": 90 },
								"down": { "texture": "#boar", "uv": [ 5.0, 61.0, 7.0, 63.0 ], "rotation": 90 }
							}
						}
					]
				},
				{
					"name": "L front leg",
					"from": [ -1.6973, -2.5285, 4.6 ], 
					"to": [ 1.3027, 3.4715, 6.6 ], 
					"autoUnwrap": false,
					"uv": [ 16.0, 39.0 ],
					"rotationOrigin": [ -0.1973, 2.4715, 5.2 ],
					"rotationX": -79.904,
					"rotationY": -7.878,
					"rotationZ": -8.602,
					"faces": {
						"north": { "texture": "#boar", "uv": [ 16.0, 42.0, 19.0, 48.0 ] },
						"east": { "texture": "#boar", "uv": [ 25.0, 42.0, 27.0, 48.0 ] },
						"south": { "texture": "#boar", "uv": [ 22.0, 42.0, 25.0, 48.0 ] },
						"west": { "texture": "#boar", "uv": [ 19.0, 42.0, 21.0, 48.0 ] },
						"up": { "texture": "#boar", "uv": [ 19.0, 39.0, 21.0, 42.0 ], "rotation": 90 },
						"down": { "texture": "#boar", "uv": [ 19.0, 48.0, 21.0, 51.0 ], "rotation": 90 }
					},
					"children": [
						{
							"name": "L front feet",
							"from": [ 0.5, -4.8, -0.5 ], 
							"to": [ 2.5, 1.2, 1.5 ], 
							"autoUnwrap": false,
							"uv": [ 17.0, 53.0 ],
							"rotationOrigin": [ 1.5, 1.2, 0.5 ],
							"rotationX": -5.0,
							"rotationZ": -17.0,
							"faces": {
								"north": { "texture": "#boar", "uv": [ 17.0, 55.0, 19.0, 61.0 ] },
								"east": { "texture": "#boar", "uv": [ 23.0, 55.0, 25.0, 61.0 ] },
								"south": { "texture": "#boar", "uv": [ 21.0, 55.0, 23.0, 61.0 ] },
								"west": { "texture": "#boar", "uv": [ 19.0, 55.0, 21.0, 61.0 ] },
								"up": { "texture": "#boar", "uv": [ 19.0, 53.0, 21.0, 55.0 ], "rotation": 90 },
								"down": { "texture": "#boar", "uv": [ 19.0, 61.0, 21.0, 63.0 ], "rotation": 90 }
							}
						}
					]
				}
			]
		}
	]}