{
	"editor": {
		"allAngles": true,
		"entityTextureMode": true
	},
	"textureWidth": 32,
	"textureHeight": 32,
	"textureSizes": {
	},
	"textures": {
		"skin": "game:entity/hare/female-arctic"
	},
	"elements": [
		{
			"name": "body",
			"from": [ 6.0, 4.4, 6.0 ], 
			"to": [ 9.5, 6.4, 10.0 ], 
			"unwrapMode": 5,
			"unwrapRotation": 1,
			"uv": [ 2.0, 1.0 ],
			"rotationOrigin": [ 8.0, 6.4, 8.0 ],
			"faces": {
				"north": { "texture": "#skin", "uv": [ 2.0, 3.0, 4.0, 6.5 ], "rotation": 270 },
				"east": { "texture": "#skin", "uv": [ 4.0, 1.0, 8.0, 3.0 ], "rotation": 180 },
				"south": { "texture": "#skin", "uv": [ 8.0, 3.0, 10.0, 6.5 ], "rotation": 90 },
				"west": { "texture": "#skin", "uv": [ 4.0, 6.5, 8.0, 8.5 ] },
				"up": { "texture": "#skin", "uv": [ 4.0, 3.0, 8.0, 6.5 ], "rotation": 90 },
				"down": { "texture": "#skin", "uv": [ 10.0, 3.0, 14.0, 6.5 ], "rotation": 270 }
			},
			"children": [
				{
					"name": "neck",
					"from": [ -2.2, -0.6, 0.7 ], 
					"to": [ 1.3, 1.0, 3.3 ], 
					"unwrapMode": 5,
					"unwrapRotation": 1,
					"uv": [ 21.5, 0.5 ],
					"rotationOrigin": [ 1.3, 0.7, 2.0 ],
					"rotationZ": -29.0,
					"faces": {
						"north": { "texture": "#skin", "uv": [ 21.5, 0.5, 23.0, 4.0 ], "rotation": 270 },
						"east": { "texture": "#skin", "uv": [ 23.0, 0.5, 25.5, 2.0 ], "rotation": 180, "enabled": false },
						"south": { "texture": "#skin", "uv": [ 25.5, 0.5, 27.0, 4.0 ], "rotation": 90 },
						"west": { "texture": "#skin", "uv": [ 23.0, 4.0, 25.5, 5.5 ] },
						"up": { "texture": "#skin", "uv": [ 23.0, 0.5, 25.5, 4.0 ], "rotation": 90 },
						"down": { "texture": "#skin", "uv": [ 27.0, 0.5, 29.5, 4.0 ], "rotation": 270 }
					},
					"children": [
						{
							"name": "head",
							"from": [ -1.2, -0.3, -0.2 ], 
							"to": [ 1.3, 2.2, 2.8 ], 
							"unwrapMode": 4,
							"uv": [ 0.5, 12.5 ],
							"rotationOrigin": [ 1.3, 1.3, 1.2 ],
							"rotationX": -10.0,
							"rotationY": 15.0,
							"rotationZ": 30.0,
							"faces": {
								"north": { "texture": "#skin", "uv": [ 0.5, 15.0, 3.0, 17.5 ] },
								"east": { "texture": "#skin", "uv": [ 8.5, 15.0, 11.5, 17.5 ] },
								"south": { "texture": "#skin", "uv": [ 6.0, 15.0, 8.5, 17.5 ] },
								"west": { "texture": "#skin", "uv": [ 3.0, 15.0, 6.0, 17.5 ] },
								"up": { "texture": "#skin", "uv": [ 3.0, 12.5, 6.0, 15.0 ], "rotation": 90 },
								"down": { "texture": "#skin", "uv": [ 3.0, 17.5, 6.0, 20.0 ], "rotation": 90 }
							},
							"children": [
								{
									"name": "mouth",
									"from": [ -1.5, 0.9, 0.5 ], 
									"to": [ 1.0, 2.4, 2.5 ], 
									"unwrapMode": 5,
									"unwrapRotation": 1,
									"uv": [ 24.5, 16.0 ],
									"rotationOrigin": [ 1.0, 1.7, 1.5 ],
									"rotationZ": 8.0,
									"faces": {
										"north": { "texture": "#skin", "uv": [ 24.5, 16.0, 26.0, 18.5 ], "rotation": 270 },
										"east": { "texture": "#skin", "uv": [ 26.0, 16.0, 28.0, 17.5 ], "rotation": 180, "enabled": false },
										"south": { "texture": "#skin", "uv": [ 28.0, 16.0, 29.5, 18.5 ], "rotation": 90 },
										"west": { "texture": "#skin", "uv": [ 26.0, 18.5, 28.0, 20.0 ] },
										"up": { "texture": "#skin", "uv": [ 26.0, 16.0, 28.0, 18.5 ], "rotation": 90 },
										"down": { "texture": "#skin", "uv": [ 29.5, 16.0, 31.5, 18.5 ], "rotation": 270 }
									},
									"children": [
										{
											"name": "jaw",
											"from": [ 0.1, -0.7, 0.2 ], 
											"to": [ 2.1, -0.1, 1.7 ], 
											"unwrapMode": 5,
											"unwrapRotation": 1,
											"uv": [ 28.0, 21.0 ],
											"rotationOrigin": [ 2.1, -0.4, 0.7 ],
											"rotationZ": -8.0,
											"faces": {
												"north": { "texture": "#skin", "uv": [ 28.0, 21.0, 28.5, 23.0 ], "rotation": 270 },
												"east": { "texture": "#skin", "uv": [ 28.5, 21.0, 30.0, 21.5 ], "rotation": 180, "enabled": false },
												"south": { "texture": "#skin", "uv": [ 30.0, 21.0, 30.5, 23.0 ], "rotation": 90 },
												"west": { "texture": "#skin", "uv": [ 28.5, 23.0, 30.0, 23.5 ] },
												"up": { "texture": "#skin", "uv": [ 28.5, 21.0, 30.0, 23.0 ], "rotation": 90 },
												"down": { "texture": "#skin", "uv": [ 30.5, 21.0, 32.0, 23.0 ], "rotation": 270 }
											}
										},
										{
											"name": "nose",
											"from": [ -0.1, 0.6, 0.5 ], 
											"to": [ 0.4, 1.6, 1.5 ], 
											"unwrapMode": 4,
											"uv": [ 0.0, 0.0 ],
											"rotationOrigin": [ 0.4, 0.6, 1.0 ],
											"faces": {
												"north": { "texture": "#skin", "uv": [ 0.0, 0.5, 0.5, 1.5 ] },
												"east": { "texture": "#skin", "uv": [ 2.0, 0.5, 3.0, 1.5 ] },
												"south": { "texture": "#skin", "uv": [ 1.5, 0.5, 2.0, 1.5 ] },
												"west": { "texture": "#skin", "uv": [ 0.5, 0.5, 1.5, 1.5 ] },
												"up": { "texture": "#skin", "uv": [ 0.5, 0.0, 1.5, 0.5 ], "rotation": 90 },
												"down": { "texture": "#skin", "uv": [ 0.5, 1.5, 1.5, 2.0 ], "rotation": 90 }
											}
										}
									]
								},
								{
									"name": "L ear",
									"from": [ 1.0, 2.4, 1.9 ], 
									"to": [ 1.5, 5.9, 2.9 ], 
									"unwrapMode": 4,
									"uv": [ 12.5, 0.0 ],
									"rotationOrigin": [ 1.2, 2.4, 2.4 ],
									"rotationY": -10.0,
									"rotationZ": -90.0,
									"faces": {
										"north": { "texture": "#skin", "uv": [ 12.5, 0.5, 13.0, 4.0 ] },
										"east": { "texture": "#skin", "uv": [ 14.5, 0.5, 15.5, 4.0 ] },
										"south": { "texture": "#skin", "uv": [ 14.0, 0.5, 14.5, 4.0 ] },
										"west": { "texture": "#skin", "uv": [ 13.0, 0.5, 14.0, 4.0 ] },
										"up": { "texture": "#skin", "uv": [ 13.0, 0.0, 14.0, 0.5 ], "rotation": 90 },
										"down": { "texture": "#skin", "uv": [ 13.0, 4.0, 14.0, 4.5 ], "rotation": 90 }
									}
								},
								{
									"name": "R ear",
									"from": [ 1.0, 2.4, 0.1 ], 
									"to": [ 1.5, 5.9, 1.1 ], 
									"unwrapMode": 4,
									"uv": [ 9.0, 0.0 ],
									"rotationOrigin": [ 1.2, 2.4, 0.6 ],
									"rotationY": 10.0,
									"rotationZ": -90.0,
									"faces": {
										"north": { "texture": "#skin", "uv": [ 9.0, 0.5, 9.5, 4.0 ] },
										"east": { "texture": "#skin", "uv": [ 11.0, 0.5, 12.0, 4.0 ] },
										"south": { "texture": "#skin", "uv": [ 10.5, 0.5, 11.0, 4.0 ] },
										"west": { "texture": "#skin", "uv": [ 9.5, 0.5, 10.5, 4.0 ] },
										"up": { "texture": "#skin", "uv": [ 9.5, 0.0, 10.5, 0.5 ], "rotation": 90 },
										"down": { "texture": "#skin", "uv": [ 9.5, 4.0, 10.5, 4.5 ], "rotation": 90 }
									}
								}
							]
						}
					],
					"attachmentpoints": [
						{
							"code": "rope",
							"posX": "1.0","posY": "1.3","posZ": "1.3",
							"rotationX": "0.0","rotationY": "0.0","rotationZ": "0.0"
						}
					]
				},
				{
					"name": "abdomen",
					"from": [ 2.6, 0.3, -0.1 ], 
					"to": [ 6.6, 2.5, 4.1 ], 
					"unwrapMode": 5,
					"unwrapRotation": 1,
					"uv": [ 17.0, 5.5 ],
					"rotationOrigin": [ 2.6, 2.5, 2.0 ],
					"faces": {
						"north": { "texture": "#skin", "uv": [ 17.0, 7.5, 19.0, 11.5 ], "rotation": 270 },
						"east": { "texture": "#skin", "uv": [ 19.0, 5.5, 23.0, 7.5 ], "rotation": 180 },
						"south": { "texture": "#skin", "uv": [ 23.0, 7.5, 25.0, 11.5 ], "rotation": 90 },
						"west": { "texture": "#skin", "uv": [ 19.0, 11.5, 23.0, 13.5 ] },
						"up": { "texture": "#skin", "uv": [ 19.0, 7.5, 23.0, 11.5 ], "rotation": 90 },
						"down": { "texture": "#skin", "uv": [ 25.0, 7.5, 29.0, 11.5 ], "rotation": 270 }
					},
					"children": [
						{
							"name": "tail",
							"from": [ 3.5, 0.6, 1.3 ], 
							"to": [ 5.0, 2.1, 2.9 ], 
							"unwrapMode": 5,
							"unwrapRotation": 1,
							"uv": [ 15.5, 27.5 ],
							"rotationOrigin": [ 3.5, 1.3, 2.0 ],
							"rotationZ": -29.0,
							"faces": {
								"north": { "texture": "#skin", "uv": [ 15.5, 29.0, 17.0, 30.5 ], "rotation": 270 },
								"east": { "texture": "#skin", "uv": [ 17.0, 27.5, 18.5, 29.0 ], "rotation": 180 },
								"south": { "texture": "#skin", "uv": [ 18.5, 29.0, 20.0, 30.5 ], "rotation": 90 },
								"west": { "texture": "#skin", "uv": [ 17.0, 30.5, 18.5, 32.0 ], "enabled": false },
								"up": { "texture": "#skin", "uv": [ 17.0, 29.0, 18.5, 30.5 ], "rotation": 90 },
								"down": { "texture": "#skin", "uv": [ 20.0, 29.0, 21.5, 30.5 ], "rotation": 270 }
							}
						},
						{
							"name": "L back leg",
							"from": [ 2.3, -2.6, 3.0 ], 
							"to": [ 4.3, 0.4, 4.5 ], 
							"unwrapMode": 4,
							"uv": [ 20.0, 20.0 ],
							"rotationOrigin": [ 3.3, 0.4, 3.8 ],
							"rotationY": -10.0,
							"rotationZ": 80.0,
							"faces": {
								"north": { "texture": "#skin", "uv": [ 20.0, 22.0, 22.0, 25.0 ] },
								"east": { "texture": "#skin", "uv": [ 25.5, 22.0, 27.0, 25.0 ] },
								"south": { "texture": "#skin", "uv": [ 23.5, 22.0, 25.5, 25.0 ] },
								"west": { "texture": "#skin", "uv": [ 22.0, 22.0, 23.5, 25.0 ] },
								"up": { "texture": "#skin", "uv": [ 22.0, 20.0, 23.5, 22.0 ], "rotation": 90 },
								"down": { "texture": "#skin", "uv": [ 22.0, 25.0, 23.5, 27.0 ], "rotation": 90 }
							},
							"children": [
								{
									"name": "L back feet",
									"from": [ 0.5, -3.3, 0.1 ], 
									"to": [ 1.5, 0.7, 1.1 ], 
									"unwrapMode": 4,
									"uv": [ 28.0, 25.5 ],
									"rotationOrigin": [ 1.0, 0.7, 0.6 ],
									"rotationX": 10.0,
									"rotationY": 3.0,
									"rotationZ": 20.0,
									"faces": {
										"north": { "texture": "#skin", "uv": [ 28.0, 26.5, 29.0, 30.5 ] },
										"east": { "texture": "#skin", "uv": [ 31.0, 26.5, 32.0, 30.5 ] },
										"south": { "texture": "#skin", "uv": [ 30.0, 26.5, 31.0, 30.5 ] },
										"west": { "texture": "#skin", "uv": [ 29.0, 26.5, 30.0, 30.5 ] },
										"up": { "texture": "#skin", "uv": [ 29.0, 25.5, 30.0, 26.5 ], "rotation": 90 },
										"down": { "texture": "#skin", "uv": [ 29.0, 30.5, 30.0, 31.5 ], "rotation": 90 }
									}
								}
							]
						},
						{
							"name": "R back leg",
							"from": [ 2.3, -2.6, -0.3 ], 
							"to": [ 4.3, 0.4, 1.2 ], 
							"unwrapMode": 4,
							"uv": [ 13.0, 20.0 ],
							"rotationOrigin": [ 3.3, 0.4, 0.5 ],
							"rotationY": 10.0,
							"rotationZ": 80.0,
							"faces": {
								"north": { "texture": "#skin", "uv": [ 13.0, 22.0, 15.0, 25.0 ] },
								"east": { "texture": "#skin", "uv": [ 18.5, 22.0, 20.0, 25.0 ] },
								"south": { "texture": "#skin", "uv": [ 16.5, 22.0, 18.5, 25.0 ] },
								"west": { "texture": "#skin", "uv": [ 15.0, 22.0, 16.5, 25.0 ] },
								"up": { "texture": "#skin", "uv": [ 15.0, 20.0, 16.5, 22.0 ], "rotation": 90 },
								"down": { "texture": "#skin", "uv": [ 15.0, 25.0, 16.5, 27.0 ], "rotation": 90 }
							},
							"children": [
								{
									"name": "R back feet",
									"from": [ 0.5, -3.3, 0.4 ], 
									"to": [ 1.5, 0.7, 1.4 ], 
									"unwrapMode": 4,
									"uv": [ 24.0, 25.5 ],
									"rotationOrigin": [ 1.0, 0.7, 0.9 ],
									"rotationX": 10.0,
									"rotationY": 3.0,
									"rotationZ": 20.0,
									"faces": {
										"north": { "texture": "#skin", "uv": [ 24.0, 26.5, 25.0, 30.5 ] },
										"east": { "texture": "#skin", "uv": [ 27.0, 26.5, 28.0, 30.5 ] },
										"south": { "texture": "#skin", "uv": [ 26.0, 26.5, 27.0, 30.5 ] },
										"west": { "texture": "#skin", "uv": [ 25.0, 26.5, 26.0, 30.5 ] },
										"up": { "texture": "#skin", "uv": [ 25.0, 25.5, 26.0, 26.5 ], "rotation": 90 },
										"down": { "texture": "#skin", "uv": [ 25.0, 30.5, 26.0, 31.5 ], "rotation": 90 }
									}
								}
							]
						}
					]
				},
				{
					"name": "L front leg",
					"from": [ 1.1, -1.5, 2.8 ], 
					"to": [ 2.6, 1.0, 4.3 ], 
					"unwrapMode": 4,
					"uv": [ 6.0, 20.5 ],
					"rotationOrigin": [ 1.8, 1.0, 3.5 ],
					"rotationX": -90.0,
					"rotationY": 3.0,
					"rotationZ": -45.0,
					"faces": {
						"north": { "texture": "#skin", "uv": [ 6.0, 22.0, 7.5, 24.5 ] },
						"east": { "texture": "#skin", "uv": [ 10.5, 22.0, 12.0, 24.5 ] },
						"south": { "texture": "#skin", "uv": [ 9.0, 22.0, 10.5, 24.5 ] },
						"west": { "texture": "#skin", "uv": [ 7.5, 22.0, 9.0, 24.5 ] },
						"up": { "texture": "#skin", "uv": [ 7.5, 20.5, 9.0, 22.0 ], "rotation": 90 },
						"down": { "texture": "#skin", "uv": [ 7.5, 24.5, 9.0, 26.0 ], "rotation": 90 }
					},
					"children": [
						{
							"name": "left front feet",
							"from": [ 0.4, -2.6, 0.1 ], 
							"to": [ 1.4, 0.9, 1.1 ], 
							"unwrapMode": 4,
							"uv": [ 4.0, 26.5 ],
							"rotationOrigin": [ 0.8, 0.9, 0.6 ],
							"rotationX": -3.0,
							"rotationY": -3.0,
							"rotationZ": -40.0,
							"faces": {
								"north": { "texture": "#skin", "uv": [ 4.0, 27.5, 5.0, 31.0 ] },
								"east": { "texture": "#skin", "uv": [ 7.0, 27.5, 8.0, 31.0 ] },
								"south": { "texture": "#skin", "uv": [ 6.0, 27.5, 7.0, 31.0 ] },
								"west": { "texture": "#skin", "uv": [ 5.0, 27.5, 6.0, 31.0 ] },
								"up": { "texture": "#skin", "uv": [ 5.0, 26.5, 6.0, 27.5 ], "rotation": 90 },
								"down": { "texture": "#skin", "uv": [ 5.0, 31.0, 6.0, 32.0 ], "rotation": 90 }
							}
						}
					]
				},
				{
					"name": "R front leg",
					"from": [ 1.1, -0.5, -0.3 ], 
					"to": [ 2.6, 2.0, 1.2 ], 
					"unwrapMode": 4,
					"uv": [ 0.0, 20.5 ],
					"rotationOrigin": [ 1.8, 2.0, 0.5 ],
					"rotationX": 90.0,
					"rotationY": 3.0,
					"rotationZ": -45.0,
					"faces": {
						"north": { "texture": "#skin", "uv": [ 0.0, 22.0, 1.5, 24.5 ] },
						"east": { "texture": "#skin", "uv": [ 4.5, 22.0, 6.0, 24.5 ] },
						"south": { "texture": "#skin", "uv": [ 3.0, 22.0, 4.5, 24.5 ] },
						"west": { "texture": "#skin", "uv": [ 1.5, 22.0, 3.0, 24.5 ] },
						"up": { "texture": "#skin", "uv": [ 1.5, 20.5, 3.0, 22.0 ], "rotation": 90 },
						"down": { "texture": "#skin", "uv": [ 1.5, 24.5, 3.0, 26.0 ], "rotation": 90 }
					},
					"children": [
						{
							"name": "right front feet",
							"from": [ 0.4, -2.6, 0.3 ], 
							"to": [ 1.4, 0.9, 1.3 ], 
							"unwrapMode": 4,
							"uv": [ 0.0, 26.5 ],
							"rotationOrigin": [ 0.8, 0.9, 0.8 ],
							"rotationX": 3.0,
							"rotationY": 3.0,
							"rotationZ": -40.0,
							"faces": {
								"north": { "texture": "#skin", "uv": [ 0.0, 27.5, 1.0, 31.0 ] },
								"east": { "texture": "#skin", "uv": [ 3.0, 27.5, 4.0, 31.0 ] },
								"south": { "texture": "#skin", "uv": [ 2.0, 27.5, 3.0, 31.0 ] },
								"west": { "texture": "#skin", "uv": [ 1.0, 27.5, 2.0, 31.0 ] },
								"up": { "texture": "#skin", "uv": [ 1.0, 26.5, 2.0, 27.5 ], "rotation": 90 },
								"down": { "texture": "#skin", "uv": [ 1.0, 31.0, 2.0, 32.0 ], "rotation": 90 }
							}
						}
					]
				},
				{
					"name": "Bellyleftflank",
					"from": [ 2.0, 0.0, 4.0 ], 
					"to": [ 6.0, 1.0, 6.0 ], 
					"autoUnwrap": false,
					"uv": [ 4.0, 7.5 ],
					"rotationOrigin": [ 2.0, 0.0, 4.0 ],
					"faces": {
						"north": { "texture": "#skin", "uv": [ 3.5, 10.0, 7.5, 11.0 ] },
						"east": { "texture": "#skin", "uv": [ 16.0, 12.5, 18.0, 13.5 ] },
						"south": { "texture": "#skin", "uv": [ 3.5, 10.0, 7.5, 11.0 ] },
						"west": { "texture": "#skin", "uv": [ 23.0, 12.5, 25.0, 13.5 ] },
						"up": { "texture": "#skin", "uv": [ 3.5, 8.0, 7.5, 10.0 ] },
						"down": { "texture": "#skin", "uv": [ 3.5, 8.0, 7.5, 10.0 ] }
					},
					"children": [
						{
							"name": "Bellyleftedge",
							"from": [ 0.5, 0.0, 2.0 ], 
							"to": [ 3.5, 1.0, 2.5 ], 
							"uv": [ 14.5, 17.0 ],
							"rotationOrigin": [ 0.0, 0.0, 2.0 ],
							"faces": {
								"north": { "texture": "#skin", "uv": [ 14.5, 17.5, 17.5, 18.5 ] },
								"east": { "texture": "#skin", "uv": [ 17.5, 17.5, 18.0, 18.5 ] },
								"south": { "texture": "#skin", "uv": [ 18.0, 17.5, 21.0, 18.5 ] },
								"west": { "texture": "#skin", "uv": [ 21.0, 17.5, 21.5, 18.5 ] },
								"up": { "texture": "#skin", "uv": [ 14.5, 17.0, 17.5, 17.5 ] },
								"down": { "texture": "#skin", "uv": [ 17.5, 17.0, 20.5, 17.5 ] }
							}
						}
					]
				},
				{
					"name": "Bellyrightflank",
					"from": [ 2.0, 0.0, -2.0 ], 
					"to": [ 6.0, 1.0, 0.0 ], 
					"autoUnwrap": false,
					"uv": [ 4.0, 7.5 ],
					"rotationOrigin": [ 2.0, 0.0, -2.0 ],
					"faces": {
						"north": { "texture": "#skin", "uv": [ 3.5, 10.0, 7.5, 11.0 ], "rotation": 180, "windMode": [-1,-1,-1,-1] },
						"east": { "texture": "#skin", "uv": [ 16.0, 12.5, 18.0, 13.5 ], "rotation": 180, "windMode": [-1,-1,-1,-1] },
						"south": { "texture": "#skin", "uv": [ 3.5, 10.0, 7.5, 11.0 ], "rotation": 180, "windMode": [-1,-1,-1,-1] },
						"west": { "texture": "#skin", "uv": [ 23.0, 12.5, 25.0, 13.5 ], "rotation": 180, "windMode": [-1,-1,-1,-1] },
						"up": { "texture": "#skin", "uv": [ 3.5, 8.0, 7.5, 10.0 ], "rotation": 180, "windMode": [-1,-1,-1,-1] },
						"down": { "texture": "#skin", "uv": [ 3.5, 8.0, 7.5, 10.0 ], "rotation": 180, "windMode": [-1,-1,-1,-1] }
					},
					"children": [
						{
							"name": "Bellyrightedge",
							"from": [ 0.5, 0.0, -0.5 ], 
							"to": [ 3.5, 1.0, 0.0 ], 
							"uv": [ 14.5, 17.0 ],
							"rotationOrigin": [ 0.0, 0.0, -1.0 ],
							"faces": {
								"north": { "texture": "#skin", "uv": [ 14.5, 17.5, 17.5, 18.5 ] },
								"east": { "texture": "#skin", "uv": [ 17.5, 17.5, 18.0, 18.5 ] },
								"south": { "texture": "#skin", "uv": [ 18.0, 17.5, 21.0, 18.5 ] },
								"west": { "texture": "#skin", "uv": [ 21.0, 17.5, 21.5, 18.5 ] },
								"up": { "texture": "#skin", "uv": [ 14.5, 17.0, 17.5, 17.5 ] },
								"down": { "texture": "#skin", "uv": [ 17.5, 17.0, 20.5, 17.5 ] }
							}
						}
					]
				}
			]
		}
	]}