[
	{
		ingredientPattern: "G,L",
		recipeGroup: 2,
		ingredients: {
			"G": { type: "item", code: "cottonarmor-head-sewn" },
			"L": { type: "block", code: "fabric-cotton-normal-down" }
		},
		width: 1,
		height: 2,
		shapeless: true,
		averageDurability: false,
		copyAttributesFrom: 'G',
		name: "gambeson helmet repair",
		output: { type: "item", code: "cottonarmor-head-sewn"  }
	},
	{
		ingredientPattern: "G,L",
		recipeGroup: 2,
		ingredients: {
			"G": { type: "item", code: "cottonarmor-body-sewn" },
			"L": { type: "block", code: "fabric-cotton-normal-down" }
		},
		width: 1,
		height: 2,
		shapeless: true,
		copyAttributesFrom: 'G',
		averageDurability: false,
		name: "gambeson body armor repair",
		output: { type: "item", code: "cottonarmor-body-sewn"  }
	},
	{
		ingredientPattern: "G,L",
		recipeGroup: 2,
		ingredients: {
			"G": { type: "item", code: "cottonarmor-legs-sewn" },
			"L": { type: "block", code: "fabric-cotton-normal-down" }
		},
		width: 1,
		height: 2,
		shapeless: true,
		copyAttributesFrom: 'G',
		averageDurability: false,
		name: "gambeson leg armor repair",
		output: { type: "item", code: "cottonarmor-legs-sewn"  }
	},
	
	{
		ingredientPattern: "G,L",
		recipeGroup: 2,
		ingredients: {
			"G": { type: "item", code: "woolarmor-head-sewn" },
			"L": { type: "block", code: "fabric-wool-normal-down" }
		},
		width: 1,
		height: 2,
		shapeless: true,
		averageDurability: false,
		copyAttributesFrom: 'G',
		name: "gambeson helmet repair",
		output: { type: "item", code: "woolarmor-head-sewn"  }
	},
	{
		ingredientPattern: "G,L",
		recipeGroup: 2,
		ingredients: {
			"G": { type: "item", code: "woolarmor-body-sewn" },
			"L": { type: "block", code: "fabric-wool-normal-down" }
		},
		width: 1,
		height: 2,
		shapeless: true,
		copyAttributesFrom: 'G',
		averageDurability: false,
		name: "gambeson body armor repair",
		output: { type: "item", code: "woolarmor-body-sewn"  }
	},
	{
		ingredientPattern: "G,L",
		recipeGroup: 2,
		ingredients: {
			"G": { type: "item", code: "woolarmor-legs-sewn" },
			"L": { type: "block", code: "fabric-wool-normal-down" }
		},
		width: 1,
		height: 2,
		shapeless: true,
		copyAttributesFrom: 'G',
		averageDurability: false,
		name: "gambeson leg armor repair",
		output: { type: "item", code: "woolarmor-legs-sewn"  }
	}
]