[

    {
        "ingredientPattern": "H,G",
        "recipeGroup": 2,
        "ingredients": {
            "H": { "type": "item", "code": "hide-medium-wolf-normal" },
            "G": { "type": "item", "code": "hidearmor-headbasic-wolfhide" }
        },
        "width": 1,
        "height": 2,
        "shapeless": true,
		"averageDurability": false,
		"copyAttributesFrom": 'G',
        "name": "wolf hide helmet repair",
        "output": { "type": "item", "code": "hidearmor-headbasic-wolfhide" }
    },

    {
        "ingredientPattern": "H,G",
        "recipeGroup": 2,
        "ingredients": {
            "H": { "type": "item", "code": "hide-medium-wolf-normal" },
            "G": { "type": "item", "code": "hidearmor-head-wolfhide" }
        },
        "width": 1,
        "height": 2,
        "shapeless": true,
		"averageDurability": false,
		"copyAttributesFrom": 'G',
        "name": "wolf hide helmet repair",
        "output": { "type": "item", "code": "hidearmor-head-wolfhide" }
    },

    {
        "ingredientPattern": "H,G",
        "recipeGroup": 2,
        "ingredients": {
            "H": { "type": "item", "code": "hide-medium-wolf-normal" },
            "G": { "type": "item", "code": "hidearmor-body-wolfhide" }
        },
        "width": 1,
        "height": 2,
        "shapeless": true,
		"averageDurability": false,
		"copyAttributesFrom": 'G',
        "name": "wolf hide helmet repair",
        "output": { "type": "item", "code": "hidearmor-body-wolfhide" }
    },

    {
        "ingredientPattern": "H,G",
        "recipeGroup": 2,
        "ingredients": {
            "H": { "type": "item", "code": "hide-medium-wolf-normal" },
            "G": { "type": "item", "code": "hidearmor-legs-wolfhide" }
        },
        "width": 1,
        "height": 2,
        "shapeless": true,
		"averageDurability": false,
		"copyAttributesFrom": 'G',
        "name": "wolf hide helmet repair",
        "output": { "type": "item", "code": "hidearmor-legs-wolfhide" }
    },



	{
        "ingredientPattern": "H,G",
        "recipeGroup": 2,
        "ingredients": {
            "H": { "type": "item", "code": "hide-huge-bear-*" },
            "G": { "type": "item", "code": "hidearmor-headbasic-bearhide" }
        },
        "width": 1,
        "height": 2,
        "shapeless": true,
		"averageDurability": false,
		"copyAttributesFrom": 'G',
        "name": "bear hide helmet repair",
        "output": { "type": "item", "code": "hidearmor-headbasic-bearhide" }
    },

    {
        "ingredientPattern": "H,G",
        "recipeGroup": 2,
        "ingredients": {
            "H": { "type": "item", "code": "hide-huge-bear-*" },
            "G": { "type": "item", "code": "hidearmor-head-bearhide" }
        },
        "width": 1,
        "height": 2,
        "shapeless": true,
		"averageDurability": false,
		"copyAttributesFrom": 'G',
        "name": "bear hide helmet repair",
        "output": { "type": "item", "code": "hidearmor-head-bearhide" }
    },

    {
        "ingredientPattern": "H,G",
        "recipeGroup": 2,
        "ingredients": {
            "H": { "type": "item", "code": "hide-huge-bear-*" },
            "G": { "type": "item", "code": "hidearmor-body-bearhide" }
        },
        "width": 1,
        "height": 2,
        "shapeless": true,
		"averageDurability": false,
		"copyAttributesFrom": 'G',
        "name": "bear hide helmet repair",
        "output": { "type": "item", "code": "hidearmor-body-bearhide" }
    },

    {
        "ingredientPattern": "H,G",
        "recipeGroup": 2,
        "ingredients": {
            "H": { "type": "item", "code": "hide-huge-bear-*" },
            "G": { "type": "item", "code": "hidearmor-legs-bearhide" }
        },
        "width": 1,
        "height": 2,
        "shapeless": true,
		"averageDurability": false,
		"copyAttributesFrom": 'G',
        "name": "bear hide helmet repair",
        "output": { "type": "item", "code": "hidearmor-legs-bearhide" }
    }

]