[
	{
		ingredientPattern: "B,L",
		recipeGroup: 2,
		requiresTrait: "clothier",
		ingredients: {
			"B": { type: "item", code: "cottonarmor-legs-tailored-*", name: "color"  },
			"L": { type: "item", code: "cloth-cotton-*", name: "color", allowedVariants: ["plain", "blue", "brown", "gray", "black", "green", "orange", "pink", "purple", "red", "white", "yellow"], }
		},
		width: 1,
		height: 2,
		shapeless: true,
		copyAttributesFrom: 'B',
		averageDurability: false,
		name: "gambeson helmet repair",
		output: { type: "item", code: "cottonarmor-head-tailored-{color}"  }
	},
	{
		ingredientPattern: "B,L",
		recipeGroup: 2,
		requiresTrait: "clothier",
		ingredients: {
			"B": { type: "item", code: "cottonarmor-body-tailored-*", name: "color"  },
			"L": { type: "item", code: "cloth-cotton-*", name: "color", allowedVariants: ["plain", "blue", "brown", "gray", "black", "green", "orange", "pink", "purple", "red", "white", "yellow"], }
		},
		width: 1,
		height: 2,
		shapeless: true,
		copyAttributesFrom: 'B',
		averageDurability: false,
		name: "gambeson body armor repair",
		output: { type: "item", code: "cottonarmor-body-tailored-{color}"  }
	},
	{
		ingredientPattern: "B,L",
		recipeGroup: 2,
		requiresTrait: "clothier",
		ingredients: {
			"B": { type: "item", code: "cottonarmor-legs-tailored-*", name: "color"  },
			"L": { type: "item", code: "cloth-cotton-*", name: "color", allowedVariants: ["plain", "blue", "brown", "gray", "black", "green", "orange", "pink", "purple", "red", "white", "yellow"], }
		},
		width: 1,
		height: 2,
		shapeless: true,
		copyAttributesFrom: 'B',
		averageDurability: false,
		name: "gambeson leg armor repair",
		output: { type: "item", code: "cottonarmor-legs-tailored-{color}"  }
	},
	
	{
		ingredientPattern: "B,L",
		recipeGroup: 2,
		requiresTrait: "clothier",
		ingredients: {
			"B": { type: "item", code: "woolarmor-legs-tailored-*", name: "color"  },
			"L": { type: "item", code: "cloth-wool-*", name: "color", allowedVariants: ["plain", "blue", "brown", "gray", "black", "green", "orange", "pink", "purple", "red", "white", "yellow"], }
		},
		width: 1,
		height: 2,
		shapeless: true,
		copyAttributesFrom: 'B',
		averageDurability: false,
		name: "gambeson helmet repair",
		output: { type: "item", code: "woolarmor-head-tailored-{color}"  }
	},
	{
		ingredientPattern: "B,L",
		recipeGroup: 2,
		requiresTrait: "clothier",
		ingredients: {
			"B": { type: "item", code: "woolarmor-body-tailored-*", name: "color"  },
			"L": { type: "item", code: "cloth-wool-*", name: "color", allowedVariants: ["plain", "blue", "brown", "gray", "black", "green", "orange", "pink", "purple", "red", "white", "yellow"], }
		},
		width: 1,
		height: 2,
		shapeless: true,
		copyAttributesFrom: 'B',
		averageDurability: false,
		name: "gambeson body armor repair",
		output: { type: "item", code: "woolarmor-body-tailored-{color}"  }
	},
	{
		ingredientPattern: "B,L",
		recipeGroup: 2,
		requiresTrait: "clothier",
		ingredients: {
			"B": { type: "item", code: "woolarmor-legs-tailored-*", name: "color"  },
			"L": { type: "item", code: "cloth-wool-*", name: "color", allowedVariants: ["plain", "blue", "brown", "gray", "black", "green", "orange", "pink", "purple", "red", "white", "yellow"], }
		},
		width: 1,
		height: 2,
		shapeless: true,
		copyAttributesFrom: 'B',
		averageDurability: false,
		name: "gambeson leg armor repair",
		output: { type: "item", code: "woolarmor-legs-tailored-{color}"  }
	}
]