{
	ingredientPattern: "SWG,TGG,PGG",
	ingredients: {
		"S": { type: "item", code: "game:stick", quantity: 6 },
		"W": { type: "block", code: "game:woodbucket", quantity: 4, returnedStack: { type: "block", code: "game:woodbucket", quantity: 4 } },
		"G": { type: "item", code: "game:gear-temporal" },
		"T": { type: "block", code: "game:transmission-*" },
		"P": { type: "item", code: "game:plank-*", quantity: 16 }
	},
	width: 3,
	height: 3,
	attributes: {
		liquidContainerProps: {
			requiresContent: { type: "item", code: "game:waterportion" },
			requiresLitres: 40,
		},
	},
	output: { type: "block", code: "game:creativerotor-north", quantity: 1 }
}