{
  "code": "tame-fox-pup",
  "class": "EntityPet",
  "variantgroups": [
    {
      "code": "type",
      "states": [
        "forest",
        "arctic"
      ]
    }
  ],
  "enabled": true,
  "hitboxSize": {
    "x": 0.4,
    "y": 0.3
  },
  "eyeHeight": 0.4,
  "drops": [],
  "client": {
    "renderer": "Shape",
    "shape": {
      "base": "game:entity/land/fox-pup"
    },
    "texture": {
      "base": "game:entity/fox/{type}-pup"
    },
    "size": 0.9,
    "sizeGrowthFactor": 0.2,
    "behaviors": [
      {
        "code": "nametag"
      },
      {
        "code": "repulseagents"
      },
      {
        "code": "controlledphysics",
        "stepHeight": 1.1251
      },
      {
        "code": "floatupwhenstuck",
        "onlyWhenDead": true
      },
      {
        "code": "interpolateposition"
      },
      {
        "code": "harvestable"
      },
      {
        "code": "receivecommand",
        "availableCommands": [
          {
            "commandName": "sit",
            "commandType": "SIMPLE",
            "minObedience": 0.2
          },
          {
            "commandName": "lay",
            "commandType": "SIMPLE",
            "minObedience": 0.4
          }
        ]
      },
      {
        "code": "tameable",
        "size": "small",
        "disobediencePerDay": 0.1,
        "treat": [
          {
            "code": "fruit-blueberry",
            "progress": 0.05,
            "cooldown": 2
          },
          {
            "code": "fruit-redcurrant",
            "progress": 0.05,
            "cooldown": 2
          },
          {
            "code": "fruit-whitecurrant",
            "progress": 0.05,
            "cooldown": 2
          },
          {
            "code": "fruit-blackcurrant",
            "progress": 0.05,
            "cooldown": 2
          },
          {
            "code": "bushmeat-raw",
            "progress": 0.15,
            "cooldown": 2
          },
          {
            "code": "redmeat-raw",
            "progress": 0.3,
            "cooldown": 3
          },
          {
            "code": "poultry-raw",
            "progress": 0.3,
            "cooldown": 3
          }
        ]
      },
      {
        "code": "mouthinventory",
        "acceptStacks": [
          {
            "type": "item",
            "code": "fruit-blueberry"
          },
          {
            "type": "item",
            "code": "fruit-redcurrant"
          },
          {
            "type": "item",
            "code": "fruit-whitecurrant"
          },
          {
            "type": "item",
            "code": "fruit-blackcurrant"
          },
          {
            "type": "item",
            "code": "bushmeat-raw"
          },
          {
            "type": "item",
            "code": "redmeat-raw"
          },
          {
            "type": "item",
            "code": "poultry-raw"
          }
        ]
      },
      {
        "code": "ropetieable",
        "minGeneration": 2
      }
    ],
    "animations": [
      {
        "code": "hurt",
        "animation": "hurt",
        "animationSpeed": 2.2,
        "weight": 10,
        "blendMode": "AddAverage"
      },
      {
        "code": "die",
        "animation": "death",
        "animationSpeed": 1.25,
        "weight": 10,
        "blendMode": "Average",
        "triggeredBy": {
          "onControls": [
            "dead"
          ]
        }
      },
      {
        "code": "idle",
        "animation": "idle",
        "blendMode": "AddAverage",
        "easeOutSpeed": 4,
        "triggeredBy": {
          "defaultAnim": true
        }
      },
      {
        "code": "sleep",
        "animation": "sleep",
        "easeInSpeed": 4,
        "easeOutSpeed": 4,
        "blendMode": "Average"
      },
      {
        "code": "sit",
        "animation": "sit",
        "easeInSpeed": 4,
        "easeOutSpeed": 4,
        "blendMode": "Average"
      }
    ]
  },
  "server": {
    "behaviors": [
      {
        "code": "nametag"
      },
      {
        "code": "receivecommand",
        "availableCommands": [
          {
            "commandName": "sit",
            "commandType": "SIMPLE",
            "minObedience": 0.2
          },
          {
            "commandName": "lay",
            "commandType": "SIMPLE",
            "minObedience": 0.4
          }
        ]
      },
      {
        "code": "tameable",
        "size": "small",
        "disobediencePerDay": 0.1,
        "treat": [
          {
            "code": "fruit-blueberry",
            "progress": 0.05,
            "cooldown": 2
          },
          {
            "code": "fruit-redcurrant",
            "progress": 0.05,
            "cooldown": 2
          },
          {
            "code": "fruit-whitecurrant",
            "progress": 0.05,
            "cooldown": 2
          },
          {
            "code": "fruit-blackcurrant",
            "progress": 0.05,
            "cooldown": 2
          },
          {
            "code": "bushmeat-raw",
            "progress": 0.15,
            "cooldown": 2
          },
          {
            "code": "redmeat-raw",
            "progress": 0.3,
            "cooldown": 3
          },
          {
            "code": "poultry-raw",
            "progress": 0.3,
            "cooldown": 3
          }
        ]
      },
      {
        "code": "mouthinventory",
        "acceptStacks": [
          {
            "type": "item",
            "code": "fruit-blueberry"
          },
          {
            "type": "item",
            "code": "fruit-redcurrant"
          },
          {
            "type": "item",
            "code": "fruit-whitecurrant"
          },
          {
            "type": "item",
            "code": "fruit-blackcurrant"
          },
          {
            "type": "item",
            "code": "bushmeat-raw"
          },
          {
            "type": "item",
            "code": "redmeat-raw"
          },
          {
            "type": "item",
            "code": "poultry-raw"
          }
        ]
      },
      {
        "code": "repulseagents"
      },
      {
        "code": "controlledphysics",
        "stepHeight": 1.1251
      },
      {
        "code": "despawn",
        "minPlayerDistance": 8,
        "belowLightLevel": 8,
        "minSeconds": 300
      },
      {
        "code": "health",
        "currenthealth": 3,
        "maxhealth": 3
      },
      {
        "code": "deaddecay",
        "hoursToDecay": 96,
        "decayedBlock": "carcass-tiny"
      },
      {
        "code": "floatupwhenstuck",
        "onlyWhenDead": true
      },
      {
        "code": "harvestable",
        "drops": []
      },
      {
        "code": "breathe"
      },
      {
        "hoursToGrow": 336,
        "adultEntityCodesByType": {
          "*-forest": [
            "foxtaming:tame-fox-male",
            "foxtaming:tame-fox-female"
          ],
          "*-arctic": [
            "foxtaming:tame-fox-arctic-male",
            "foxtaming:tame-fox-arctic-female"
          ]
        },
        "code": "raisable"
      },
      {
        "code": "taskai",
        "aitasks": [
          {
            "code": "simplecommand",
            "priority": 3,
            "minduration": 2000,
            "maxduration": 10000,
            "priorityForCancel": 2.9,
            "animation": "Sit",
            "command": "sit"
          },
          {
            "code": "simplecommand",
            "priority": 3,
            "minduration": 5000,
            "maxduration": 15000,
            "priorityForCancel": 2.9,
            "animation": "Lie",
            "command": "lay"
          },
          {
            "code": "seeknest",
            "priority": 1.4,
            "duringDayTimeFrames": [
              {
                "fromHour": 10,
                "toHour": 18
              },
              {
                "fromHour": 1,
                "toHour": 3
              }
            ],
            "movespeed": 0.004,
            "animationSpeed": 2,
            "animation": "Walk"
          },
          {
            "code": "fleeentity",
            "entityCodes": [
              "wolf-male",
              "wolf-female",
              "hyena-male",
              "hyena-female"
            ],
            "priority": 1.5,
            "movespeed": 0.02,
            "animationSpeed": 1.8,
            "seekingRange": 9,
            "animation": "Run"
          },
          {
            "code": "seeknest",
            "priority": 1.56,
            "duringDayTimeFrames": [
              {
                "fromHour": 10,
                "toHour": 18
              },
              {
                "fromHour": 1,
                "toHour": 3
              }
            ],
            "movespeed": 0.006,
            "animation": "Walk"
          },
          {
            "code": "getoutofwater",
            "priority": 1.45,
            "movespeed": 0.015,
            "animation": "Walk",
            "animationSpeed": 2.2
          },
          {
            "code": "stayclosetoentity",
            "priority": 1.4,
            "entityCodeByType": {
              "*-forest": "tame-fox-female",
              "*-arctic": "tame-fox-arctic-female"
            },
            "movespeed": 0.02,
            "animationSpeed": 3,
            "maxDistance": 5,
            "searchRange": 25,
            "animation": "Run"
          },
          {
            "code": "idle",
            "priority": 1.38,
            "minduration": 200000,
            "maxduration": 800000,
            "mincooldown": 10000,
            "maxcooldown": 30000,
            "priorityForCancel": 1.38,
            "animation": "Sleep",
            "whenNotInEmotionState": "aggressiveondamage",
            "duringDayTimeFrames": [
              {
                "fromHour": 10,
                "toHour": 18
              },
              {
                "fromHour": 1,
                "toHour": 4
              }
            ],
            "stopOnNearbyEntityCodes": [
              "wolf-male",
              "wolf-female",
              "hyena-male",
              "hyena-female"
            ],
            "stopRange": 8,
            "stopOnHurt": true
          },
          {
            "code": "idle",
            "priority": 1.3,
            "priorityForCancel": 1.35,
            "minduration": 2500,
            "maxduration": 2500,
            "mincooldown": 10000,
            "maxcooldown": 50000,
            "animation": "Sniff",
            "animationSpeed": 0.8
          },
          {
            "code": "idle",
            "priority": 1.1,
            "minduration": 1000,
            "maxduration": 3000,
            "mincooldown": 2000,
            "maxcooldown": 30000,
            "animation": "Idle"
          },
          {
            "code": "wander",
            "priority": 1.0,
            "priorityForCancel": 1.35,
            "movespeed": 0.008,
            "animationSpeed": 1.7,
            "animation": "Walk",
            "preferredLightLevel": 24
          },
          {
            "code": "useinventory",
            "animation": "eat",
            "animationSpeed": 0.75,
            "priority": 1.4,
            "priorityForCancel": 1.7,
            "eatItemCategories": [
              "Protein",
              "Fruit"
            ],
            "eatItemCodes": [
              "fruit-blueberry",
              "fruit-redcurrant",
              "fruit-whitecurrant",
              "fruit-blackcurrant",
              "bushmeat-raw",
              "redmeat-raw",
              "poultry-raw"
            ],
            "useTime": 1.5,
            "mincooldownHours": 1,
            "maxcooldownHours": 1.5
          },
          {
            "code": "idle",
            "priority": 0.9,
            "minduration": 5000,
            "maxduration": 30000,
            "mincooldown": 2000,
            "maxcooldown": 40000,
            "priorityForCancel": 1.35,
            "animation": "Sit"
          },
          {
            "code": "lookaround",
            "priority": 0.5
          }
        ]
      },
      {
        "code": "ropetieable",
        "minGeneration": 2
      }
    ]
  },
  "sounds": {
    "hurt": "game:creature/fox/hurt",
    "death": "game:creature/fox/die",
    "idle": "game:creature/fox/yip"
  },
  "idleSoundChance": 0.01
}
