{
  "code": "fabric",
  "class": "BlockLinen",
  "behaviors": [{ "name": "Decor", "properties": { "sides": ["north", "east", "south", "west", "up", "down"], "sidedVariants": true, "thickness": 0.0625, "removable": true } }],
  "attributes": {
    "clothingRepairStrength": 0.5,
    "handbook": {
      "groupBy": ["fabric-*"],
      "excludeByType": { "@.*-(diamond|offset|square)-.*": true }
    }
  },
  "variantgroups": [
    { "code": "material", "states": ["cotton", "wool", "jute"] },
    { "code": "pattern", "states": ["diamond", "normal", "offset", "square"] },
    { "code": "side", "states": ["north", "east", "south", "west", "up", "down"] }
  ],
  "skipVariants": [
	"fabric-jute-diamond-*",
	"fabric-jute-offset-*",
	"fabric-jute-square-*"
  ],
  "shape": {
    "base": "game:block/basic/layers/1voxel",
    "rotateXByType": { "*-up": 180, "@.*-(north|east|west)": 90, "*-south": 270 },
    "rotateYByType": { "*-east": 180 },
    "rotateZByType": { "@.*-(east|west)": 270, "*-north": 90 }
  },
  "sidesolidByType": {
    "*-down": { "all": false, "down": true },
    "*-up": { "all": false, "up": true },
    "*-north": { "all": false, "north": true },
    "*-east": { "all": false, "east": true },
    "*-west": { "all": false, "west": true },
    "*-south": { "all": false, "south": true }
  },
  "sideopaqueByType": {
    "*-down": { "all": false, "down": true },
    "*-up": { "all": false, "up": true },
    "*-north": { "all": false, "north": true },
    "*-east": { "all": false, "east": true },
    "*-west": { "all": false, "west": true },
    "*-south": { "all": false, "south": true }
  },
  "blockmaterial": "Cloth",
  "creativeinventory": { "general": ["*-down"], "decorative": ["*-down"], "hideandfabric": ["*-down"] },
  "replaceable": 700,
  "resistance": 1,
  "lightAbsorption": 1,
  "emitSideAo": {
    "all": false
  },
  "textures": {
    "all": {
      "base": "block/cloth/{material}/{pattern}1"
    }
  },
  "selectionbox": {
    "x1": 0,
    "y1": 0,
    "z1": 0,
    "x2": 1,
    "y2": 0.0625,
    "z2": 1,
    "rotateXByType": { "*-up": 180, "@.*-(north|east|west)": 90, "*-south": 270 },
    "rotateYByType": { "*-east": 180 },
    "rotateZByType": { "@.*-(east|west)": 270 }
  },
  "collisionbox": {
    "x1": 0,
    "y1": 0,
    "z1": 0,
    "x2": 1,
    "y2": 0.0625,
    "z2": 1,
    "rotateXByType": { "*-up": 180, "@.*-(north|east|west)": 90, "*-south": 270 },
    "rotateYByType": { "*-east": 180 },
    "rotateZByType": { "@.*-(east|west)": 270 }
  },
  "combustibleProps": { "burnTemperature": 400, "burnDuration": 15 },
  "sounds": {
    "place": "game:block/cloth",
    "break": "game:block/cloth",
    "hit": "game:block/cloth",
    "walk": "game:walk/cloth"
  },
  "materialDensity": 200,
  "guiTransform": {
    "translation": { "x": 0, "y": 3, "z": 0 },
    "origin": { "x": 0.5, "y": 0.0625, "z": 0.5 }
  },
  "vertexFlagsByType": {
    "*-wool-*": {
      "zOffset": 1
    }
  }
}
