{
	"ingredient": { "type": "item", "code": "game:clay-*", "name": "color", "allowedVariants": [ "lavender", "paleblue", "palegreen", "palered", "sunflower", "white" ] },
	"pattern": [[
		"######_######",
		"######_######",
		"######_######",
		"######_######",
		"######_######",
		"######_######",
		"_____________",
		"######_######",
		"######_######",
		"######_######",
		"######_######",
		"######_######",
		"######_######"
	],
	[
		"######_######",
		"#____#_#____#",
		"#____#_#____#",
		"#____#_#____#",
		"#____#_#____#",
		"######_######",
		"_____________",
		"######_######",
		"#____#_#____#",
		"#____#_#____#",
		"#____#_#____#",
		"#____#_#____#",
		"######_######"
	]],
	"name": "recipe-clayforming-porcelain-fourbowl",
	"output": { "type": "block", "code": "bricklayers:porcelainbowl-raw-{color}-white", "stacksize": 4 }
}
