{
	code: "nightmareblade",
	class: "ItemSword",
	attributes: {
		handbook: {
			groupBy: ["nightmareblade"]
		},
		toolrackTransform: {
			rotation: { x: -90, y: 0, z: -90 },
			origin: { x: 0.45, y: 0.4, z: 0.5 },
			scale: 1.5
		}
	},
	damagedby: ["blockbreaking", "attacking"],
	tool: "sword",
	shape: { base: "item/tool/nightmareknife" },
	heldTpHitAnimation: "swordhit",
	attackRange: 2.6,
	tooltier: 5,
	miningspeed: {
			"wood": 1.5,
			"leaves": 1
		},
	attackpower: 6.66,
	durability: 175,
	creativeinventory: { "general": ["*"], "items": ["*"], "tools": ["*"] },
	guiTransform: {
		rotation: { x: -9, y: -39, z: -146 },
		origin: { x: 1.35, y: -0.7, z: -1.3 },
		scale: 2.3
	},
	fpHandTransform: {
		translation: { x: 0.9, y: -0.4, z: -1.2 },
		rotation: { x: 132, y: 89, z: -180 },
		origin: { x: 0.1, y: 0.1, z: -0.1 },
		scale: 6
	},
	groundTransform: {
		translation: { x: 0, y: 0, z: 0 },
		rotation: { x: 90, y: 0, z: 0 },
		origin: { x: 0.5, y: 0, z: 0.5399 },
		scale: 6
	},
	tpHandTransform: {
		translation: { x: 0.3, y: -0.5, z: 0 },
		rotation: { x: 0, y: 0, z: -159 },
		origin: { x: 4.2, y: -0.38, z: 0.25 },
		scale: 1.25
	}
}