{
  "code": "stonebrick",
  "maxstacksize": 64,
  "variantgroups": [{ "code": "rock", "loadFromProperties": "salty:block/rock" }],
  "behaviors": [
    {
      "name": "GroundStorable",
      "properties": {
        "layout": "Stacking",
        "placeRemoveSound": "game:sounds/block/ceramicplace",
        "stackingModel": "game:block/clay/brickpile",
        "tessQuantityElements": 1,
        "stackingCapacity": 24,
        "transferQuantity": 1,
        "bulkTransferQuantity": 4,
        "collisionBox": {
          "x1": 0,
          "y1": 0,
          "z1": 0,
          "x2": 1,
          "y2": 0.25,
          "z2": 1
        },
        "cbScaleYByLayer": 0.1666666666666667
      }
    }
  ],
  "shape": { "base": "game:item/stonebrick" },
  "attributes": {
    "displaycaseable": true,
    "shelvable": true,
    "onDisplayTransform": {
      "origin": { "x": 0.5, "y": 0, "z": 0.5 },
      "scale": 0.7
    },
    "handbook": {
      "groupBy": ["stonebrick-*"]
    }
  },
  "vertexFlags": { "reflective": true },
  "textures": {
    "rock": { "base": "salty:block/stone/brick/{rock}1" },
    "material": { "base": "salty:block/stone/brick/{rock}1" },
    "top": { "base": "salty:block/stone/brick/{rock}1" }
  },
  "creativeinventory": { "general": ["*"], "items": ["*"], "salty": ["*"] },
  "guiTransform": {
    "translation": { "x": 2, "y": 0, "z": 0 },
    "rotation": { "x": 149, "y": -36, "z": 0 },
    "origin": { "x": 0.5, "y": 0.256, "z": 0.5 },
    "scale": 2.19
  },
  "fpHandTransform": {
    "translation": { "x": 0, "y": 0.1, "z": 0 },
    "rotation": { "x": 65, "y": 21, "z": -6 },
    "origin": { "x": 0.5, "y": 0.1, "z": 0.5 },
    "scale": 2
  },
  "tpHandTransform": {
    "translation": { "x": 0, "y": 0, "z": 0 },
    "rotation": { "x": -17, "y": 8, "z": -19 },
    "origin": { "x": 0.14, "y": 0.04, "z": 0.18 },
    "scale": 0.46
  },
  "groundTransform": {
    "translation": { "x": 0, "y": 0, "z": 0 },
    "rotation": { "x": 0, "y": 0, "z": 0 },
    "origin": { "x": 0.5, "y": 0, "z": 0.5 },
    "scale": 3
  }
}
