[
{
    "op": "add",
    "path": "/combustiblePropsByType/ore-lapislazuli",
    "value": {
			"meltingPoint": 1300,
			"meltingDuration": 30,
			"smeltedRatio": 4,
			"smeltedStack": { type: "block", code: "glass-blue" ,stacksize: 2 }
		},
    "file": "itemtypes/resource/ore-ungraded.json"
  },
      {
    "op": "add",
    "path": "/combustiblePropsByType/ore-cinnabar",
    "value": {
			"meltingPoint": 1300,
			"meltingDuration": 30,
			"smeltedRatio": 4,
			"smeltedStack": { type: "block", code: "glass-red" ,stacksize: 2 }
		},
    "file": "itemtypes/resource/ore-ungraded.json"
  },
      {
    "op": "add",
    "path": "/combustiblePropsByType/ore-sulfur",
    "value": {
			"meltingPoint": 1300,
			"meltingDuration": 30,
			"smeltedRatio": 4,
			"smeltedStack": { type: "block", code: "glass-yellow" ,stacksize: 2 }
		},
    "file": "itemtypes/resource/ore-ungraded.json"
  },
      {
    "op": "add",
    "path": "/combustiblePropsByType/ore-sylvite",
    "value": {
			"meltingPoint": 1300,
			"meltingDuration": 30,
			"smeltedRatio": 4,
			"smeltedStack": { type: "block", code: "glass-brown" ,stacksize: 2 }
		},
    "file": "itemtypes/resource/ore-ungraded.json"
  },
      {
    "op": "add",
    "path": "/combustiblePropsByType/ore-borax",
    "value": {
			"meltingPoint": 1300,
			"meltingDuration": 30,
			"smeltedRatio": 4,
			"smeltedStack": { type: "block", code: "glass-vintage" ,stacksize: 2 }
		},
    "file": "itemtypes/resource/ore-ungraded.json"
  }
  ]