[
  // New Ruins
  {
    "op": "add",
    "path": "/structures/-",
    "value": {
                  "code": "ruin",
                  "group": "ruins",
                  "minGroupDistance": 400, //500
                  "chance": 0.2,
                  "placement": "surface",
                  "schematics": [
                    "overground/ruins-o2/*"
                  ],
                  "suppressTrees": true,
                  "suppressWaterfalls": true,
                  "offsety": -2
    },
    "file": "game:worldgen/structures.json",
    "side": "Server"
  },
  {
    "op": "add",
    "path": "/structures/-",
    "value": {
                  "code": "ruin",
                  "group": "ruins",
                  "minGroupDistance": 400, //500
                  "chance": 0.02,
                  "placement": "surface",
                  "schematics": [
                    "overground/ruins-o4/*"
                  ],
			            "replacewithblocklayers": ["soil-low-none", "soil-medium-none", "soil-medium-normal", "soil-low-normal", "forestfloor-1"],
                  "offsety": -4,
                  "suppressTrees": true,
                  "suppressWaterfalls": true,
                  "rockTypeRemapGroup": "surfaceruins"
    },
    "file": "game:worldgen/structures.json",
    "side": "Server"
  },
  {
    "op": "add",
    "path": "/structures/-",
    "value": {
                  "code": "ruin",
                  "chance": 0.1,
                  "group": "ruins",
                  "minGroupDistance": 400, //500
                  "placement": "surface",
                  "schematics": [
                    "overground/ruins-o1/*"
                  ],
			            "replacewithblocklayers": ["soil-low-none", "soil-medium-none", "soil-medium-normal", "soil-low-normal", "forestfloor-1"],
                  "offsety": -1,
                  "suppressTrees": true,
                  "suppressWaterfalls": true,
                  "rockTypeRemapGroup": "surfaceruins"
    },
    "file": "game:worldgen/structures.json",
    "side": "Server"
  }
]