[
  // Ruins contain translocators
  {
    "op": "add",
    "path": "/structures/-",
    "value": {
                  "code": "gates",
                  "group": "translocators",
                  "minGroupDistance": 1200, //1000
                  "chance": 0.18, //0.12
                  "placement": "surface",
                  "schematics": [
                    "overground/trans-o2/*"
                  ],
                  "offsety": -2,
                  "suppressTrees": true,
                  "suppressWaterfalls": true,
                  "rockTypeRemapGroup": "surfaceruins"
    },
    "file": "game:worldgen/structures.json",
    "side": "Server"
  },
  {
    "op": "add",
    "path": "/structures/-",
    "value": {
                  "code": "gates",
                  "group": "translocators",
                  "minGroupDistance": 1200, //1200
                  "chance": 0.06, //0.04
                  "placement": "surface",
                  "schematics": [
                    "overground/trans-o1/*"
                  ],
                  "offsety": -1,
                  "suppressTrees": true,
                  "suppressWaterfalls": true,
                  "rockTypeRemapGroup": "surfaceruins"
    },
    "file": "game:worldgen/structures.json",
    "side": "Server"
  },
  {
    "op": "add",
    "path": "/structures/-",
    "value": {
                  "code": "gates",
                  "group": "translocators",
                  "minGroupDistance": 1200, //1200
                  "chance": 0.03, //0.02
                  "placement": "surface",
                  "schematics": [
                    "overground/trans-o3/*"
                  ],
                  "offsety": -3,
                  "suppressTrees": true,
                  "suppressWaterfalls": true,
                  "rockTypeRemapGroup": "surfaceruins"
    },
    "file": "game:worldgen/structures.json",
    "side": "Server"
  }
]