[
  {
    "op": "add",
    "path": "/rocktypeRemapGroups/surfaceruins/agedstonebricks-granite",
    "value": "agedstonebricks-{rock}",
    "file": "game:worldgen/structures.json",
    "side": "Server"
  },
  {
    "op": "add",
    "path": "/rocktypeRemapGroups/surfaceruins/crackedrock-granite",
    "value": "crackedrock-{rock}",
    "file": "game:worldgen/structures.json",
    "side": "Server"
  },
  {
    "op": "add",
    "path": "/rocktypeRemapGroups/surfaceruins/drystone-granite",
    "value": "drystone-{rock}",
    "file": "game:worldgen/structures.json",
    "side": "Server"
  },
  {
    "op": "add",
    "path": "/rocktypeRemapGroups/surfaceruins/drystonefence-granite-e-free",
    "value": "drystonefence-{rock}-e-free",
    "file": "game:worldgen/structures.json",
    "side": "Server"
  },
  {
    "op": "add",
    "path": "/rocktypeRemapGroups/surfaceruins/drystonefence-granite-empty-free",
    "value": "drystonefence-{rock}-empty-free",
    "file": "game:worldgen/structures.json",
    "side": "Server"
  },
  {
    "op": "add",
    "path": "/rocktypeRemapGroups/surfaceruins/drystonefence-granite-en-free",
    "value": "drystonefence-{rock}-en-free",
    "file": "game:worldgen/structures.json",
    "side": "Server"
  },
  {
    "op": "add",
    "path": "/rocktypeRemapGroups/surfaceruins/drystonefence-granite-es-free",
    "value": "drystonefence-{rock}-es-free",
    "file": "game:worldgen/structures.json",
    "side": "Server"
  },
  {
    "op": "add",
    "path": "/rocktypeRemapGroups/surfaceruins/drystonefence-granite-esw-free",
    "value": "drystonefence-{rock}-esw-free",
    "file": "game:worldgen/structures.json",
    "side": "Server"
  },
  {
    "op": "add",
    "path": "/rocktypeRemapGroups/surfaceruins/drystonefence-granite-ew-free",
    "value": "drystonefence-{rock}-ew-free",
    "file": "game:worldgen/structures.json",
    "side": "Server"
  },
  {
    "op": "add",
    "path": "/rocktypeRemapGroups/surfaceruins/drystonefence-granite-n-free",
    "value": "drystonefence-{rock}-n-free",
    "file": "game:worldgen/structures.json",
    "side": "Server"
  },
  {
    "op": "add",
    "path": "/rocktypeRemapGroups/surfaceruins/drystonefence-granite-ne-free",
    "value": "drystonefence-{rock}-ne-free",
    "file": "game:worldgen/structures.json",
    "side": "Server"
  },
  {
    "op": "add",
    "path": "/rocktypeRemapGroups/surfaceruins/drystonefence-granite-nes-free",
    "value": "drystonefence-{rock}-nes-free",
    "file": "game:worldgen/structures.json",
    "side": "Server"
  },
  {
    "op": "add",
    "path": "/rocktypeRemapGroups/surfaceruins/drystonefence-granite-new-free",
    "value": "drystonefence-{rock}-new-free",
    "file": "game:worldgen/structures.json",
    "side": "Server"
  },
  {
    "op": "add",
    "path": "/rocktypeRemapGroups/surfaceruins/drystonefence-granite-nsw-free",
    "value": "drystonefence-{rock}-nsw-free",
    "file": "game:worldgen/structures.json",
    "side": "Server"
  },
  {
    "op": "add",
    "path": "/rocktypeRemapGroups/surfaceruins/drystonefence-granite-nw-free",
    "value": "drystonefence-{rock}-nw-free",
    "file": "game:worldgen/structures.json",
    "side": "Server"
  },
  {
    "op": "add",
    "path": "/rocktypeRemapGroups/surfaceruins/drystonefence-granite-s-free",
    "value": "drystonefence-{rock}-s-free",
    "file": "game:worldgen/structures.json",
    "side": "Server"
  },
  {
    "op": "add",
    "path": "/rocktypeRemapGroups/surfaceruins/drystonefence-granite-sw-free",
    "value": "drystonefence-{rock}-sw-free",
    "file": "game:worldgen/structures.json",
    "side": "Server"
  },
  {
    "op": "add",
    "path": "/rocktypeRemapGroups/surfaceruins/drystonefence-granite-w-free",
    "value": "drystonefence-{rock}-w-free",
    "file": "game:worldgen/structures.json",
    "side": "Server"
  },
  {
    "op": "add",
    "path": "/rocktypeRemapGroups/surfaceruins/looseboulders-granite-free",
    "value": "looseboulders-{rock}-free",
    "file": "game:worldgen/structures.json",
    "side": "Server"
  },
  {
    "op": "add",
    "path": "/rocktypeRemapGroups/surfaceruins/polishedrockold-cobbled-granite",
    "value": "rockpolished-{rock}",
    "file": "game:worldgen/structures.json",
    "side": "Server"
  },
  {
    "op": "add",
    "path": "/rocktypeRemapGroups/surfaceruins/polishedrockold-full-granite",
    "value": "drystone-{rock}",
    "file": "game:worldgen/structures.json",
    "side": "Server"
  },
  {
    "op": "add",
    "path": "/rocktypeRemapGroups/surfaceruins/stonebrickslab-granite-down-free",
    "value": "stonebrickslab-{rock}-down-free",
    "file": "game:worldgen/structures.json",
    "side": "Server"
  },
  {
    "op": "add",
    "path": "/rocktypeRemapGroups/surfaceruins/stonebrickslab-granite-south-free",
    "value": "stonebrickslab-{rock}-south-free",
    "file": "game:worldgen/structures.json",
    "side": "Server"
  },
  {
    "op": "add",
    "path": "/rocktypeRemapGroups/surfaceruins/stonebrickslab-granite-west-free",
    "value": "stonebrickslab-{rock}-west-free",
    "file": "game:worldgen/structures.json",
    "side": "Server"
  },
  {
    "op": "add",
    "path": "/rocktypeRemapGroups/surfaceruins/stonebrickstairs-granite-up-east-free",
    "value": "stonebrickstairs-{rock}-up-east-free",
    "file": "game:worldgen/structures.json",
    "side": "Server"
  },
  {
    "op": "add",
    "path": "/rocktypeRemapGroups/surfaceruins/stonebrickstairs-granite-up-north-free",
    "value": "stonebrickstairs-{rock}-up-north-free",
    "file": "game:worldgen/structures.json",
    "side": "Server"
  },
  {
    "op": "add",
    "path": "/rocktypeRemapGroups/surfaceruins/stonebrickstairs-granite-up-west-free",
    "value": "stonebrickstairs-{rock}-up-west-free",
    "file": "game:worldgen/structures.json",
    "side": "Server"
  },










  {
    "op": "replace",
    "path": "/structures/3/chance",
    "value": 0,
    "file": "game:worldgen/structures.json",
    "side": "Server"
  },
  {
    "op": "replace",
    "path": "/structures/4/schematics/0",
    "value": "overground/br-civicruins/*",
    "file": "game:worldgen/structures.json",
    "side": "Server"
  },
  {
    "op": "remove",
    "path": "/structures/5/rockTypeRemapGroup",
    "file": "game:worldgen/structures.json",
    "side": "Server"
  },
  {
    "op": "replace",
    "path": "/structures/5/schematics/0",
    "value": "overground/br-houseruins/*",
    "file": "game:worldgen/structures.json",
    "side": "Server"
  },
  {
    "op": "remove",
    "path": "/structures/6/rockTypeRemapGroup",
    "file": "game:worldgen/structures.json",
    "side": "Server"
  },
  {
    "op": "replace",
    "path": "/structures/6/schematics/0",
    "value": "overground/br-religiosruins/*",
    "file": "game:worldgen/structures.json",
    "side": "Server"
  },
  {
    "op": "replace",
    "path": "/structures/7/schematics/0",
    "value": "overground/br-agriruins/*",
    "file": "game:worldgen/structures.json",
    "side": "Server"
  },
  {
    "op": "replace",
    "path": "/structures/8/schematics/0",
    "value": "overground/br-marshalruins/*",
    "file": "game:worldgen/structures.json",
    "side": "Server"
  },
  {
    "op": "replace",
    "path": "/structures/9/schematics/0",
    "value": "overground/br-ancientruins/*",
    "file": "game:worldgen/structures.json",
    "side": "Server"
  },
  {
    "op": "add",
    "path": "/structures/-",
    "value": {
                  "code": "spanruins",
                  "chance": 0.003,
                  "schematics": [
                    "overground/vanillarework-spanruins/*"
                  ]
    },
    "rockTypeRemapGroup": "surfaceruins",
    "file": "game:worldgen/structures.json",
    "side": "Server"
  },
  {
    "op": "add",
    "path": "/villageTypes/-",
    "value": {
                "code": "ruinedvillage",
                "chance": 0.005,
                "generator": "LooselyGrouped",
                "quantityStructures": { "avg": 5, "var": 2 },
                "schematics": [
                  { "path": "overground/br-village/*", "offsetY": -3, "weight": 100 }
                ],
                "replacewithblocklayers": ["soil-low-normal", "soil-low-none"],
                "rocktyperemaps": {
                  "cobblestone-granite": "cobblestone-{rock}",
                  "cobblestoneslab-granite-down-free": "cobblestoneslab-{rock}-down-free",
                  "cobblestonestairs-granite-up-south-free": "cobblestonestairs-{rock}-up-south-free",
                  "cobblestonestairs-granite-up-north-free": "cobblestonestairs-{rock}-up-north-free",
                  "cobblestonestairs-granite-up-west-free": "cobblestonestairs-{rock}-up-west-free",
                  "cobblestonestairs-granite-up-east-free": "cobblestonestairs-{rock}-up-east-free",
                  "rock-granite": "rock-{rock}",
                  "cobblestonestairs-granite-down-south-free": "cobblestonestairs-{rock}-down-south-free",
                  "cobblestonestairs-granite-down-north-free": "cobblestonestairs-{rock}-down-north-free",
                  "cobblestonestairs-granite-down-west-free": "cobblestonestairs-{rock}-down-west-free",
                  "cobblestonestairs-granite-down-east-free": "cobblestonestairs-{rock}-down-east-free",
                  "cobbleskull-granite": "cobbleskull-{rock}",
                  "cobblestoneslab-granite-up-free": "cobblestoneslab-{rock}-up-free",
                  "loosestones-granite-free": "loosestones-{rock}-free",
                  "cobblestoneslab-granite-east-free": "cobblestoneslab-{rock}-east-free",
                  "cobblestoneslab-granite-south-free": "cobblestoneslab-{rock}-south-free",
                  "looseflints-granite-free": "looseflints-{rock}-free",
                  "cobblestoneslab-granite-west-free": "cobblestoneslab-{rock}-west-free",
                  "cobblestoneslab-granite-north-free": "cobblestoneslab-{rock}-north-free",
                  "polishedrockslab-granite-west-free": "polishedrockslab-{rock}-west-free",
                  "polishedrockslab-granite-east-free": "polishedrockslab-{rock}-east-free",
                  "polishedrockslab-granite-down-free": "polishedrockslab-{rock}-down-free",
                  "gravel-granite": "gravel-{rock}",
                  "stonebricks-granite": "stonebricks-{rock}",
                  "polishedrockslab-granite-south-free": "polishedrockslab-{rock}-south-free",
                  "polishedrockslab-granite-north-free": "polishedrockslab-{rock}-north-free",
                  "stonebrickstairs-granite-down-north-free": "stonebrickstairs-{rock}-down-north-free",
                  "stonebrickstairs-granite-down-south-free": "stonebrickstairs-{rock}-down-south-free",
                  "stonebrickslab-granite-north-free": "stonebrickslab-{rock}-north-free",
                  "stonebrickstairs-granite-down-west-free": "stonebrickstairs-{rock}-down-west-free",
                  "rockpolished-granite": "rockpolished-{rock}",
                  "stonebrickslab-granite-up-free": "stonebrickslab-{rock}-up-free",
                  "stonebrickstairs-granite-down-east-free": "stonebrickstairs-{rock}-down-east-free",
                  "stonebrickstairs-granite-up-south-free": "stonebrickstairs-{rock}-up-south-free",
                  "stonebrickslab-granite-east-free": "stonebrickslab-{rock}-east-free",
                            
                  "stonebrickstairs-granite-up-east-free":"stonebrickstairs-{rock}-up-east-free",
                
                  "stonebrickstairs-granite-up-north-free":"stonebrickstairs-{rock}-up-north-free",
                  "stonebrickstairs-granite-up-west-free":"stonebrickstairs-{rock}-up-west-free",
                  "agedstonebricks-granite":"agedstonebricks-{rock}",
                  "crackedrock-granite":"crackedrock-{rock}",
                  "drystone-granite": "drystone-{rock}",
                  "looseboulders-granite-free": "looseboulders-{rock}-free",
                  "polishedrockold-cobbled-granite": "rockpolished-{rock}",
                  "polishedrockold-full-granite":"drystone-{rock}",
                  "stonebrickslab-granite-down-free":"stonebrickslab-{rock}-down-free",
                  
                  "drystonefence-granite-ew-free":"drystonefence-{rock}-ew-free",
                  "drystonefence-granite-sw-free":"drystonefence-{rock}-sw-free",
                  "drystonefence-granite-nw-free":"drystonefence-{rock}-nw-free",
                  "drystonefence-granite-esw-free":"drystonefence-{rock}-esw-free",
                  "drystonefence-granite-nes-free":"drystonefence-{rock}-nes-free",
                  "drystonefence-granite-nsw-free":"drystonefence-{rock}-nsw-free",
                  "drystonefence-granite-new-free":"drystonefence-{rock}-new-free",
                  "drystonefence-granite-es-free":"drystonefence-{rock}-es-free",
                  "drystonefence-granite-en-free":"drystonefence-{rock}-en-free",
                  "drystonefence-granite-ne-free":"drystonefence-{rock}-ne-free",
                  "drystonefence-granite-s-free":"drystonefence-{rock}-s-free",
                  "drystonefence-granite-w-free":"drystonefence-{rock}-w-free",
                  "drystonefence-granite-n-free":"drystonefence-{rock}-n-free",
                  "drystonefence-granite-e-free":"drystonefence-{rock}-e-free",

                  "drystonefence-granite-empty-free":"drystonefence-{rock}-empty-free",
                  
                  "stonebrickslab-granite-west-free":"stonebrickslab-{rock}-west-free",
                  "stonebrickslab-granite-south-free":"stonebrickslab-{rock}-south-free"

                }
    },
    "file": "game:worldgen/villages.json",
    "side": "Server"
  },
  {
    "op": "add",
    "path": "/villageTypes/-",
    "value": {
                "code": "ruinedvillage",
                "chance": 0.008,
                "generator": "LooselyGrouped",
                "quantityStructures": { "avg": 5, "var": 1 },
                "schematics": [
                  { "path": "overground/vsvillage-villageruins/o1/vsvillageruin-house-o1-1", "offsetY": -1, "weight": 100 },
                  { "path": "overground/vsvillage-villageruins/o1/vsvillageruin-house-o1-10", "offsetY": -1, "weight": 100 },

                  { "path": "overground/vsvillage-villageruins/o2/vsvillageruin-house-o2-2", "offsetY": -2, "weight": 100 },
                  { "path": "overground/vsvillage-villageruins/o2/vsvillageruin-house-o2-3", "offsetY": -2, "weight": 100 },
                  { "path": "overground/vsvillage-villageruins/o2/vsvillageruin-house-o2-4", "offsetY": -2, "weight": 100 },
                  { "path": "overground/vsvillage-villageruins/o2/vsvillageruin-house-o2-5", "offsetY": -2, "weight": 100 },
                  { "path": "overground/vsvillage-villageruins/o2/vsvillageruin-house-o2-6", "offsetY": -2, "weight": 100 },
                  { "path": "overground/vsvillage-villageruins/o2/vsvillageruin-house-o2-7", "offsetY": -2, "weight": 100 },
                  { "path": "overground/vsvillage-villageruins/o2/vsvillageruin-house-o2-8", "offsetY": -2, "weight": 100 },
                  { "path": "overground/vsvillage-villageruins/o2/vsvillageruin-house-o2-9", "offsetY": -2, "weight": 100 },
                  { "path": "overground/vsvillage-villageruins/o2/vsvillageruin-house-o2-11", "offsetY": -2, "weight": 100 },
                  { "path": "overground/vsvillage-villageruins/o2/vsvillageruin-house-o2-12", "offsetY": -2, "weight": 100 },
                  { "path": "overground/vsvillage-villageruins/o2/vsvillageruin-house-o2-13", "offsetY": -2, "weight": 100 },
                  { "path": "overground/vsvillage-villageruins/o2/vsvillageruin-wallsegment-o2-1", "offsetY": -2, "weight": 100 },
                  { "path": "overground/vsvillage-villageruins/o2/vsvillageruin-wallsegment-o2-2", "offsetY": -2, "weight": 100 },

                  { "path": "overground/vsvillage-villageruins/o3/vsvillageruin-house-o3-15", "offsetY": -3, "weight": 50 },

                  { "path": "overground/vsvillage-villageruins/o10/vsvillageruin-house-o10-14", "offsetY": -10, "weight": 50 }
                ],
                "replacewithblocklayers": ["soil-low-normal", "soil-low-none"],
                "rocktyperemaps": {
                  "cobblestone-granite": "cobblestone-{rock}",
                  "cobblestoneslab-granite-down-free": "cobblestoneslab-{rock}-down-free",
                  "cobblestonestairs-granite-up-south-free": "cobblestonestairs-{rock}-up-south-free",
                  "cobblestonestairs-granite-up-north-free": "cobblestonestairs-{rock}-up-north-free",
                  "cobblestonestairs-granite-up-west-free": "cobblestonestairs-{rock}-up-west-free",
                  "cobblestonestairs-granite-up-east-free": "cobblestonestairs-{rock}-up-east-free",
                  "rock-granite": "rock-{rock}",
                  "cobblestonestairs-granite-down-south-free": "cobblestonestairs-{rock}-down-south-free",
                  "cobblestonestairs-granite-down-north-free": "cobblestonestairs-{rock}-down-north-free",
                  "cobblestonestairs-granite-down-west-free": "cobblestonestairs-{rock}-down-west-free",
                  "cobblestonestairs-granite-down-east-free": "cobblestonestairs-{rock}-down-east-free",
                  "cobbleskull-granite": "cobbleskull-{rock}",
                  "cobblestoneslab-granite-up-free": "cobblestoneslab-{rock}-up-free",
                  "loosestones-granite-free": "loosestones-{rock}-free",
                  "cobblestoneslab-granite-east-free": "cobblestoneslab-{rock}-east-free",
                  "cobblestoneslab-granite-south-free": "cobblestoneslab-{rock}-south-free",
                  "looseflints-granite-free": "looseflints-{rock}-free",
                  "cobblestoneslab-granite-west-free": "cobblestoneslab-{rock}-west-free",
                  "cobblestoneslab-granite-north-free": "cobblestoneslab-{rock}-north-free",
                  "polishedrockslab-granite-west-free": "polishedrockslab-{rock}-west-free",
                  "polishedrockslab-granite-east-free": "polishedrockslab-{rock}-east-free",
                  "polishedrockslab-granite-down-free": "polishedrockslab-{rock}-down-free",
                  "gravel-granite": "gravel-{rock}",
                  "stonebricks-granite": "stonebricks-{rock}",
                  "polishedrockslab-granite-south-free": "polishedrockslab-{rock}-south-free",
                  "polishedrockslab-granite-north-free": "polishedrockslab-{rock}-north-free",
                  "stonebrickstairs-granite-down-north-free": "stonebrickstairs-{rock}-down-north-free",
                  "stonebrickstairs-granite-down-south-free": "stonebrickstairs-{rock}-down-south-free",
                  "stonebrickslab-granite-north-free": "stonebrickslab-{rock}-north-free",
                  "stonebrickstairs-granite-down-west-free": "stonebrickstairs-{rock}-down-west-free",
                  "rockpolished-granite": "rockpolished-{rock}",
                  "stonebrickslab-granite-up-free": "stonebrickslab-{rock}-up-free",
                  "stonebrickstairs-granite-down-east-free": "stonebrickstairs-{rock}-down-east-free",
                  "stonebrickstairs-granite-up-south-free": "stonebrickstairs-{rock}-up-south-free",
                  "stonebrickslab-granite-east-free": "stonebrickslab-{rock}-east-free",
                            
                  "stonebrickstairs-granite-up-east-free":"stonebrickstairs-{rock}-up-east-free",
                
                  "stonebrickstairs-granite-up-north-free":"stonebrickstairs-{rock}-up-north-free",
                  "stonebrickstairs-granite-up-west-free":"stonebrickstairs-{rock}-up-west-free",
                  "agedstonebricks-granite":"agedstonebricks-{rock}",
                  "crackedrock-granite":"crackedrock-{rock}",
                  "drystone-granite": "drystone-{rock}",
                  "looseboulders-granite-free": "looseboulders-{rock}-free",
                  "polishedrockold-cobbled-granite": "rockpolished-{rock}",
                  "polishedrockold-full-granite":"drystone-{rock}",
                  "stonebrickslab-granite-down-free":"stonebrickslab-{rock}-down-free",
                  
                  "drystonefence-granite-ew-free":"drystonefence-{rock}-ew-free",
                  "drystonefence-granite-sw-free":"drystonefence-{rock}-sw-free",
                  "drystonefence-granite-nw-free":"drystonefence-{rock}-nw-free",
                  "drystonefence-granite-esw-free":"drystonefence-{rock}-esw-free",
                  "drystonefence-granite-nes-free":"drystonefence-{rock}-nes-free",
                  "drystonefence-granite-nsw-free":"drystonefence-{rock}-nsw-free",
                  "drystonefence-granite-new-free":"drystonefence-{rock}-new-free",
                  "drystonefence-granite-es-free":"drystonefence-{rock}-es-free",
                  "drystonefence-granite-en-free":"drystonefence-{rock}-en-free",
                  "drystonefence-granite-ne-free":"drystonefence-{rock}-ne-free",
                  "drystonefence-granite-s-free":"drystonefence-{rock}-s-free",
                  "drystonefence-granite-w-free":"drystonefence-{rock}-w-free",
                  "drystonefence-granite-n-free":"drystonefence-{rock}-n-free",
                  "drystonefence-granite-e-free":"drystonefence-{rock}-e-free",

                  "drystonefence-granite-empty-free":"drystonefence-{rock}-empty-free",
                  
                  "stonebrickslab-granite-west-free":"stonebrickslab-{rock}-west-free",
                  "stonebrickslab-granite-south-free":"stonebrickslab-{rock}-south-free"



                }
    },
    "file": "game:worldgen/villages.json",
    "side": "Server"
  },
  {
    "op": "replace",
    "path": "/villageTypes/0/chance",
    "value": 0.02
    ,
    "file": "game:worldgen/villages.json",
    "side": "Server"
  },
  {
    "op": "add",
    "path": "/villageTypes/0/rocktyperemaps/agedstonebricks-granite",
    "value": "agedstonebricks-{rock}",
    "file": "game:worldgen/villages.json",
    "side": "Server"
  },
  {
    "op": "add",
    "path": "/villageTypes/0/rocktyperemaps/crackedrock-granite",
    "value": "crackedrock-{rock}",
    "file": "game:worldgen/villages.json",
    "side": "Server"
  },
  {
    "op": "add",
    "path": "/villageTypes/0/rocktyperemaps/drystone-granite",
    "value": "drystone-{rock}",
    "file": "game:worldgen/villages.json",
    "side": "Server"
  },
  {
    "op": "add",
    "path": "/villageTypes/0/rocktyperemaps/drystonefence-granite-e-free",
    "value": "drystonefence-{rock}-e-free",
    "file": "game:worldgen/villages.json",
    "side": "Server"
  },
  {
    "op": "add",
    "path": "/villageTypes/0/rocktyperemaps/drystonefence-granite-empty-free",
    "value": "drystonefence-{rock}-empty-free",
    "file": "game:worldgen/villages.json",
    "side": "Server"
  },
  {
    "op": "add",
    "path": "/villageTypes/0/rocktyperemaps/drystonefence-granite-en-free",
    "value": "drystonefence-{rock}-en-free",
    "file": "game:worldgen/villages.json",
    "side": "Server"
  },
  {
    "op": "add",
    "path": "/villageTypes/0/rocktyperemaps/drystonefence-granite-es-free",
    "value": "drystonefence-{rock}-es-free",
    "file": "game:worldgen/villages.json",
    "side": "Server"
  },
  {
    "op": "add",
    "path": "/villageTypes/0/rocktyperemaps/drystonefence-granite-esw-free",
    "value": "drystonefence-{rock}-esw-free",
    "file": "game:worldgen/villages.json",
    "side": "Server"
  },
  {
    "op": "add",
    "path": "/villageTypes/0/rocktyperemaps/drystonefence-granite-ew-free",
    "value": "drystonefence-{rock}-ew-free",
    "file": "game:worldgen/villages.json",
    "side": "Server"
  },
  {
    "op": "add",
    "path": "/villageTypes/0/rocktyperemaps/drystonefence-granite-n-free",
    "value": "drystonefence-{rock}-n-free",
    "file": "game:worldgen/villages.json",
    "side": "Server"
  },
  {
    "op": "add",
    "path": "/villageTypes/0/rocktyperemaps/drystonefence-granite-ne-free",
    "value": "drystonefence-{rock}-ne-free",
    "file": "game:worldgen/villages.json",
    "side": "Server"
  },
  {
    "op": "add",
    "path": "/villageTypes/0/rocktyperemaps/drystonefence-granite-nes-free",
    "value": "drystonefence-{rock}-nes-free",
    "file": "game:worldgen/villages.json",
    "side": "Server"
  },
  {
    "op": "add",
    "path": "/villageTypes/0/rocktyperemaps/drystonefence-granite-new-free",
    "value": "drystonefence-{rock}-new-free",
    "file": "game:worldgen/villages.json",
    "side": "Server"
  },
  {
    "op": "add",
    "path": "/villageTypes/0/rocktyperemaps/drystonefence-granite-nsw-free",
    "value": "drystonefence-{rock}-nsw-free",
    "file": "game:worldgen/villages.json",
    "side": "Server"
  },
  {
    "op": "add",
    "path": "/villageTypes/0/rocktyperemaps/drystonefence-granite-nw-free",
    "value": "drystonefence-{rock}-nw-free",
    "file": "game:worldgen/villages.json",
    "side": "Server"
  },
  {
    "op": "add",
    "path": "/villageTypes/0/rocktyperemaps/drystonefence-granite-s-free",
    "value": "drystonefence-{rock}-s-free",
    "file": "game:worldgen/villages.json",
    "side": "Server"
  },
  {
    "op": "add",
    "path": "/villageTypes/0/rocktyperemaps/drystonefence-granite-sw-free",
    "value": "drystonefence-{rock}-sw-free",
    "file": "game:worldgen/villages.json",
    "side": "Server"
  },
  {
    "op": "add",
    "path": "/villageTypes/0/rocktyperemaps/drystonefence-granite-w-free",
    "value": "drystonefence-{rock}-w-free",
    "file": "game:worldgen/villages.json",
    "side": "Server"
  },
  {
    "op": "add",
    "path": "/villageTypes/0/rocktyperemaps/looseboulders-granite-free",
    "value": "looseboulders-{rock}-free",
    "file": "game:worldgen/villages.json",
    "side": "Server"
  },
  {
    "op": "add",
    "path": "/villageTypes/0/rocktyperemaps/polishedrockold-cobbled-granite",
    "value": "rockpolished-{rock}",
    "file": "game:worldgen/villages.json",
    "side": "Server"
  },
  {
    "op": "add",
    "path": "/villageTypes/0/rocktyperemaps/polishedrockold-full-granite",
    "value": "drystone-{rock}",
    "file": "game:worldgen/villages.json",
    "side": "Server"
  },
  {
    "op": "add",
    "path": "/villageTypes/0/rocktyperemaps/stonebrickslab-granite-down-free",
    "value": "stonebrickslab-{rock}-down-free",
    "file": "game:worldgen/villages.json",
    "side": "Server"
  },
  {
    "op": "add",
    "path": "/villageTypes/0/rocktyperemaps/stonebrickslab-granite-south-free",
    "value": "stonebrickslab-{rock}-south-free",
    "file": "game:worldgen/villages.json",
    "side": "Server"
  },
  {
    "op": "add",
    "path": "/villageTypes/0/rocktyperemaps/stonebrickslab-granite-west-free",
    "value": "stonebrickslab-{rock}-west-free",
    "file": "game:worldgen/villages.json",
    "side": "Server"
  },
  {
    "op": "add",
    "path": "/villageTypes/0/rocktyperemaps/stonebrickstairs-granite-up-east-free",
    "value": "stonebrickstairs-{rock}-up-east-free",
    "file": "game:worldgen/villages.json",
    "side": "Server"
  },
  {
    "op": "add",
    "path": "/villageTypes/0/rocktyperemaps/stonebrickstairs-granite-up-north-free",
    "value": "stonebrickstairs-{rock}-up-north-free",
    "file": "game:worldgen/villages.json",
    "side": "Server"
  },
  {
    "op": "add",
    "path": "/villageTypes/0/rocktyperemaps/stonebrickstairs-granite-up-west-free",
    "value": "stonebrickstairs-{rock}-up-west-free",
    "file": "game:worldgen/villages.json",
    "side": "Server"
  }
]