{
	"code": "ceramatile",
	"behaviors": [
		{
		"name": "GroundStorable",
			"propertiesByType": {
				"*-dull":{
					"layout": "Stacking",
					"placeRemoveSound": "game:sounds/block/ceramicplace",
					"stackingModel": "ceramos:block/layers/pileoftiles.json",
					"collisionBox": { "x1": 0, "y1": 0, "z1": 0, "x2": 1, "y2": 0.0625, "z2": 1 },
					"cbScaleYByLayer": 1,
					"tessQuantityElements": 3,
					"stackingCapacity": 16,
					"transferQuantity": 1,
					"bulkTransferQuantity": 2,
					"maxFireable": 10
				},
				"*-shiny":{
					"layout": "Stacking",
					"placeRemoveSound": "game:sounds/block/ceramicplace",
					"stackingModel": "ceramos:block/layers/pileoftilesshiny.json",
					"collisionBox": { "x1": 0, "y1": 0, "z1": 0, "x2": 1, "y2": 0.0625, "z2": 1 },
					"cbScaleYByLayer": 1,
					"tessQuantityElements": 3,
					"stackingCapacity": 16,
					"transferQuantity": 1,
					"bulkTransferQuantity": 2,
					"maxFireable": 10
				}
			}
		}
	],

	"attributes": 
		{
		"handbook": { "groupBy": "ceramatile-*" }
		},
	
	"variantgroups": [
		{ "code": "type",
		"states":
				["parsley", "stamens", "petal", "cyanstars", "curles", "triangles",
				"crosslines", "colorful", "flower", "junglevines"] },
		{ "code": "surface", "states": ["shiny", "dull"] }
	],

	"shapeByType": { 
		"*-dull": {"base": "ceramos:block/clay/ceramatile" },
		"*-shiny": {"base": "ceramos:block/clay/ceramatileshiny" }
	},
	"maxstacksize": 12,
	"blockmaterial": "Ceramic",
	"creativeinventory": { "general": ["*"], "decorative": ["*"], "ceramos": ["*"] },
	"replaceable": 700,
	"resistance": 1,
	"emitSideAo": { "all": false },
	"texturesByType": {
		"*-dull": {
			"up": { "base": "ceramos:block/cerama/dull/{type}" },
			"all": { "base": "ceramos:block/clay/burned" },
			"wood": { "base": "game:block/wood/debarked/oak" }
		},
		"*-shiny": {
			"up": { "base": "ceramos:block/cerama/shiny/{type}" },
			"all": { "base": "ceramos:block/clay/burned" },
			"wood": { "base": "game:block/wood/debarked/oak" }
		}
	},

	"guiTransformByType": {
		"*-dull": {
		"rotate": false,
		"translation": { "x": 3, "y": -6, "z": 0 },
		"rotation": { "x": 155, "y": 135, "z": 0 },
		"origin": { "x": 0, "y": 0, "z": 0 },
		"scale": 1.1
		},
		"*-shiny": {
		"rotate": false,
		"translation": { "x": -1, "y": -6, "z": 0 },
		"rotation": { "x": 155, "y": 125, "z": -10 },
		"origin": { "x": 0, "y": 0, "z": 0 },
		"scale": 1.1
		}
	},
	"groundTransform": {
		"translation": { "x": 0, "y": 0.03, "z": 0 },
		"rotation": { "x": 0, "y": 28, "z": 0 },
		"origin": { "x": 1, "y": 0, "z": 0.1 },
		"scale": 3.9
	},

	"tpHandTransform": {
		"translation": { "x": -2.2, "y": -0.1, "z": 0.12 },
		"rotation": { "x": -90, "y": 178, "z": -177 },
		"origin": { "x": 1, "y": 0, "z": 0 },
		"scale": 0.6
	},
	
	"fpHandTransform": {
		"translation": { "x": -1, "y": 0.2, "z": 1 },
		"rotation": { "x": 88, "y": -19, "z": 88 }
	},

	"sounds": {
		
		"break": "game:block/ceremicbreak",
		"hit": "game:block/ceramichit",
		"walk": "game:walk/stone2"
	}
}
