{"GameVersion": "1.18.0-pre.3", "SizeX": 7, "SizeY": 5, "SizeZ": 5, "BlockCodes": {"9493": "game:agedstonebricks-sandstone", "9471": "game:polishedrockold-full-sandstone", "9472": "game:polishedrockold-cobbled-sandstone", "6179": "game:rock-sandstone", "3584": "game:stonebricks-sandstone", "3305": "game:rockpolished-sandstone", "8610": "game:groundstorage", "3920": "game:crackedrock-sandstone", "636": "game:lootvessel-farming", "2852": "game:cobblestoneslab-sandstone-down-free", "2966": "game:cobblestone-sandstone", "632": "game:lootvessel-food", "2621": "game:bonysoil", "5122": "game:looseboulders-sandstone-free"}, "ItemCodes": {"1498": "game:stonebrick-sandstone"}, "Indices": [0, 1024, 2048, 3072, 4096, 1048576, 1049600, 1051648, 1052672, 2098176, 2101248, 3146752, 4195328, 1, 1025, 2049, 3073, 4097, 1048577, 1049601, 2, 3074, 4098, 1052674, 3, 1027, 2051, 3075, 4099, 1048579, 1052675, 4, 1028, 2052, 3076, 4100, 1048580, 5, 1029, 3077, 4101, 1048581, 1049605, 1051653, 1052677, 2097157, 6, 1030, 2054, 3078, 4102, 1048582, 1049606, 1050630, 1051654, 1052678, 2097158, 2099206, 2100230, 2101254, 3145734, 3149830, 4194310, 4198406], "BlockIds": [9493, 9471, 9471, 9472, 9471, 9493, 6179, 3584, 9471, 6179, 3305, 3305, 8610, 9493, 9472, 3920, 636, 3920, 3584, 2852, 6179, 3584, 9472, 2966, 9471, 632, 2621, 9471, 9472, 2852, 9472, 6179, 9471, 2621, 9471, 9472, 2966, 9493, 9493, 3920, 9471, 3920, 6179, 2852, 6179, 6179, 3584, 9493, 2966, 2966, 9493, 9472, 9471, 3920, 9471, 3920, 9472, 2852, 9472, 6179, 3305, 3584, 8610, 5122], "DecorIndices": [], "DecorIds": [], "BlockEntities": {"4195328": "!<d@[F*J)W#64c-E,TfC#64`(!<d@[F*cuh#64o6@VfsmCI<#NAIW9mDfor.F*)>@@:s-U$#+:#ASuU.Ed7ZiEH>r7FE7Qb!!!3,F)5c:EsD_\"!!*'\"!87SV!!<3$!!WgQASlBtEaa'4Eb,=fFCf<.ATD4$F`M%e@<6NjE+EC!AVl71)GcBn5QhI:ASlBtEaa'4Eb,4Nz!!!<;AoD^\"AQ*\\hEa`Tl:i^JnErZ=LD.Rd%6#L=OA_Ra;^B\"[MFECr$BLZE?AH2]1!!!", "4194310": "!<d@[F*J;]#64c-E,TfC#64`(!<d@[F*crg#64o6@VfsmCI<#NAIW9mDfor.F*)>@@:s-U$#+:#ASuU.Ed7ZiEH>r7FE7Qb!!!3,F)5c:EsD_\"!!*'\"!87SV!!<3$!!WgQASlBtEaa'4Eb,=fFCf<.ATD4$F`M%e@<6NjE+EC!AKK+@L.73'5QhI:ASlBtEaa'4Eb,4Nz!!!<;AoD^\"AQ*\\hEa`Tl:i^JnErZ=LD.Rd%6#L=OA_Ra;^B\"[MFECr$BLZE?AH2]1!!!"}, "Entities": [], "ReplaceMode": 2}