{"GameVersion": "1.18.0-pre.3", "SizeX": 5, "SizeY": 5, "SizeZ": 7, "BlockCodes": {"6179": "game:rock-limestone", "2966": "game:cobblestone-limestone", "9493": "game:agedstonebricks-limestone", "3584": "game:stonebricks-limestone", "3305": "game:rockpolished-limestone", "3920": "game:crackedrock-limestone", "9472": "game:polishedrockold-cobbled-limestone", "5122": "game:looseboulders-limestone-free", "8606": "game:clutter", "9471": "game:polishedrockold-full-limestone", "2621": "game:bonysoil", "633": "game:lootvessel-forage", "632": "game:lootvessel-food", "8610": "game:groundstorage", "5535": "game:loosestones-limestone-free"}, "ItemCodes": {"1498": "game:stonebrick-limestone"}, "Indices": [0, 1024, 2048, 3072, 4096, 5120, 1048576, 1049600, 1050624, 1051648, 1052672, 1053696, 2098176, 2099200, 2100224, 2102272, 3147776, 3150848, 1, 2049, 3073, 4097, 5121, 1048577, 1049601, 1050625, 1051649, 1053697, 2097153, 2098177, 3145729, 3146753, 2, 2050, 3074, 4098, 5122, 6146, 1048578, 1049602, 2097154, 2098178, 3145730, 3146754, 4195330, 3, 2051, 3075, 5123, 1048579, 1049603, 1053699, 2097155, 2098179, 3145731, 3146755, 4194307, 4195331, 4, 1028, 2052, 3076, 4100, 5124, 6148, 1048580, 1049604, 1050628, 1051652, 1052676, 1053700, 2097156, 2098180, 2099204, 3145732, 3146756, 3147780, 4195332, 4196356], "BlockIds": [6179, 2966, 6179, 6179, 9493, 2966, 6179, 3584, 3305, 9493, 3584, 3920, 3920, 3584, 3920, 9472, 5122, 8606, 9471, 2621, 2621, 3920, 9471, 9472, 3920, 633, 632, 9493, 3584, 9472, 8606, 8606, 3305, 9471, 9472, 3584, 9471, 3584, 6179, 3920, 3584, 9493, 8606, 6179, 8610, 2966, 3584, 3584, 9471, 3584, 9471, 9493, 6179, 9493, 9493, 9471, 8610, 5122, 6179, 6179, 3920, 3584, 2966, 3584, 3305, 9472, 9493, 6179, 9493, 2966, 3305, 3305, 3584, 9471, 8606, 9471, 9472, 8610, 5535], "DecorIndices": [], "DecorIds": [], "BlockEntities": {"3150848": "!<d@[F*J,X#64c-E,TfC\"onW'!<d@[F*_cE#64o6@VfsmCI<#NAHu^]F`__:EWlSfH#R='Ecki#Ch52BDf9/B\":&scFCB9&=9&=$!!EUFATMNNDJ*csgCME@\":&scFCB9&=o\\O&!!rsADes6$@ru9m!!O$SG%G]7Bk1dSAU&<>Eb.UVA7Z$iATE')B4YTR", "3145729": "!<d@[F*J/Y#64c-E,TfC\"onW'!<d@[F*_T@#64o6@VfsmCI<#NAHu^]F`__:EWlSfH#R=(FCAWpAM%qFBl7Km1B[r'DffE0AQSp4!!!-.D.Rd%6#L=OA`V#M^]Xm_DffE0AQf'6!!!<3@rH1\"ARfgnA,lcHDg#]4EbT&q<+U;rF`M%\\De*DbG%G]>@:s.^!!", "3146753": "!<d@[F*J/Y#64c-E,TfC\"onW'!<d@[F*_WA#64o6@VfsmCI<#NAHu^]F`__:EWlSfH#R='Ecki#Ch52BDf9/@\":&scFCB9&=9&=$!!EUFATMNNDJ*csgCHlj\":&scFCB9&=o\\O&!!rsADes6$@ru9m!!O$SG%G]7Bk1dSAU&<>Eb.UVA7Z$iATE')B4YTR", "3145730": "!<d@[F*J2Z#64c-E,TfC\"onW'!<d@[F*_T@#64o6@VfsmCI<#NAHu^]F`__:EWlSfH#R=*@V'('@V'(%Ecl)6ARmLu#BFa)@<?'_z\":8pVF(djWB5D/6%nXP>#BFa)@<?'az#mk*[Ci!ZmFCet_\"VYftATDg*A7\\_OG]\\(KAOCBHAI*HjEd;)+ARkc", "4195330": "!<d@[F*J2Z#64c-E,TfC#64`(!<d@[F*_WA#64o6@VfsmCI<#NAIW9mDfor.F*)>@@:s-U$#+:#ASuU.Ed7ZiEH>r7FE7Qb!!!3,F)5c:EsD_\"!!*'\"!87SV!!N?&!!WgQASlBtEaa'4Eb,=fFCf<.ATD4$F`M%e@<6NjE+EC!AK;FHQoC)+5QhI:ASlBtEaa'4Eb,4Nz!!!<;AoD^\"AQ*\\hEa`Tl:i^JnErZ=LD.Rd%6#L=OA_Ra;^B\"[MFECr$BLZE?AH2]1!!!", "4194307": "!<d@[F*J5[#64c-E,TfC#64`(!<d@[F*_T@#64o6@VfsmCI<#NAIW9mDfor.F*)>@@:s-U$#+:#ASuU.Ed7ZiEH>r7FE7Qb!!!3,F)5c:EsD_\"!!*'\"!87SV!!3-#!!WgQASlBtEaa'4Eb,=fFCf<.ATD4$F`M%e@<6NjE+EC!AQ\\KMP;nW'5QhI:ASlBtEaa'4Eb,4Nz!!!<;AoD^\"AQ*\\hEa`Tl:i^JnErZ=LD.Rd%6#L=OA_R_e^]=dNFECr$BLZE?AH2]1!!!", "3145732": "!<d@[F*J8\\#64c-E,TfC\"onW'!<d@[F*_T@#64o6@VfsmCI<#NAHu^]F`__:EWlSfH#R=(FCAWpAM%qFBl7Km1'@i&DffE0AQSp4!!!-.D.Rd%6#L=OA`2r/5Qh=4DffE0AQf'6!!!<3@rH1\"ARfgnA,lcHDg#]4EbT&q<+U;rF`M%\\De*DbG%G]>@:s.^!!", "4195332": "!<d@[F*J8\\#64c-E,TfC#64`(!<d@[F*_WA#64o6@VfsmCI<#NAIW9mDfor.F*)>@@:s-U$#+:#ASuU.Ed7ZiEH>r7FE7Qb!!!3,F)5c:EsD_\"!!*'\"!87SV!!N?&!!WgQASlBtEaa'4Eb,=fFCf<.ATD4$F`M%e@<6NjE+EC!AQCW#n269,5QhI:ASlBtEaa'4Eb,4Nz!!!<;AoD^\"AQ*\\hEa`Tl:i^JnErZ=LD.Rd%6#L=OA_R_e5QM4#FECr$BLZE?AH2]1!!!"}, "Entities": [], "ReplaceMode": 2}