﻿[
 {
    "file": "expandedfoods:itemtypes/food/mixing/gozinaki.json",
    op: "add", 
    path: "/textures/huckleberry",
    value: { base: "wildcraft:block/food/pie/fill-huckleberry" },
    side: "server",
    dependsOn: [{ "modid": "wildcraft"}]
 },
 {
    "file": "expandedfoods:itemtypes/food/mixing/gozinaki.json",
    op: "add", 
    path: "/textures/snowberry",
    value: { base: "wildcraft:block/food/pie/fill-snowberry" },
    side: "server",
    dependsOn: [{ "modid": "wildcraft"}]
 },
 {
    "file": "expandedfoods:itemtypes/food/mixing/gozinaki.json",
    op: "add", 
    path: "/textures/brambleberry",
    value: { base: "wildcraft:block/food/pie/fill-brambleberry" },
    side: "server",
    dependsOn: [{ "modid": "wildcraft"}]
 },
 {
    "file": "expandedfoods:itemtypes/food/mixing/gozinaki.json",
    op: "add", 
    path: "/textures/cloudberry",
    value: { base: "wildcraft:block/food/pie/fill-cloudberry" },
    side: "server",
    dependsOn: [{ "modid": "wildcraft"}]
 },
 {
    "file": "expandedfoods:itemtypes/food/mixing/gozinaki.json",
    op: "add", 
    path: "/textures/dogrose",
    value: { base: "wildcraft:block/food/pie/fill-dogrose" },
    side: "server",
    dependsOn: [{ "modid": "wildcraft"}]
 },
 {
    "file": "expandedfoods:itemtypes/food/mixing/gozinaki.json",
    op: "add", 
    path: "/textures/elderberry",
    value: { base: "wildcraft:block/food/pie/fill-elderberry" },
    side: "server",
    dependsOn: [{ "modid": "wildcraft"}]
 },
 {
    "file": "expandedfoods:itemtypes/food/mixing/gozinaki.json",
    op: "add", 
    path: "/textures/gooseberry",
    value: { base: "wildcraft:block/food/pie/fill-gooseberry" },
    side: "server",
    dependsOn: [{ "modid": "wildcraft"}]
 },
 {
    "file": "expandedfoods:itemtypes/food/mixing/gozinaki.json",
    op: "add", 
    path: "/textures/honeysuckle",
    value: { base: "wildcraft:block/food/pie/fill-honeysuckle" },
    side: "server",
    dependsOn: [{ "modid": "wildcraft"}]
 },
 {
    "file": "expandedfoods:itemtypes/food/mixing/gozinaki.json",
    op: "add", 
    path: "/textures/strawberry",
    value: { base: "wildcraft:block/food/pie/fill-strawberry" },
    side: "server",
    dependsOn: [{ "modid": "wildcraft"}]
 },
 {
    "file": "expandedfoods:itemtypes/food/mixing/gozinaki.json",
    op: "add", 
    path: "/textures/raspberry",
    value: { base: "wildcraft:block/food/pie/fill-raspberry" },
    side: "server",
    dependsOn: [{ "modid": "wildcraft"}]
 },
]