﻿[
 {
    "file": "expandedfoods:itemtypes/food/primitivesurvival/mixing/sushi.json",
    op: "add", 
    path: "/skipVariants",
    value: [ "sushi-minerslettuce-nooil", "sushi-minerslettuce-oil", "sushi-minerslettuce-honey", "sushi-minerslettuce-peanut",  ],
    "side": "server",
    dependsOn: [{ "modid": "wildcraft", "invert": true }, { "modid": "primitivesurvival", "invert": true }]
 },
 {
   file: "expandedfoods:recipes/kneading/wildcraft/herbstuff/primitivesurvival/wildsushi.json",
    op: "replace", 
    path: "/0/enabled", 
    value: "true",
    "side": "server",
    dependsOn: [{ "modid": "wildcraft" }, { "modid": "primitivesurvival" }]
 },
 {
   file: "expandedfoods:recipes/kneading/wildcraft/herbstuff/primitivesurvival/wildsushi.json",
    op: "replace", 
    path: "/1/enabled", 
    value: "true",
    "side": "server",
    dependsOn: [{ "modid": "wildcraft" }, { "modid": "primitivesurvival" }]
 },
]