﻿[
 {
   file: "expandedfoods:recipes/kneading/wildcraft/wildgozinakisyrup.json",
    op: "replace", 
    path: "/0/enabled", 
    value: "true",
    "side": "server",
    dependsOn: [{ "modid": "wildcraft" }, { "modid": "acorns" }]
 },
 {
   file: "expandedfoods:recipes/kneading/wildcraft/herbstuff/wildherbgozinakisyrup.json",
    op: "replace", 
    path: "/0/enabled", 
    value: "true",
    "side": "server",
    dependsOn: [{ "modid": "wildcraft" }, { "modid": "acorns" }]
 },
]