{
	"editor": {
		"allAngles": false,
		"entityTextureMode": false
	},
	"textureWidth": 16,
	"textureHeight": 16,
	"textureSizes": {
	},
	"textures": {
	},
	"elements": [
		{
			"name": "schanier-left-1",
			"from": [ -1.0, 34.0, 9.0 ],
			"to": [ 2.0, 37.0, 10.0 ],
			"rotationOrigin": [ -1.0, 34.0, 9.0 ],
			"faces": {
				"north": { "texture": "#metal2", "uv": [ 0.0, 0.0, 3.0, 3.0 ] },
				"east": { "texture": "#metal2", "uv": [ 0.0, 0.0, 1.0, 3.0 ] },
				"south": { "texture": "#metal2", "uv": [ 0.0, 0.0, 3.0, 3.0 ] },
				"west": { "texture": "#metal2", "uv": [ 0.0, 0.0, 1.0, 3.0 ] },
				"up": { "texture": "#metal2", "uv": [ 0.0, 0.0, 3.0, 1.0 ] },
				"down": { "texture": "#metal2", "uv": [ 0.0, 0.0, 3.0, 1.0 ] }
			}
		},
		{
			"name": "door-left",
			"from": [ 2.0, 2.0, 11.0 ],
			"to": [ 2.0, 2.0, 11.0 ],
			"shade": false,
			"rotationOrigin": [ 2.0, 15.0, 10.0 ],
			"faces": {
				"north": { "texture": "#metal2", "uv": [ 0.0, 0.0, 0.5, 0.5 ] },
				"east": { "texture": "#metal2", "uv": [ 0.0, 0.0, 0.5, 0.5 ] },
				"south": { "texture": "#metal2", "uv": [ 0.0, 0.0, 0.5, 0.5 ] },
				"west": { "texture": "#metal2", "uv": [ 0.0, 0.0, 0.5, 0.5 ] },
				"up": { "texture": "#metal2", "uv": [ 0.0, 0.0, 0.5, 0.5 ] },
				"down": { "texture": "#metal2", "uv": [ 0.0, 0.0, 0.5, 0.5 ] }
			},
			"children": [
				{
					"name": "door-left-r1-p1",
					"from": [ -1.0, -2.0, -2.0 ],
					"to": [ 14.0, 14.0, 0.0 ],
					"rotationOrigin": [ -1.0, -2.0, -2.0 ],
					"faces": {
						"north": { "texture": "#oak90rotated", "uv": [ 0.0, 0.0, 15.0, 16.0 ] },
						"east": { "texture": "#oak90rotated", "uv": [ 0.0, 0.0, 2.0, 16.0 ] },
						"south": { "texture": "#oak90rotated", "uv": [ 0.0, 0.0, 15.0, 16.0 ] },
						"west": { "texture": "#oak90rotated", "uv": [ 0.0, 0.0, 2.0, 16.0 ] },
						"up": { "texture": "#oak90rotated", "uv": [ 0.0, 0.0, 15.0, 2.0 ] },
						"down": { "texture": "#oak90rotated", "uv": [ 0.0, 0.0, 15.0, 2.0 ] }
					}
				},
				{
					"name": "door-left-r1-p2",
					"from": [ -1.0, 14.0, -2.0 ],
					"to": [ 14.0, 30.0, 0.0 ],
					"rotationOrigin": [ -1.0, 14.0, -2.0 ],
					"faces": {
						"north": { "texture": "#oak90rotated", "uv": [ 0.0, 0.0, 15.0, 16.0 ] },
						"east": { "texture": "#oak90rotated", "uv": [ 0.0, 0.0, 2.0, 16.0 ] },
						"south": { "texture": "#oak90rotated", "uv": [ 0.0, 0.0, 15.0, 16.0 ] },
						"west": { "texture": "#oak90rotated", "uv": [ 0.0, 0.0, 2.0, 16.0 ] },
						"up": { "texture": "#oak90rotated", "uv": [ 0.0, 0.0, 15.0, 2.0 ] },
						"down": { "texture": "#oak90rotated", "uv": [ 0.0, 0.0, 15.0, 2.0 ] }
					}
				},
				{
					"name": "door-left-r1-p3",
					"from": [ -1.0, 30.0, -2.0 ],
					"to": [ 14.0, 46.0, 0.0 ],
					"rotationOrigin": [ -1.0, 30.0, -2.0 ],
					"faces": {
						"north": { "texture": "#oak90rotated", "uv": [ 0.0, 0.0, 15.0, 16.0 ] },
						"east": { "texture": "#oak90rotated", "uv": [ 0.0, 0.0, 2.0, 16.0 ] },
						"south": { "texture": "#oak90rotated", "uv": [ 0.0, 0.0, 15.0, 16.0 ] },
						"west": { "texture": "#oak90rotated", "uv": [ 0.0, 0.0, 2.0, 16.0 ] },
						"up": { "texture": "#oak90rotated", "uv": [ 0.0, 0.0, 15.0, 2.0 ] },
						"down": { "texture": "#oak90rotated", "uv": [ 0.0, 0.0, 15.0, 2.0 ] }
					}
				},
				{
					"name": "border-outside-1",
					"from": [ -2.0, -2.0, -3.0 ],
					"to": [ -1.0, 14.0, 1.0 ],
					"rotationOrigin": [ -2.0, -2.0, -3.0 ],
					"faces": {
						"north": { "texture": "#metal2", "uv": [ 0.0, 0.0, 1.0, 16.0 ] },
						"east": { "texture": "#metal2", "uv": [ 0.0, 0.0, 4.0, 16.0 ] },
						"south": { "texture": "#metal2", "uv": [ 0.0, 0.0, 1.0, 16.0 ] },
						"west": { "texture": "#metal2", "uv": [ 0.0, 0.0, 4.0, 16.0 ] },
						"up": { "texture": "#metal2", "uv": [ 0.0, 0.0, 1.0, 4.0 ] },
						"down": { "texture": "#metal2", "uv": [ 0.0, 0.0, 1.0, 4.0 ] }
					}
				},
				{
					"name": "border-outside-2",
					"from": [ -2.0, 14.0, -3.0 ],
					"to": [ -1.0, 30.0, 1.0 ],
					"rotationOrigin": [ -2.0, 14.0, -3.0 ],
					"faces": {
						"north": { "texture": "#metal2", "uv": [ 0.0, 0.0, 1.0, 16.0 ] },
						"east": { "texture": "#metal2", "uv": [ 0.0, 0.0, 4.0, 16.0 ] },
						"south": { "texture": "#metal2", "uv": [ 0.0, 0.0, 1.0, 16.0 ] },
						"west": { "texture": "#metal2", "uv": [ 0.0, 0.0, 4.0, 16.0 ] },
						"up": { "texture": "#metal2", "uv": [ 0.0, 0.0, 1.0, 4.0 ] },
						"down": { "texture": "#metal2", "uv": [ 0.0, 0.0, 1.0, 4.0 ] }
					}
				},
				{
					"name": "border-outside-3",
					"from": [ -2.0, 30.0, -3.0 ],
					"to": [ -1.0, 46.0, 1.0 ],
					"rotationOrigin": [ -2.0, 30.0, -3.0 ],
					"faces": {
						"north": { "texture": "#metal2", "uv": [ 0.0, 0.0, 1.0, 16.0 ] },
						"east": { "texture": "#metal2", "uv": [ 0.0, 0.0, 4.0, 16.0 ] },
						"south": { "texture": "#metal2", "uv": [ 0.0, 0.0, 1.0, 16.0 ] },
						"west": { "texture": "#metal2", "uv": [ 0.0, 0.0, 4.0, 16.0 ] },
						"up": { "texture": "#metal2", "uv": [ 0.0, 0.0, 1.0, 4.0 ] },
						"down": { "texture": "#metal2", "uv": [ 0.0, 0.0, 1.0, 4.0 ] }
					}
				},
				{
					"name": "door-left-r2-p1",
					"from": [ 14.0, -2.0, -2.0 ],
					"to": [ 30.0, 14.0, 0.0 ],
					"rotationOrigin": [ 14.0, -2.0, -2.0 ],
					"faces": {
						"north": { "texture": "#oak90rotated", "uv": [ 0.0, 0.0, 16.0, 16.0 ] },
						"east": { "texture": "#oak90rotated", "uv": [ 0.0, 0.0, 2.0, 16.0 ] },
						"south": { "texture": "#oak90rotated", "uv": [ 0.0, 0.0, 16.0, 16.0 ] },
						"west": { "texture": "#oak90rotated", "uv": [ 0.0, 0.0, 2.0, 16.0 ] },
						"up": { "texture": "#oak90rotated", "uv": [ 0.0, 0.0, 16.0, 2.0 ] },
						"down": { "texture": "#oak90rotated", "uv": [ 0.0, 0.0, 16.0, 2.0 ] }
					}
				},
				{
					"name": "door-left-r2-p2",
					"from": [ 14.0, 14.0, -2.0 ],
					"to": [ 30.0, 30.0, 0.0 ],
					"rotationOrigin": [ 14.0, 14.0, -2.0 ],
					"faces": {
						"north": { "texture": "#oak90rotated", "uv": [ 0.0, 0.0, 16.0, 16.0 ] },
						"east": { "texture": "#oak90rotated", "uv": [ 0.0, 0.0, 2.0, 16.0 ] },
						"south": { "texture": "#oak90rotated", "uv": [ 0.0, 0.0, 16.0, 16.0 ] },
						"west": { "texture": "#oak90rotated", "uv": [ 0.0, 0.0, 2.0, 16.0 ] },
						"up": { "texture": "#oak90rotated", "uv": [ 0.0, 0.0, 16.0, 2.0 ] },
						"down": { "texture": "#oak90rotated", "uv": [ 0.0, 0.0, 16.0, 2.0 ] }
					}
				},
				{
					"name": "door-left-r2-p3",
					"from": [ 14.0, 30.0, -2.0 ],
					"to": [ 30.0, 46.0, 0.0 ],
					"rotationOrigin": [ 14.0, 30.0, -2.0 ],
					"faces": {
						"north": { "texture": "#oak90rotated", "uv": [ 0.0, 0.0, 16.0, 16.0 ] },
						"east": { "texture": "#oak90rotated", "uv": [ 0.0, 0.0, 2.0, 16.0 ] },
						"south": { "texture": "#oak90rotated", "uv": [ 0.0, 0.0, 16.0, 16.0 ] },
						"west": { "texture": "#oak90rotated", "uv": [ 0.0, 0.0, 2.0, 16.0 ] },
						"up": { "texture": "#oak90rotated", "uv": [ 0.0, 0.0, 16.0, 2.0 ] },
						"down": { "texture": "#oak90rotated", "uv": [ 0.0, 0.0, 16.0, 2.0 ] }
					}
				},
				{
					"name": "border-front-1",
					"from": [ -1.0, -2.0, -3.0 ],
					"to": [ 3.0, 14.0, 1.0 ],
					"rotationOrigin": [ -1.0, -2.0, -3.0 ],
					"faces": {
						"north": { "texture": "#metal2", "uv": [ 0.0, 0.0, 4.0, 16.0 ] },
						"east": { "texture": "#metal2", "uv": [ 0.0, 0.0, 4.0, 16.0 ] },
						"south": { "texture": "#metal2", "uv": [ 0.0, 0.0, 4.0, 16.0 ] },
						"west": { "texture": "#metal2", "uv": [ 0.0, 0.0, 4.0, 16.0 ] },
						"up": { "texture": "#metal2", "uv": [ 0.0, 0.0, 4.0, 4.0 ] },
						"down": { "texture": "#metal2", "uv": [ 0.0, 0.0, 4.0, 4.0 ] }
					}
				},
				{
					"name": "border-front-2",
					"from": [ -1.0, 14.0, -3.0 ],
					"to": [ 3.0, 30.0, 1.0 ],
					"rotationOrigin": [ -1.0, 14.0, -3.0 ],
					"faces": {
						"north": { "texture": "#metal2", "uv": [ 0.0, 0.0, 4.0, 16.0 ] },
						"east": { "texture": "#metal2", "uv": [ 0.0, 0.0, 4.0, 16.0 ] },
						"south": { "texture": "#metal2", "uv": [ 0.0, 0.0, 4.0, 16.0 ] },
						"west": { "texture": "#metal2", "uv": [ 0.0, 0.0, 4.0, 16.0 ] },
						"up": { "texture": "#metal2", "uv": [ 0.0, 0.0, 4.0, 4.0 ] },
						"down": { "texture": "#metal2", "uv": [ 0.0, 0.0, 4.0, 4.0 ] }
					}
				},
				{
					"name": "border-front-3",
					"from": [ -1.0, 30.0, -3.0 ],
					"to": [ 3.0, 46.0, 1.0 ],
					"rotationOrigin": [ -1.0, 30.0, -3.0 ],
					"faces": {
						"north": { "texture": "#metal2", "uv": [ 0.0, 0.0, 4.0, 16.0 ] },
						"east": { "texture": "#metal2", "uv": [ 0.0, 0.0, 4.0, 16.0 ] },
						"south": { "texture": "#metal2", "uv": [ 0.0, 0.0, 4.0, 16.0 ] },
						"west": { "texture": "#metal2", "uv": [ 0.0, 0.0, 4.0, 16.0 ] },
						"up": { "texture": "#metal2", "uv": [ 0.0, 0.0, 4.0, 4.0 ] },
						"down": { "texture": "#metal2", "uv": [ 0.0, 0.0, 4.0, 4.0 ] }
					}
				},
				{
					"name": "border-metal-1-1",
					"from": [ 3.0, 10.0, -3.0 ],
					"to": [ 18.0, 15.0, 1.0 ],
					"rotationOrigin": [ 3.0, 10.0, -3.0 ],
					"faces": {
						"north": { "texture": "#metal2", "uv": [ 0.0, 0.0, 15.0, 5.0 ] },
						"east": { "texture": "#metal2", "uv": [ 0.0, 0.0, 4.0, 5.0 ] },
						"south": { "texture": "#metal2", "uv": [ 0.0, 0.0, 15.0, 5.0 ] },
						"west": { "texture": "#metal2", "uv": [ 0.0, 0.0, 4.0, 5.0 ] },
						"up": { "texture": "#metal2", "uv": [ 0.0, 0.0, 15.0, 4.0 ] },
						"down": { "texture": "#metal2", "uv": [ 0.0, 0.0, 15.0, 4.0 ] }
					}
				},
				{
					"name": "border-metal-2-1",
					"from": [ 3.0, 31.0, -3.0 ],
					"to": [ 18.0, 36.0, 1.0 ],
					"rotationOrigin": [ 3.0, 31.0, -3.0 ],
					"faces": {
						"north": { "texture": "#metal2", "uv": [ 0.0, 0.0, 15.0, 5.0 ] },
						"east": { "texture": "#metal2", "uv": [ 0.0, 0.0, 4.0, 5.0 ] },
						"south": { "texture": "#metal2", "uv": [ 0.0, 0.0, 15.0, 5.0 ] },
						"west": { "texture": "#metal2", "uv": [ 0.0, 0.0, 4.0, 5.0 ] },
						"up": { "texture": "#metal2", "uv": [ 0.0, 0.0, 15.0, 4.0 ] },
						"down": { "texture": "#metal2", "uv": [ 0.0, 0.0, 15.0, 4.0 ] }
					}
				},
				{
					"name": "border-metal-1-2",
					"from": [ 18.0, 11.0, -3.0 ],
					"to": [ 31.0, 14.0, 1.0 ],
					"rotationOrigin": [ 18.0, 11.0, -3.0 ],
					"faces": {
						"north": { "texture": "#metal2", "uv": [ 0.0, 0.0, 13.0, 3.0 ] },
						"east": { "texture": "#metal2", "uv": [ 0.0, 0.0, 4.0, 3.0 ] },
						"south": { "texture": "#metal2", "uv": [ 0.0, 0.0, 13.0, 3.0 ] },
						"west": { "texture": "#metal2", "uv": [ 0.0, 0.0, 4.0, 3.0 ] },
						"up": { "texture": "#metal2", "uv": [ 0.0, 0.0, 13.0, 4.0 ] },
						"down": { "texture": "#metal2", "uv": [ 0.0, 0.0, 13.0, 4.0 ] }
					}
				},
				{
					"name": "border-metal-2-2",
					"from": [ 18.0, 32.0, -3.0 ],
					"to": [ 31.0, 35.0, 1.0 ],
					"rotationOrigin": [ 18.0, 32.0, -3.0 ],
					"faces": {
						"north": { "texture": "#metal2", "uv": [ 0.0, 0.0, 13.0, 3.0 ] },
						"east": { "texture": "#metal2", "uv": [ 0.0, 0.0, 4.0, 3.0 ] },
						"south": { "texture": "#metal2", "uv": [ 0.0, 0.0, 13.0, 3.0 ] },
						"west": { "texture": "#metal2", "uv": [ 0.0, 0.0, 4.0, 3.0 ] },
						"up": { "texture": "#metal2", "uv": [ 0.0, 0.0, 13.0, 4.0 ] },
						"down": { "texture": "#metal2", "uv": [ 0.0, 0.0, 13.0, 4.0 ] }
					}
				},
				{
					"name": "door-left-r3-p1",
					"from": [ 30.0, -2.0, -2.0 ],
					"to": [ 46.0, 14.0, 0.0 ],
					"rotationOrigin": [ 30.0, -2.0, -2.0 ],
					"faces": {
						"north": { "texture": "#oak90rotated", "uv": [ 0.0, 0.0, 16.0, 16.0 ] },
						"east": { "texture": "#oak90rotated", "uv": [ 0.0, 0.0, 2.0, 16.0 ] },
						"south": { "texture": "#oak90rotated", "uv": [ 0.0, 0.0, 16.0, 16.0 ] },
						"west": { "texture": "#oak90rotated", "uv": [ 0.0, 0.0, 2.0, 16.0 ] },
						"up": { "texture": "#oak90rotated", "uv": [ 0.0, 0.0, 16.0, 2.0 ] },
						"down": { "texture": "#oak90rotated", "uv": [ 0.0, 0.0, 16.0, 2.0 ] }
					}
				},
				{
					"name": "door-left-r3-p2",
					"from": [ 30.0, 14.0, -2.0 ],
					"to": [ 46.0, 30.0, 0.0 ],
					"rotationOrigin": [ 30.0, 14.0, -2.0 ],
					"faces": {
						"north": { "texture": "#oak90rotated", "uv": [ 0.0, 0.0, 16.0, 16.0 ] },
						"east": { "texture": "#oak90rotated", "uv": [ 0.0, 0.0, 2.0, 16.0 ] },
						"south": { "texture": "#oak90rotated", "uv": [ 0.0, 0.0, 16.0, 16.0 ] },
						"west": { "texture": "#oak90rotated", "uv": [ 0.0, 0.0, 2.0, 16.0 ] },
						"up": { "texture": "#oak90rotated", "uv": [ 0.0, 0.0, 16.0, 2.0 ] },
						"down": { "texture": "#oak90rotated", "uv": [ 0.0, 0.0, 16.0, 2.0 ] }
					}
				},
				{
					"name": "door-left-r3-p3",
					"from": [ 30.0, 30.0, -2.0 ],
					"to": [ 46.0, 46.0, 0.0 ],
					"rotationOrigin": [ 30.0, 30.0, -2.0 ],
					"faces": {
						"north": { "texture": "#oak90rotated", "uv": [ 0.0, 0.0, 16.0, 16.0 ] },
						"east": { "texture": "#oak90rotated", "uv": [ 0.0, 0.0, 2.0, 16.0 ] },
						"south": { "texture": "#oak90rotated", "uv": [ 0.0, 0.0, 16.0, 16.0 ] },
						"west": { "texture": "#oak90rotated", "uv": [ 0.0, 0.0, 2.0, 16.0 ] },
						"up": { "texture": "#oak90rotated", "uv": [ 0.0, 0.0, 16.0, 2.0 ] },
						"down": { "texture": "#oak90rotated", "uv": [ 0.0, 0.0, 16.0, 2.0 ] }
					}
				},
				{
					"name": "border-metal-2-3",
					"from": [ 31.0, 33.0, -3.0 ],
					"to": [ 42.0, 34.0, 1.0 ],
					"rotationOrigin": [ 31.0, 33.0, -3.0 ],
					"faces": {
						"north": { "texture": "#metal2", "uv": [ 0.0, 0.0, 11.0, 1.0 ] },
						"east": { "texture": "#metal2", "uv": [ 0.0, 0.0, 4.0, 1.0 ] },
						"south": { "texture": "#metal2", "uv": [ 0.0, 0.0, 11.0, 1.0 ] },
						"west": { "texture": "#metal2", "uv": [ 0.0, 0.0, 4.0, 1.0 ] },
						"up": { "texture": "#metal2", "uv": [ 0.0, 0.0, 11.0, 4.0 ] },
						"down": { "texture": "#metal2", "uv": [ 0.0, 0.0, 11.0, 4.0 ] }
					}
				},
				{
					"name": "border-metal-1-3",
					"from": [ 31.0, 12.0, -3.0 ],
					"to": [ 42.0, 13.0, 1.0 ],
					"rotationOrigin": [ 31.0, 12.0, -3.0 ],
					"faces": {
						"north": { "texture": "#metal2", "uv": [ 0.0, 0.0, 11.0, 1.0 ] },
						"east": { "texture": "#metal2", "uv": [ 0.0, 0.0, 4.0, 1.0 ] },
						"south": { "texture": "#metal2", "uv": [ 0.0, 0.0, 11.0, 1.0 ] },
						"west": { "texture": "#metal2", "uv": [ 0.0, 0.0, 4.0, 1.0 ] },
						"up": { "texture": "#metal2", "uv": [ 0.0, 0.0, 11.0, 4.0 ] },
						"down": { "texture": "#metal2", "uv": [ 0.0, 0.0, 11.0, 4.0 ] }
					}
				}
			]
		},
		{
			"name": "schanier-left-2",
			"from": [ -1.0, 12.0, 9.0 ],
			"to": [ 2.0, 15.0, 10.0 ],
			"rotationOrigin": [ -1.0, 12.0, 9.0 ],
			"faces": {
				"north": { "texture": "#metal2", "uv": [ 0.0, 0.0, 3.0, 3.0 ] },
				"east": { "texture": "#metal2", "uv": [ 0.0, 0.0, 1.0, 3.0 ] },
				"south": { "texture": "#metal2", "uv": [ 0.0, 0.0, 3.0, 3.0 ] },
				"west": { "texture": "#metal2", "uv": [ 0.0, 0.0, 1.0, 3.0 ] },
				"up": { "texture": "#metal2", "uv": [ 0.0, 0.0, 3.0, 1.0 ] },
				"down": { "texture": "#metal2", "uv": [ 0.0, 0.0, 3.0, 1.0 ] }
			}
		}
	],
	"animations": [
		{
			"name": "opened",
			"code": "opened",
			"quantityframes": 2,
			"onActivityStopped": "Rewind",
			"onAnimationEnd": "Hold",
			"keyframes": [
				{
					"frame": 0,
					"elements": {
						"door-left": { "rotationX": 0.0, "rotationY": 87.0, "rotationZ": 0.0 }
					}
				}
			]
		}
	]
}