{
	"ingredient": { "type": "item", "code": "game:clay-*", "name": "color", "allowedVariants": [ "lavender", "paleblue", "palegreen", "palered", "sunflower", "white" ] },
	"pattern": [[
		"___________",
		"_#_____#___",
		"___________",
		"___________",
		"___________",
		"_#_____#___",
		"___________"
	],
	[
		"###___###__",
		"#_##__#_##_",
		"###___###__",
		"___________",
		"###___###__",
		"#_##__#_##_",
		"###___###__"
	],
	[
		"###___###__",
		"#_#_#_#_#_#",
		"###___###__",
		"___________",
		"###___###__",
		"#_#_#_#_#_#",
		"###___###__"
	],
	[
		"###___###__",
		"#_##__#_##_",
		"###___###__",
		"___________",
		"###___###__",
		"#_##__#_##_",
		"###___###__"
	]],
	"name": "recipe-clayforming-colored-cup",
	"output": { "type": "block", "code": "bricklayers:coloredcup-raw-{color}-plain-plain", "stacksize": 4 }
}
