{
	"ingredient": { "type": "item", "code": "game:clay-*", "name": "color", "allowedVariants": [ "lavender", "paleblue", "palegreen", "palered", "sunflower", "white" ] },
	"pattern": [[
		"_____",
		"_____",
		"_____",
		"_###_",
		"_###_",
		"_###_",
		"_____",
		"_____",
		"_____"
	],
	[
		"_____",
		"__#__",
		"#####",
		"#___#",
		"#___#",
		"#___#",
		"#####",
		"__#__",
		"_____"
	],
	[
		"__#__",
		"_____",
		"#####",
		"#___#",
		"#___#",
		"#___#",
		"#####",
		"_____",
		"__#__"
	],
	[
		"_____",
		"__#__",
		"#####",
		"#####",
		"#####",
		"#####",
		"#####",
		"__#__",
		"_____"
	],
	[
		"_____",
		"_____",
		"_____",
		"_____",
		"__#__",
		"_____",
		"_____",
		"_____",
		"_____"
	]],
	"name": "recipe-clayforming-colored-sugarbowl",
	"output": { "type": "block", "code": "bricklayers:coloredsugarbowl-raw-{color}-plain-plain" }
}
