{
	"ingredient": { "type": "item", "code": "game:clay-*", "name": "color", "allowedVariants": [ "black", "blue", "blurple", "brown", "darkgrey", "fire", "green", "light", "malachite", "orange", "pink", "purple", "red", "yellow", "lavender", "paleblue", "palegreen", "palered", "sunflower", "white" ] },
	"pattern": [[
		"_______",
		"_#####_",
		"_#####_",
		"_#####_",
		"_#####_",
		"_#####_",
		"_______"
	],
	[
		"_______",
		"_#####_",
		"_#___#_",
		"_#___#_",
		"_##_##_",
		"__#_#__",
		"_______"
	],
	[
		"_______",
		"_______",
		"__###__",
		"__#_#__",
		"__###__",
		"_______",
		"_______"
	]],
	"name": "recipe-clayforming-colored-vatspoutedlidcolored",
	"output": { "type": "block", "code": "bricklayers:vatlidcolored-raw-spouted-{color}", "stacksize": 1 }
}
