{
	"ingredient": { "type": "item", "code": "game:clay-*", "name": "color", "allowedVariants": [ "black", "blurple", "brown", "darkgrey", "fire", "green", "light", "malachite", "orange", "pink", "purple", "red", "yellow", "lavender", "paleblue", "palegreen", "palered", "sunflower", "white" ] },
	"pattern": [[
		"_____________",
		"____#####____",
		"____#####____",
		"____#####____",
		"____#####____",
		"____#####____",
		"_____________"
	],
	[
		"___#######___",
		"___#_____#___",
		"___#_____#___",
		"___#_____#___",
		"___#_____#___",
		"___#_____#___",
		"___#######___"
	],
	[
		"___#######___",
		"___#_____#___",
		"___#_____#___",
		"___#_____#___",
		"___#_____#___",
		"___#_____#___",
		"___#######___"
	],
	[
		"___#######___",
		"___#_____#___",
		"___#_____#___",
		"___#_____#___",
		"___#_____#___",
		"___#_____#___",
		"___#######___"
	],
	[
		"___#######___",
		"___#_____#___",
		"___#_____#___",
		"___#_____#___",
		"___#_____#___",
		"___#_____#___",
		"___#######___"
	],
	[
		"___#######___",
		"___#_____#___",
		"___#_____###_",
		"___#_____###_",
		"___#_____###_",
		"___#_____#___",
		"___#######___"
	],
	[
		"___#######___",
		"___#_____#___",
		"___#_____#_##",
		"___#_____#_##",
		"___#_____#_##",
		"___#_____#___",
		"___#######___"
	],
	[
		"___#######___",
		"___#_____#___",
		"####_____#_##",
		"####_____#_##",
		"####_____#_##",
		"___#_____#___",
		"___#######___"
	],
	[
		"_____________",
		"____#####____",
		"####_____#_##",
		"####_____#_##",
		"####_____#_##",
		"____#####____",
		"_____________"
	],
	[
		"_____________",
		"____#####____",
		"____#___####_",
		"____#___####_",
		"____#___####_",
		"____#####____",
		"_____________"
	],
		[
		"_____________",
		"____#####____",
		"____#####____",
		"____#####____",
		"____#####____",
		"____#####____",
		"_____________"
	]],
	"name": "Colored Wateringcan",
	"output": { "type": "block", "code": "bricklayers:wateringcancolored-raw-{color}"  }
}
