{"GameVersion": "1.18.0", "SizeX": 6, "SizeY": 8, "SizeZ": 7, "BlockCodes": {"5107": "game:gravel-claystone", "9493": "game:agedstonebricks-claystone", "3920": "game:crackedrock-claystone", "3584": "game:stonebricks-claystone", "9471": "game:polishedrockold-full-claystone", "3305": "game:rockpolished-claystone", "2852": "game:cobblestoneslab-claystone-down-free", "2966": "game:cobblestone-claystone", "5122": "game:looseboulders-claystone-free", "9472": "game:polishedrockold-cobbled-claystone", "631": "game:lootvessel-seed", "5535": "game:loosestones-claystone-free", "3042": "game:cobblestonestairs-claystone-down-east-free", "3023": "game:cobblestonestairs-claystone-up-east-free", "6179": "game:rock-claystone", "2833": "game:cobblestoneslab-claystone-up-free", "8610": "game:groundstorage", "2776": "game:cobblestoneslab-claystone-east-free", "3612": "game:stonebrickslab-claystone-east-free", "3668": "game:stonebrickslab-claystone-down-free", "2621": "game:bonysoil", "8606": "game:clutter", "633": "game:lootvessel-forage", "3752": "game:stonebrickstairs-claystone-up-north-free", "3822": "game:stonebrickstairs-claystone-down-south-free", "3099": "game:cobblestonestairs-claystone-up-west-free", "9463": "game:oxidation-rust-3tall-bot", "9462": "game:oxidation-rust-3tall-mid", "9461": "game:oxidation-rust-3tall-top", "9460": "game:oxidation-rust-dripping", "9459": "game:oxidation-rust-normal"}, "ItemCodes": {"1498": "game:stonebrick-claystone"}, "Indices": [2048, 3072, 4096, 5120, 1025, 2049, 3073, 4097, 5121, 6145, 1050625, 1051649, 1052673, 1053697, 2099201, 2100225, 2101249, 3147777, 3149825, 4196353, 5244929, 6293505, 1026, 2050, 3074, 4098, 5122, 6146, 1050626, 1051650, 1052674, 1053698, 2099202, 2101250, 2102274, 3146754, 3147778, 3149826, 4195330, 4196354, 4198402, 5244930, 5246978, 6293506, 6295554, 7342082, 7344130, 1027, 2051, 3075, 4099, 5123, 6147, 1048579, 1050627, 1051651, 1052675, 1053699, 1054723, 2097155, 2098179, 2099203, 2100227, 2101251, 2102275, 3145731, 3146755, 3147779, 3149827, 4194307, 4195331, 4196355, 4198403, 5242883, 5243907, 5244931, 5245955, 5246979, 5248003, 6293507, 6295555, 2052, 3076, 4100, 5124, 1051652, 1052676, 3077, 4101], "BlockIds": [5107, 5107, 9493, 5107, 5107, 9493, 3920, 3584, 9471, 5107, 3305, 5107, 3920, 2852, 2966, 5122, 9472, 631, 5535, 3042, 3305, 3023, 5107, 3920, 3584, 3584, 9472, 5107, 6179, 2852, 9472, 6179, 3584, 6179, 5122, 2833, 6179, 6179, 8610, 3305, 3023, 8610, 2776, 9472, 3612, 3668, 3612, 5107, 9471, 2621, 9493, 3920, 5107, 8606, 3305, 5107, 3584, 6179, 633, 8606, 8606, 6179, 8610, 3305, 3752, 8606, 3822, 2966, 3920, 8606, 5122, 9472, 6179, 8606, 8606, 6179, 8606, 3305, 8606, 3099, 3099, 5107, 2621, 9493, 5107, 5107, 3305, 5107, 5107], "DecorIndices": [2101250, 3149826, 1050627, 1050627, 2099203, 2099203, 2099203, 2101251, 2101251, 3147779, 3147779, 3149827, 3149827, 3149827, 4196355, 4196355, 4196355, 4198403, 4198403, 4198403, 5244931, 5244931, 5244931, 5244931, 5246979, 5246979, 5246979], "DecorIds": [33563895, 33563894, 9462, 16786679, 9461, 16786678, 33563895, 9463, 16786676, 16786677, 33563894, 9462, 16786679, 33563894, 9459, 16786678, 33563895, 9463, 16786678, 33563893, 9459, 16786677, 33563891, 50341111, 9459, 16786677, 33563891], "BlockEntities": {"4195330": "!<d@[F*OqQ#64c-E,TfC#64`(!<d@[F*\\VC#64o6@VfsmCI<#NAIW9mDfor.F*)>@@:s-U$#+:#ASuU.Ed7ZiEH>r7FE7Qb!!!3,F)5c:EsD_\"!!*'\"!87SV!!E9%!!WgQASlBtEaa'4Eb,=fFCf<.ATD4$F`M%e@<6NjE+EC!AKX;/@luQI5QhI:ASlBtEaa'4Eb,4Nz!!!<;AoD^\"AQ*\\hEa`Tl:i^JnErZ=LD.Rd%6#L=OA_Ra;562+\"FECr$BLZE?AH2]1!!!", "5244930": "!<d@[F*OqQ#64c-E,TfC#QOi)!<d@[F*\\YD#64o6@VfsmCI<#NAIW9mDfor.F*)>@@:s-U$#+:#ASuU.Ed7ZiEH>r7FE7Qb!!!3,F)5c:EsD_\"!!*'\"!87SV!!<3$!!WgQASlBtEaa'4Eb,=fFCf<.ATD4$F`M%e@<6NjE+EC!AN-c.$pQPJ5QhI:ASlBtEaa'4Eb,4Nz!!!<;AoD^\"AQ*\\hEa`Tl:i^JnErZ=LD.Rd%6#L=OA_Ra;562+\"FECr$BLZE?AH2]1!!!", "1048579": "!<d@[F*OtR#64c-E,TfC\"98E%!<d@[F*\\SB#64o6@VfsmCI<#NAHu^]F`__:EWlSfH#R=2E+s9&/Tt]GH#e%KFCeu7FtI9BE--@.#BFa)@<?'_z\":8pVF(djWB5D/6&'7$=#BFa)@<?'az#mk*[Ci!ZmFCet_!!", "2097155": "!<d@[F*OtR#64c-E,TfC\"TSN&!<d@[F*\\SB#64o6@VfsmCI<#NAHu^]F`__:EWlSfH#R=.E+s9&/Tt]GH#e%KFCeu7FtHbu#BFa)@<?'_z\":8pVF(djWB5D/6&'7$=#BFa)@<?'az#mk*[Ci!ZmFCet_!!", "2098179": "!<d@[F*OtR#64c-E,TfC\"TSN&!<d@[F*\\VC#64o6@VfsmCI<#NAHu^]F`__:EWlSfH#R=/E+s9&/Tt]GH#e%KFCeu7BIuYS\":&scFCB9&=9&=$!!EUFATMNNDJ*csgCMCj\":&scFCB9&=o\\O&!!rsADes6$@ru9m!!!", "2100227": "!<d@[F*OtR#64c-E,TfC\"TSN&!<d@[F*\\\\E#64o6@VfsmCI<#NAIW9mDfor.F*)>@@:s-U$#+:#ASuU.Ed7ZiEH>r7FE7Qb!!!3,F)5c:EsD_\"!!*'\"!87SV!!E9%!!WgQASlBtEaa'4Eb,=fFCf<.ATD4$F`M%e@<6NjE+EC!A`4#\\WBrD@5QhI:ASlBtEaa'4Eb,4Nz!!!<;AoD^\"AQ*\\hEa`Tl:i^JnErZ=LD.Rd%6#L=OAH2]1!!*F8FECr$BLZE?AH2]1!!!", "3145731": "!<d@[F*OtR#64c-E,TfC\"onW'!<d@[F*\\SB#64o6@VfsmCI<#NAHu^]F`__:EWlSfH#R=2E+s9&/Tt]GH#e%KFCeu7FtI9BE--@.#BFa)@<?'_z\":8pVF(djWB5D/6&'7$=#BFa)@<?'az#mk*[Ci!ZmFCet_!!", "4194307": "!<d@[F*OtR#64c-E,TfC#64`(!<d@[F*\\SB#64o6@VfsmCI<#NAHu^]F`__:EWlSfH#R=2E+s9&/Tt]GH#e%KFCeu7FtI9BE--@.#BFa)@<?'_z\":8pVF(djWB5D/6&'7$=#BFa)@<?'az#mk*[Ci!ZmFCet_!!", "5242883": "!<d@[F*OtR#64c-E,TfC#QOi)!<d@[F*\\SB#64o6@VfsmCI<#NAHu^]F`__:EWlSfH#R=1E+s9&/Tt]GH#e%KFCeu7FtIfSE*!/IEc6&.FCePS!!!!%$#O6pBL-NKCh;?3aZfn5Ec6&.FCeVU!!!!*$\"ImiCh7*uARkc@", "5243907": "!<d@[F*OtR#64c-E,TfC#QOi)!<d@[F*\\VC#64o6@VfsmCI<#NAHu^]F`__:EWlSfH#R=/E+s9&/Tt]GH#e%KFCeu7BIuYS\":&scFCB9&=9&=$!!EUFATMNNDJ*csgCME@\":&scFCB9&=o\\O&!!rsADes6$@ru9m!!!", "5245955": "!<d@[F*OtR#64c-E,TfC#QOi)!<d@[F*\\\\E#64o6@VfsmCI<#NAHu^]F`__:EWlSfH#R=6E+s9&/Tt]GH#e%KFCeu7BIuYS?Xe%oCLqAd#BFa)@<?'_z\":8pVF(djWB5D/6&';Qh#BFa)@<?'az#mk*[Ci!ZmFCet_!!", "5248003": "!<d@[F*OtR#64c-E,TfC#QOi)!<d@[F*\\bG#64o6@VfsmCI<#NAHu^]F`__:EWlSfH#R=4E+s9&/Tt]GH#e%KFCeu7BJ!\\6Deip%1'@i&DffE0AQSp4!!!-.D.Rd%6#L=OA_Ra;^B=d^DffE0AQf'6!!!<3@rH1\"ARfgnA,lT"}, "Entities": [], "ReplaceMode": 2, "EntranceRotation": -1}