{"GameVersion": "1.18.0-pre.3", "SizeX": 5, "SizeY": 3, "SizeZ": 6, "BlockCodes": {"5107": "game:gravel-slate", "6179": "game:rock-slate", "2852": "game:cobblestoneslab-slate-down-free", "3305": "game:rockpolished-slate", "3584": "game:stonebricks-slate", "9493": "game:agedstonebricks-slate", "9471": "game:polishedrockold-full-slate", "3061": "game:cobblestonestairs-slate-up-south-free", "2621": "game:bonysoil", "9472": "game:polishedrockold-cobbled-slate", "3808": "game:stonebrickstairs-slate-up-south-free", "3920": "game:crackedrock-slate", "2985": "game:cobblestonestairs-slate-up-north-free", "633": "game:lootvessel-forage"}, "ItemCodes": {}, "Indices": [2048, 3072, 4096, 1051648, 1025, 2049, 3073, 4097, 5121, 1049601, 1050625, 1051649, 1052673, 2100225, 2, 1026, 2050, 3074, 4098, 5122, 1050626, 1051650, 1052674, 1053698, 2100226, 2101250, 3, 1027, 2051, 3075, 4099, 5123, 1051651, 2052, 3076, 4100], "BlockIds": [5107, 6179, 5107, 2852, 3305, 3584, 9493, 9471, 5107, 2852, 3061, 9493, 6179, 9471, 5107, 2621, 6179, 6179, 9472, 5107, 3808, 3920, 3305, 2985, 633, 2852, 9472, 2621, 5107, 5107, 3584, 5107, 5107, 5107, 5107, 5107], "DecorIndices": [], "DecorIds": [], "BlockEntities": {}, "Entities": [], "ReplaceMode": 2}