{"GameVersion": "1.18.0-pre.3", "SizeX": 8, "SizeY": 8, "SizeZ": 6, "BlockCodes": {"5107": "game:gravel-claystone", "9472": "game:polishedrockold-cobbled-claystone", "3305": "game:rockpolished-claystone", "6179": "game:rock-claystone", "2966": "game:cobblestone-claystone", "3920": "game:crackedrock-claystone", "2852": "game:cobblestoneslab-claystone-down-free", "9471": "game:polishedrockold-full-claystone", "3004": "game:cobblestonestairs-claystone-down-north-free", "3584": "game:stonebricks-claystone", "2985": "game:cobblestonestairs-claystone-up-north-free", "3668": "game:stonebrickslab-claystone-down-free", "2621": "game:bonysoil", "8109": "game:chest-east", "8610": "game:groundstorage", "9493": "game:agedstonebricks-claystone", "3780": "game:stonebrickstairs-claystone-up-east-free", "2776": "game:cobblestoneslab-claystone-east-free", "3099": "game:cobblestonestairs-claystone-up-west-free", "3023": "game:cobblestonestairs-claystone-up-east-free", "3836": "game:stonebrickstairs-claystone-up-west-free", "3118": "game:cobblestonestairs-claystone-down-west-free", "632": "game:lootvessel-food", "3850": "game:stonebrickstairs-claystone-down-west-free"}, "ItemCodes": {"272": "game:stackrandomizer-seed", "3638": "game:stackrandomizer-buildingblocks", "269": "game:stackrandomizer-ore", "3080": "game:stackrandomizer-ruinedweapon", "279": "game:stackrandomizer-gear", "1498": "game:stonebrick-claystone"}, "Indices": [1024, 2048, 3072, 4096, 1, 1025, 2049, 3073, 4097, 5121, 1049601, 1050625, 1051649, 1052673, 2098177, 3146753, 3147777, 4195329, 4196353, 5243905, 5244929, 6292481, 2, 1026, 2050, 3074, 4098, 5122, 1049602, 1050626, 1051650, 1052674, 2098178, 2101250, 3146754, 3149826, 4198402, 3, 1027, 2051, 3075, 4099, 5123, 1049603, 1050627, 1051651, 1052675, 2098179, 2101251, 3146755, 3149827, 4195331, 4, 1028, 2052, 3076, 4100, 5124, 1049604, 1050628, 1051652, 1052676, 2098180, 2099204, 2101252, 3146756, 3147780, 4195332, 5243908, 6292484, 5, 1029, 2053, 3077, 4101, 5125, 1049605, 1050629, 1051653, 1052677, 3146757, 4195333, 5243909, 6292485, 7341061, 1030, 2054, 3078, 4102, 5243910, 6292486, 7341062, 1031, 2055], "BlockIds": [5107, 5107, 5107, 9472, 5107, 3305, 6179, 2966, 9472, 3920, 6179, 5107, 6179, 2852, 3920, 9471, 3004, 3584, 3305, 6179, 2985, 3668, 5107, 9471, 2621, 3584, 3305, 5107, 3584, 8109, 5107, 6179, 9472, 2966, 8610, 3305, 3668, 6179, 3920, 3920, 9471, 9472, 9493, 6179, 9493, 2852, 9471, 3305, 3305, 3780, 8610, 2776, 5107, 9493, 3584, 9493, 3584, 5107, 3305, 6179, 9493, 2966, 9493, 9471, 3099, 6179, 8610, 3305, 9472, 3023, 5107, 3584, 3305, 5107, 9493, 2966, 9471, 5107, 5107, 3836, 3118, 9493, 3305, 9493, 632, 3920, 5107, 5107, 5107, 3850, 9472, 8610, 9493, 5107], "DecorIndices": [], "DecorIds": [], "BlockEntities": {"1050626": "!<d@[F*OnP#64c-E,TfC\"98E%!<d@[F*\\&3#64o6@VfsmCI<#NAI;p\\ATMrFARTY%\"po!]G%GQ5DfU+(#'\"^#Dfg%+!!!!'\"`nKuFE7Zf0E;+R!!!Q2!!!$\"!!!-0FDl80CdVlEDI[8&bY12##6?OZ!<<*\"2@]]e!<<*\"\":K<iFCAuQBOPdgA]+2>4obfg1B7FU!!!H/!!!$\"!!!-0FDl80CdVlEDI[7qor(%S#6?[^!<<*\"#Rg\\5!<<*\"\":K<iFCAuQBOPdgA]+2>4obfg2?3aX!!!f9!!!$\"!!!-0FDl80CdVlEDI[7qor(%S!!!02AoD]VCi<g!6Z6LH$=da\\F*'!F@<6Mo\"E\\p.AI;pcCi!O!F(Jl<\":8pVF(djWB5D/6&'7!8", "3146754": "!<d@[F*OnP#64c-E,TfC\"onW'!<d@[F*\\#2#64o6@VfsmCI<#NAIW9mDfor.F*)>@@:s-U$#+:#ASuU.Ed7ZiEH>r7FE7Qb!!!3,F)5c:EsD_\"!!*'\"!87SV!!<3$!!WgQASlBtEaa'4Eb,=fFCf<.ATD4$F`M%e@<6NjE+EC!AUMcf2HVc85QhI:ASlBtEaa'4Eb,4Nz!!!<;AoD^\"AQ*\\hEa`Tl:i^JnErZ=LD.Rd%6#L=OAH2]1!!*F8FECr$BLZE?AH2]1!!!", "3149827": "!<d@[F*OqQ#64c-E,TfC\"onW'!<d@[F*\\,5#64o6@VfsmCI<#NAIW9mDfor.F*)>@@:s-U$#+:#ASuU.Ed7ZiEH>r7FE7Qb!!!3,F)5c:EsD_\"!!*'\"!87SV!!N?&!!WgQASlBtEaa'4Eb,=fFCf<.ATD4$F`M%e@<6NjE+EC!AI<1<O&\\!95QhI:ASlBtEaa'4Eb,4Nz!!!<;AoD^\"AQ*\\hEa`Tl:i^JnErZ=LD.Rd%6#L=OAH2]1!!*F8FECr$BLZE?AH2]1!!!", "3147780": "!<d@[F*OtR#64c-E,TfC\"onW'!<d@[F*\\&3#64o6@VfsmCI<#NAIW9mDfor.F*)>@@:s-U$#+:#ASuU.Ed7ZiEH>r7FE7Qb!!!3,F)5c:EsD_\"!!*'\"!87SV!!N?&!!WgQASlBtEaa'4Eb,=fFCf<.ATD4$F`M%e@<6NjE+EC!AMXf%LKQF55QhI:ASlBtEaa'4Eb,4Nz!!!<;AoD^\"AQ*\\hEa`Tl:i^JnErZ=LD.Rd%6#L=OA_Ra;^B\"[MFECr$BLZE?AH2]1!!!", "7341062": "!<d@[F*P%T#64c-E,TfC$31&+!<d@[F*\\#2#64o6@VfsmCI<#NAIW9mDfor.F*)>@@:s-U$#+:#ASuU.Ed7ZiEH>r7FE7Qb!!!3,F)5c:EsD_\"!!*'\"!87SV!!WE'!!WgQASlBtEaa'4Eb,=fFCf<.ATD4$F`M%e@<6NjE+EC!A]c_7+CI\"*5QhI:ASlBtEaa'4Eb,4Nz!!!<;AoD^\"AQ*\\hEa`Tl:i^JnErZ=LD.Rd%6#L=OAH2]1!!*F8FECr$BLZE?AH2]1!!!"}, "Entities": [], "ReplaceMode": 2}