{"GameVersion": "1.18.0-pre.3", "SizeX": 5, "SizeY": 6, "SizeZ": 6, "BlockCodes": {"5107": "game:gravel-peridotite", "6179": "game:rock-peridotite", "2852": "game:cobblestoneslab-peridotite-down-free", "3305": "game:rockpolished-peridotite", "3584": "game:stonebricks-peridotite", "9493": "game:agedstonebricks-peridotite", "3061": "game:cobblestonestairs-peridotite-up-south-free", "9472": "game:polishedrockold-cobbled-peridotite", "9471": "game:polishedrockold-full-peridotite", "2966": "game:cobblestone-peridotite", "3920": "game:crackedrock-peridotite", "3752": "game:stonebrickstairs-peridotite-up-north-free", "2621": "game:bonysoil", "3808": "game:stonebrickstairs-peridotite-up-south-free", "634": "game:lootvessel-ore"}, "ItemCodes": {}, "Indices": [2048, 3072, 4096, 1051648, 1025, 2049, 3073, 4097, 5121, 1049601, 1050625, 1051649, 1052673, 2100225, 2101249, 3148801, 3149825, 4197377, 4198401, 5246977, 2, 1026, 2050, 3074, 4098, 5122, 1050626, 1051650, 1052674, 2101250, 3, 1027, 2051, 3075, 4099, 5123, 1051651, 1052675, 2052, 3076, 4100], "BlockIds": [5107, 6179, 5107, 2852, 3305, 3584, 9493, 3584, 5107, 2852, 3061, 9472, 6179, 9472, 9471, 2966, 3920, 3061, 3305, 3752, 5107, 2621, 6179, 6179, 3920, 5107, 3808, 2966, 3305, 2852, 9471, 2621, 5107, 5107, 9493, 5107, 5107, 634, 5107, 5107, 5107], "DecorIndices": [], "DecorIds": [], "BlockEntities": {}, "Entities": [], "ReplaceMode": 2}