{"GameVersion": "1.18.0-pre.3", "SizeX": 11, "SizeY": 6, "SizeZ": 9, "BlockCodes": {"5107": "game:gravel-slate", "3920": "game:crackedrock-slate", "9471": "game:polishedrockold-full-slate", "6179": "game:rock-slate", "3584": "game:stonebricks-slate", "2966": "game:cobblestone-slate", "9493": "game:agedstonebricks-slate", "3305": "game:rockpolished-slate", "9472": "game:polishedrockold-cobbled-slate", "8610": "game:groundstorage", "5535": "game:loosestones-slate-free", "3099": "game:cobblestonestairs-slate-up-west-free", "5122": "game:looseboulders-slate-free", "3023": "game:cobblestonestairs-slate-up-east-free", "633": "game:lootvessel-forage", "778": "game:storagevessel-loam", "1422": "game:loosegears-1", "2852": "game:cobblestoneslab-slate-down-free", "3836": "game:stonebrickstairs-slate-up-west-free", "2621": "game:bonysoil", "3118": "game:cobblestonestairs-slate-down-west-free", "631": "game:lootvessel-seed", "3808": "game:stonebrickstairs-slate-up-south-free"}, "ItemCodes": {"1498": "game:stonebrick-slate", "275": "game:stackrandomizer-resource", "3638": "game:stackrandomizer-buildingblocks", "258": "game:stackrandomizer-cloth-lowstatus", "3639": "game:stackrandomizer-clayproducts"}, "Indices": [1024, 2048, 5120, 6144, 7168, 1025, 2049, 3073, 4097, 5121, 6145, 7169, 1049601, 1050625, 1051649, 1053697, 1054721, 1055745, 2098177, 2099201, 2100225, 2102273, 2104321, 3146753, 3150849, 3152897, 2, 1026, 2050, 3074, 4098, 5122, 6146, 7170, 8194, 1049602, 1050626, 1055746, 2098178, 2104322, 3152898, 4201474, 3, 1027, 2051, 3075, 4099, 5123, 6147, 7171, 8195, 1049603, 1054723, 1055747, 1056771, 2098179, 2104323, 3146755, 3152899, 4201475, 1028, 2052, 4100, 5124, 6148, 7172, 8196, 1049604, 1050628, 1054724, 1055748, 2098180, 2104324, 3146756, 3152900, 4201476, 5, 1029, 2053, 3077, 4101, 5125, 6149, 7173, 8197, 1049605, 1055749, 2098181, 2104325, 3146757, 3152901, 4195333, 6, 1030, 2054, 5126, 7174, 8198, 1055750, 2104326, 3146758, 4195334, 1031, 2055, 3079, 4103, 5127, 6151, 7175, 1049607, 1055751, 2098183, 2104327, 3146759, 3152903, 1032, 2056, 3080, 4104, 5128, 6152, 7176, 1049608, 1050632, 1052680, 1053704, 1054728, 1055752, 2098184, 2099208, 2101256, 2102280, 2103304, 2104328, 3146760, 3147784, 3149832, 3151880, 3152904, 4198408, 4201480, 5250056, 2057, 4105, 5129, 6153, 1052681, 4106], "BlockIds": [5107, 5107, 5107, 5107, 5107, 3920, 3920, 9471, 6179, 3584, 9471, 2966, 9493, 6179, 3305, 3920, 9472, 6179, 3305, 8610, 5535, 3305, 3305, 3099, 5122, 3023, 5107, 9472, 5107, 9472, 3584, 5107, 633, 9472, 9472, 6179, 778, 3584, 5122, 9471, 2966, 8610, 5107, 9471, 3305, 5107, 3920, 5107, 3305, 9472, 9493, 6179, 1422, 3305, 2852, 9471, 5122, 5535, 3305, 3023, 9471, 9472, 9471, 5107, 3584, 9471, 5107, 9472, 2852, 2852, 3920, 9493, 3920, 2852, 6179, 3836, 5107, 9471, 2621, 2621, 3305, 9493, 9471, 9471, 5107, 3099, 3920, 3118, 9471, 9472, 8610, 5535, 5107, 3920, 2621, 9471, 2966, 5107, 9472, 5122, 3305, 8610, 9493, 9472, 631, 5107, 5107, 5107, 9493, 6179, 6179, 9472, 3305, 3099, 3023, 2966, 6179, 3920, 3584, 2966, 9493, 3305, 3305, 9472, 9472, 6179, 3305, 3920, 9493, 3305, 9493, 5122, 2966, 9472, 2852, 5122, 3305, 3808, 9493, 3099, 6179, 2852, 5107, 5107, 5107, 5107, 5107, 5107], "DecorIndices": [], "DecorIds": [], "BlockEntities": {"2099201": "!<d@[F*OeM#64c-E,TfC\"TSN&!<d@[F*c<U#64o6@VfsmCI<#NAIW9mDfor.F*)>@@:s-U$#+:#ASuU.Ed7ZiEH>r7FE7Qb!!!3,F)5c:EsD_\"!!*'\"!87SV!!WE'!!WgQASlBtEaa'4Eb,=fFCf<.ATD4$F`M%e@<6NjE+EC!A])r9e,!1H5QhI:ASlBtEaa'4Eb,4Nz!!!<;AoD^\"AQ*\\hEa`Tl:i^JnErZ=LD.Rd%6#L=OA_Ra;^B\"[MFECr$BLZE?AH2]1!!!", "1050626": "!<d@[F*OhN#64c-E,TfC\"98E%!<d@[F*c<U#64o6@VfsmCI<#NAJ0'+DfT9!AThX+F(K/>Ci<a!\"po!]G%GQ5DfU+(#'\"^#Dfg%/!!!!'\"`nKuFE7Zf0E;+R!!!Z5!!!$\"!!!-0FDl80CdVlEDI[8&bY12##6?OZ!<<*\"2@]]e!<<*\"\":K<iFCAuQBOPdgA]+2>4obfg1B7FU!!!'$!!!$\"!!!-0FDl80CdVlEDI[7qor(%S#6?^_!<<*\"'*/(5!<<*\"\":K<iFCAuQBOPdgA^/Fm4obfg2uisZ!!\"qf!!!$\"!!!-0FDl80CdVlEDI[5X!.[65#6HV7!!*'\"!##A5!!*'\"!!E[ODffE(6YKnG@qEp/9KiFV!!NdCDfS0\\De!QMDe*DlF*)>@@:s.pATMp(Cb9IA@;Q/NFEqh:#&\\@\"D..5`$#O6pBL-NKCh3SH!!!!", "4201474": "!<d@[F*OhN#64c-E,TfC#64`(!<d@[F*cKZ#64o6@VfsmCI<#NAIW9mDfor.F*)>@@:s-U$#+:#ASuU.Ed7ZiEH>r7FE7Qb!!!3,F)5c:EsD_\"!!*'\"!87SV!!`K(!!WgQASlBtEaa'4Eb,=fFCf<.ATD4$F`M%e@<6NjE+EC!AU.AFUZP[Y5QhI:ASlBtEaa'4Eb,4Nz!!!<;AoD^\"AQ*\\hEa`Tl:i^JnErZ=LD.Rd%6#L=OA_R_e^]=dNFECr$BLZE?AH2]1!!!", "3152901": "!<d@[F*OqQ#64c-E,TfC\"onW'!<d@[F*cKZ#64o6@VfsmCI<#NAIW9mDfor.F*)>@@:s-U$#+:#ASuU.Ed7ZiEH>r7FE7Qb!!!3,F)5c:EsD_\"!!*'\"!87SV!!N?&!!WgQASlBtEaa'4Eb,=fFCf<.ATD4$F`M%e@<6NjE+EC!AZXE:_#mi?5QhI:ASlBtEaa'4Eb,4Nz!!!<;AoD^\"AQ*\\hEa`Tl:i^JnErZ=LD.Rd%6#L=OAH2]1!!*F8FECr$BLZE?AH2]1!!!", "4195334": "!<d@[F*OtR#64c-E,TfC#64`(!<d@[F*c9T#64o6@VfsmCI<#NAIW9mDfor.F*)>@@:s-U$#+:#ASuU.Ed7ZiEH>r7FE7Qb!!!3,F)5c:EsD_\"!!*'\"!87SV!!N?&!!WgQASlBtEaa'4Eb,=fFCf<.ATD4$F`M%e@<6NjE+EC!A[k+3Qh+=Z5QhI:ASlBtEaa'4Eb,4Nz!!!<;AoD^\"AQ*\\hEa`Tl:i^JnErZ=LD.Rd%6#L=OAH2]1!!*F8FECr$BLZE?AH2]1!!!"}, "Entities": [], "ReplaceMode": 2}