{"GameVersion": "1.18.0-pre.3", "SizeX": 6, "SizeY": 5, "SizeZ": 6, "BlockCodes": {"5107": "game:gravel-limestone", "3920": "game:crackedrock-limestone", "9471": "game:polishedrockold-full-limestone", "9493": "game:agedstonebricks-limestone", "9472": "game:polishedrockold-cobbled-limestone", "3305": "game:rockpolished-limestone", "2852": "game:cobblestoneslab-limestone-down-free", "3023": "game:cobblestonestairs-limestone-up-east-free", "6179": "game:rock-limestone", "631": "game:lootvessel-seed", "3584": "game:stonebricks-limestone", "2833": "game:cobblestoneslab-limestone-up-free", "5122": "game:looseboulders-limestone-free", "5535": "game:loosestones-limestone-free", "2621": "game:bonysoil", "2985": "game:cobblestonestairs-limestone-up-north-free", "3752": "game:stonebrickstairs-limestone-up-north-free", "3822": "game:stonebrickstairs-limestone-down-south-free", "3836": "game:stonebrickstairs-limestone-up-west-free", "8610": "game:groundstorage"}, "ItemCodes": {"1498": "game:stonebrick-limestone"}, "Indices": [1024, 2048, 3072, 4096, 1, 1025, 2049, 3073, 4097, 5121, 1049601, 1050625, 1051649, 1052673, 2098177, 2100225, 3148801, 2, 1026, 2050, 3074, 4098, 5122, 1049602, 1050626, 1051650, 1052674, 2098178, 2100226, 3145730, 3146754, 3148802, 4194306, 4195330, 4197378, 3, 1027, 2051, 3075, 4099, 5123, 1049603, 1050627, 1051651, 1052675, 2098179, 2099203, 2100227, 2101251, 3145731, 3146755, 3148803, 4195331, 1028, 2052, 3076, 4100, 1050628, 1051652, 2100228, 2053, 3077], "BlockIds": [5107, 5107, 3920, 5107, 5107, 9471, 9471, 9493, 9472, 5107, 3305, 5107, 9471, 2852, 9472, 3920, 3023, 5107, 9471, 9471, 9471, 9471, 5107, 6179, 631, 3584, 6179, 3584, 6179, 2833, 6179, 6179, 5122, 5535, 5535, 5107, 9471, 2621, 3584, 9472, 5107, 3305, 5107, 9493, 6179, 6179, 2985, 3305, 3752, 3822, 3584, 3836, 8610, 5107, 2621, 9493, 5107, 5107, 3305, 8610, 5107, 5107], "DecorIndices": [], "DecorIds": [], "BlockEntities": {"4195331": "!<d@[F*P(U#64c-E,TfC#64`(!<d@[F*b:7#64o6@VfsmCI<#NAIW9mDfor.F*)>@@:s-U$#+:#ASuU.Ed7ZiEH>r7FE7Qb!!!3,F)5c:EsD_\"!!*'\"!87SV!!E9%!!WgQASlBtEaa'4Eb,=fFCf<.ATD4$F`M%e@<6NjE+EC!AXlnYnu#cn5QhI:ASlBtEaa'4Eb,4Nz!!!<;AoD^\"AQ*\\hEa`Tl:i^JnErZ=LD.Rd%6#L=OA_R_e^]=dNFECr$BLZE?AH2]1!!!", "2100228": "!<d@[F*P+V#64c-E,TfC\"TSN&!<d@[F*b@9#64o6@VfsmCI<#NAIW9mDfor.F*)>@@:s-U$#+:#ASuU.Ed7ZiEH>r7FE7Qb!!!3,F)5c:EsD_\"!!*'\"!87SV!!<3$!!WgQASlBtEaa'4Eb,=fFCf<.ATD4$F`M%e@<6NjE+EC!A^YN8RB0\\o5QhI:ASlBtEaa'4Eb,4Nz!!!<;AoD^\"AQ*\\hEa`Tl:i^JnErZ=LD.Rd%6#L=OAH2]1!!*F8FECr$BLZE?AH2]1!!!"}, "Entities": [], "ReplaceMode": 2}