{"GameVersion": "1.18.0-pre.3", "SizeX": 8, "SizeY": 6, "SizeZ": 6, "BlockCodes": {"5107": "game:gravel-granite", "9493": "game:agedstonebricks-granite", "3780": "game:stonebrickstairs-granite-up-east-free", "3305": "game:rockpolished-granite", "6179": "game:rock-granite", "9472": "game:polishedrockold-cobbled-granite", "3584": "game:stonebricks-granite", "9471": "game:polishedrockold-full-granite", "3061": "game:cobblestonestairs-granite-up-south-free", "2852": "game:cobblestoneslab-granite-down-free", "2985": "game:cobblestonestairs-granite-up-north-free", "8610": "game:groundstorage", "3920": "game:crackedrock-granite", "2966": "game:cobblestone-granite", "2621": "game:bonysoil", "636": "game:lootvessel-farming", "3752": "game:stonebrickstairs-granite-up-north-free", "3099": "game:cobblestonestairs-granite-up-west-free", "3668": "game:stonebrickslab-granite-down-free", "633": "game:lootvessel-forage", "5535": "game:loosestones-granite-free", "3808": "game:stonebrickstairs-granite-up-south-free", "3836": "game:stonebrickstairs-granite-up-west-free", "2814": "game:cobblestoneslab-granite-west-free", "3118": "game:cobblestonestairs-granite-down-west-free", "5122": "game:looseboulders-granite-free"}, "ItemCodes": {"1498": "game:stonebrick-granite"}, "Indices": [1024, 2048, 3072, 4096, 1049600, 1, 1025, 2049, 3073, 4097, 5121, 1048577, 1049601, 1050625, 1051649, 1052673, 2098177, 2099201, 2100225, 3146753, 4195329, 5243905, 2, 1026, 2050, 3074, 4098, 5122, 1049602, 1050626, 1051650, 1052674, 1053698, 2098178, 2101250, 3146754, 3149826, 4198402, 3, 1027, 2051, 3075, 4099, 5123, 1049603, 1050627, 1051651, 1052675, 2098179, 2099203, 2101251, 3146755, 3149827, 4, 1028, 2052, 3076, 4100, 5124, 1048580, 1049604, 1050628, 1051652, 1052676, 2098180, 2099204, 2100228, 2101252, 3146756, 3147780, 4195332, 5, 1029, 2053, 3077, 4101, 5125, 1049605, 1050629, 1051653, 1052677, 2098181, 2099205, 3146757, 4195333, 1030, 2054, 3078, 4102, 1031, 2055], "BlockIds": [5107, 5107, 5107, 9493, 3780, 5107, 3305, 6179, 9472, 3584, 9471, 3061, 6179, 5107, 6179, 2852, 9472, 2985, 8610, 3920, 2966, 3780, 5107, 9471, 2621, 2966, 3305, 5107, 9493, 636, 5107, 6179, 3752, 9493, 2966, 3099, 3305, 3668, 6179, 3584, 3584, 9472, 3584, 9471, 6179, 3584, 2852, 2966, 3305, 633, 3305, 3780, 5535, 5107, 9471, 9471, 9472, 2966, 5107, 3808, 3305, 6179, 9472, 3920, 3920, 3584, 3752, 3099, 6179, 8610, 8610, 5107, 9493, 3305, 5107, 9471, 3920, 9472, 5107, 5107, 3836, 2814, 3099, 3118, 5122, 9493, 5107, 5107, 5107, 9493, 5107], "DecorIndices": [], "DecorIds": [], "BlockEntities": {"2100225": "!<d@[F*OtR#64c-E,TfC\"TSN&!<d@[F*a_'#64o6@VfsmCI<#NAIW9mDfor.F*)>@@:s-U$#+:#ASuU.Ed7ZiEH>r7FE7Qb!!!3,F)5c:EsD_\"!!*'\"!87SV!!E9%!!WgQASlBtEaa'4Eb,=fFCf<.ATD4$F`M%e@<6NjE+EC!A\\+&'aM2#\\5QhI:ASlBtEaa'4Eb,4Nz!!!<;AoD^\"AQ*\\hEa`Tl:i^JnErZ=LD.Rd%6#L=OA_R_e^]=dNFECr$BLZE?AH2]1!!!", "3147780": "!<d@[F*P(U#64c-E,TfC\"onW'!<d@[F*a\\&#64o6@VfsmCI<#NAIW9mDfor.F*)>@@:s-U$#+:#ASuU.Ed7ZiEH>r7FE7Qb!!!3,F)5c:EsD_\"!!*'\"!87SV!!E9%!!WgQASlBtEaa'4Eb,=fFCf<.ATD4$F`M%e@<6NjE+EC!AMlM?0=bAg5QhI:ASlBtEaa'4Eb,4Nz!!!<;AoD^\"AQ*\\hEa`Tl:i^JnErZ=LD.Rd%6#L=OA_Ra;^B\"[MFECr$BLZE?AH2]1!!!", "4195332": "!<d@[F*P(U#64c-E,TfC#64`(!<d@[F*aY%#64o6@VfsmCI<#NAIW9mDfor.F*)>@@:s-U$#+:#ASuU.Ed7ZiEH>r7FE7Qb!!!3,F)5c:EsD_\"!!*'\"!87SV!!<3$!!WgQASlBtEaa'4Eb,=fFCf<.ATD4$F`M%e@<6NjE+EC!AKIgUCr9PY5QhI:ASlBtEaa'4Eb,4Nz!!!<;AoD^\"AQ*\\hEa`Tl:i^JnErZ=LD.Rd%6#L=OAH2]1!!*F8FECr$BLZE?AH2]1!!!"}, "Entities": [], "ReplaceMode": 2}