{"GameVersion": "1.18.0-pre.3", "SizeX": 11, "SizeY": 8, "SizeZ": 8, "BlockCodes": {"5107": "game:gravel-claystone", "3920": "game:crackedrock-claystone", "3584": "game:stonebricks-claystone", "6179": "game:rock-claystone", "3780": "game:stonebrickstairs-claystone-up-east-free", "9493": "game:agedstonebricks-claystone", "9471": "game:polishedrockold-full-claystone", "9472": "game:polishedrockold-cobbled-claystone", "3808": "game:stonebrickstairs-claystone-up-south-free", "635": "game:lootvessel-tool", "3305": "game:rockpolished-claystone", "5122": "game:looseboulders-claystone-free", "2966": "game:cobblestone-claystone", "2985": "game:cobblestonestairs-claystone-up-north-free", "2621": "game:bonysoil", "636": "game:lootvessel-farming", "8109": "game:chest-east", "3099": "game:cobblestonestairs-claystone-up-west-free", "2852": "game:cobblestoneslab-claystone-down-free", "3023": "game:cobblestonestairs-claystone-up-east-free", "3794": "game:stonebrickstairs-claystone-down-east-free", "3836": "game:stonebrickstairs-claystone-up-west-free", "8610": "game:groundstorage", "3752": "game:stonebrickstairs-claystone-up-north-free", "5535": "game:loosestones-claystone-free", "634": "game:lootvessel-ore"}, "ItemCodes": {"3080": "game:stackrandomizer-ruinedweapon", "3639": "game:stackrandomizer-clayproducts", "278": "game:stackrandomizer-painting", "279": "game:stackrandomizer-gear", "260": "game:stackrandomizer-cloth-highstatus", "3638": "game:stackrandomizer-buildingblocks", "1498": "game:stonebrick-claystone"}, "Indices": [3072, 1025, 2049, 3073, 4097, 5121, 6145, 1049601, 2, 1026, 2050, 3074, 4098, 5122, 6146, 1048578, 1049602, 1050626, 1051650, 1053698, 1054722, 2098178, 2099202, 2100226, 2102274, 3146754, 3148802, 3150850, 4195330, 4196354, 4197378, 5243906, 5244930, 5245954, 6292482, 7341058, 3, 1027, 2051, 3075, 4099, 5123, 6147, 1048579, 1049603, 1050627, 2098179, 3146755, 4195331, 5243907, 6292483, 4, 1028, 2052, 3076, 4100, 5124, 6148, 7172, 1049604, 1050628, 1052676, 1053700, 1054724, 2098180, 3146756, 4195332, 5243908, 5, 1029, 2053, 3077, 4101, 5125, 6149, 7173, 1048581, 1049605, 1050629, 1051653, 1053701, 1054725, 2098181, 3146757, 4195333, 5243909, 6, 1030, 2054, 3078, 4102, 6150, 7174, 1049606, 1050630, 1054726, 1055750, 2098182, 2099206, 3146758, 4195334, 7, 1031, 2055, 3079, 4103, 6151, 7175, 1048583, 1049607, 1050631, 1051655, 1055751, 2097159, 2098183, 2099207, 3146759, 3147783, 8, 1032, 2056, 3080, 4104, 5128, 6152, 7176, 1049608, 1050632, 1051656, 1052680, 1054728, 1055752, 2098184, 2099208, 9, 1033, 2057, 3081, 4105, 5129, 6153, 1049609, 1051657, 4106], "BlockIds": [5107, 3920, 5107, 3584, 5107, 6179, 5107, 3780, 9493, 9471, 3920, 9472, 9471, 9472, 3920, 3808, 3920, 6179, 9493, 6179, 635, 3584, 9493, 9493, 9472, 3305, 9493, 5122, 3920, 3920, 9471, 2966, 2985, 5122, 3305, 2985, 5107, 3584, 2621, 5107, 9471, 2966, 3305, 636, 6179, 8109, 3920, 9472, 9471, 3305, 3099, 3920, 9471, 6179, 5107, 5107, 9472, 6179, 5107, 9493, 2852, 5107, 3023, 2852, 3023, 3794, 3584, 3836, 5107, 3584, 6179, 5107, 2621, 9493, 3920, 5107, 3808, 3920, 9471, 5107, 9493, 3305, 3305, 9472, 6179, 8610, 5107, 3584, 3920, 6179, 2621, 9471, 5107, 6179, 2966, 6179, 5107, 9471, 3752, 9472, 5535, 5107, 9471, 3920, 9472, 9471, 2966, 5107, 5107, 3920, 2966, 2966, 5107, 8610, 3305, 5107, 3099, 8610, 5107, 9471, 9493, 9471, 2966, 6179, 3584, 5107, 3305, 9472, 3920, 9471, 6179, 5107, 6179, 3584, 9471, 9493, 5107, 5107, 5107, 5107, 6179, 634, 5107, 5107], "DecorIndices": [], "DecorIds": [], "BlockEntities": {"1050627": "!<d@[F*P\"S#64c-E,TfC\"98E%!<d@[F*b+1#64o6@VfsmCI<#NAI;p\\ATMrFARTY%\"po!]G%GQ5DfU+(#'\"^#Dfg%+!!!!'\"`nKuFE7Zf0E;+R!!!95!!!$\"!!!-0FDl80CdVlEDI[7qor(%S#6?R[!<<*\"2\\#ff!<<*\"\":K<iFCAuQBOPdgAH2^\\4obfg1B7FU!!!c8!!!$\"!!!-0FDl80CdVlEDI[8&bY12##6?X]!<<*\"(BFL9!<<*\"\":K<iFCAuQBOPdgA]+2>4obfg2#mXW!!!-&!!!$\"!!!-0FDl80CdVlEDI[8&bY12##6?^_!<<*\"2@]]e!<<*\"\":K<iFCAuQBOPdgA]+2>4obfg2ZNjY!!\"ne!!!$\"!!!-0FDl80CdVlEDI[7qor(%S!!!02AoD]VCi<g!6Z6LH$=da\\F*'!F@<6Mo\"E\\p.AI;pcCi!O!F(Jl<\":8pVF(djWB5D/6&';Qd", "5243909": "!<d@[F*P(U#64c-E,TfC#QOi)!<d@[F*b(0#64o6@VfsmCI<#NAIW9mDfor.F*)>@@:s-U$#+:#ASuU.Ed7ZiEH>r7FE7Qb!!!3,F)5c:EsD_\"!!*'\"!87SV!!N?&!!WgQASlBtEaa'4Eb,=fFCf<.ATD4$F`M%e@<6NjE+EC!AIs6hc8/e,5QhI:ASlBtEaa'4Eb,4Nz!!!<;AoD^\"AQ*\\hEa`Tl:i^JnErZ=LD.Rd%6#L=OAH2]1!!*F8FECr$BLZE?AH2]1!!!", "2097159": "!<d@[F*P.W#64c-E,TfC\"TSN&!<d@[F*b%/#64o6@VfsmCI<#NAIW9mDfor.F*)>@@:s-U$#+:#ASuU.Ed7ZiEH>r7FE7Qb!!!3,F)5c:EsD_\"!!*'\"!87SV!!<3$!!WgQASlBtEaa'4Eb,=fFCf<.ATD4$F`M%e@<6NjE+EC!AIl],EC4'45QhI:ASlBtEaa'4Eb,4Nz!!!<;AoD^\"AQ*\\hEa`Tl:i^JnErZ=LD.Rd%6#L=OAH2]1!!*F8FECr$BLZE?AH2]1!!!", "3147783": "!<d@[F*P.W#64c-E,TfC\"onW'!<d@[F*b+1#64o6@VfsmCI<#NAIW9mDfor.F*)>@@:s-U$#+:#ASuU.Ed7ZiEH>r7FE7Qb!!!3,F)5c:EsD_\"!!*'\"!87SV!!<3$!!WgQASlBtEaa'4Eb,=fFCf<.ATD4$F`M%e@<6NjE+EC!A[`Wka?3e/5QhI:ASlBtEaa'4Eb,4Nz!!!<;AoD^\"AQ*\\hEa`Tl:i^JnErZ=LD.Rd%6#L=OA_Ra;^B\"[MFECr$BLZE?AH2]1!!!"}, "Entities": [], "ReplaceMode": 2}