{
	"editor": {
		"allAngles": false,
		"entityTextureMode": false
	},
	"textureWidth": 16,
	"textureHeight": 16,
	"textureSizes": {
	},
	"textures": {
		"fold": "block/cloth/burlapsack/fold",
		"string": "block/cloth/burlapsack/string",
		"sides-stiches2": "block/cloth/burlapsack/sides-stiches2",
		"sides": "block/cloth/burlapsack/sides",
		"stacked-sides": "block/cloth/burlapsack/stacked-sides"
	},
	"elements": [
		{
			"name": "origin",
			"from": [ -8.0, -2.5, 0.0 ], 
			"to": [ -8.0, -2.5, 0.0 ], 
			"rotationOrigin": [ 8.0, 0.0, 8.0 ],
			"rotationZ": -90.0,
			"faces": {
				"north": { "texture": "#fold", "uv": [ 0.0, 0.0, 0.5, 0.5 ], "enabled": false },
				"east": { "texture": "#fold", "uv": [ 0.0, 0.0, 0.5, 0.5 ], "enabled": false },
				"south": { "texture": "#fold", "uv": [ 0.0, 0.0, 0.5, 0.5 ], "enabled": false },
				"west": { "texture": "#fold", "uv": [ 0.0, 0.0, 0.5, 0.5 ], "enabled": false },
				"up": { "texture": "#fold", "uv": [ 0.0, 0.0, 0.5, 0.5 ], "enabled": false },
				"down": { "texture": "#fold", "uv": [ 0.0, 0.0, 0.5, 0.5 ], "enabled": false }
			},
			"children": [
				{
					"name": "bag",
					"from": [ 3.0, 0.0, 3.0 ], 
					"to": [ 15.5, 7.0, 13.0 ], 
					"rotationOrigin": [ 3.0, 0.0, 3.0 ],
					"faces": {
						"north": { "texture": "#sides-stiches2", "uv": [ 0.5, 0.5, 7.5, 13.0 ], "rotation": 90 },
						"east": { "texture": "#sides-stiches2", "uv": [ 0.5, 1.0, 7.5, 11.0 ], "rotation": 90 },
						"south": { "texture": "#sides-stiches2", "uv": [ 8.5, 1.5, 15.5, 14.0 ], "rotation": 90 },
						"west": { "texture": "#sides-stiches2", "uv": [ 1.5, 3.5, 8.5, 13.5 ], "rotation": 90 },
						"up": { "texture": "#stacked-sides", "uv": [ 2.5, 0.5, 15.0, 10.5 ] },
						"down": { "texture": "#sides", "uv": [ 0.0, 0.5, 12.5, 10.5 ] }
					},
					"children": [
						{
							"name": "bottom",
							"from": [ 12.5, 0.5, 0.5 ], 
							"to": [ 13.0, 6.0, 9.5 ], 
							"rotationOrigin": [ 12.5, 0.5, 0.5 ],
							"faces": {
								"north": { "texture": "#stacked-sides", "uv": [ 8.0, 11.0, 8.5, 16.5 ] },
								"east": { "texture": "#sides-stiches2", "uv": [ 1.5, 3.0, 7.0, 12.0 ], "rotation": 90 },
								"south": { "texture": "#stacked-sides", "uv": [ 8.0, 11.0, 8.5, 16.5 ] },
								"west": { "texture": "#stacked-sides", "uv": [ 0.5, 10.5, 9.5, 16.0 ], "enabled": false },
								"up": { "texture": "#stacked-sides", "uv": [ 0.0, 0.0, 0.5, 9.0 ] },
								"down": { "texture": "#stacked-sides", "uv": [ 2.5, 15.0, 11.5, 15.5 ], "rotation": 90 }
							}
						}
					]
				},
				{
					"name": "front 1",
					"from": [ 2.5, 0.5, 3.5 ], 
					"to": [ 3.0, 6.5, 12.5 ], 
					"rotationOrigin": [ 2.5, 0.5, 3.5 ],
					"faces": {
						"north": { "texture": "#stacked-sides", "uv": [ 9.0, 10.0, 9.5, 16.0 ] },
						"east": { "texture": "#stacked-sides", "uv": [ 0.0, 0.0, 9.0, 6.0 ], "enabled": false },
						"south": { "texture": "#stacked-sides", "uv": [ 0.5, 10.0, 1.0, 16.0 ] },
						"west": { "texture": "#sides-stiches2", "uv": [ 1.0, 5.0, 7.0, 14.0 ], "rotation": 90 },
						"up": { "texture": "#stacked-sides", "uv": [ 5.0, 3.0, 5.5, 12.0 ] },
						"down": { "texture": "#stacked-sides", "uv": [ 1.0, 15.0, 10.0, 15.5 ], "rotation": 90 }
					},
					"children": [
						{
							"name": "front 2",
							"from": [ -0.5, 0.5, 1.0 ], 
							"to": [ 0.0, 5.5, 8.0 ], 
							"rotationOrigin": [ -0.5, 0.5, 1.0 ],
							"faces": {
								"north": { "texture": "#stacked-sides", "uv": [ 12.0, 11.0, 12.5, 16.0 ] },
								"east": { "texture": "#stacked-sides", "uv": [ 3.0, 3.5, 10.0, 8.5 ], "enabled": false },
								"south": { "texture": "#stacked-sides", "uv": [ 4.0, 10.5, 4.5, 15.5 ] },
								"west": { "texture": "#sides-stiches2", "uv": [ 9.5, 5.0, 14.5, 12.0 ], "rotation": 90 },
								"up": { "texture": "#stacked-sides", "uv": [ 3.0, 1.0, 3.5, 8.0 ] },
								"down": { "texture": "#stacked-sides", "uv": [ 3.5, 14.5, 10.5, 15.0 ], "rotation": 90 }
							},
							"children": [
								{
									"name": "toporigin",
									"from": [ 0.0, 2.5, 3.5 ], 
									"to": [ 0.0, 2.5, 3.5 ], 
									"rotationOrigin": [ 0.0, 2.5, 3.5 ],
									"faces": {
										"north": { "texture": "#fold", "uv": [ 0.0, 0.0, 0.5, 0.5 ] },
										"east": { "texture": "#fold", "uv": [ 0.0, 0.0, 0.5, 0.5 ] },
										"south": { "texture": "#fold", "uv": [ 0.0, 0.0, 0.5, 0.5 ] },
										"west": { "texture": "#fold", "uv": [ 0.0, 0.0, 0.5, 0.5 ] },
										"up": { "texture": "#fold", "uv": [ 0.0, 0.0, 0.5, 0.5 ] },
										"down": { "texture": "#fold", "uv": [ 0.0, 0.0, 0.5, 0.5 ] }
									},
									"children": [
										{
											"name": "string 1",
											"from": [ -0.4, -1.2, -2.0 ], 
											"to": [ 0.1, -0.7, 0.5 ], 
											"rotationOrigin": [ -0.4, -1.2, -0.5 ],
											"rotationX": -52.0,
											"rotationY": 0.0,
											"rotationZ": 18.0,
											"faces": {
												"north": { "texture": "#string", "uv": [ 0.0, 0.0, 0.5, 0.5 ] },
												"east": { "texture": "#string", "uv": [ 0.0, 0.0, 2.5, 0.5 ] },
												"south": { "texture": "#string", "uv": [ 0.0, 0.0, 0.5, 0.5 ] },
												"west": { "texture": "#string", "uv": [ 0.0, 0.0, 2.5, 0.5 ] },
												"up": { "texture": "#string", "uv": [ 0.0, 0.0, 0.5, 2.5 ] },
												"down": { "texture": "#string", "uv": [ 0.0, 0.0, 0.5, 2.5 ] }
											}
										},
										{
											"name": "string 2",
											"from": [ -0.3, -1.3, -1.0 ], 
											"to": [ 0.2, -0.8, 1.5 ], 
											"rotationOrigin": [ -0.3, -1.3, 0.5 ],
											"rotationX": 58.0,
											"rotationY": 0.0,
											"rotationZ": 13.0,
											"faces": {
												"north": { "texture": "#string", "uv": [ 0.0, 0.0, 0.5, 0.5 ] },
												"east": { "texture": "#string", "uv": [ 0.0, 0.0, 2.5, 0.5 ] },
												"south": { "texture": "#string", "uv": [ 0.0, 0.0, 0.5, 0.5 ] },
												"west": { "texture": "#string", "uv": [ 0.0, 0.0, 2.5, 0.5 ] },
												"up": { "texture": "#string", "uv": [ 0.0, 0.0, 0.5, 2.5 ] },
												"down": { "texture": "#string", "uv": [ 0.0, 0.0, 0.5, 2.5 ] }
											}
										},
										{
											"name": "string 3",
											"from": [ -0.4, -2.4, -1.7 ], 
											"to": [ 0.1, -1.9, 1.8 ], 
											"rotationOrigin": [ -0.4, -2.4, -0.2 ],
											"rotationX": -5.0,
											"rotationY": 0.0,
											"rotationZ": -13.0,
											"faces": {
												"north": { "texture": "#string", "uv": [ 0.0, 0.0, 0.5, 0.5 ] },
												"east": { "texture": "#string", "uv": [ 0.0, 0.0, 3.5, 0.5 ] },
												"south": { "texture": "#string", "uv": [ 0.0, 0.0, 0.5, 0.5 ] },
												"west": { "texture": "#string", "uv": [ 0.0, 0.0, 3.5, 0.5 ] },
												"up": { "texture": "#string", "uv": [ 0.0, 0.0, 0.5, 3.5 ] },
												"down": { "texture": "#string", "uv": [ 0.0, 0.0, 0.5, 3.5 ] }
											}
										},
										{
											"name": "spout 1",
											"from": [ -0.6, -3.3, -1.1 ], 
											"to": [ -0.1, -0.3, 0.9 ], 
											"rotationOrigin": [ -0.6, -1.8, 0.4 ],
											"rotationZ": -31.0,
											"faces": {
												"north": { "texture": "#stacked-sides", "uv": [ 1.0, 13.0, 4.0, 13.5 ], "rotation": 90 },
												"east": { "texture": "#stacked-sides", "uv": [ 0.0, 0.0, 2.0, 3.0 ] },
												"south": { "texture": "#stacked-sides", "uv": [ 5.5, 13.0, 8.5, 13.5 ], "rotation": 90 },
												"west": { "texture": "#stacked-sides", "uv": [ 11.5, 12.0, 14.5, 14.0 ], "rotation": 90 },
												"up": { "texture": "#stacked-sides", "uv": [ 3.0, 4.5, 3.5, 6.5 ], "enabled": false },
												"down": { "texture": "#stacked-sides", "uv": [ 10.0, 13.0, 12.0, 13.5 ], "rotation": 90 }
											}
										},
										{
											"name": "spout 2",
											"from": [ -0.6, -2.5, -0.8 ], 
											"to": [ -0.1, 0.5, 0.7 ], 
											"rotationOrigin": [ -0.6, -1.0, 0.7 ],
											"rotationZ": -63.0,
											"faces": {
												"north": { "texture": "#stacked-sides", "uv": [ 7.0, 13.0, 10.0, 13.5 ], "rotation": 90 },
												"east": { "texture": "#stacked-sides", "uv": [ 0.0, 0.0, 1.5, 3.0 ] },
												"south": { "texture": "#stacked-sides", "uv": [ 7.5, 13.0, 10.5, 13.5 ], "rotation": 90 },
												"west": { "texture": "#stacked-sides", "uv": [ 7.0, 12.5, 10.0, 14.0 ], "rotation": 90 },
												"up": { "texture": "#stacked-sides", "uv": [ 0.0, 0.0, 0.5, 1.5 ], "enabled": false },
												"down": { "texture": "#stacked-sides", "uv": [ 5.0, 13.0, 6.5, 13.5 ], "rotation": 90 }
											}
										}
									]
								}
							]
						}
					]
				}
			]
		}
	]}