{
	code: "drifter",
	class: "EntityHumanoid",
	canClimb: true,
	hitboxSizeByType: {  
		"drifter-normal": { x: 0.8, y: 1.8 },
		"drifter-deep": { x: 0.8, y: 1.8 },
		"drifter-tainted": { x: 1, y: 2 },
		"drifter-corrupt": {  x: 1, y: 2 },
		"drifter-nightmare": { x: 1, y: 2 },
		"drifter-double-headed": { x: 1.75, y: 2.5 },
	},
	deadHitboxSize: { x: 0.8, y: 1.2 },
	eyeHeightByType: {  
		"drifter-normal": 1.2,
		"drifter-deep": 1.2,
		"drifter-tainted": 1.5,
		"drifter-corrupt": 1.5,
		"drifter-nightmare": 1.5,
		"drifter-double-headed": 2,
	},
	attributes: {
		glitchAffected: true,
		extraSplashParticlesMul: 4,
		spawnCloserDuringLowStability: true,
		onDeathStabilityRecoveryByType: {
			"drifter-normal": 0.015,
			"drifter-deep": 0.02,
			"drifter-tainted": 0.025,
			"drifter-corrupt": 0.03,
			"drifter-nightmare": 0.35,
			"drifter-double-headed": 0.4,
		}
	},
	variantgroups: [
		{ code: "type", states: ["normal", "deep", "tainted", "corrupt", "nightmare", "double-headed"]},
	],
	drops: [],
	client: {
		renderer: "Shape",
		pitchStep: false,
		shapeByType: {
			"*-normal": { base: "betterdrifters:entity/land/drifter/surface" },
			"*-deep": { base: "betterdrifters:entity/land/drifter/surface" },
			
			"*-tainted": { base: "betterdrifters:entity/land/drifter/spiked1", alternates: [{ base: "betterdrifters:entity/land/drifter/spiked2" }] },
			"*-corrupt": { base: "betterdrifters:entity/land/drifter/deerhorn" },
			"*-nightmare": { base: "betterdrifters:entity/land/drifter/knifeeyes" },
			"*-double-headed": { base: "betterdrifters:entity/land/drifter/double-headed" },
		},
		texturesByType: {
			"*-normal": {
				"skin": { base: "entity/drifter/surface1", alternates: [ { base: "entity/drifter/surface2" }, {base: "entity/drifter/surface3" }] },
			},
			"*-deep": {
				"skin": { base: "entity/drifter/deep1", alternates: [ { base: "entity/drifter/deep2" } ] },
			},
			"*-double-headed": {
				"skin": { base: "entity/drifter/double" },
			}
		},
		behaviors: [
			{ code: "repulseagents" }, 
			{ code: "controlledphysics", stepHeight: 1.1251 }, 
			{ code: "floatupwhenstuck", onlyWhenDead: true },
			{ code: "interpolateposition" },
			{ code: "harvestable", duration: 1 }
		],
		animations: [
			{
				code: "hurt",
				animation: "standhurt", 
				animationSpeed: 2,
				weight: 10,
				blendMode: "AddAverage" 
			},
			{
				code: "die",
				animation: "standdie", 
				animationSpeed: 0.7,
				weight: 10,
				blendMode: "Average",
				triggeredBy: { onControls: ["dead"] }
			},
			{ 
				code: "idle", 
				animation: "standidle",
				blendMode: "Average", 
				triggeredBy: { defaultAnim: true },
			}
		]
	},
	server: {
		behaviors: [
			{ code: "repulseagents" }, 
			{ code: "controlledphysics", stepHeight: 1.1251 },
			{ code: "health", 
				currenthealthByType: {
					"*-normal": 14,
					"*-deep": 18,
					"*-tainted": 24,
					"*-corrupt": 32,
					"*-nightmare": 42,
					"*-double-headed": 65
				},
				maxhealthByType: {
					"*-normal": 14,
					"*-deep": 18,
					"*-tainted": 24,
					"*-corrupt": 32,
					"*-nightmare": 42,
					"*-double-headed": 65
				}
			},
			{ code: "deaddecay", hoursToDecay: 3 },
			{ code: "floatupwhenstuck", onlyWhenDead: true },
			{ code: "despawn", minPlayerDistance: 32, minSeconds: 30 },
			{ code: "despawn", minPlayerDistance: 64, minSeconds: 6 },
			{
				code: "emotionstates",
				states: [  {
						code: "fleeondamage", 
						duration: 10,
						chanceByType: {
							"*-normal": 0.1,
							"*-deep": 0.05,
							"*-tainted": 0.02,
							"*-corrupt": 0.015,
							"*-nightmare": 0.01,
							"*-double-headed": 0,
						},
						slot: 0, 
						priority: 1, 
						accumType: "max" 
					} ]
			},
			{
				code: "taskai",
				aitasks: [
					{
						code: "fleeentity",
						entityCodes: ["player"],
						priority: 3,
						movespeed: 0.018,
						seekingRange: 20,
						fleeingDistance: 64,
						fleeDurationMs: 9999999,
						minDayLightByType: {
							"*-normal": 0.925,
							"*-deep": 0.97,
							"*-tainted": 2,
							"*-corrupt": 2,
							"*-nightmare": 2,
							"*-double-headed": 2,
						},
						ignoreDeepDayLight: true,
						cancelOnHurt: true,
						executionChance: 0.003,
						animation: "standrun",
						animationSpeed: 1.3
					},
					{
						code: "fleeentity",
						entityCodes: ["player"],
						priority: 2.5,
						movespeed: 0.018,
						seekingRange: 12,
						cancelOnHurt: true,
						animation: "standrun",
						animationSpeed: 1.3,
						whenInEmotionState: "fleeondamage"
					},
					{
						code: "meleeattack",
						entityCodes: ["player"],
						priority: 2,
							"damageByType": {
						        "*-normal": 2.5,
						        "*-deep": 5,
						        "*-tainted": 10,
						        "*-corrupt": 15,
						        "*-nightmare": 25,
								"*-double-headed": 30
						      },
						  "damageTierByType": {
						        "*-normal": 0,
						        "*-deep": 1,
						        "*-tainted": 2,
						        "*-corrupt": 3,
						        "*-nightmare": 4,
								"*-double-headed": 4
 						     },
 						  "mincooldownByType": {
						        "*-normal": 1400,
						        "*-deep": 1100,
						        "*-tainted": 900,
						        "*-corrupt": 600,
						        "*-nightmare": 600,
								"*-double-headed": 900
						      },
						  "maxcooldownByType": {
						        "*-normal": 1600,
						        "*-deep": 1300,
						        "*-tainted": 1100,
						        "*-corrupt": 900,
						        "*-nightmare": 900,
								"*-double-headed": 1100
						      },
						 "damagePlayerAtMsByType": {
						        "*-normal": 500,
						        "*-deep": 500,
						        "*-tainted": 500,
						        "*-corrupt": 500,
						        "*-nightmare": 500,
								"*-double-headed": 500
						      },
						"attackDurationMsByType": {
						        "*-normal": 1100,
						        "*-deep": 1100,
						        "*-tainted": 1100,
						        "*-corrupt": 1100,
						        "*-nightmare": 1100,
								"*-double-headed": 1100
						      },
						"animation": "standattack",
						"animationSpeedByType": {
						        "*-normal": 1.3,
						        "*-deep": 1.3,
						        "*-tainted": 1.3,
						        "*-corrupt": 1.3,
						        "*-nightmare": 1.3,
								"*-double-headed": 1.3
						      },
						damageTypeByType: {
							"*-corrupt": "SlashingAttack",
							"*-nightmare": "SlashingAttack",
							"*-double-headed": "SlashingAttack"
						},
						sound: "creature/drifter-hit",
						soundStartMs: 500
					},
					{
						code: "throwatentity",
						entityCodes: ["player"],
						priority: 1.1,
						priorityForCancel: 1.2,
						"mincooldownByType": {
						        "*-normal": 3000,
						        "*-deep": 3000,
						        "*-tainted": 4000,
						        "*-corrupt": 5000,
						        "*-nightmare": 7000,
								"*-double-headed": 8000
						},
						"maxcooldownByType": {
						        "*-normal": 13000,
						        "*-deep": 13000,
						        "*-tainted": 15000,
						        "*-corrupt": 16000,
						        "*-nightmare": 17000,
								"*-double-headed": 18000
						},
						durationMs: 1200,
						releaseAtMs: 600,
						seekingRange: 12,
						animationSpeed: 1.4,
						animation: "standthrowleft"
					},
					{
						code: "seekentity",
						entityCodes: ["player"],
						priority: 1.5,
						mincooldown: 400, 
						maxcooldown: 800, 
						"movespeedByType": {
							"*-normal": 0.014,
							"*-deep": 0.016,
							"*-tainted": 0.018,
							"*-corrupt": 0.02,
							"*-nightmare": 0.02,
							"*-double-headed": 0.02
						},
						"seekingRangeByType": {
							"*-normal": 12,
							"*-deep": 14,
							"*-tainted": 16,
							"*-corrupt": 18,
							"*-nightmare": 20,
							"*-double-headed": 20
						},
						animation: "standrun",
						"animationSpeedByType": {
							"*-normal": 1.1,
							"*-deep": 1.3,
							"*-tainted": 1.4,
							"*-corrupt": 1.5,
							"*-nightmare": 1.5,
							"*-nightmare": 1.5
						},
						"soundByType": {
							"drifter-normal": "betterdrifters:creature/aggro1",
							"drifter-deep": "betterdrifters:creature/aggro1",
							"drifter-tainted": "betterdrifters:creature/aggro1",
							"drifter-corrupt": "betterdrifters:creature/aggro2",
							"drifter-nightmare": "betterdrifters:creature/aggro2",
							"drifter-double-headed": "betterdrifters:creature/aggro2"
						}
					},
					{
						code: "idle",
						priority: 1.2,
						priorityForCancel: 1.35,
						cancelOnHurt: true,
						minduration: 4000,
						maxduration: 6000,
						chance: 0,
						initialMinCoolDown: 2000,
						initialMaxCoolDown: 150000,
						mincooldown: 300000,
						maxcooldown: 10000000,
						animation: "standdespair",
						animationSpeed: 1.25
					},
					{
						code: "idle",
						priority: 1.2,
						priorityForCancel: 2.1,
						cancelOnHurt: true,
						minduration: 4000,
						maxduration: 6000,
						chance: 0.001,
						initialMinCoolDown: 2000,
						initialMaxCoolDown: 150000,
						mincooldown: 300000,
						maxcooldown: 10000000,
						animation: "standcry",
						animationSpeed: 1
					},
					{
						code: "wander", 
						"priorityByType": {
							"*-normal": 0.5,
							"*-deep": 0.75,
							"*-tainted": 1.25,
							"*-corrupt": 1.3,
							"*-nightmare": 1.4,
							"*-double-headed": 0
						}, 
						"movespeedByType": {
							"*-normal": 0.014,
							"*-deep": 0.016,
							"*-tainted": 0.018,
							"*-corrupt": 0.02,
							"*-nightmare": 0.02,
							"*-double-headed": 0.015
						},
						animationSpeed: 1.2,
						animation: "standrun"
					},
					{
						code: "wander", 
						cancelOnHurt: true,
						priority: 0.55, 
						priorityForCancel: 1.1,
						movespeed: 0.01,
						animationSpeed: 1.2,
						animation: "standwalk",
						preferredLightLevel: 15
					},
					{
						code: "wander", 
						cancelOnHurt: true,
						priority: 0.55,
						priorityForCancel: 1.1,
						movespeed: 0.008,
						animationSpeed: 1.1,
						animation: "standlowwalk",
						preferredLightLevel: 15
					},
					{
						code: "getoutofwater",
						priority: 1.4,
						movespeed: 0.015,
						animation: "standwalk",
						animationSpeed: 1.55
					},
					{ 
						code: "lookaround", 
						cancelOnHurt: true,
						priority: 0.5
					}
				]
			},
			{ code: "harvestable", duration: 1, dropsByType: {
				"*-normal": [
					{
						type: "item",
						code: "gear-temporal",
						quantity: { avg: 0.027, var: 0 }
					},
					{
						type: "item",
						code: "flaxfibers",
						quantity: { avg: 1, var: 1 }
					},
					{
						type: "item",
						code: "flaxtwine",
						quantity: { avg: 0.08, var: 0 }
					},
					{
						type: "item",
						code: "gear-rusty",
						dropModbyStat: "rustyGearDropRate",
						quantity: { avg: 0.02, var: 0 }
					}
				],
				"*-deep": [
					{
						type: "item",
						code: "gear-temporal",
						quantity: { avg: 0.035, var: 0 }
					},
					{
						type: "item",
						code: "gear-rusty",
						dropModbyStat: "rustyGearDropRate",
						quantity: { avg: 0.08, var: 0 }
					},
					{
						type: "item",
						code: "flaxfibers",
						quantity: { avg: 2, var: 1 }
					},
					{
						type: "item",
						code: "flaxtwine",
						quantity: { avg: 0.12, var: 0 }
					}
				],		
				"*-tainted": [
					{
						type: "item",
						code: "gear-temporal",
						quantity: { avg: 0.05, var: 0 }
					},
					{
						type: "item",
						code: "gear-rusty",
						dropModbyStat: "rustyGearDropRate",
						quantity: { avg: 0.2, var: 0 }
					},
					{
						type: "item",
						code: "flaxfibers",
						quantity: { avg: 2.5, var: 1.5 }
					},
					{
						type: "item",
						code: "flaxtwine",
						quantity: { avg: 0.2, var: 0 }
					}
				],
				"*-corrupt": [
					{
						type: "item",
						code: "gear-temporal",
						quantity: { avg: 0.065, var: 0 }
					},
					{
						type: "item",
						code: "gear-rusty",
						dropModbyStat: "rustyGearDropRate",
						quantity: { avg: 0.5, var: 0 }
					},
					{
						type: "item",
						code: "flaxtwine",
						quantity: { avg: 1.5, var: 0.5 }
					},
					{
						type: "item",
						code: "betterdrifters:nightmareblade",
						quantity: { avg: 0.05, var: 0 }
					}
				],
				"*-nightmare": [
					{
						type: "item",
						code: "gear-temporal",
						quantity: { avg: 0.08, var: 0 }
					},
					{
						type: "item",
						code: "gear-rusty",
						dropModbyStat: "rustyGearDropRate",
						quantity: { avg: 0.5, var: 1.5 }
					},
					{
						type: "item",
						code: "flaxtwine",
						quantity: { avg: 1, var: 2 }
					},
					{
						type: "item",
						code: "betterdrifters:nightmareblade",
						quantity: { avg: 0.075, var: 0 }
					}
				],
				"*-double-headed": [
					{
						type: "item",
						code: "gear-temporal",
						quantity: { avg: 1, var: 0.4 }
					},
					{
						type: "item",
						code: "gear-rusty",
						dropModbyStat: "rustyGearDropRate",
						quantity: { avg: 7.5, var: 2.5 }
					},
					{
						type: "item",
						code: "flaxtwine",
						quantity: { avg: 5, var: 1 }
					},
					{
						type: "item",
						code: "betterdrifters:nightmareblade",
						quantity: { avg: 0.25, var: 0 }
					}
				],
				},
			}
		],
		spawnconditions: {
			runtime: {
				group: "hostile",
				maxQuantityByType: {
					"*-normal": 8,
					"*-deep": 6,
					"*-tainted": 5,
					"*-corrupt": 4,
					"*-nightmare": 3,
					"*-double-headed": 0
				},
				maxLightLevel: 9,
				chance: 0.08,
				lightLevelType: "MaxTimeOfDayLight",
				groupSizeByType: {
					"*-normal": { dist: "invexp", avg: 1, var: 2 },
					"*": { dist: "uniform", avg: 1.5, var: 0.5 },
				},
				insideBlockCodes: ["air", "tallgrass-*"],
				minYByType: {
					"*-normal": 0.85,
					"*-deep": 0.25,
					"*-tainted": 0.1,
					"*-corrupt": 0,
					"*-nightmare": 0
				},
				maxYByType: {
					"*-normal": 2,
					"*-deep": 0.89,
					"*-tainted": 0.55,
					"*-corrupt": 0.35,
					"*-nightmare": 0.23
				}
			}
		}
	},
	idleSoundRange: 20,
	idleSoundChanceByType: {
		"*-normal": 0.025,
		"*-deep": 0.05,
		"*-tainted": 0.1,
		"*-corrupt": 0.1,
		"*-nightmare": 0.15
	},
	soundsByType: {
		"*-normal": {
        "hurt": "betterdrifters:creature/hurt1",
        "death": "betterdrifters:creature/death1",
        "idle": "betterdrifters:creature/moana*"
      },
      "*-deep": {
        "hurt": "betterdrifters:creature/hurt1",
        "death": "betterdrifters:creature/death1",
        "idle": "betterdrifters:creature/moana*"
      },
      "*-tainted": {
        "hurt": "betterdrifters:creature/hurt1",
        "death": "betterdrifters:creature/death1",
        "idle": "betterdrifters:creature/moana*"
      },
      "*-corrupt": {
        "hurt": "betterdrifters:creature/hurt2",
        "death": "betterdrifters:creature/death2",
        "idle": "betterdrifters:creature/moanc*"
      },
      "*-nightmare": {
        "hurt": "betterdrifters:creature/hurt2",
        "death": "betterdrifters:creature/death2",
        "idle": "betterdrifters:creature/moanc*"
      },
	  "*-double-headed": {
        "hurt": "betterdrifters:creature/hurt2",
        "death": "betterdrifters:creature/death2",
        "idle": "betterdrifters:creature/moanc*"
      }
	}
}