{
	"editor": {
		"allAngles": true,
		"entityTextureMode": false
	},
	"textureWidth": 16,
	"textureHeight": 16,
	"textureSizes": {
		"courier-boots": [16,16]
	},
	"textures": {
		"courier-boots": "entity/humanoid/seraphclothes/foot/walking-boots-leather"
	},
	"elements": [
		{
			"name": "shoe R",
			"stepParentName": "LowerFootR",
			"from": [ -0.11, -0.1, -0.11 ], 
			"to": [ 4.11, 5.9, 3.11 ], 
			"rotationOrigin": [ -0.1, -0.1, -0.1 ],
			"faces": {
				"north": { "texture": "#courier-boots", "uv": [ 12.0, 10.5, 16.0, 16.0 ], "autoUv": false },
				"east": { "texture": "#courier-boots", "uv": [ 13.0, 10.5, 16.0, 16.0 ], "autoUv": false },
				"south": { "texture": "#courier-boots", "uv": [ 7.0, 10.5, 11.0, 16.0 ], "autoUv": false },
				"west": { "texture": "#courier-boots", "uv": [ 4.0, 10.5, 7.0, 16.0 ], "autoUv": false },
				"up": { "texture": "#courier-boots", "uv": [ 4.0, 0.0, 7.0, 4.0 ], "rotation": 90 },
				"down": { "texture": "#courier-boots", "uv": [ 0.0, 0.0, 3.0, 4.0 ], "rotation": 90 }
			},
			"children": [
				{
					"name": "back fold 7",
					"from": [ 4.02, 6.0, 0.0 ], 
					"to": [ 4.22, 7.0, 3.2 ], 
					"rotationOrigin": [ 4.0, 6.0, 0.0 ],
					"faces": {
						"north": { "texture": "#courier-boots", "uv": [ 4.0, 9.5, 4.5, 10.5 ] },
						"east": { "texture": "#courier-boots", "uv": [ 6.5, 4.0, 9.5, 5.0 ] },
						"south": { "texture": "#courier-boots", "uv": [ 0.0, 9.5, 0.5, 10.5 ] },
						"west": { "texture": "#courier-boots", "uv": [ 6.5, 4.0, 9.5, 5.0 ] },
						"up": { "texture": "#courier-boots", "uv": [ 12.5, 9.5, 15.5, 10.0 ], "rotation": 270 },
						"down": { "texture": "#courier-boots", "uv": [ 0.0, 0.0, 0.5, 3.0 ], "enabled": false }
					}
				},
				{
					"name": "front fold 8",
					"from": [ -0.02, 6.0, 0.0 ], 
					"to": [ 0.18, 7.0, 3.2 ], 
					"rotationOrigin": [ 0.1, 6.0, 0.0 ],
					"faces": {
						"north": { "texture": "#courier-boots", "uv": [ 13.5, 9.5, 14.0, 10.5 ] },
						"east": { "texture": "#courier-boots", "uv": [ 6.0, 4.0, 9.0, 5.0 ] },
						"south": { "texture": "#courier-boots", "uv": [ 4.5, 9.5, 5.0, 9.0 ], "autoUv": false },
						"west": { "texture": "#courier-boots", "uv": [ 6.0, 4.0, 9.0, 5.0 ] },
						"up": { "texture": "#courier-boots", "uv": [ 3.0, 9.5, 6.0, 10.0 ], "rotation": 90 },
						"down": { "texture": "#courier-boots", "uv": [ 3.0, 9.5, 6.0, 10.0 ], "rotation": 90, "enabled": false }
					}
				},
				{
					"name": "S fold 9",
					"from": [ 0.0, 6.0, 3.02 ], 
					"to": [ 4.2, 7.5, 3.22 ], 
					"rotationOrigin": [ 0.0, 6.0, 3.0 ],
					"faces": {
						"north": { "texture": "#courier-boots", "uv": [ 7.0, 8.0, 11.0, 9.5 ] },
						"east": { "texture": "#courier-boots", "uv": [ 13.0, 9.0, 13.5, 10.5 ] },
						"south": { "texture": "#courier-boots", "uv": [ 7.0, 8.0, 11.0, 9.5 ] },
						"west": { "texture": "#courier-boots", "uv": [ 4.0, 9.0, 4.5, 10.5 ] },
						"up": { "texture": "#courier-boots", "uv": [ 7.0, 8.0, 11.0, 8.5 ] },
						"down": { "texture": "#courier-boots", "uv": [ 7.0, 15.0, 11.0, 15.5 ], "enabled": false }
					}
				},
				{
					"name": "N fold 10",
					"from": [ 0.0, 6.0, -0.02 ], 
					"to": [ 4.2, 7.0, 0.18 ], 
					"rotationOrigin": [ 0.0, 6.0, 0.2 ],
					"faces": {
						"north": { "texture": "#courier-boots", "uv": [ 5.0, 4.0, 9.0, 5.0 ] },
						"east": { "texture": "#courier-boots", "uv": [ 4.0, 9.5, 4.5, 10.5 ] },
						"south": { "texture": "#courier-boots", "uv": [ 5.5, 4.0, 9.5, 5.0 ] },
						"west": { "texture": "#courier-boots", "uv": [ 0.0, 9.5, 0.5, 10.5 ] },
						"up": { "texture": "#courier-boots", "uv": [ 4.0, 4.0, 8.0, 4.5 ], "rotation": 180 },
						"down": { "texture": "#courier-boots", "uv": [ 5.0, 4.5, 9.0, 5.0 ], "enabled": false }
					}
				}
			]
		},
		{
			"name": "shoe L",
			"stepParentName": "LowerFootL",
			"from": [ -0.1, -0.1, -0.1 ], 
			"to": [ 4.1, 5.9, 3.1 ], 
			"rotationOrigin": [ -7.1, -0.1, -0.1 ],
			"faces": {
				"north": { "texture": "#courier-boots", "uv": [ 12.0, 10.5, 16.0, 16.0 ], "autoUv": false },
				"east": { "texture": "#courier-boots", "uv": [ 12.0, 10.5, 15.0, 16.0 ], "autoUv": false },
				"south": { "texture": "#courier-boots", "uv": [ 7.0, 10.5, 11.0, 16.0 ], "autoUv": false },
				"west": { "texture": "#courier-boots", "uv": [ 3.5, 10.5, 6.5, 16.0 ], "autoUv": false },
				"up": { "texture": "#courier-boots", "uv": [ 4.0, 0.0, 7.0, 4.0 ], "rotation": 90 },
				"down": { "texture": "#courier-boots", "uv": [ 0.0, 0.0, 3.0, 4.0 ], "rotation": 90 }
			},
			"children": [
				{
					"name": "back fold 13",
					"from": [ 4.02, 6.0, 0.0 ], 
					"to": [ 4.22, 7.0, 3.2 ], 
					"rotationOrigin": [ 4.0, 6.0, 0.0 ],
					"faces": {
						"north": { "texture": "#courier-boots", "uv": [ 4.5, 9.5, 5.0, 10.5 ] },
						"east": { "texture": "#courier-boots", "uv": [ 12.5, 9.5, 15.5, 10.5 ] },
						"south": { "texture": "#courier-boots", "uv": [ 0.0, 9.5, 0.5, 10.5 ] },
						"west": { "texture": "#courier-boots", "uv": [ 12.5, 9.5, 15.5, 10.5 ] },
						"up": { "texture": "#courier-boots", "uv": [ 13.0, 9.5, 16.0, 10.0 ], "rotation": 270 },
						"down": { "texture": "#courier-boots", "uv": [ 0.0, 0.0, 0.5, 3.0 ], "enabled": false }
					}
				},
				{
					"name": "front fold 14",
					"from": [ -0.02, 6.0, 0.0 ], 
					"to": [ 0.18, 7.0, 3.2 ], 
					"rotationOrigin": [ 0.1, 6.0, 0.0 ],
					"faces": {
						"north": { "texture": "#courier-boots", "uv": [ 13.5, 9.5, 14.0, 10.5 ] },
						"east": { "texture": "#courier-boots", "uv": [ 6.0, 4.0, 9.0, 5.0 ] },
						"south": { "texture": "#courier-boots", "uv": [ 4.5, 9.5, 5.0, 9.0 ], "autoUv": false },
						"west": { "texture": "#courier-boots", "uv": [ 6.0, 4.0, 9.0, 5.0 ] },
						"up": { "texture": "#courier-boots", "uv": [ 3.0, 9.5, 6.0, 10.0 ], "rotation": 90 },
						"down": { "texture": "#courier-boots", "uv": [ 3.0, 9.5, 6.0, 10.0 ], "rotation": 90, "enabled": false }
					}
				},
				{
					"name": "S fold 15",
					"from": [ 0.0, 6.0, 3.02 ], 
					"to": [ 4.2, 7.5, 3.22 ], 
					"rotationOrigin": [ 0.0, 6.0, 3.0 ],
					"faces": {
						"north": { "texture": "#courier-boots", "uv": [ 7.0, 8.0, 11.0, 9.5 ] },
						"east": { "texture": "#courier-boots", "uv": [ 13.0, 9.0, 13.5, 10.5 ] },
						"south": { "texture": "#courier-boots", "uv": [ 7.0, 8.0, 11.0, 9.5 ] },
						"west": { "texture": "#courier-boots", "uv": [ 4.0, 9.0, 4.5, 10.5 ] },
						"up": { "texture": "#courier-boots", "uv": [ 7.0, 8.0, 11.0, 8.5 ] },
						"down": { "texture": "#courier-boots", "uv": [ 7.0, 15.0, 11.0, 15.5 ], "enabled": false }
					}
				},
				{
					"name": "N fold 16",
					"from": [ 0.0, 6.0, -0.02 ], 
					"to": [ 4.2, 7.0, 0.18 ], 
					"rotationOrigin": [ 0.0, 6.0, 0.2 ],
					"faces": {
						"north": { "texture": "#courier-boots", "uv": [ 5.0, 4.0, 9.0, 5.0 ] },
						"east": { "texture": "#courier-boots", "uv": [ 4.0, 9.5, 4.5, 10.5 ] },
						"south": { "texture": "#courier-boots", "uv": [ 5.5, 4.0, 9.5, 5.0 ] },
						"west": { "texture": "#courier-boots", "uv": [ 0.0, 9.5, 0.5, 10.5 ] },
						"up": { "texture": "#courier-boots", "uv": [ 4.0, 4.0, 8.0, 4.5 ], "rotation": 180 },
						"down": { "texture": "#courier-boots", "uv": [ 5.0, 4.5, 9.0, 5.0 ], "enabled": false }
					}
				}
			]
		}
	]}