[
  {
    "file": "game:entities/humanoid/trader-clothing.json",
    "op": "add",
    "path": "/attributes/tradeProps/selling/list/-",
    "value": {
      "code": "hideandfabric:cottonarmor-head-sewn",
      "type": "item",
      "stacksize": 1,
      "stock": {
        "avg": 1,
        "var": 0.25
      },
      "price": {
        "avg": 4,
        "var": 1
      }
    }
  },
  {
    "file": "game:entities/humanoid/trader-clothing.json",
    "op": "add",
    "path": "/attributes/tradeProps/selling/list/-",
    "value": {
      "code": "hideandfabric:cottonarmor-body-sewn",
      "type": "item",
      "stacksize": 1,
      "stock": {
        "avg": 1,
        "var": 0.25
      },
      "price": {
        "avg": 12,
        "var": 3
      }
    }
  },
  {
    "file": "game:entities/humanoid/trader-clothing.json",
    "op": "add",
    "path": "/attributes/tradeProps/selling/list/-",
    "value": {
      "code": "hideandfabric:cottonarmor-legs-sewn",
      "type": "item",
      "stacksize": 1,
      "stock": {
        "avg": 1,
        "var": 0.25
      },
      "price": {
        "avg": 6,
        "var": 1.5
      }
    }
  },
  {
    "file": "game:entities/humanoid/trader-clothing.json",
    "op": "add",
    "path": "/attributes/tradeProps/selling/list/-",
    "value": {
      "code": "hideandfabric:woolarmor-head-sewn",
      "type": "item",
      "stacksize": 1,
      "stock": {
        "avg": 1,
        "var": 0.25
      },
      "price": {
        "avg": 4,
        "var": 1
      }
    }
  },
  {
    "file": "game:entities/humanoid/trader-clothing.json",
    "op": "add",
    "path": "/attributes/tradeProps/selling/list/-",
    "value": {
      "code": "hideandfabric:woolarmor-body-sewn",
      "type": "item",
      "stacksize": 1,
      "stock": {
        "avg": 1,
        "var": 0.25
      },
      "price": {
        "avg": 12,
        "var": 3
      }
    }
  },
  {
    "file": "game:entities/humanoid/trader-clothing.json",
    "op": "add",
    "path": "/attributes/tradeProps/selling/list/-",
    "value": {
      "code": "hideandfabric:woolarmor-legs-sewn",
      "type": "item",
      "stacksize": 1,
      "stock": {
        "avg": 1,
        "var": 0.25
      },
      "price": {
        "avg": 6,
        "var": 1.5
      }
    }
  },
  {
    "file": "game:entities/humanoid/trader-clothing.json",
    "op": "add",
    "path": "/attributes/tradeProps/buying/list/-",
    "value": {
      "code": "hideandfabric:twine-cotton",
      "type": "item",
      "stacksize": 4,
      "stock": {
        "avg": 5,
        "var": 1.25
      },
      "price": {
        "avg": 2,
        "var": 0.25
      }
    }
  },
  {
    "file": "game:entities/humanoid/trader-clothing.json",
    "op": "add",
    "path": "/attributes/tradeProps/buying/list/-",
    "value": {
      "code": "hideandfabric:twine-wool",
      "type": "item",
      "stacksize": 4,
      "stock": {
        "avg": 5,
        "var": 1.25
      },
      "price": {
        "avg": 2,
        "var": 0.25
      }
    }
  },
  {
    "file": "game:entities/humanoid/trader-clothing.json",
    "op": "add",
    "path": "/attributes/tradeProps/buying/list/-",
    "value": {
      "code": "hideandfabric:fabric-cotton-normal-down",
      "type": "block",
      "stacksize": 2,
      "stock": {
        "avg": 4,
        "var": 1.25
      },
      "price": {
        "avg": 2,
        "var": 0.25
      }
    }
  },
  {
    "file": "game:entities/humanoid/trader-clothing.json",
    "op": "add",
    "path": "/attributes/tradeProps/buying/list/-",
    "value": {
      "code": "hideandfabric:fabric-wool-normal-down",
      "type": "block",
      "stacksize": 2,
      "stock": {
        "avg": 4,
        "var": 1.25
      },
      "price": {
        "avg": 2,
        "var": 0.25
      }
    }
  }
]
