[
  {
    "file": "game:entities/humanoid/trader-clothing.json",
    "op": "add",
    "path": "/attributes/tradeProps/selling/list/-",
    "value": { "code": "hideandfabric:twine-cotton", 
    "type": "item", 
    "stacksize": 8, 
    "stock": { "avg": 4, "var": 1 }, 
    "price": { "avg": 2, "var": 0.5 } 
    }
  },
  {
    "file": "game:entities/humanoid/trader-clothing.json",
    "op": "add",
    "path": "/attributes/tradeProps/selling/list/-",
    "value": {
      "code": "hideandfabric:twine-wool",
      "type": "item",
      "stacksize": 8,
      "stock": { "avg": 4, "var": 1 },
      "price": { "avg": 2, "var": 0.5 }
    }
  },
  {
    "file": "game:entities/humanoid/trader-clothing.json",
    "op": "add",
    "path": "/attributes/tradeProps/selling/list/-",
    "value": {
      "code": "hideandfabric:fabric-cotton-diamond-down",
      "type": "block",
      "stacksize": 2,
      "stock": { "avg": 4, "var": 1 },
      "price": { "avg": 2, "var": 0.5 }
    }
  },
  {
    "file": "game:entities/humanoid/trader-clothing.json",
    "op": "add",
    "path": "/attributes/tradeProps/selling/list/-",
    "value": {
      "code": "hideandfabric:fabric-cotton-normal-down",
      "type": "block",
      "stacksize": 2,
      "stock": { "avg": 4, "var": 1 },
      "price": { "avg": 2, "var": 0.5 }
    }
  },
  {
    "file": "game:entities/humanoid/trader-clothing.json",
    "op": "add",
    "path": "/attributes/tradeProps/selling/list/-",
    "value": {
      "code": "hideandfabric:fabric-cotton-offset-down",
      "type": "block",
      "stacksize": 2,
      "stock": { "avg": 4, "var": 1 },
      "price": { "avg": 2, "var": 0.5 }
    }
  },
  {
    "file": "game:entities/humanoid/trader-clothing.json",
    "op": "add",
    "path": "/attributes/tradeProps/selling/list/-",
    "value": {
      "code": "hideandfabric:fabric-cotton-square-down",
      "type": "block",
      "stacksize": 2,
      "stock": { "avg": 4, "var": 1 },
      "price": { "avg": 2, "var": 0.5 }
    }
  },
  {
    "file": "game:entities/humanoid/trader-clothing.json",
    "op": "add",
    "path": "/attributes/tradeProps/selling/list/-",
    "value": {
      "code": "hideandfabric:fabric-wool-diamond-down",
      "type": "block",
      "stacksize": 2,
      "stock": { "avg": 4, "var": 1 },
      "price": { "avg": 2, "var": 0.5 }
    }
  },
  {
    "file": "game:entities/humanoid/trader-clothing.json",
    "op": "add",
    "path": "/attributes/tradeProps/selling/list/-",
    "value": {
      "code": "hideandfabric:fabric-wool-normal-down",
      "type": "block",
      "stacksize": 2,
      "stock": { "avg": 4, "var": 1 },
      "price": { "avg": 2, "var": 0.5 }
    }
  },
  {
    "file": "game:entities/humanoid/trader-clothing.json",
    "op": "add",
    "path": "/attributes/tradeProps/selling/list/-",
    "value": {
      "code": "hideandfabric:fabric-wool-offset-down",
      "type": "block",
      "stacksize": 2,
      "stock": { "avg": 4, "var": 1 },
      "price": { "avg": 2, "var": 0.5 }
    }
  },
  {
    "file": "game:entities/humanoid/trader-clothing.json",
    "op": "add",
    "path": "/attributes/tradeProps/selling/list/-",
    "value": {
      "code": "hideandfabric:fabric-wool-square-down",
      "type": "block",
      "stacksize": 2,
      "stock": { "avg": 4, "var": 1 },
      "price": { "avg": 2, "var": 0.5 }
    }
  },
  {
    "file": "game:entities/humanoid/trader-clothing.json",
    "op": "add",
    "path": "/attributes/tradeProps/buying/list/-",
    "value": {
      "code": "hideandfabric:twine-cotton",
      "type": "item",
      "stacksize": 8,
      "stock": { "avg": 5, "var": 1.25 },
      "price": { "avg": 2.25, "var": 0.5 }
    }
  },
  {
    "file": "game:entities/humanoid/trader-clothing.json",
    "op": "add",
    "path": "/attributes/tradeProps/buying/list/-",
    "value": {
      "code": "hideandfabric:twine-wool",
      "type": "item",
      "stacksize": 8,
      "stock": { "avg": 5, "var": 1.25 },
      "price": { "avg": 2.25, "var": 0.5 }
    }
  },
  {
    "file": "game:entities/humanoid/trader-clothing.json",
    "op": "add",
    "path": "/attributes/tradeProps/buying/list/-",
    "value": {
      "code": "hideandfabric:fabric-cotton-normal-down",
      "type": "block",
      "stacksize": 2,
      "stock": { "avg": 4, "var": 1.25 },
      "price": { "avg": 2, "var": 0.25 }
    }
  },
  {
    "file": "game:entities/humanoid/trader-clothing.json",
    "op": "add",
    "path": "/attributes/tradeProps/buying/list/-",
    "value": {
      "code": "hideandfabric:fabric-wool-normal-down",
      "type": "block",
      "stacksize": 2,
      "stock": { "avg": 4, "var": 1.25 },
      "price": { "avg": 2, "var": 0.25 }
    }
  },
  {
    "file": "game:entities/humanoid/trader-clothing.json",
    "op": "add",
    "path": "/attributes/tradeProps/buying/list/-",
    "value": {
      "code": "hideandfabric:fabric-jute-normal-down",
      "type": "block",
      "stacksize": 2,
      "stock": { "avg": 4, "var": 1.25 },
      "price": { "avg": 2, "var": 0.25 }
    }
  }
]
