﻿[
  {
    "op": "add",
    "path": "/0/enabled",
    "value": false,
    "file": "paxel:recipes/grid/paxel-basalt.json",
    "condition": { "when": "PaxelBasaltRecipeEnabled", "isValue": "false" },
    "side": "server"
  },
  {
    "op": "add",
    "path": "/1/enabled",
    "value": false,
    "file": "paxel:recipes/grid/paxel-basalt.json",
    "condition": { "when": "PaxelBasaltRecipeEnabled", "isValue": "false" },
    "side": "server"
  },
  {
    "op": "add",
    "path": "/2/enabled",
    "value": false,
    "file": "paxel:recipes/grid/paxel-basalt.json",
    "condition": { "when": "PaxelBasaltRecipeEnabled", "isValue": "false" },
    "side": "server"
  },
  {
    "op": "add",
    "path": "/3/enabled",
    "value": false,
    "file": "paxel:recipes/grid/paxel-basalt.json",
    "condition": { "when": "PaxelBasaltRecipeEnabled", "isValue": "false" },
    "side": "server"
  }
]