﻿[
  {
    "op": "add",
    "path": "/0/enabled",
    "value": false,
    "file": "paxel:recipes/grid/paxel-gold.json",
    "condition": { "when": "PaxelGoldRecipeEnabled", "isValue": "false" },
    "side": "server"
  },
  {
    "op": "add",
    "path": "/1/enabled",
    "value": false,
    "file": "paxel:recipes/grid/paxel-gold.json",
    "condition": { "when": "PaxelGoldRecipeEnabled", "isValue": "false" },
    "side": "server"
  },
  {
    "op": "add",
    "path": "/2/enabled",
    "value": false,
    "file": "paxel:recipes/grid/paxel-gold.json",
    "condition": { "when": "PaxelGoldRecipeEnabled", "isValue": "false" },
    "side": "server"
  },
  {
    "op": "add",
    "path": "/3/enabled",
    "value": false,
    "file": "paxel:recipes/grid/paxel-gold.json",
    "condition": { "when": "PaxelGoldRecipeEnabled", "isValue": "false" },
    "side": "server"
  },
  {
    "op": "add",
    "path": "/4/enabled",
    "value": false,
    "file": "paxel:recipes/grid/paxel-gold.json",
    "condition": { "when": "PaxelGoldRecipeEnabled", "isValue": "false" },
    "side": "server"
  },
  {
    "op": "add",
    "path": "/5/enabled",
    "value": false,
    "file": "paxel:recipes/grid/paxel-gold.json",
    "condition": { "when": "PaxelGoldRecipeEnabled", "isValue": "false" },
    "side": "server"
  }
]