﻿{
	"code": "chiselplasterplain",
	"class": "ChiselableBlock",
	"variantgroups": [
		{
			"code": "part",
			"states": [ "plain", "square" ]
		}
	],
	"attributes": {
		"canChisel": true,
		"createdByText": "workbench-expansion-crafting"
	},
	"shape": { "base": "game:block/stone/plaster" },
	"blockmaterial": "Stone",
	"replaceable": 500,
	"resistance": 1.5,
	"lightAbsorption": 99,
	"heldTpIdleAnimation": "holdbothhandslarge",
	"heldTpUseAnimation": "twohandplaceblock",
	"textures": {
		"all": { "base": "game:block/stone/plaster/{part}" }
	},
	"sounds": {
		"walk": "walk/stone"
	},
	"tpHandTransform": {
		"translation": {
			"x": -1.2,
			"y": -1.1,
			"z": -0.8
		},
		"rotation": {
			"x": -2,
			"y": 25,
			"z": -78
		},
		"scale": 0.37
	}
}