{
	"enabled":  false,
	code: "acornbreadedfishnugget",
  	class: "ExpandedFood",
	maxstacksize: 64,
	variantgroups: [

		{ code: "state", states: ["smashed", "partbaked", "tender", "charred", "syruppartbaked", "syrups", "syrupcharred", "oiled"] },
	],
	attributes: {
  		"expandedNutritionProps": {
			"game:flour-flax": {saturation: 80, foodcategory: "Grain"},
			"game:flour-rye": {saturation: 150, foodcategory: "Grain"},
			"game:flour-spelt": {saturation: 150, foodcategory: "Grain"},
			"game:flour-cassava": {saturation: 150, foodcategory: "Grain"},
			"game:flour-amaranth": {saturation: 150, foodcategory: "Grain"},
			"game:flour-sunflower": {saturation: 150, foodcategory: "Grain"},
			"game:flour-rice": {saturation: 165, foodcategory: "Grain"},
			"game:flour-birch": {saturation: 150, foodcategory: "Grain"},
			"game:flour-pine": {saturation: 150, foodcategory: "Grain"},
			"acorns:flour-acorn": {saturation: 150, foodcategory: "Grain"},
			"expandedfoods:acornbreadcrumbs-flax": {saturation: 80, foodcategory: "Grain"},
			"expandedfoods:acornbreadcrumbs-rice": {saturation: 160, foodcategory: "Grain"},
			"expandedfoods:acornbreadcrumbs-spelt": {saturation: 150, foodcategory: "Grain"},
			"expandedfoods:acornbreadcrumbs-rye": {saturation: 150, foodcategory: "Grain"},
			"expandedfoods:acornbreadcrumbs-cassava": {saturation: 150, foodcategory: "Grain"},
			"expandedfoods:acornbreadcrumbs-amaranth": {saturation: 150, foodcategory: "Grain"},
			"expandedfoods:acornbreadcrumbs-sunflower": {saturation: 150, foodcategory: "Grain"},
			"aculinaryartillery:eggwhiteportion": { saturation: 3, foodcategory: "Protein"},
			"aculinaryartillery:eggyolkportion-chicken": { saturation: 17, foodcategory: "Protein"},
			"aculinaryartillery:eggyolkportion-pheasant": { saturation: 25, foodcategory: "Protein"},
			"aculinaryartillery:eggyolkportion-goldenpheasant": { saturation: 25, foodcategory: "Protein"},
			"aculinaryartillery:eggyolkportion-capercaillie": { saturation: 25, foodcategory: "Protein"},
			"aculinaryartillery:eggyolkfullportion-chicken": { saturation: 20, foodcategory: "Protein"},
			"aculinaryartillery:eggyolkfullportion-pheasant": { saturation: 28, foodcategory: "Protein"},
			"aculinaryartillery:eggyolkfullportion-goldenpheasant": { saturation: 28, foodcategory: "Protein"},
			"aculinaryartillery:eggyolkfullportion-capercaillie": { saturation: 28, foodcategory: "Protein"},
			"expandedfoods:fishnugget-raw": {saturation: 90, foodcategory: "Protein"},
    		"expandedfoods:foodoilportion-*" : { saturation: 6.4, "health": 0.1, foodcategory: "Fruit" },
    		"expandedfoods:treesyrupportion-*" : { saturation: 9.6, "health": 0.1, foodcategory: "Fruit" },
    		"expandedfoods:fruitsyrupportion-saguaro" : { saturation: 12, "health": 0.2, foodcategory: "Fruit" }, 
      		"expandedfoods:fruitsyrupportion-*" : { saturation: 12, "health": 0.1, foodcategory: "Fruit" },
      		"expandedfoods:wildfruitsyrupportion-*" : { saturation: 12, "health": 0.1, foodcategory: "Fruit" },
    		"expandedfoods:lard" : { saturation: 16, "health": 0.1, foodcategory: "Protein" },
    		"expandedfoods:fishsauce" : { saturation: 5, foodcategory: "Protein" },
    		"expandedfoods:soysauce" : { saturation: 6.4, "health": 0.1, foodcategory: "Protein" },
    		"game:honeyportion" : { saturation: 4, foodcategory: "Fruit" },
			"game:salt": {saturation: 10, health: 0.5, foodcategory: "Grain"},
		},
		renderIngredientsByType: {
			"*-oiled": 
				{
				"expandedfoods:fishnugget-smashed": "expandedfoods:shapes/item/food/primitivesurvival/fish-smash.json",
			},
			"*-smashed": 
				{
				"expandedfoods:fishnugget-smashed": "expandedfoods:shapes/item/food/primitivesurvival/fish-smash.json",
			},
			"*-partbaked": 
				{
				"expandedfoods:fishnugget-smashed": "expandedfoods:shapes/item/food/primitivesurvival/fish-tender.json",
			},
			"*-tender": 
				{
				"expandedfoods:fishnugget-smashed": "expandedfoods:shapes/item/food/primitivesurvival/fish-tender.json",
			},
			"*-charred": 
				{
				"expandedfoods:fishnugget-smashed": "expandedfoods:shapes/item/food/primitivesurvival/fish-tender.json",
			},
			"*-syruppartbaked": 
				{
				"expandedfoods:fishnugget-smashed": "expandedfoods:shapes/item/food/primitivesurvival/fish-tender.json",
			},
			"*-syrups": 
				{
				"expandedfoods:fishnugget-smashed": "expandedfoods:shapes/item/food/primitivesurvival/fish-tender.json",
			},
			"*-syrupcharred": 
				{
				"expandedfoods:fishnugget-smashed": "expandedfoods:shapes/item/food/primitivesurvival/fish-tender.json",
			},
		},
		bakingPropertiesByType: {
			"*-smashed": {
				temp: 150,
				levelFrom: 0.0,
				levelTo: 0.25,
				startScaleY: 1.0,
				endScaleY: 1.0,
				resultCode: "expandedfoods:acornbreadedfishnugget-partbaked",
			},
			"*-oiled": {
				temp: 150,
				levelFrom: 0.0,
				levelTo: 0.25,
				startScaleY: 1.0,
				endScaleY: 1.0,
				resultCode: "expandedfoods:acornbreadedfishnugget-partbaked",
			},
			"*-partbaked": {
				temp: 150,
				levelFrom: 0.25,
				levelTo: 0.5,
				startScaleY: 1.0,
				endScaleY: 1.0,
				resultCode: "expandedfoods:acornbreadedfishnugget-tender",
				initialCode: "expandedfoods:acornbreadedfishnugget-{smashed|oiled}",
			},
			"*-tender": {
				temp: 150,
				levelFrom: 0.5,
				levelTo: 0.75,
				startScaleY: 1.0,
				endScaleY: 1.0,
				resultCode: "expandedfoods:acornbreadedfishnugget-charred",
				initialCode: "expandedfoods:acornbreadedfishnugget-partbaked",
			},
			"*-charred": {
				temp: 150,
				levelFrom: 0.75,
				levelTo: 1.0,
				startScaleY: 1.0,
				endScaleY: 0.9,
				initialCode: "expandedfoods:acornbreadedfishnugget-tender",
			},
			"*-syruppartbaked": {
				temp: 150,
				levelFrom: 0.25,
				levelTo: 0.5,
				startScaleY: 1.0,
				endScaleY: 1.0,
				resultCode: "expandedfoods:acornbreadedfishnugget-syrups"
			},
			"*-syrups": {
				temp: 150,
				levelFrom: 0.5,
				levelTo: 0.75,
				startScaleY: 1.0,
				endScaleY: 1.0,
				resultCode: "expandedfoods:acornbreadedfishnugget-syrupcharred",
				initialCode: "expandedfoods:acornbreadedfishnugget-syruppartbaked",
			},
			"*-syrupcharred": {
				temp: 150,
				levelFrom: 0.75,
				levelTo: 1.0,
				startScaleY: 1.0,
				endScaleY: 0.9,
				initialCode: "expandedfoods:acornbreadedfishnugget-syrups",
			},
		},
		onDisplayTransform: { 
			translation: { x: 0, y: -.325, z: 0 },
			scale: 0.33 
		},
		satMultByType: {
			"*-partbaked": 0.5,
			"*-cooked": 1,
			"*-charred": 0.75,
			"*-syruppartbaked": 0.5,
			"*-syrups": 1,
			"*-syrupcharred": 0.75
		},
	},
	shapebytype:	{
		"*-syruppartbaked": {base: "item/food/primitivesurvival/fish-tender"},
		"*-syrups": {base: "item/food/primitivesurvival/fish-tender"},
		"*-syrupcharred": {base: "item/food/primitivesurvival/fish-tender"},
		"*-partbaked": {base: "item/food/primitivesurvival/fish-tender"},
		"*-tender": {base: "item/food/primitivesurvival/fish-tender"},
		"*-charred": {base: "item/food/primitivesurvival/fish-tender"},
		"*-smashed": {base: "item/food/primitivesurvival/fish-smash"},
		"*-oiled": {base: "item/food/primitivesurvival/fish-smash"}
	},
	texturesbytype: {
		"*-oiled":	{
			"raw": {base: "expandedfoods:item/food/grain/breading/acorn-oiled" },
		},		
		"*-syruppartbaked":	{
			"cooked": {base: "expandedfoods:item/food/grain/breading/acorn-fish" },
		},
		"*-syrups":	{
			"cooked": {base: "expandedfoods:item/food/grain/breading/acorn-fish" },
		},
		"*-syrupcharred":	{
			"cooked": {base: "expandedfoods:item/food/grain/breading/acorn-fish" },
		},
		"*-partbaked":	{
			"cooked": {base: "expandedfoods:item/food/grain/breading/acorn-partbaked" },
			"meat": {base: "expandedfoods:item/food/grain/breading/acorn-partbaked" },
		},
		"*-tender":	{
			"cooked": {base: "expandedfoods:item/food/grain/breading/acorn-cooked" },
		},
		"*-charred":	{
			"cooked": {base: "expandedfoods:item/food/grain/breading/acorn-charred" },
			"meat": {base: "expandedfoods:item/food/grain/breading/acorn-charred" },
		},
		"*-smashed":	{
			"raw": {base: "expandedfoods:item/food/grain/breading/acorn-raw" },
		},
	},
	nutritionPropsByType: {
		"*-syrups": { satiety: 90, foodcategory: "Protein" },
		"*-tender": { satiety: 90, foodcategory: "Protein" },
		"*-syruppartbaked": { satiety: 80, foodcategory: "Protein" },
		"*-partbaked": { satiety: 80, foodcategory: "Protein" },
		"*-syrupcharred": { satiety: 70, foodcategory: "Protein" },
		"*-charred": { satiety: 70, foodcategory: "Protein" },

	},
	creativeinventory: { "general": ["*"], "items": ["*"], "expandedfoods": ["*"] },
	materialDensity: 600,
	transitionablePropsByType: {
		"*-oiled": [{
			type: "Perish",
			freshHours: { avg: 24 },
			transitionHours: { avg: 48 },
			transitionedStack: { type: "item", code: "game:rot" },
			transitionRatio: 1
			}
		],
		"*-smashed": [{
			type: "Perish",
			freshHours: { avg: 24 },
			transitionHours: { avg: 48 },
			transitionedStack: { type: "item", code: "game:rot" },
			transitionRatio: 1
			}
		],
		"*-charred": [{
			type: "Perish",
			freshHours: { avg: 200 },
			transitionHours: { avg: 144 },
			transitionedStack: { type: "item", code: "game:rot" },
			transitionRatio: 1
		}],
		"*-syrupcharred": [{
			type: "Perish",
			freshHours: { avg: 200 },
			transitionHours: { avg: 144 },
			transitionedStack: { type: "item", code: "game:rot" },
			transitionRatio: 1
		}],
		"*": [{
			type: "Perish",
			freshHours: { avg: 100 },
			transitionHours: { avg: 72 },
			transitionedStack: { type: "item", code: "game:rot" },
			transitionRatio: 1
		}],
	},
	materialDensity: 600,
	guiTransformByType: {
		"*": {
			rotate: false,
			translation: { x: 0, y: 0, z: 0 },
			rotation: { x: -60, y: -158, z: -180 },
			origin: { x: 0.45, y: 0, z: 0.55 },
			scale: 1.54
		},
	},
	fpHandTransformByType: {
		"*": {
			translation: { x: -0.06, y: 0.26, z: 0.13 },
			rotation: { x: 53, y: -5, z: -18 },
			origin: { x: 0.5, y: 0.1, z: 0.5 },
			scale: 0.8
		},
	},
	tpHandTransformByType: {
		"*": {
			translation: { x: 0, y: 0, z: 0 },
			rotation: { x: 0, y: 0, z: -13 },
			origin: { x: 0.13, y: 0, z: 0.14 },
			scale: 0.4	
		},
	},
	groundTransformByType: {
		"*": {
			translation: { x: 0, y: 0, z: 0 },
			rotation: { x: 0, y: 0, z: 0 },
			origin: { x: 0, y: 0, z: 0. },
			scale: 2
		},
	},
	combustiblePropsByType: {
		"acornbreadedfishnugget-oiled": {
			meltingPoint: 150,
			meltingDuration: 30,
			smeltedRatio: 1,
			smeltingType: "cook",
			smeltedStack: { type: "item", code: "acornbreadedfishnugget-charred" },
			requiresContainer: false
		},
		"acornbreadedfishnugget-smashed": {
			meltingPoint: 150,
			meltingDuration: 30,
			smeltedRatio: 1,
			smeltingType: "cook",
			smeltedStack: { type: "item", code: "acornbreadedfishnugget-charred" },
			requiresContainer: false
		},
		"acornbreadedfishnugget-partbaked": {
			meltingPoint: 150,
			meltingDuration: 30,
			smeltedRatio: 1,
			smeltingType: "cook",
			smeltedStack: { type: "item", code: "acornbreadedfishnugget-charred" },
			requiresContainer: false
		},
		"acornbreadedfishnugget-tender": {
			meltingPoint: 150,
			meltingDuration: 30,
			smeltedRatio: 1,
			smeltingType: "cook",
			smeltedStack: { type: "item", code: "acornbreadedfishnugget-charred" },
			requiresContainer: false
		},
		"acornbreadedfishnugget-syruppartbaked": {
			meltingPoint: 150,
			meltingDuration: 30,
			smeltedRatio: 1,
			smeltingType: "cook",
			smeltedStack: { type: "item", code: "acornbreadedfishnugget-syrupcharred" },
			requiresContainer: false
		},
		"acornbreadedfishnugget-syrups": {
			meltingPoint: 150,
			meltingDuration: 30,
			smeltedRatio: 1,
			smeltingType: "cook",
			smeltedStack: { type: "item", code: "acornbreadedfishnugget-syrupcharred" },
			requiresContainer: false
		},
	}
}