[
  {
    "file": "woodchests:blocktypes/trunks",
    "side": "Server",
    "op": "add",
    "path": "/behaviors/-",
    "value": {
      "name": "Carryable",
      "properties": {
        "translation": [
          0.0625,
          0,
          -0.5
        ],
        "rotation": [
          0,
          0,
          0
        ],
        "slots": {
          "Hands": {
            "animation": "carryon:holdheavy",
            "walkSpeedModifier": -0.5
          },
          "Back": {
            "walkSpeedModifier": -0.2,
            "rotation": [
              0,
              180,
              0
            ]
          }
        },
        "patchPriority": 1
      }
    },
    "condition": {
      "when": "carryon:AllowChestTrunksOnBack",
      "isValue": "true"
    },    
    "dependsOn": [
      {
        "modid": "woodchests"
      }
    ]
  }
]