{
	"editor": {
		"allAngles": false,
		"entityTextureMode": true
	},
	"textureWidth": 16,
	"textureHeight": 16,
	"textureSizes": {
	},
	"textures": {
		"brownclay": "block/soil/brownclay"
	},
	"elements": [
		{
			"name": "origin",
			"from": [ 8.0, 0.0, 8.0 ], 
			"to": [ 8.0, 0.0, 8.0 ], 
			"uv": [ 0.0, 0.0 ],
			"rotationOrigin": [ 8.0, 0.0, 8.0 ],
			"faces": {
				"north": { "texture": "#null", "uv": [ 0.0, 0.5, 0.5, 1.0 ], "enabled": false },
				"east": { "texture": "#null", "uv": [ 0.5, 0.5, 1.0, 1.0 ], "enabled": false },
				"south": { "texture": "#null", "uv": [ 1.0, 0.5, 1.5, 1.0 ], "enabled": false },
				"west": { "texture": "#null", "uv": [ 1.5, 0.5, 2.0, 1.0 ], "enabled": false },
				"up": { "texture": "#null", "uv": [ 0.0, 0.0, 0.5, 0.5 ], "enabled": false },
				"down": { "texture": "#null", "uv": [ 0.5, 0.0, 1.0, 0.5 ], "enabled": false }
			},
			"children": [
				{
					"name": "Main",
					"from": [ -3.0, 0.0, -3.0 ], 
					"to": [ 3.0, 3.0, 3.0 ], 
					"unwrapMode": 6,
					"uv": [ 0.0, 2.0 ],
					"rotationOrigin": [ 0.0, 0.0, 0.0 ],
					"rotationY": 22.5,
					"faces": {
						"north": { "texture": "#brownclay", "uv": [ 3.0, 2.0, 9.0, 5.0 ] },
						"east": { "texture": "#brownclay", "uv": [ 0.0, 5.0, 3.0, 11.0 ], "rotation": 90 },
						"south": { "texture": "#brownclay", "uv": [ 3.0, 11.0, 9.0, 14.0 ], "rotation": 180 },
						"west": { "texture": "#brownclay", "uv": [ 9.0, 5.0, 12.0, 11.0 ], "rotation": 270 },
						"up": { "texture": "#brownclay", "uv": [ 5.0, 1.0, 11.0, 7.0 ] },
						"down": { "texture": "#brownclay", "uv": [ 3.0, 5.0, 9.0, 11.0 ] }
					},
					"children": [
						{
							"name": "Cube1",
							"from": [ 3.0, 0.1, 3.0 ], 
							"to": [ 7.0, 2.1, 7.0 ], 
							"uv": [ 0.0, 10.0 ],
							"rotationOrigin": [ 5.0, 0.1, 5.0 ],
							"rotationY": 45.0,
							"faces": {
								"north": { "texture": "#brownclay", "uv": [ 0.0, 14.0, 4.0, 16.0 ], "enabled": false },
								"east": { "texture": "#brownclay", "uv": [ 4.0, 14.0, 8.0, 16.0 ] },
								"south": { "texture": "#brownclay", "uv": [ 8.0, 14.0, 12.0, 16.0 ] },
								"west": { "texture": "#brownclay", "uv": [ 12.0, 14.0, 16.0, 16.0 ] },
								"up": { "texture": "#brownclay", "uv": [ 0.0, 10.0, 4.0, 14.0 ] },
								"down": { "texture": "#brownclay", "uv": [ 4.0, 10.0, 8.0, 14.0 ] }
							}
						},
						{
							"name": "Cube3",
							"from": [ 1.0, 3.0, 1.0 ], 
							"to": [ 4.0, 4.0, 4.0 ], 
							"uv": [ 4.0, 4.0 ],
							"rotationOrigin": [ 2.5, 3.0, 2.5 ],
							"rotationY": -22.5,
							"faces": {
								"north": { "texture": "#brownclay", "uv": [ 4.0, 7.0, 7.0, 8.0 ] },
								"east": { "texture": "#brownclay", "uv": [ 7.0, 7.0, 10.0, 8.0 ] },
								"south": { "texture": "#brownclay", "uv": [ 10.0, 7.0, 13.0, 8.0 ] },
								"west": { "texture": "#brownclay", "uv": [ 13.0, 7.0, 16.0, 8.0 ] },
								"up": { "texture": "#brownclay", "uv": [ 4.0, 4.0, 7.0, 7.0 ] },
								"down": { "texture": "#brownclay", "uv": [ 3.0, 0.0, 6.0, 3.0 ], "enabled": false }
							}
						},
						{
							"name": "Cube5",
							"from": [ -3.0, 0.0, -1.0 ], 
							"to": [ -1.0, 1.0, 2.0 ], 
							"uv": [ 6.0, 6.0 ],
							"rotationOrigin": [ -2.0, 0.0, 0.5 ],
							"rotationY": -22.5,
							"faces": {
								"north": { "texture": "#brownclay", "uv": [ 6.0, 9.0, 8.0, 10.0 ] },
								"east": { "texture": "#brownclay", "uv": [ 8.0, 9.0, 11.0, 10.0 ] },
								"south": { "texture": "#brownclay", "uv": [ 11.0, 9.0, 13.0, 10.0 ] },
								"west": { "texture": "#brownclay", "uv": [ 13.0, 9.0, 16.0, 10.0 ] },
								"up": { "texture": "#brownclay", "uv": [ 6.0, 6.0, 8.0, 9.0 ] },
								"down": { "texture": "#brownclay", "uv": [ 8.0, 6.0, 10.0, 9.0 ] }
							}
						},
						{
							"name": "Cube6",
							"from": [ -2.0, 0.1, 4.0 ], 
							"to": [ 2.0, 1.6, 7.0 ], 
							"uv": [ 0.0, 0.0 ],
							"rotationOrigin": [ 0.0, 0.1, 5.5 ],
							"rotationY": 90.0,
							"faces": {
								"north": { "texture": "#brownclay", "uv": [ 5.0, 3.5, 9.0, 5.0 ] },
								"east": { "texture": "#brownclay", "uv": [ 3.0, 5.0, 6.0, 6.5 ] },
								"south": { "texture": "#brownclay", "uv": [ 0.0, 0.0, 4.0, 1.5 ] },
								"west": { "texture": "#brownclay", "uv": [ 0.0, 0.0, 3.0, 1.5 ] },
								"up": { "texture": "#brownclay", "uv": [ 0.0, 0.0, 4.0, 3.0 ] },
								"down": { "texture": "#brownclay", "uv": [ 0.0, 0.0, 4.0, 3.0 ] }
							},
							"children": [
								{
									"name": "Cube9",
									"from": [ 1.0, 1.5, 1.0 ], 
									"to": [ 2.0, 2.5, 2.0 ], 
									"uv": [ 8.0, 0.0 ],
									"rotationOrigin": [ 1.5, 1.5, 1.5 ],
									"rotationY": -45.0,
									"faces": {
										"north": { "texture": "#brownclay", "uv": [ 8.0, 1.0, 9.0, 2.0 ] },
										"east": { "texture": "#brownclay", "uv": [ 9.0, 1.0, 10.0, 2.0 ] },
										"south": { "texture": "#brownclay", "uv": [ 10.0, 1.0, 11.0, 2.0 ] },
										"west": { "texture": "#brownclay", "uv": [ 11.0, 1.0, 12.0, 2.0 ] },
										"up": { "texture": "#brownclay", "uv": [ 8.0, 0.0, 9.0, 1.0 ] },
										"down": { "texture": "#brownclay", "uv": [ 9.0, 0.0, 10.0, 1.0 ] }
									}
								}
							]
						},
						{
							"name": "Cube7",
							"from": [ 2.0, 0.1, -2.0 ], 
							"to": [ 6.0, 2.1, 2.0 ], 
							"uv": [ 0.0, 10.0 ],
							"rotationOrigin": [ 4.0, 0.1, 0.0 ],
							"rotationY": -112.5,
							"faces": {
								"north": { "texture": "#brownclay", "uv": [ 0.0, 14.0, 4.0, 16.0 ] },
								"east": { "texture": "#brownclay", "uv": [ 4.0, 14.0, 8.0, 16.0 ], "enabled": false },
								"south": { "texture": "#brownclay", "uv": [ 8.0, 14.0, 12.0, 16.0 ] },
								"west": { "texture": "#brownclay", "uv": [ 12.0, 14.0, 16.0, 16.0 ] },
								"up": { "texture": "#brownclay", "uv": [ 0.0, 10.0, 4.0, 14.0 ] },
								"down": { "texture": "#brownclay", "uv": [ 4.0, 10.0, 8.0, 14.0 ] }
							}
						},
						{
							"name": "Cube8",
							"from": [ 4.0, 3.0, 4.0 ], 
							"to": [ 5.0, 3.5, 5.0 ], 
							"uv": [ 12.0, 4.0 ],
							"rotationOrigin": [ 4.5, 3.0, 4.5 ],
							"rotationY": -22.5,
							"faces": {
								"north": { "texture": "#brownclay", "uv": [ 12.0, 5.0, 13.0, 5.5 ] },
								"east": { "texture": "#brownclay", "uv": [ 13.0, 5.0, 14.0, 5.5 ] },
								"south": { "texture": "#brownclay", "uv": [ 14.0, 5.0, 15.0, 5.5 ] },
								"west": { "texture": "#brownclay", "uv": [ 15.0, 5.0, 16.0, 5.5 ] },
								"up": { "texture": "#brownclay", "uv": [ 12.0, 4.0, 13.0, 5.0 ] },
								"down": { "texture": "#brownclay", "uv": [ 0.0, 0.0, 1.0, 1.0 ], "enabled": false }
							}
						},
						{
							"name": "Cube12",
							"from": [ 5.0, -0.1, 1.0 ], 
							"to": [ 7.0, 0.9, 4.0 ], 
							"uv": [ 9.0, 10.0 ],
							"rotationOrigin": [ 6.0, -0.1, 2.5 ],
							"rotationY": 22.5,
							"faces": {
								"north": { "texture": "#brownclay", "uv": [ 9.0, 13.0, 11.0, 14.0 ] },
								"east": { "texture": "#brownclay", "uv": [ 11.0, 13.0, 14.0, 14.0 ] },
								"south": { "texture": "#brownclay", "uv": [ 14.0, 13.0, 16.0, 14.0 ] },
								"west": { "texture": "#brownclay", "uv": [ 0.0, 0.0, 3.0, 1.0 ], "enabled": false },
								"up": { "texture": "#brownclay", "uv": [ 9.0, 10.0, 11.0, 13.0 ] },
								"down": { "texture": "#brownclay", "uv": [ 11.0, 10.0, 13.0, 13.0 ] }
							}
						}
					]
				},
				{
					"name": "Cube10",
					"from": [ 1.0, 0.0, 4.0 ], 
					"to": [ 2.0, 1.0, 5.0 ], 
					"uv": [ 12.0, 12.0 ],
					"rotationOrigin": [ 1.5, 0.0, 4.5 ],
					"rotationY": 22.5,
					"faces": {
						"north": { "texture": "#brownclay", "uv": [ 12.0, 13.0, 13.0, 14.0 ] },
						"east": { "texture": "#brownclay", "uv": [ 13.0, 13.0, 14.0, 14.0 ] },
						"south": { "texture": "#brownclay", "uv": [ 14.0, 13.0, 15.0, 14.0 ] },
						"west": { "texture": "#brownclay", "uv": [ 15.0, 13.0, 16.0, 14.0 ] },
						"up": { "texture": "#brownclay", "uv": [ 12.0, 12.0, 13.0, 13.0 ] },
						"down": { "texture": "#brownclay", "uv": [ 13.0, 12.0, 14.0, 13.0 ] }
					}
				},
				{
					"name": "Cube11",
					"from": [ -5.0, 0.0, -4.0 ], 
					"to": [ -4.0, 1.0, -3.0 ], 
					"uv": [ 12.0, 0.0 ],
					"rotationOrigin": [ -4.5, 0.0, -3.5 ],
					"rotationY": -45.0,
					"faces": {
						"north": { "texture": "#brownclay", "uv": [ 12.0, 1.0, 13.0, 2.0 ] },
						"east": { "texture": "#brownclay", "uv": [ 13.0, 1.0, 14.0, 2.0 ] },
						"south": { "texture": "#brownclay", "uv": [ 14.0, 1.0, 15.0, 2.0 ] },
						"west": { "texture": "#brownclay", "uv": [ 15.0, 1.0, 16.0, 2.0 ] },
						"up": { "texture": "#brownclay", "uv": [ 12.0, 0.0, 13.0, 1.0 ] },
						"down": { "texture": "#brownclay", "uv": [ 13.0, 0.0, 14.0, 1.0 ] }
					}
				}
			]
		}
	]}