{
	code: "pressedmash",
	class: "ItemPressedMash",
	maxstacksize: 64,
	variantgroups: [
		{ code: "fruit", loadFromProperties: "wildcrafttrees:block/treefruit" },
	],
	skipVariants: ["*-almond","*-cocoa","*-commonhackberry","*-sugarhackberry", "*-hazelnut"],
	attributes: {
		juiceablePropertiesByType: {
			"@*-(purpleplum)": {
				liquidStack: { type: "item", code: "wildcrafttrees:juiceportion-purpleplum", stacksize: 1 },
				pressedStack: { type: "item", code: "wildcrafttrees:pressedmash-purpleplum", stacksize: 1 }
			},
			"*-almond": null,
			"*-cocoa": null,
			"*-commonhackberry": null,
			"*-sugarhackberry": null,
			"*-hazelnut": null,
			"*": {
				liquidStack: { type: "item", code: "wildcrafttrees:juiceportion-{fruit}", stacksize: 1 },
				pressedStack: { type: "item", code: "wildcrafttrees:pressedmash-{fruit}", stacksize: 1 }
			}
		}		
	},
	shape: { base: "game:item/pressedmash" },
	textures: {
		"material": { base: "wildcrafttrees:block/food/pie/fill-{fruit}" },
	},
	creativeinventory: { "general": ["*"], "items": ["*"] },
	transitionableProps: [{
		type: "Perish",
		freshHours: { avg: 36 },
		transitionHours: { avg: 12 },
		transitionedStack: { type: "item", code: "game:rot" },
		transitionRatio: 1
	}],
	fpHandTransform: {
		rotation: { x: 29, y: 113, z: -30 },
		origin: { x: 0.5, y: 0.25, z: 0.5 },
		scale: 1.44
	},
	guiTransform: {
		translation: { x: 0, y: 0, z: 0 },
		rotation: { x: -28, y: -40, z: 0 },
		origin: { x: 0.49, y: 0.04, z: 0.53 },
		scale: 2.3
	},
	groundTransform: {
		translation: { x: 0, y: 0, z: 0 },
		rotation: { x: 0, y: 0, z: 0 },
		origin: { x: 0.5, y: 0, z: 0.5 },
		scale: 2
	},
	tpHandTransform: {
		translation: { x: -1.1, y: -0.3, z: -0.9 },
		rotation: { x: 1, y: -34, z: -11 },
		origin: { x: 0.5, y: 0.25, z: 0.5 },
		scale: 0.5
	}
}