{
	code: "breadedmeatnugget",
  	class: "ExpandedFood",
	maxstacksize: 64,
	variantgroups: [

		{ code: "type",	states: [ "flax", "rice", "rye", "spelt", "cassava", "amaranth", "sunflower", 
				"birch", "pine" ]},
		{ code: "meat", states: ["bushmeat", "poultry", "redmeat"]},	
		{ code: "state", states: ["smashed", "partbaked", "tender", "charred", "syruppartbaked", "syrups", "syrupcharred", "oiled"] },
	],
	attributes: {
  		"expandedNutritionProps": {
			"game:flour-flax": {saturation: 80, foodcategory: "Grain"},
			"game:flour-rye": {saturation: 150, foodcategory: "Grain"},
			"game:flour-spelt": {saturation: 150, foodcategory: "Grain"},
			"game:flour-cassava": {saturation: 150, foodcategory: "Grain"},
			"game:flour-amaranth": {saturation: 150, foodcategory: "Grain"},
			"game:flour-sunflower": {saturation: 150, foodcategory: "Grain"},
			"game:flour-rice": {saturation: 165, foodcategory: "Grain"},
			"game:flour-birch": {saturation: 150, foodcategory: "Grain"},
			"game:flour-pine": {saturation: 150, foodcategory: "Grain"},
			"acorns:flour-acorn": {saturation: 150, foodcategory: "Grain"},
			"expandedfoods:breadcrumbs-flax": {saturation: 80, foodcategory: "Grain"},
			"expandedfoods:breadcrumbs-rice": {saturation: 160, foodcategory: "Grain"},
			"expandedfoods:breadcrumbs-spelt": {saturation: 150, foodcategory: "Grain"},
			"expandedfoods:breadcrumbs-rye": {saturation: 150, foodcategory: "Grain"},
			"expandedfoods:breadcrumbs-cassava": {saturation: 150, foodcategory: "Grain"},
			"expandedfoods:breadcrumbs-amaranth": {saturation: 150, foodcategory: "Grain"},
			"expandedfoods:breadcrumbs-sunflower": {saturation: 150, foodcategory: "Grain"},
			"expandedfoods:breadcrumbs-birch": {saturation: 150, foodcategory: "Grain"},
			"expandedfoods:breadcrumbs-pine": {saturation: 150, foodcategory: "Grain"},
			"expandedfoods:herbalbreadcrumbs": {saturation: 150, "health": 0.5, foodcategory: "Grain"},
			"aculinaryartillery:eggwhiteportion": { saturation: 3, foodcategory: "Protein"},
			"aculinaryartillery:eggyolkportion-chicken": { saturation: 17, foodcategory: "Protein"},
			"aculinaryartillery:eggyolkportion-pheasant": { saturation: 25, foodcategory: "Protein"},
			"aculinaryartillery:eggyolkportion-goldenpheasant": { saturation: 25, foodcategory: "Protein"},
			"aculinaryartillery:eggyolkportion-capercaillie": { saturation: 25, foodcategory: "Protein"},
			"aculinaryartillery:eggyolkfullportion-chicken": { saturation: 20, foodcategory: "Protein"},
			"aculinaryartillery:eggyolkfullportion-pheasant": { saturation: 28, foodcategory: "Protein"},
			"aculinaryartillery:eggyolkfullportion-goldenpheasant": { saturation: 28, foodcategory: "Protein"},
			"aculinaryartillery:eggyolkfullportion-capercaillie": { saturation: 28, foodcategory: "Protein"},
    		"expandedfoods:foodoilportion-*" : { saturation: 6.4, "health": 0.1, foodcategory: "Fruit" },
    		"expandedfoods:treesyrupportion-*" : { saturation: 9.6, "health": 0.1, foodcategory: "Fruit" },
    		"expandedfoods:fruitsyrupportion-saguaro" : { saturation: 12, "health": 0.2, foodcategory: "Fruit" }, 
      		"expandedfoods:fruitsyrupportion-*" : { saturation: 12, "health": 0.1, foodcategory: "Fruit" },
      		"expandedfoods:wildfruitsyrupportion-*" : { saturation: 12, "health": 0.1, foodcategory: "Fruit" },
    		"expandedfoods:lard" : { saturation: 16, "health": 0.1, foodcategory: "Protein" },
    		"expandedfoods:fishsauce" : { saturation: 5, foodcategory: "Protein" },
    		"expandedfoods:soysauce" : { saturation: 6.4, "health": 0.1, foodcategory: "Protein" },
    		"game:honeyportion" : { saturation: 4, foodcategory: "Fruit" },
			"game:salt": {saturation: 10, health: 0.5, foodcategory: "Grain"},
		},
		bakingPropertiesByType: {
			"*-smashed": {
				temp: 150,
				levelFrom: 0.0,
				levelTo: 0.25,
				startScaleY: 1.0,
				endScaleY: 1.0,
				resultCode: "expandedfoods:breadedmeatnugget-{type}-{meat}-partbaked",
			},
			"*-oiled": {
				temp: 150,
				levelFrom: 0.0,
				levelTo: 0.25,
				startScaleY: 1.0,
				endScaleY: 1.0,
				resultCode: "expandedfoods:breadedmeatnugget-{type}-{meat}-partbaked",
			},
			"*-partbaked": {
				temp: 150,
				levelFrom: 0.25,
				levelTo: 0.5,
				startScaleY: 1.0,
				endScaleY: 1.0,
				resultCode: "expandedfoods:breadedmeatnugget-{type}-{meat}-tender",
			},
			"*-tender": {
				temp: 150,
				levelFrom: 0.5,
				levelTo: 0.75,
				startScaleY: 1.0,
				endScaleY: 1.0,
				resultCode: "expandedfoods:breadedmeatnugget-{type}-{meat}-charred",
				initialCode: "expandedfoods:breadedmeatnugget-{type}-{meat}-partbaked",
			},
			"*-charred": {
				temp: 150,
				levelFrom: 0.75,
				levelTo: 1.0,
				startScaleY: 1.0,
				endScaleY: 0.9,
				initialCode: "expandedfoods:breadedmeatnugget-{type}-{meat}-tender",
			},
			"*-syruppartbaked": {
				temp: 150,
				levelFrom: 0.25,
				levelTo: 0.5,
				startScaleY: 1.0,
				endScaleY: 1.0,
				resultCode: "expandedfoods:breadedmeatnugget-{type}-{meat}-syrups"
			},
			"*-syrups": {
				temp: 150,
				levelFrom: 0.5,
				levelTo: 0.75,
				startScaleY: 1.0,
				endScaleY: 1.0,
				resultCode: "expandedfoods:breadedmeatnugget-{type}-{meat}-syrupcharred",
				initialCode: "expandedfoods:breadedmeatnugget-{type}-{meat}-syruppartbaked",
			},
			"*-syrupcharred": {
				temp: 150,
				levelFrom: 0.75,
				levelTo: 1.0,
				startScaleY: 1.0,
				endScaleY: 0.9,
				initialCode: "expandedfoods:breadedmeatnugget-{type}-{meat}-syrups",
			},
		},
		onDisplayTransform: { 
			translation: { x: 0, y: 0, z: 0 },
			scale: 1 
		},
		satMultByType: {
			"*-partbaked": 0.5,
			"*-cooked": 1,
			"*-charred": 0.75,
			"*-syruppartbaked": 0.5,
			"*-syrups": 1,
			"*-syrupcharred": 0.75
		},
	},
	shapebytype:	{
		"*-syruppartbaked": {base: "item/food/meat/{meat}-tender"},
		"*-syrups": {base: "item/food/meat/{meat}-tender"},
		"*-syrupcharred": {base: "item/food/meat/{meat}-tender"},
		"*-partbaked": {base: "item/food/meat/{meat}-tender"},
		"*-tender": {base: "item/food/meat/{meat}-tender"},
		"*-charred": {base: "item/food/meat/{meat}-tender"},
		"*-smashed": {base: "item/food/meat/{meat}-smash"},
		"*-oiled": {base: "item/food/meat/{meat}-smash"},
	},
	texturesbytype: {
		"*-smashed":	{
			"cooked": {base: "expandedfoods:item/food/grain/breading/{type}-raw" },
			"meat": {base: "expandedfoods:item/food/grain/breading/{type}-raw" },
		},
		"*-partbaked":	{
			"cooked": {base: "expandedfoods:item/food/grain/breading/{type}-partbaked" },
			"meat": {base: "expandedfoods:item/food/grain/breading/{type}-partbaked" },
		},
		"*-tender":	{
			"cooked": {base: "expandedfoods:item/food/grain/breading/{type}-cooked" },
			"meat": {base: "expandedfoods:item/food/grain/breading/{type}-cooked" },
		},
		"*-charred":	{
			"cooked": {base: "expandedfoods:item/food/grain/breading/{type}-charred" },
			"meat": {base: "expandedfoods:item/food/grain/breading/{type}-charred" },
		},
		"*-oiled":	{
			"cooked": {base: "expandedfoods:item/food/grain/breading/{type}-oiled" },
			"meat": {base: "expandedfoods:item/food/grain/breading/{type}-oiled" },
		},
		"*-syruppartbaked":	{
			"cooked": {base: "expandedfoods:item/food/grain/breading/{type}-fish" },
			"meat": {base: "expandedfoods:item/food/grain/breading/{type}-fish" },
		},
		"*-syrups":	{
			"cooked": {base: "expandedfoods:item/food/grain/breading/{type}-fish" },
			"meat": {base: "expandedfoods:item/food/grain/breading/{type}-fish" },
		},
		"*-syrupcharred":	{
			"cooked": {base: "expandedfoods:item/food/grain/breading/{type}-fish" },
			"meat": {base: "expandedfoods:item/food/grain/breading/{type}-fish" },
		},
	},
	nutritionPropsByType: {
		"*-syrups": { satiety: 90, foodcategory: "Protein" },
		"*-tender": { satiety: 90, foodcategory: "Protein" },
		"*-syruppartbaked": { satiety: 80, foodcategory: "Protein" },
		"*-partbaked": { satiety: 80, foodcategory: "Protein" },
		"*-syrupcharred": { satiety: 70, foodcategory: "Protein" },
		"*-charred": { satiety: 70, foodcategory: "Protein" },
	},
	creativeinventory: { "general": ["*"], "items": ["*"], "expandedfoods": ["*"] },
	materialDensity: 600,
	transitionablePropsByType: {
		"*-oiled": [{
			type: "Perish",
			freshHours: { avg: 24 },
			transitionHours: { avg: 48 },
			transitionedStack: { type: "item", code: "game:rot" },
			transitionRatio: 1
			}
		],
		"*-smashed": [{
			type: "Perish",
			freshHours: { avg: 24 },
			transitionHours: { avg: 48 },
			transitionedStack: { type: "item", code: "game:rot" },
			transitionRatio: 1
			}
		],
		"*-partbaked": [{
			type: "Perish",
			freshHours: { avg: 100 },
			transitionHours: { avg: 72 },
			transitionedStack: { type: "item", code: "game:rot" },
			transitionRatio: 1
		}],
		"*-tender": [{
			type: "Perish",
			freshHours: { avg: 100 },
			transitionHours: { avg: 72 },
			transitionedStack: { type: "item", code: "game:rot" },
			transitionRatio: 1
		}],
		"*-charred": [{
			type: "Perish",
			freshHours: { avg: 200 },
			transitionHours: { avg: 148 },
			transitionedStack: { type: "item", code: "game:rot" },
			transitionRatio: 1
		}],
		"*-syruppartbaked": [{
			type: "Perish",
			freshHours: { avg: 100 },
			transitionHours: { avg: 72 },
			transitionedStack: { type: "item", code: "game:rot" },
			transitionRatio: 1
		}],
		"*-syrups": [{
			type: "Perish",
			freshHours: { avg: 100 },
			transitionHours: { avg: 72 },
			transitionedStack: { type: "item", code: "game:rot" },
			transitionRatio: 1
		}],
		"*-syrupcharred": [{
			type: "Perish",
			freshHours: { avg: 200 },
			transitionHours: { avg: 148 },
			transitionedStack: { type: "item", code: "game:rot" },
			transitionRatio: 1
		}],
	},
	materialDensity: 600,
	guiTransformByType: {
		"*": {
			rotate: false,
			translation: { x: -2, y: 0, z: 0 },
			rotation: { x: 171, y: -122, z: 33 },
			origin: { x: 0.5, y: 0.04, z: 0.56 },
			scale: 5
		}
	},
	fpHandTransformByType: {
		"*": {
			translation: { x: -0.06, y: 0.36, z: 0.23 },
			rotation: { x: 0, y: -81, z: -74 },
			origin: { x: 0.5, y: 0.1, z: 0.5 },
			scale: 2.5
		},
	},
	tpHandTransformByType: {
		"*": {
			translation: { x: 0, y: 0, z: 0 },
			rotation: { x: 0, y: 27, z: -14 },
			origin: { x: 0.28, y: -0.2, z: 0.13 },
			scale: 0.75
		},
	},
	groundTransformByType: {
		"*": {
			translation: { x: 0, y: 0, z: 0 },
			rotation: { x: 180, y: 33, z: -180 },
			origin: { x: 0.5, y: 0, z: 0.5 },
			scale: 5
		},
	},
	combustiblePropsByType: {
		"breadedmeatnugget-*-*-smashed": {
			meltingPoint: 150,
			meltingDuration: 30,
			smeltedRatio: 1,
			smeltingType: "cook",
			smeltedStack: { type: "item", code: "breadedmeatnugget-{type}-{meat}-charred" },
			requiresContainer: false
		},
		"breadedmeatnugget-*-*-partbaked": {
			meltingPoint: 150,
			meltingDuration: 30,
			smeltedRatio: 1,
			smeltingType: "cook",
			smeltedStack: { type: "item", code: "breadedmeatnugget-{type}-{meat}-charred" },
			requiresContainer: false
		},
		"breadedmeatnugget-*-*-tender": {
			meltingPoint: 150,
			meltingDuration: 30,
			smeltedRatio: 1,
			smeltingType: "cook",
			smeltedStack: { type: "item", code: "breadedmeatnugget-{type}-{meat}-charred" },
			requiresContainer: false
		},
		"breadedmeatnugget-*-*-oiled": {
			meltingPoint: 150,
			meltingDuration: 30,
			smeltedRatio: 1,
			smeltingType: "cook",
			smeltedStack: { type: "item", code: "breadedmeatnugget-{type}-{meat}-charred" },
			requiresContainer: false
		},
		"breadedmeatnugget-*-*-syruppartbaked": {
			meltingPoint: 150,
			meltingDuration: 30,
			smeltedRatio: 1,
			smeltingType: "cook",
			smeltedStack: { type: "item", code: "breadedmeatnugget-{type}-{meat}-syrupcharred" },
			requiresContainer: false
		},
		"breadedmeatnugget-*-*-syrups": {
			meltingPoint: 150,
			meltingDuration: 30,
			smeltedRatio: 1,
			smeltingType: "cook",
			smeltedStack: { type: "item", code: "breadedmeatnugget-{type}-{meat}-syrupcharred" },
			requiresContainer: false
		},
	}
}