{
	code: "breadedvegetable",
  	class: "ExpandedFood",
	maxstacksize: 64,
	variantgroups: [
		{ code: "type",	states: [ "flax", "rice", "rye", "spelt", "cassava", "amaranth", "sunflower", 
				"birch", "pine" ]},
		{ code: "veggie", states: ["carrot", "onion", "turnip", "parsnip", "pumpkin", "pickledcarrot", "pickledonion", "pickledturnip", "pickledparsnip", "pickledpumpkin", "cassava", "bellpepper"]},	
		{ code: "state", states: ["raw", "partbaked", "cooked", "charred", "syruppartbaked", "syrupv", "syrupcharred", "oiled"] },
	],
	attributes: {
  		"expandedNutritionProps": {
			"game:flour-flax": {saturation: 80, foodcategory: "Grain"},
			"game:flour-rye": {saturation: 150, foodcategory: "Grain"},
			"game:flour-spelt": {saturation: 150, foodcategory: "Grain"},
			"game:flour-cassava": {saturation: 150, foodcategory: "Grain"},
			"game:flour-amaranth": {saturation: 150, foodcategory: "Grain"},
			"game:flour-sunflower": {saturation: 150, foodcategory: "Grain"},
			"game:flour-rice": {saturation: 165, foodcategory: "Grain"},
			"game:flour-birch": {saturation: 150, foodcategory: "Grain"},
			"game:flour-pine": {saturation: 150, foodcategory: "Grain"},
			"acorns:flour-acorn": {saturation: 150, foodcategory: "Grain"},
			"expandedfoods:breadcrumbs-flax": {saturation: 80, foodcategory: "Grain"},
			"expandedfoods:breadcrumbs-rice": {saturation: 160, foodcategory: "Grain"},
			"expandedfoods:breadcrumbs-spelt": {saturation: 150, foodcategory: "Grain"},
			"expandedfoods:breadcrumbs-rye": {saturation: 150, foodcategory: "Grain"},
			"expandedfoods:breadcrumbs-cassava": {saturation: 150, foodcategory: "Grain"},
			"expandedfoods:breadcrumbs-amaranth": {saturation: 150, foodcategory: "Grain"},
			"expandedfoods:breadcrumbs-sunflower": {saturation: 150, foodcategory: "Grain"},
			"expandedfoods:breadcrumbs-birch": {saturation: 150, foodcategory: "Grain"},
			"expandedfoods:breadcrumbs-pine": {saturation: 150, foodcategory: "Grain"},
			"expandedfoods:herbalbreadcrumbs": {saturation: 150, "health": 0.5, foodcategory: "Grain"},
			"aculinaryartillery:eggwhiteportion": { saturation: 3, foodcategory: "Protein"},
			"aculinaryartillery:eggyolkportion-chicken": { saturation: 17, foodcategory: "Protein"},
			"aculinaryartillery:eggyolkportion-pheasant": { saturation: 25, foodcategory: "Protein"},
			"aculinaryartillery:eggyolkportion-goldenpheasant": { saturation: 25, foodcategory: "Protein"},
			"aculinaryartillery:eggyolkportion-capercaillie": { saturation: 25, foodcategory: "Protein"},
			"aculinaryartillery:eggyolkfullportion-chicken": { saturation: 20, foodcategory: "Protein"},
			"aculinaryartillery:eggyolkfullportion-pheasant": { saturation: 28, foodcategory: "Protein"},
			"aculinaryartillery:eggyolkfullportion-goldenpheasant": { saturation: 28, foodcategory: "Protein"},
			"aculinaryartillery:eggyolkfullportion-capercaillie": { saturation: 28, foodcategory: "Protein"},
    		"expandedfoods:foodoilportion-*" : { saturation: 6.4, "health": 0.1, foodcategory: "Fruit" },
    		"expandedfoods:treesyrupportion-*" : { saturation: 9.6, "health": 0.1, foodcategory: "Fruit" },
    		"expandedfoods:fruitsyrupportion-saguaro" : { saturation: 12, "health": 0.2, foodcategory: "Fruit" }, 
      		"expandedfoods:fruitsyrupportion-*" : { saturation: 12, "health": 0.1, foodcategory: "Fruit" },
      		"expandedfoods:wildfruitsyrupportion-*" : { saturation: 12, "health": 0.1, foodcategory: "Fruit" },
    		"expandedfoods:lard" : { saturation: 16, "health": 0.1, foodcategory: "Protein" },
    		"expandedfoods:fishsauce" : { saturation: 5, foodcategory: "Protein" },
    		"expandedfoods:soysauce" : { saturation: 6.4, "health": 0.1, foodcategory: "Protein" },
    		"game:honeyportion" : { saturation: 4, foodcategory: "Fruit" },
			"game:salt": {saturation: 10, health: 0.5, foodcategory: "Grain"},
		},
		bakingPropertiesByType: {
			"*-raw": {
				temp: 100,
				levelFrom: 0.0,
				levelTo: 0.25,
				startScaleY: 1.0,
				endScaleY: 1.0,
				resultCode: "expandedfoods:breadedvegetable-{type}-{veggie}-partbaked"
			},
			"*-oiled": {
				temp: 100,
				levelFrom: 0.0,
				levelTo: 0.25,
				startScaleY: 1.0,
				endScaleY: 1.0,
				resultCode: "expandedfoods:breadedvegetable-{type}-{veggie}-partbaked"
			},
			"*-partbaked": {
				temp: 100,
				levelFrom: 0.25,
				levelTo: 0.5,
				startScaleY: 1.0,
				endScaleY: 0.9,
				resultCode: "expandedfoods:breadedvegetable-{type}-{veggie}-cooked",
				initialCode: "expandedfoods:breadedvegetable-{type}-{veggie}-{raw|oiled}"
			},
			"*-cooked": {
				temp: 100,
				levelFrom: 0.5,
				levelTo: 0.75,
				startScaleY: 0.9,
				endScaleY: 0.8,
				resultCode: "expandedfoods:breadedvegetable-{type}-{veggie}-charred",
				initialCode: "expandedfoods:breadedvegetable-{type}-{veggie}-partbaked"
			},
			"*-charred": {
				temp: 100,
				levelFrom: 0.85,
				levelTo: 1.0,
				startScaleY: 0.8,
				endScaleY: 0.7,
				initialCode: "expandedfoods:breadedvegetable-{type}-{veggie}-cooked"
			},
			"*-syruppartbaked": {
				temp: 100,
				levelFrom: 0.25,
				levelTo: 0.5,
				startScaleY: 1.0,
				endScaleY: 0.9,
				resultCode: "expandedfoods:breadedvegetable-{type}-{veggie}-syrupv"
			},
			"*-syrupv": {
				temp: 100,
				levelFrom: 0.5,
				levelTo: 0.75,
				startScaleY: 0.9,
				endScaleY: 0.8,
				resultCode: "expandedfoods:breadedvegetable-{type}-{veggie}-syrupcharred",
				initialCode: "expandedfoods:breadedvegetable-{type}-{veggie}-syruppartbaked"
			},
			"*-syrupcharred": {
				temp: 100,
				levelFrom: 0.85,
				levelTo: 1.0,
				startScaleY: 0.8,
				endScaleY: 0.7,
				initialCode: "expandedfoods:breadedvegetable-{type}-{veggie}-syrupv"
			}
		},
		onDisplayTransformByType: {
			"*-carrot-*": { "rotation": { "x": 0, "y": 45, "z": 90}, translation: { x: -0.2, y: -0.45, z: 0.2 }, scale: 1 },
			"*-pickledcarrot-*": { "rotation": { "x": 0, "y": 45, "z": 90}, translation: { x: -0.2, y: -0.45, z: 0.2 }, scale: 1 },
			"*-parsnip-*": { "rotation": { "x": 0, "y": 45, "z": 90}, translation: { x: -0.2, y: -0.45, z: 0.2 }, scale: 1 },
			"*-pickledparsnip-*": { "rotation": { "x": 0, "y": 45, "z": 90}, translation: { x: -0.2, y: -0.45, z: 0.2 }, scale: 1 },
			"*-turnip-*": { "rotation": { "x": 0, "y": 45, "z": 90}, translation: { x: -0.2, y: -0.45, z: 0.2 }, scale: 1 },
			"*-pickledturnip-*": { "rotation": { "x": 0, "y": 45, "z": 90}, translation: { x: -0.2, y: -0.45, z: 0.2 }, scale: 1 },
			"*": { translation: { x: 0, y: 0, z: 0 }, scale: 1  },
		},
		renderIngredientsByType: {
			"*": {
				"game:pickledvegetable-carrot": "expandedfoods:shapes/item/food/veggies/carrot.json",
				"game:pickledvegetable-onion": "expandedfoods:shapes/item/food/veggies/onion.json",
				"game:pickledvegetable-turnip": "expandedfoods:shapes/item/food/veggies/turnip.json",
				"game:pickledvegetable-parsnip": "expandedfoods:shapes/item/food/veggies/parsnip.json",
				"game:pickledvegetable-pumpkin": "expandedfoods:shapes/item/food/veggies/pumpkin.json",
				"game:vegetable-carrot": "game:shapes/item/food/pickledvegetable/carrot.json",
				"game:vegetable-onion": "game:shapes/item/food/pickledvegetable/onion.json",
				"game:vegetable-turnip": "game:shapes/item/food/pickledvegetable/turnip.json",
				"game:vegetable-parsnip": "game:shapes/item/food/pickledvegetable/parsnip.json",
				"game:vegetable-pumpkin": "game:shapes/item/food/pickledvegetable/pumpkin.json",
				"game:vegetable-cassava": "expandedfoods:shapes/item/food/veggies/cassava.json",
				"game:vegetable-bellpepper": "expandedfoods:shapes/item/food/veggies/bellpepper.json",
			},
		},
		satMultByType: {
			"*-partbaked": 0.5,
			"*-cooked": 1,
			"*-charred": 0.75,
			"*-syruppartbaked": 0.5,
			"*-syrupv": 1,
			"*-syrupcharred": 0.75
		},
	},
	shapebytype:	{
		"*-pickledcarrot-*": {base: "game:item/food/pickledvegetable/carrot"},
		"*-pickledonion-*": {base: "game:item/food/pickledvegetable/onion"},
		"*-pickledturnip-*": {base: "game:item/food/pickledvegetable/turnip"},
		"*-pickledparsnip-*": {base: "game:item/food/pickledvegetable/parsnip"},
		"*-pickledpumpkin-*": {base: "game:item/food/pickledvegetable/pumpkin"},
		"*": {base: "item/food/veggies/{veggie}"},
	},
	texturesByType: { 
		"*-syruppartbaked": {
			"carrot": { base: "expandedfoods:item/food/grain/breading/{type}-fish" }, 
			"onion": { base: "expandedfoods:item/food/grain/breading/{type}-fish" }, 
			"turnip": { base: "expandedfoods:item/food/grain/breading/{type}-fish" },
			"parsnip": { base: "expandedfoods:item/food/grain/breading/{type}-fish" }, 
			"pumpkin": { base: "expandedfoods:item/food/grain/breading/{type}-fish" }, 
			"slicedpumpkin": { base: "expandedfoods:item/food/grain/breading/{type}-fish" }, 	 
			"breading-syrup": { base: "expandedfoods:item/food/grain/breading/{type}-fish" }, 
			"cassava": {base: "expandedfoods:item/food/grain/breading/{type}-fish"},	
			"bellpepper": {base: "expandedfoods:item/food/grain/breading/{type}-fish"},				
		},
		"*-syrupv": {
			"carrot": { base: "expandedfoods:item/food/grain/breading/{type}-fish" }, 
			"onion": { base: "expandedfoods:item/food/grain/breading/{type}-fish" }, 
			"turnip": { base: "expandedfoods:item/food/grain/breading/{type}-fish" },
			"parsnip": { base: "expandedfoods:item/food/grain/breading/{type}-fish" }, 
			"pumpkin": { base: "expandedfoods:item/food/grain/breading/{type}-fish" }, 
			"slicedpumpkin": { base: "expandedfoods:item/food/grain/breading/{type}-fish" }, 	 
			"breading-syrup": { base: "expandedfoods:item/food/grain/breading/{type}-fish" }, 
			"cassava": {base: "expandedfoods:item/food/grain/breading/{type}-fish"},	
			"bellpepper": {base: "expandedfoods:item/food/grain/breading/{type}-fish"},				
		},
		"*-syrupcharred": {
			"carrot": { base: "expandedfoods:item/food/grain/breading/{type}-fish" }, 
			"onion": { base: "expandedfoods:item/food/grain/breading/{type}-fish" }, 
			"turnip": { base: "expandedfoods:item/food/grain/breading/{type}-fish" },
			"parsnip": { base: "expandedfoods:item/food/grain/breading/{type}-fish" }, 
			"pumpkin": { base: "expandedfoods:item/food/grain/breading/{type}-fish" }, 
			"slicedpumpkin": { base: "expandedfoods:item/food/grain/breading/{type}-fish" }, 	 
			"breading-syrup": { base: "expandedfoods:item/food/grain/breading/{type}-fish" }, 
			"cassava": {base: "expandedfoods:item/food/grain/breading/{type}-fish"},		
			"bellpepper": {base: "expandedfoods:item/food/grain/breading/{type}-fish"},				
		},
		"*-partbaked": {
			"carrot": { base: "expandedfoods:item/food/grain/breading/{type}-partbaked" }, 
			"onion": { base: "expandedfoods:item/food/grain/breading/{type}-partbaked" }, 
			"turnip": { base: "expandedfoods:item/food/grain/breading/{type}-partbaked" },
			"parsnip": { base: "expandedfoods:item/food/grain/breading/{type}-partbaked" }, 
			"pumpkin": { base: "expandedfoods:item/food/grain/breading/{type}-partbaked" }, 
			"slicedpumpkin": { base: "expandedfoods:item/food/grain/breading/{type}-partbaked" },  
			"breading-cooked": { base: "expandedfoods:item/food/grain/breading/{type}-partbaked" }, 
			"cassava": {base: "expandedfoods:item/food/grain/breading/{type}-partbaked"},		
			"bellpepper": {base: "expandedfoods:item/food/grain/breading/{type}-partbaked"},				
		},
		"*-cooked": {
			"carrot": { base: "expandedfoods:item/food/grain/breading/{type}-cooked" }, 
			"onion": { base: "expandedfoods:item/food/grain/breading/{type}-cooked" }, 
			"turnip": { base: "expandedfoods:item/food/grain/breading/{type}-cooked" },
			"parsnip": { base: "expandedfoods:item/food/grain/breading/{type}-cooked" }, 
			"pumpkin": { base: "expandedfoods:item/food/grain/breading/{type}-cooked" }, 
			"slicedpumpkin": { base: "expandedfoods:item/food/grain/breading/{type}-cooked" },  
			"breading-cooked": { base: "expandedfoods:item/food/grain/breading/{type}-cooked" }, 
			"cassava": {base: "expandedfoods:item/food/grain/breading/{type}-cooked"}, 
			"bellpepper": {base: "expandedfoods:item/food/grain/breading/{type}-cooked"},				
		},
		"*-charred": {
			"carrot": { base: "expandedfoods:item/food/grain/breading/{type}-charred" }, 
			"onion": { base: "expandedfoods:item/food/grain/breading/{type}-charred" }, 
			"turnip": { base: "expandedfoods:item/food/grain/breading/{type}-charred" },
			"parsnip": { base: "expandedfoods:item/food/grain/breading/{type}-charred" }, 
			"pumpkin": { base: "expandedfoods:item/food/grain/breading/{type}-charred" }, 
			"slicedpumpkin": { base: "expandedfoods:item/food/grain/breading/{type}-charred" },  
			"breading-cooked": { base: "expandedfoods:item/food/grain/breading/{type}-charred" }, 
			"cassava": {base: "expandedfoods:item/food/grain/breading/{type}-charred"}, 
			"bellpepper": {base: "expandedfoods:item/food/grain/breading/{type}-charred"},				
		},
		"*-oiled": {
			"carrot": { base: "expandedfoods:item/food/grain/breading/{type}-oiled" }, 
			"onion": { base: "expandedfoods:item/food/grain/breading/{type}-oiled" }, 
			"turnip": { base: "expandedfoods:item/food/grain/breading/{type}-oiled" },
			"parsnip": { base: "expandedfoods:item/food/grain/breading/{type}-oiled" }, 
			"pumpkin": { base: "expandedfoods:item/food/grain/breading/{type}-oiled" }, 
			"slicedpumpkin": { base: "expandedfoods:item/food/grain/breading/{type}-oiled" }, 
			"breading-raw": { base: "expandedfoods:item/food/grain/breading/{type}-oiled" },
			"cassava": {base: "expandedfoods:item/food/grain/breading/{type}-oiled"},
			"bellpepper": {base: "expandedfoods:item/food/grain/breading/{type}-oiled"},	 				
		},
		"*-raw": {
			"carrot": { base: "expandedfoods:item/food/grain/breading/{type}-raw" }, 
			"onion": { base: "expandedfoods:item/food/grain/breading/{type}-raw" }, 
			"turnip": { base: "expandedfoods:item/food/grain/breading/{type}-raw" },
			"parsnip": { base: "expandedfoods:item/food/grain/breading/{type}-raw" }, 
			"pumpkin": { base: "expandedfoods:item/food/grain/breading/{type}-raw" }, 
			"slicedpumpkin": { base: "expandedfoods:item/food/grain/breading/{type}-raw" }, 
			"breading-raw": { base: "expandedfoods:item/food/grain/breading/{type}-raw" },	 
			"cassava": {base: "expandedfoods:item/food/grain/breading/{type}-raw"},		 
			"bellpepper": {base: "expandedfoods:item/food/grain/breading/{type}-raw"},			
		},
	},

	nutritionPropsByType: {
		"*-partbaked": { satiety: 80, foodcategory: "Vegetable" },
		"*-syruppartbaked": { satiety: 80, foodcategory: "Vegetable" },

		"*-cooked": { satiety: 90, foodcategory: "Vegetable" },
		"*-syrupv": { satiety: 90, foodcategory: "Vegetable" },

		"*-charred": { satiety: 70, foodcategory: "Vegetable" },
		"*-syrupcharred": { satiety: 70, foodcategory: "Vegetable" },

	},
	creativeinventory: { "general": ["*"], "items": ["*"], "expandedfoods": ["*"] },
	materialDensity: 600,
	transitionablePropsByType: {
		"*-oiled": [{
			type: "Perish",
			freshHours: { avg: 18 },
			transitionHours: { avg: 72 },
			transitionedStack: { type: "item", code: "game:rot" },
			transitionRatio: 1
			}
		],
		"*-raw": [{
			type: "Perish",
			freshHours: { avg: 18 },
			transitionHours: { avg: 72 },
			transitionedStack: { type: "item", code: "game:rot" },
			transitionRatio: 1
			}
		],
		"*-partbaked": [{
			type: "Perish",
			freshHours: { avg: 60 },
			transitionHours: { avg: 96 },
			transitionedStack: { type: "item", code: "game:rot" },
			transitionRatio: 1
		}],
		"*-cooked": [{
			type: "Perish",
			freshHours: { avg: 60 },
			transitionHours: { avg: 96 },
			transitionedStack: { type: "item", code: "game:rot" },
			transitionRatio: 1
		
		}],
		"*-charred": [{
			type: "Perish",
			freshHours: { avg: 120 },
			transitionHours: { avg: 192 },
			transitionedStack: { type: "item", code: "game:rot" },
			transitionRatio: 1
		}],
		"*-syruppartbaked": [{
			type: "Perish",
			freshHours: { avg: 60 },
			transitionHours: { avg: 96 },
			transitionedStack: { type: "item", code: "game:rot" },
			transitionRatio: 1
		}],
		"*-syrupv": [{
			type: "Perish",
			freshHours: { avg: 60 },
			transitionHours: { avg: 96 },
			transitionedStack: { type: "item", code: "game:rot" },
			transitionRatio: 1
		}],
		"*-syrupcharred": [{
			type: "Perish",
			freshHours: { avg: 120 },
			transitionHours: { avg: 192 },
			transitionedStack: { type: "item", code: "game:rot" },
			transitionRatio: 1
		}],
	},
	materialDensity: 600,
	guiTransformByType: {
    		"*-pickledcarrot-syruppartbaked": {
      			translation: { x: 2, y: 1, z: 0 },
      			rotation: { x: 180, y: 44, z: 56 },
      			origin: { x: 0.5, y: 0.2, z: 0.5 },
      			scale: 4.75
    		},
    		"*-pickledonion-syruppartbaked": {
      			translation: { x: 0, y: 0, z: 0 },
      			rotation: { x: -37, y: 135, z: -155 },
      			origin: { x: 0.5, y: 0.1, z: 0.5 },
      			scale: 5.35
    		},
    		"*-pickledparsnip-syruppartbaked": {
      			translation: { x: 2, y: 2, z: 0 },
      			rotation: { x: 180, y: 158, z: 38 },
      			origin: { x: 0.5, y: 0.23, z: 0.5 },
      			scale: 3.6
    		},
    		"*-pickledturnip-syruppartbaked": {
      			translation: { x: 1, y: 2, z: 0 },
      			rotation: { x: 180, y: 158, z: 38 },
      			origin: { x: 0.5, y: 0.18, z: 0.5 },
      			scale: 4.25
    		},
    		"*-pickledpumpkin-syruppartbaked": {
      			translation: { x: 2, y: 2, z: 0 },
      			rotation: { x: 127, y: 180, z: 38 },
      			origin: { x: 0.5, y: 0.05, z: 0.5 },
      			scale: 3.5999
    		},
   		"*-pickledcarrot-syrupv": {
      			translation: { x: 2, y: 1, z: 0 },
      			rotation: { x: 180, y: 44, z: 56 },
      			origin: { x: 0.5, y: 0.2, z: 0.5 },
      			scale: 4.75
    		},
    		"*-pickledonion-syrupv": {
      			translation: { x: 0, y: 0, z: 0 },
      			rotation: { x: -37, y: 135, z: -155 },
      			origin: { x: 0.5, y: 0.1, z: 0.5 },
      			scale: 5.35
    		},
    		"*-pickledparsnip-syrupv": {
      			translation: { x: 2, y: 2, z: 0 },
      			rotation: { x: 180, y: 158, z: 38 },
      			origin: { x: 0.5, y: 0.23, z: 0.5 },
      			scale: 3.6
    		},
    		"*-pickledturnip-syrupv": {
      			translation: { x: 1, y: 2, z: 0 },
      			rotation: { x: 180, y: 158, z: 38 },
      			origin: { x: 0.5, y: 0.18, z: 0.5 },
      			scale: 4.25
    		},
    		"*-pickledpumpkin-syrupv": {
      			translation: { x: 2, y: 2, z: 0 },
      			rotation: { x: 127, y: 180, z: 38 },
      			origin: { x: 0.5, y: 0.05, z: 0.5 },
      			scale: 3.5999
    		},
   		"*-pickledcarrot-syrupcharred": {
      			translation: { x: 2, y: 1, z: 0 },
      			rotation: { x: 180, y: 44, z: 56 },
      			origin: { x: 0.5, y: 0.2, z: 0.5 },
      			scale: 4.75
    		},
    		"*-pickledonion-syrupcharred": {
      			translation: { x: 0, y: 0, z: 0 },
      			rotation: { x: -37, y: 135, z: -155 },
      			origin: { x: 0.5, y: 0.1, z: 0.5 },
      			scale: 5.35
    		},
    		"*-pickledparsnip-syrupcharred": {
      			translation: { x: 2, y: 2, z: 0 },
      			rotation: { x: 180, y: 158, z: 38 },
      			origin: { x: 0.5, y: 0.23, z: 0.5 },
      			scale: 3.6
    		},
    		"*-pickledturnip-syrupcharred": {
      			translation: { x: 1, y: 2, z: 0 },
      			rotation: { x: 180, y: 158, z: 38 },
      			origin: { x: 0.5, y: 0.18, z: 0.5 },
      			scale: 4.25
    		},
    		"*-pickledpumpkin-syrupcharred": {
      			translation: { x: 2, y: 2, z: 0 },
      			rotation: { x: 127, y: 180, z: 38 },
      			origin: { x: 0.5, y: 0.05, z: 0.5 },
      			scale: 3.5999
    		},
    		"*-pickledcarrot-partbaked": {
      			translation: { x: 2, y: 1, z: 0 },
      			rotation: { x: 180, y: 44, z: 56 },
      			origin: { x: 0.5, y: 0.2, z: 0.5 },
      			scale: 4.75
    		},
    		"*-pickledonion-partbaked": {
      			translation: { x: 0, y: 0, z: 0 },
      			rotation: { x: -37, y: 135, z: -155 },
      			origin: { x: 0.5, y: 0.1, z: 0.5 },
      			scale: 5.35
    		},
    		"*-pickledparsnip-partbaked": {
      			translation: { x: 2, y: 2, z: 0 },
      			rotation: { x: 180, y: 158, z: 38 },
      			origin: { x: 0.5, y: 0.23, z: 0.5 },
      			scale: 3.6
    		},
    		"*-pickledturnip-partbaked": {
      			translation: { x: 1, y: 2, z: 0 },
      			rotation: { x: 180, y: 158, z: 38 },
      			origin: { x: 0.5, y: 0.18, z: 0.5 },
      			scale: 4.25
    		},
    		"*-pickledpumpkin-partbaked": {
      			translation: { x: 2, y: 2, z: 0 },
      			rotation: { x: 127, y: 180, z: 38 },
      			origin: { x: 0.5, y: 0.05, z: 0.5 },
      			scale: 3.5999
    		},
    		"*-pickledcarrot-cooked": {
      			translation: { x: 2, y: 1, z: 0 },
      			rotation: { x: 180, y: 44, z: 56 },
      			origin: { x: 0.5, y: 0.2, z: 0.5 },
      			scale: 4.75
    		},
    		"*-pickledonion-cooked": {
      			translation: { x: 0, y: 0, z: 0 },
      			rotation: { x: -37, y: 135, z: -155 },
      			origin: { x: 0.5, y: 0.1, z: 0.5 },
      			scale: 5.35
    		},
    		"*-pickledparsnip-cooked": {
      			translation: { x: 2, y: 2, z: 0 },
      			rotation: { x: 180, y: 158, z: 38 },
      			origin: { x: 0.5, y: 0.23, z: 0.5 },
      			scale: 3.6
    		},
    		"*-pickledturnip-cooked": {
      			translation: { x: 1, y: 2, z: 0 },
      			rotation: { x: 180, y: 158, z: 38 },
      			origin: { x: 0.5, y: 0.18, z: 0.5 },
      			scale: 4.25
    		},
    		"*-pickledpumpkin-cooked": {
      			translation: { x: 2, y: 2, z: 0 },
      			rotation: { x: 127, y: 180, z: 38 },
      			origin: { x: 0.5, y: 0.05, z: 0.5 },
      			scale: 3.5999
    		},
    		"*-pickledcarrot-charred": {
      			translation: { x: 2, y: 1, z: 0 },
      			rotation: { x: 180, y: 44, z: 56 },
      			origin: { x: 0.5, y: 0.2, z: 0.5 },
      			scale: 4.75
    		},
    		"*-pickledonion-charred": {
      			translation: { x: 0, y: 0, z: 0 },
      			rotation: { x: -37, y: 135, z: -155 },
      			origin: { x: 0.5, y: 0.1, z: 0.5 },
      			scale: 5.35
    		},
    		"*-pickledparsnip-charred": {
      			translation: { x: 2, y: 2, z: 0 },
      			rotation: { x: 180, y: 158, z: 38 },
      			origin: { x: 0.5, y: 0.23, z: 0.5 },
      			scale: 3.6
    		},
    		"*-pickledturnip-charred": {
      			translation: { x: 1, y: 2, z: 0 },
      			rotation: { x: 180, y: 158, z: 38 },
      			origin: { x: 0.5, y: 0.18, z: 0.5 },
      			scale: 4.25
    		},
    		"*-pickledpumpkin-charred": {
      			translation: { x: 2, y: 2, z: 0 },
      			rotation: { x: 127, y: 180, z: 38 },
      			origin: { x: 0.5, y: 0.05, z: 0.5 },
      			scale: 3.5999
    		},
    		"*-pickledcarrot-raw": {
      			translation: { x: 2, y: 1, z: 0 },
      			rotation: { x: 180, y: 44, z: 56 },
      			origin: { x: 0.5, y: 0.2, z: 0.5 },
      			scale: 4.75
    		},
    		"*-pickledonion-raw": {
      			translation: { x: 0, y: 0, z: 0 },
      			rotation: { x: -37, y: 135, z: -155 },
      			origin: { x: 0.5, y: 0.1, z: 0.5 },
      			scale: 5.35
    		},
    		"*-pickledparsnip-raw": {
      			translation: { x: 2, y: 2, z: 0 },
      			rotation: { x: 180, y: 158, z: 38 },
      			origin: { x: 0.5, y: 0.23, z: 0.5 },
      			scale: 3.6
    		},
    		"*-pickledturnip-raw": {
      			translation: { x: 1, y: 2, z: 0 },
      			rotation: { x: 180, y: 158, z: 38 },
      			origin: { x: 0.5, y: 0.18, z: 0.5 },
      			scale: 4.25
    		},
    		"*-pickledpumpkin-raw": {
      			translation: { x: 2, y: 2, z: 0 },
      			rotation: { x: 127, y: 180, z: 38 },
      			origin: { x: 0.5, y: 0.05, z: 0.5 },
      			scale: 3.5999
   	 	},
    		"*-pickledcarrot-oiled": {
      			translation: { x: 2, y: 1, z: 0 },
      			rotation: { x: 180, y: 44, z: 56 },
      			origin: { x: 0.5, y: 0.2, z: 0.5 },
      			scale: 4.75
    		},
    		"*-pickledonion-oiled": {
      			translation: { x: 0, y: 0, z: 0 },
      			rotation: { x: -37, y: 135, z: -155 },
      			origin: { x: 0.5, y: 0.1, z: 0.5 },
      			scale: 5.35
    		},
    		"*-pickledparsnip-oiled": {
      			translation: { x: 2, y: 2, z: 0 },
      			rotation: { x: 180, y: 158, z: 38 },
      			origin: { x: 0.5, y: 0.23, z: 0.5 },
      			scale: 3.6
    		},
    		"*-pickledturnip-oiled": {
      			translation: { x: 1, y: 2, z: 0 },
      			rotation: { x: 180, y: 158, z: 38 },
      			origin: { x: 0.5, y: 0.18, z: 0.5 },
      			scale: 4.25
    		},
    		"*-pickledpumpkin-oiled": {
      			translation: { x: 2, y: 2, z: 0 },
      			rotation: { x: 127, y: 180, z: 38 },
      			origin: { x: 0.5, y: 0.05, z: 0.5 },
      			scale: 3.5999
    		},
		"*-carrot-syruppartbaked": {
			translation: { x: 2, y: 1, z: 0 },
			rotation: { x: 180, y: 44, z: 56 },
			origin: { x: 0.5, y: 0.2, z: 0.5 },
			scale: 4.75
		},
		"*-onion-syruppartbaked": {
			translation: { x: 0, y: 0, z: 0 },
			rotation: { x: -37, y: 135, z: -155 },
			origin: { x: 0.5, y: 0.1, z: 0.5 },
			scale: 5.35
		},
		"*-parsnip-syruppartbaked": {
			translation: { x: 2, y: 2, z: 0 },
			rotation: { x: 180, y: 158, z: 38 },
			origin: { x: 0.5, y: 0.23, z: 0.5 },
			scale: 3.6
		},
		"*-turnip-syruppartbaked": {
			translation: { x: 1, y: 2, z: 0 },
			rotation: { x: 180, y: 158, z: 38 },
			origin: { x: 0.5, y: 0.18, z: 0.5 },
			scale: 4.25
		},
		"*-pumpkin-syruppartbaked": {
			translation: { x: 2, y: 2, z: 0 },
			rotation: { x: 127, y: 180, z: 38 },
			origin: { x: 0.5, y: 0.05, z: 0.5 },
			scale: 3.5999
		},
		"*-cassava-syruppartbaked": {
			translation: { x: 0, y: 0, z: 0 },
			rotation: { x: 134, y: -173, z: -8 },
			origin: { x: 0.5, y: 0.09, z: 0.5 },
			scale: 3
		},
		"*-carrot-syrupv": {
			translation: { x: 2, y: 1, z: 0 },
			rotation: { x: 180, y: 44, z: 56 },
			origin: { x: 0.5, y: 0.2, z: 0.5 },
			scale: 4.75
		},
		"*-onion-syrupv": {
			translation: { x: 0, y: 0, z: 0 },
			rotation: { x: -37, y: 135, z: -155 },
			origin: { x: 0.5, y: 0.1, z: 0.5 },
			scale: 5.35
		},
		"*-parsnip-syrupv": {
			translation: { x: 2, y: 2, z: 0 },
			rotation: { x: 180, y: 158, z: 38 },
			origin: { x: 0.5, y: 0.23, z: 0.5 },
			scale: 3.6
		},
		"*-turnip-syrupv": {
			translation: { x: 1, y: 2, z: 0 },
			rotation: { x: 180, y: 158, z: 38 },
			origin: { x: 0.5, y: 0.18, z: 0.5 },
			scale: 4.25
		},
		"*-pumpkin-syrupv": {
			translation: { x: 2, y: 2, z: 0 },
			rotation: { x: 127, y: 180, z: 38 },
			origin: { x: 0.5, y: 0.05, z: 0.5 },
			scale: 3.5999
		},
		"*-cassava-syrupv": {
			translation: { x: 0, y: 0, z: 0 },
			rotation: { x: 134, y: -173, z: -8 },
			origin: { x: 0.5, y: 0.09, z: 0.5 },
			scale: 3
		},
		"*-carrot-syrupcharred": {
			translation: { x: 2, y: 1, z: 0 },
			rotation: { x: 180, y: 44, z: 56 },
			origin: { x: 0.5, y: 0.2, z: 0.5 },
			scale: 4.75
		},
		"*-onion-syrupcharred": {
			translation: { x: 0, y: 0, z: 0 },
			rotation: { x: -37, y: 135, z: -155 },
			origin: { x: 0.5, y: 0.1, z: 0.5 },
			scale: 5.35
		},
		"*-parsnip-syrupcharred": {
			translation: { x: 2, y: 2, z: 0 },
			rotation: { x: 180, y: 158, z: 38 },
			origin: { x: 0.5, y: 0.23, z: 0.5 },
			scale: 3.6
		},
		"*-turnip-syrupcharred": {
			translation: { x: 1, y: 2, z: 0 },
			rotation: { x: 180, y: 158, z: 38 },
			origin: { x: 0.5, y: 0.18, z: 0.5 },
			scale: 4.25
		},
		"*-pumpkin-syrupcharred": {
			translation: { x: 2, y: 2, z: 0 },
			rotation: { x: 127, y: 180, z: 38 },
			origin: { x: 0.5, y: 0.05, z: 0.5 },
			scale: 3.5999
		},
		"*-cassava-syrupcharred": {
			translation: { x: 0, y: 0, z: 0 },
			rotation: { x: 134, y: -173, z: -8 },
			origin: { x: 0.5, y: 0.09, z: 0.5 },
			scale: 3
		},
		"*-carrot-partbaked": {
			translation: { x: 2, y: 1, z: 0 },
			rotation: { x: 180, y: 44, z: 56 },
			origin: { x: 0.5, y: 0.2, z: 0.5 },
			scale: 4.75
		},
		"*-onion-partbaked": {
			translation: { x: 0, y: 0, z: 0 },
			rotation: { x: -37, y: 135, z: -155 },
			origin: { x: 0.5, y: 0.1, z: 0.5 },
			scale: 5.35
		},
		"*-parsnip-partbaked": {
			translation: { x: 2, y: 2, z: 0 },
			rotation: { x: 180, y: 158, z: 38 },
			origin: { x: 0.5, y: 0.23, z: 0.5 },
			scale: 3.6
		},
		"*-turnip-partbaked": {
			translation: { x: 1, y: 2, z: 0 },
			rotation: { x: 180, y: 158, z: 38 },
			origin: { x: 0.5, y: 0.18, z: 0.5 },
			scale: 4.25
		},
		"*-pumpkin-partbaked": {
			translation: { x: 2, y: 2, z: 0 },
			rotation: { x: 127, y: 180, z: 38 },
			origin: { x: 0.5, y: 0.05, z: 0.5 },
			scale: 3.5999
		},
		"*-cassava-partbaked": {
			translation: { x: 0, y: 0, z: 0 },
			rotation: { x: 134, y: -173, z: -8 },
			origin: { x: 0.5, y: 0.09, z: 0.5 },
			scale: 3
		},
		"*-carrot-cooked": {
			translation: { x: 2, y: 1, z: 0 },
			rotation: { x: 180, y: 44, z: 56 },
			origin: { x: 0.5, y: 0.2, z: 0.5 },
			scale: 4.75
		},
		"*-onion-cooked": {
			translation: { x: 0, y: 0, z: 0 },
			rotation: { x: -37, y: 135, z: -155 },
			origin: { x: 0.5, y: 0.1, z: 0.5 },
			scale: 5.35
		},
		"*-parsnip-cooked": {
			translation: { x: 2, y: 2, z: 0 },
			rotation: { x: 180, y: 158, z: 38 },
			origin: { x: 0.5, y: 0.23, z: 0.5 },
			scale: 3.6
		},
		"*-turnip-cooked": {
			translation: { x: 1, y: 2, z: 0 },
			rotation: { x: 180, y: 158, z: 38 },
			origin: { x: 0.5, y: 0.18, z: 0.5 },
			scale: 4.25
		},
		"*-pumpkin-cooked": {
			translation: { x: 2, y: 2, z: 0 },
			rotation: { x: 127, y: 180, z: 38 },
			origin: { x: 0.5, y: 0.05, z: 0.5 },
			scale: 3.5999
		},
		"*-cassava-cooked": {
			translation: { x: 0, y: 0, z: 0 },
			rotation: { x: 134, y: -173, z: -8 },
			origin: { x: 0.5, y: 0.09, z: 0.5 },
			scale: 3
		},
		"*-carrot-charred": {
			translation: { x: 2, y: 1, z: 0 },
			rotation: { x: 180, y: 44, z: 56 },
			origin: { x: 0.5, y: 0.2, z: 0.5 },
			scale: 4.75
		},
		"*-onion-charred": {
			translation: { x: 0, y: 0, z: 0 },
			rotation: { x: -37, y: 135, z: -155 },
			origin: { x: 0.5, y: 0.1, z: 0.5 },
			scale: 5.35
		},
		"*-parsnip-charred": {
			translation: { x: 2, y: 2, z: 0 },
			rotation: { x: 180, y: 158, z: 38 },
			origin: { x: 0.5, y: 0.23, z: 0.5 },
			scale: 3.6
		},
		"*-turnip-charred": {
			translation: { x: 1, y: 2, z: 0 },
			rotation: { x: 180, y: 158, z: 38 },
			origin: { x: 0.5, y: 0.18, z: 0.5 },
			scale: 4.25
		},
		"*-pumpkin-charred": {
			translation: { x: 2, y: 2, z: 0 },
			rotation: { x: 127, y: 180, z: 38 },
			origin: { x: 0.5, y: 0.05, z: 0.5 },
			scale: 3.5999
		},
		"*-cassava-charred": {
			translation: { x: 0, y: 0, z: 0 },
			rotation: { x: 134, y: -173, z: -8 },
			origin: { x: 0.5, y: 0.09, z: 0.5 },
			scale: 3
		},
		"*-carrot-raw": {
			translation: { x: 2, y: 1, z: 0 },
			rotation: { x: 180, y: 44, z: 56 },
			origin: { x: 0.5, y: 0.2, z: 0.5 },
			scale: 4.75
		},
		"*-onion-raw": {
			translation: { x: 0, y: 0, z: 0 },
			rotation: { x: -37, y: 135, z: -155 },
			origin: { x: 0.5, y: 0.1, z: 0.5 },
			scale: 5.35
		},
		"*-parsnip-raw": {
			translation: { x: 2, y: 2, z: 0 },
			rotation: { x: 180, y: 158, z: 38 },
			origin: { x: 0.5, y: 0.23, z: 0.5 },
			scale: 3.6
		},
		"*-turnip-raw": {
			translation: { x: 1, y: 2, z: 0 },
			rotation: { x: 180, y: 158, z: 38 },
			origin: { x: 0.5, y: 0.18, z: 0.5 },
			scale: 4.25
		},
		"*-pumpkin-raw": {
			translation: { x: 2, y: 2, z: 0 },
			rotation: { x: 127, y: 180, z: 38 },
			origin: { x: 0.5, y: 0.05, z: 0.5 },
			scale: 3.5999
		},
		"*-cassava-raw": {
			translation: { x: 0, y: 0, z: 0 },
			rotation: { x: 134, y: -173, z: -8 },
			origin: { x: 0.5, y: 0.09, z: 0.5 },
			scale: 3
		},
		"*-carrot-oiled": {
			translation: { x: 2, y: 1, z: 0 },
			rotation: { x: 180, y: 44, z: 56 },
			origin: { x: 0.5, y: 0.2, z: 0.5 },
			scale: 4.75
		},
		"*-onion-oiled": {
			translation: { x: 0, y: 0, z: 0 },
			rotation: { x: -37, y: 135, z: -155 },
			origin: { x: 0.5, y: 0.1, z: 0.5 },
			scale: 5.35
		},
		"*-parsnip-oiled": {
			translation: { x: 2, y: 2, z: 0 },
			rotation: { x: 180, y: 158, z: 38 },
			origin: { x: 0.5, y: 0.23, z: 0.5 },
			scale: 3.6
		},
		"*-turnip-oiled": {
			translation: { x: 1, y: 2, z: 0 },
			rotation: { x: 180, y: 158, z: 38 },
			origin: { x: 0.5, y: 0.18, z: 0.5 },
			scale: 4.25
		},
		"*-pumpkin-oiled": {
			translation: { x: 2, y: 2, z: 0 },
			rotation: { x: 127, y: 180, z: 38 },
			origin: { x: 0.5, y: 0.05, z: 0.5 },
			scale: 3.5999
		},
		"*-cassava-oiled": {
			translation: { x: 0, y: 0, z: 0 },
			rotation: { x: 134, y: -173, z: -8 },
			origin: { x: 0.5, y: 0.09, z: 0.5 },
			scale: 3
		},
		"*-bellpepper-*": {
			translation: { x: 3, y: 6, z: 0 },
			rotation: { x: -37, y: 135, z: -155 },
			origin: { x: 0.5, y: 0.15, z: 0.5 },
			scale: 3
		},
		"*-partbaked": { 
			translation: { x: 0, y: 0, z: 0 },
			rotation: { x: 180, y: -31, z: 17 },
			origin: { x: 0.43, y: 0.2, z: 0.4799 },
			scale: 3.5
		},
		"*-cooked": { 
			translation: { x: 0, y: 0, z: 0 },
			rotation: { x: 180, y: -31, z: 17 },
			origin: { x: 0.43, y: 0.2, z: 0.4799 },
			scale: 3.5
		},
		"*-charred": { 
			translation: { x: 0, y: 0, z: 0 },
			rotation: { x: 180, y: -31, z: 17 },
			origin: { x: 0.43, y: 0.2, z: 0.4799 },
			scale: 3.5
		},
		"*-syruppartbaked": { 
			translation: { x: 0, y: 0, z: 0 },
			rotation: { x: 180, y: -31, z: 17 },
			origin: { x: 0.43, y: 0.2, z: 0.4799 },
			scale: 3.5
		},
		"*-syrupv": { 
			translation: { x: 0, y: 0, z: 0 },
			rotation: { x: 180, y: -31, z: 17 },
			origin: { x: 0.43, y: 0.2, z: 0.4799 },
			scale: 3.5
		},
		"*-syrupcharred": { 
			translation: { x: 0, y: 0, z: 0 },
			rotation: { x: 180, y: -31, z: 17 },
			origin: { x: 0.43, y: 0.2, z: 0.4799 },
			scale: 3.5
		},
		"*": { 
			translation: { x: 0, y: 0, z: 0 },
			rotation: { x: 180, y: -31, z: 17 },
			origin: { x: 0.43, y: 0.2, z: 0.4799 },
			scale: 2
		},
	},
	fpHandTransformByType: {
    		"*-pickledcarrot-syruppartbaked": {
      			translation: { x: 0, y: 0, z: 0 },
      			rotation: { x: 45, y: 47, z: -30 },
      			origin: { x: 0.5, y: 0.3, z: 0.5 },
      			scale: 1.9
    		},
    		"*-pickledonion-syruppartbaked": {
      			translation: { x: 0, y: 0, z: 0 },
      			rotation: { x: 45, y: 47, z: -30 },
      			origin: { x: 0.5, y: 0.3, z: 0.5 },
      			scale: 1.9
    		},
    		"*-pickledparsnip-syruppartbaked": {
      			translation: { x: 0, y: 0, z: 0 },
      			rotation: { x: 45, y: 47, z: -30 },
      			origin: { x: 0.5, y: 0.3, z: 0.5 },
      			scale: 1.9
    		},
    		"*-pickledturnip-syruppartbaked": {
      			translation: { x: 0, y: 0, z: 0 },
      			rotation: { x: 45, y: 47, z: -30 },
      			origin: { x: 0.5, y: 0.3, z: 0.5 },
     			scale: 1.9
    		},
    		"*-pickledpumpkin-syruppartbaked":  {
      			translation: { x: 0, y: 0.22, z: 0 },
      			rotation: { x: 45, y: 47, z: -30 },
      			origin: { x: 0.5, y: 0.1, z: 0.5 },
      			scale: 1.8999
    		},
   		"*-pickledcarrot-syrupv": {
      			translation: { x: 0, y: 0, z: 0 },
      			rotation: { x: 45, y: 47, z: -30 },
      			origin: { x: 0.5, y: 0.3, z: 0.5 },
      			scale: 1.9
    		},
    		"*-pickledonion-syrupv": {
      			translation: { x: 0, y: 0, z: 0 },
      			rotation: { x: 45, y: 47, z: -30 },
      			origin: { x: 0.5, y: 0.3, z: 0.5 },
      			scale: 1.9
    		},
    		"*-pickledparsnip-syrupv": {
      			translation: { x: 0, y: 0, z: 0 },
      			rotation: { x: 45, y: 47, z: -30 },
      			origin: { x: 0.5, y: 0.3, z: 0.5 },
      			scale: 1.9
    		},
    		"*-pickledturnip-syrupv": {
      			translation: { x: 0, y: 0, z: 0 },
      			rotation: { x: 45, y: 47, z: -30 },
      			origin: { x: 0.5, y: 0.3, z: 0.5 },
     			scale: 1.9
    		},
    		"*-pickledpumpkin-syrupv":  {
      			translation: { x: 0, y: 0.22, z: 0 },
      			rotation: { x: 45, y: 47, z: -30 },
      			origin: { x: 0.5, y: 0.1, z: 0.5 },
      			scale: 1.8999
    		},
   		"*-pickledcarrot-syrupcharred": {
      			translation: { x: 0, y: 0, z: 0 },
      			rotation: { x: 45, y: 47, z: -30 },
      			origin: { x: 0.5, y: 0.3, z: 0.5 },
      			scale: 1.9
    		},
    		"*-pickledonion-syrupcharred": {
      			translation: { x: 0, y: 0, z: 0 },
      			rotation: { x: 45, y: 47, z: -30 },
      			origin: { x: 0.5, y: 0.3, z: 0.5 },
      			scale: 1.9
    		},
    		"*-pickledparsnip-syrupcharred": {
      			translation: { x: 0, y: 0, z: 0 },
      			rotation: { x: 45, y: 47, z: -30 },
      			origin: { x: 0.5, y: 0.3, z: 0.5 },
      			scale: 1.9
    		},
    		"*-pickledturnip-syrupcharred": {
      			translation: { x: 0, y: 0, z: 0 },
      			rotation: { x: 45, y: 47, z: -30 },
      			origin: { x: 0.5, y: 0.3, z: 0.5 },
     			scale: 1.9
    		},
    		"*-pickledpumpkin-syrupcharred":  {
      			translation: { x: 0, y: 0.22, z: 0 },
      			rotation: { x: 45, y: 47, z: -30 },
      			origin: { x: 0.5, y: 0.1, z: 0.5 },
      			scale: 1.8999
    		},
    		"*-pickledcarrot-partbaked": {
      			translation: { x: 0, y: 0, z: 0 },
      			rotation: { x: 45, y: 47, z: -30 },
      			origin: { x: 0.5, y: 0.3, z: 0.5 },
      			scale: 1.9
    		},
    		"*-pickledonion-partbaked": {
      			translation: { x: 0, y: 0, z: 0 },
      			rotation: { x: 45, y: 47, z: -30 },
      			origin: { x: 0.5, y: 0.3, z: 0.5 },
      			scale: 1.9
    		},
    		"*-pickledparsnip-partbaked": {
      			translation: { x: 0, y: 0, z: 0 },
      			rotation: { x: 45, y: 47, z: -30 },
      			origin: { x: 0.5, y: 0.3, z: 0.5 },
      			scale: 1.9
    		},
    		"*-pickledturnip-partbaked": {
      			translation: { x: 0, y: 0, z: 0 },
      			rotation: { x: 45, y: 47, z: -30 },
      			origin: { x: 0.5, y: 0.3, z: 0.5 },
     			scale: 1.9
    		},
    		"*-pickledpumpkin-partbaked":  {
      			translation: { x: 0, y: 0.22, z: 0 },
      			rotation: { x: 45, y: 47, z: -30 },
      			origin: { x: 0.5, y: 0.1, z: 0.5 },
      			scale: 1.8999
    		},
    		"*-pickledcarrot-cooked": {
      			translation: { x: 0, y: 0, z: 0 },
      			rotation: { x: 45, y: 47, z: -30 },
      			origin: { x: 0.5, y: 0.3, z: 0.5 },
      			scale: 1.9
    		},
    		"*-pickledonion-cooked": {
      			translation: { x: 0, y: 0, z: 0 },
      			rotation: { x: 45, y: 47, z: -30 },
      			origin: { x: 0.5, y: 0.3, z: 0.5 },
      			scale: 1.9
    		},
    		"*-pickledparsnip-cooked": {
      			translation: { x: 0, y: 0, z: 0 },
      			rotation: { x: 45, y: 47, z: -30 },
      			origin: { x: 0.5, y: 0.3, z: 0.5 },
      			scale: 1.9
    		},
    		"*-pickledturnip-cooked": {
      			translation: { x: 0, y: 0, z: 0 },
      			rotation: { x: 45, y: 47, z: -30 },
      			origin: { x: 0.5, y: 0.3, z: 0.5 },
     			scale: 1.9
    		},
    		"*-pickledpumpkin-cooked":  {
      			translation: { x: 0, y: 0.22, z: 0 },
      			rotation: { x: 45, y: 47, z: -30 },
      			origin: { x: 0.5, y: 0.1, z: 0.5 },
      			scale: 1.8999
    		},
    		"*-pickledcarrot-charred": {
      			translation: { x: 0, y: 0, z: 0 },
      			rotation: { x: 45, y: 47, z: -30 },
      			origin: { x: 0.5, y: 0.3, z: 0.5 },
      			scale: 1.9
    		},
    		"*-pickledonion-charred": {
      			translation: { x: 0, y: 0, z: 0 },
      			rotation: { x: 45, y: 47, z: -30 },
      			origin: { x: 0.5, y: 0.3, z: 0.5 },
      			scale: 1.9
    		},
    		"*-pickledparsnip-charred": {
      			translation: { x: 0, y: 0, z: 0 },
      			rotation: { x: 45, y: 47, z: -30 },
      			origin: { x: 0.5, y: 0.3, z: 0.5 },
      			scale: 1.9
    		},
    		"*-pickledturnip-charred": {
      			translation: { x: 0, y: 0, z: 0 },
      			rotation: { x: 45, y: 47, z: -30 },
      			origin: { x: 0.5, y: 0.3, z: 0.5 },
     			scale: 1.9
    		},
    		"*-pickledpumpkin-charred":  {
      			translation: { x: 0, y: 0.22, z: 0 },
      			rotation: { x: 45, y: 47, z: -30 },
      			origin: { x: 0.5, y: 0.1, z: 0.5 },
      			scale: 1.8999
    		},
    		"*-pickledcarrot-raw": {
      			translation: { x: 0, y: 0, z: 0 },
      			rotation: { x: 45, y: 47, z: -30 },
      			origin: { x: 0.5, y: 0.3, z: 0.5 },
      			scale: 1.9
    		},
    		"*-pickledonion-raw": {
      			translation: { x: 0, y: 0, z: 0 },
      			rotation: { x: 45, y: 47, z: -30 },
      			origin: { x: 0.5, y: 0.3, z: 0.5 },
      			scale: 1.9
    		},
    		"*-pickledparsnip-raw": {
      			translation: { x: 0, y: 0, z: 0 },
      			rotation: { x: 45, y: 47, z: -30 },
      			origin: { x: 0.5, y: 0.3, z: 0.5 },
     			scale: 1.9
    		},
    		"*-pickledturnip-raw": {
      			translation: { x: 0, y: 0, z: 0 },
      			rotation: { x: 45, y: 47, z: -30 },
      			origin: { x: 0.5, y: 0.3, z: 0.5 },
      			scale: 1.9
    		},
    		"*-pickledpumpkin-raw":  {
      			translation: { x: 0, y: 0.22, z: 0 },
      			rotation: { x: 45, y: 47, z: -30 },
      			origin: { x: 0.5, y: 0.1, z: 0.5 },
      			scale: 1.8999
    		},
    		"*-carrot-syruppartbaked": {
      			translation: { x: 0, y: 0, z: 0 },
      			rotation: { x: 45, y: 47, z: -30 },
      			origin: { x: 0.5, y: 0.3, z: 0.5 },
      			scale: 1.9
    		},
    		"*-onion-syruppartbaked": {
      			translation: { x: 0, y: 0, z: 0 },
      			rotation: { x: 45, y: 47, z: -30 },
      			origin: { x: 0.5, y: 0.3, z: 0.5 },
      			scale: 1.9
    		},
    		"*-parsnip-syruppartbaked": {
      			translation: { x: 0, y: 0, z: 0 },
      			rotation: { x: 45, y: 47, z: -30 },
      			origin: { x: 0.5, y: 0.3, z: 0.5 },
      			scale: 1.9
    		},
    		"*-turnip-syruppartbaked": {
      			translation: { x: 0, y: 0, z: 0 },
      			rotation: { x: 45, y: 47, z: -30 },
      			origin: { x: 0.5, y: 0.3, z: 0.5 },
      			scale: 1.9
    		},
    		"*-pumpkin-syruppartbaked":  {
      			translation: { x: 0, y: 0.22, z: 0 },
      			rotation: { x: 45, y: 47, z: -30 },
      			origin: { x: 0.5, y: 0.1, z: 0.5 },
      			scale: 1.8999
    		},
		"*-cassava-syruppartbaked": {
			translation: { x: 0.1, y: -0.1, z: 0 },
			rotation: { x: -87, y: 138, z: 60 },
			scale: 1.26
		},
    		"*-carrot-syrupv": {
      			translation: { x: 0, y: 0, z: 0 },
      			rotation: { x: 45, y: 47, z: -30 },
      			origin: { x: 0.5, y: 0.3, z: 0.5 },
      			scale: 1.9
    		},
    		"*-onion-syrupv": {
      			translation: { x: 0, y: 0, z: 0 },
      			rotation: { x: 45, y: 47, z: -30 },
      			origin: { x: 0.5, y: 0.3, z: 0.5 },
      			scale: 1.9
    		},
    		"*-parsnip-syrupv": {
      			translation: { x: 0, y: 0, z: 0 },
      			rotation: { x: 45, y: 47, z: -30 },
      			origin: { x: 0.5, y: 0.3, z: 0.5 },
      			scale: 1.9
    		},
    		"*-turnip-syrupv": {
      			translation: { x: 0, y: 0, z: 0 },
      			rotation: { x: 45, y: 47, z: -30 },
      			origin: { x: 0.5, y: 0.3, z: 0.5 },
      			scale: 1.9
    		},
    		"*-pumpkin-syrupv":  {
      			translation: { x: 0, y: 0.22, z: 0 },
      			rotation: { x: 45, y: 47, z: -30 },
      			origin: { x: 0.5, y: 0.1, z: 0.5 },
      			scale: 1.8999
    		},
		"*-cassava-syrupv": {
			translation: { x: 0.1, y: -0.1, z: 0 },
			rotation: { x: -87, y: 138, z: 60 },
			scale: 1.26
		},
    		"*-carrot-syrupcharred": {
      			translation: { x: 0, y: 0, z: 0 },
      			rotation: { x: 45, y: 47, z: -30 },
      			origin: { x: 0.5, y: 0.3, z: 0.5 },
      			scale: 1.9
    		},
    		"*-onion-syrupcharred": {
      			translation: { x: 0, y: 0, z: 0 },
      			rotation: { x: 45, y: 47, z: -30 },
      			origin: { x: 0.5, y: 0.3, z: 0.5 },
      			scale: 1.9
    		},
    		"*-parsnip-syrupcharred": {
      			translation: { x: 0, y: 0, z: 0 },
      			rotation: { x: 45, y: 47, z: -30 },
      			origin: { x: 0.5, y: 0.3, z: 0.5 },
      			scale: 1.9
    		},
    		"*-turnip-syrupcharred": {
      			translation: { x: 0, y: 0, z: 0 },
      			rotation: { x: 45, y: 47, z: -30 },
      			origin: { x: 0.5, y: 0.3, z: 0.5 },
      			scale: 1.9
    		},
    		"*-pumpkin-syrupcharred":  {
      			translation: { x: 0, y: 0.22, z: 0 },
      			rotation: { x: 45, y: 47, z: -30 },
      			origin: { x: 0.5, y: 0.1, z: 0.5 },
      			scale: 1.8999
    		},
		"*-cassava-syrupcharred": {
			translation: { x: 0.1, y: -0.1, z: 0 },
			rotation: { x: -87, y: 138, z: 60 },
			scale: 1.26
		},
    		"*-carrot-partbaked": {
      			translation: { x: 0, y: 0, z: 0 },
      			rotation: { x: 45, y: 47, z: -30 },
      			origin: { x: 0.5, y: 0.3, z: 0.5 },
      			scale: 1.9
    		},
    		"*-onion-partbaked": {
      			translation: { x: 0, y: 0, z: 0 },
      			rotation: { x: 45, y: 47, z: -30 },
      			origin: { x: 0.5, y: 0.3, z: 0.5 },
      			scale: 1.9
    		},
    		"*-parsnip-partbaked": {
      			translation: { x: 0, y: 0, z: 0 },
      			rotation: { x: 45, y: 47, z: -30 },
      			origin: { x: 0.5, y: 0.3, z: 0.5 },
     			scale: 1.9
    		},
    		"*-turnip-partbaked": {
      			translation: { x: 0, y: 0, z: 0 },
      			rotation: { x: 45, y: 47, z: -30 },
      			origin: { x: 0.5, y: 0.3, z: 0.5 },
      			scale: 1.9
    		},
    		"*-pumpkin-partbaked":  {
      			translation: { x: 0, y: 0.22, z: 0 },
      			rotation: { x: 45, y: 47, z: -30 },
      			origin: { x: 0.5, y: 0.1, z: 0.5 },
      			scale: 1.8999
    		},
		"*-cassava-partbaked": {
			translation: { x: 0.1, y: -0.1, z: 0 },
			rotation: { x: -87, y: 138, z: 60 },
			scale: 1.26
		},
    		"*-carrot-cooked": {
      			translation: { x: 0, y: 0, z: 0 },
      			rotation: { x: 45, y: 47, z: -30 },
      			origin: { x: 0.5, y: 0.3, z: 0.5 },
      			scale: 1.9
    		},
    		"*-onion-cooked": {
      			translation: { x: 0, y: 0, z: 0 },
      			rotation: { x: 45, y: 47, z: -30 },
      			origin: { x: 0.5, y: 0.3, z: 0.5 },
      			scale: 1.9
    		},
    		"*-parsnip-cooked": {
      			translation: { x: 0, y: 0, z: 0 },
      			rotation: { x: 45, y: 47, z: -30 },
      			origin: { x: 0.5, y: 0.3, z: 0.5 },
     			scale: 1.9
    		},
    		"*-turnip-cooked": {
      			translation: { x: 0, y: 0, z: 0 },
      			rotation: { x: 45, y: 47, z: -30 },
      			origin: { x: 0.5, y: 0.3, z: 0.5 },
      			scale: 1.9
    		},
    		"*-pumpkin-cooked":  {
      			translation: { x: 0, y: 0.22, z: 0 },
      			rotation: { x: 45, y: 47, z: -30 },
      			origin: { x: 0.5, y: 0.1, z: 0.5 },
      			scale: 1.8999
    		},
		"*-cassava-cooked": {
			translation: { x: 0.1, y: -0.1, z: 0 },
			rotation: { x: -87, y: 138, z: 60 },
			scale: 1.26
		},
    		"*-carrot-charred": {
      			translation: { x: 0, y: 0, z: 0 },
      			rotation: { x: 45, y: 47, z: -30 },
      			origin: { x: 0.5, y: 0.3, z: 0.5 },
      			scale: 1.9
    		},
    		"*-onion-charred": {
      			translation: { x: 0, y: 0, z: 0 },
      			rotation: { x: 45, y: 47, z: -30 },
      			origin: { x: 0.5, y: 0.3, z: 0.5 },
      			scale: 1.9
    		},
    		"*-parsnip-charred": {
      			translation: { x: 0, y: 0, z: 0 },
      			rotation: { x: 45, y: 47, z: -30 },
      			origin: { x: 0.5, y: 0.3, z: 0.5 },
     			scale: 1.9
    		},
    		"*-turnip-charred": {
      			translation: { x: 0, y: 0, z: 0 },
      			rotation: { x: 45, y: 47, z: -30 },
      			origin: { x: 0.5, y: 0.3, z: 0.5 },
      			scale: 1.9
    		},
    		"*-pumpkin-charred":  {
      			translation: { x: 0, y: 0.22, z: 0 },
      			rotation: { x: 45, y: 47, z: -30 },
      			origin: { x: 0.5, y: 0.1, z: 0.5 },
      			scale: 1.8999
    		},
		"*-cassava-charred": {
			translation: { x: 0.1, y: -0.1, z: 0 },
			rotation: { x: -87, y: 138, z: 60 },
			scale: 1.26
		},
    		"*-carrot-raw": {
      			translation: { x: 0, y: 0, z: 0 },
      			rotation: { x: 45, y: 47, z: -30 },
      			origin: { x: 0.5, y: 0.3, z: 0.5 },
      			scale: 1.9
    		},
    		"*-onion-raw": {
      			translation: { x: 0, y: 0, z: 0 },
      			rotation: { x: 45, y: 47, z: -30 },
      			origin: { x: 0.5, y: 0.3, z: 0.5 },
      			scale: 1.9
    		},
    		"*-parsnip-raw": {
      			translation: { x: 0, y: 0, z: 0 },
     			rotation: { x: 45, y: 47, z: -30 },
      			origin: { x: 0.5, y: 0.3, z: 0.5 },
      			scale: 1.9
    		},
    		"*-turnip-raw": {
      			translation: { x: 0, y: 0, z: 0 },
      			rotation: { x: 45, y: 47, z: -30 },
      			origin: { x: 0.5, y: 0.3, z: 0.5 },
      			scale: 1.9
    		},
    		"*-pumpkin-raw":  {
      			translation: { x: 0, y: 0.22, z: 0 },
      			rotation: { x: 45, y: 47, z: -30 },
      			origin: { x: 0.5, y: 0.1, z: 0.5 },
      			scale: 1.8999
    		},
		"*-cassava-raw": {
			translation: { x: 0.1, y: -0.1, z: 0 },
			rotation: { x: -87, y: 138, z: 60 },
			scale: 1.26
		},
   		"*-pickledcarrot-oiled": {
      			translation: { x: 0, y: 0, z: 0 },
      			rotation: { x: 45, y: 47, z: -30 },
      			origin: { x: 0.5, y: 0.3, z: 0.5 },
      			scale: 1.9
    		},
    		"*-pickledonion-oiled": {
      			translation: { x: 0, y: 0, z: 0 },
      			rotation: { x: 45, y: 47, z: -30 },
      			origin: { x: 0.5, y: 0.3, z: 0.5 },
      			scale: 1.9
    		},
    		"*-pickledparsnip-oiled": {
      			translation: { x: 0, y: 0, z: 0 },
      			rotation: { x: 45, y: 47, z: -30 },
      			origin: { x: 0.5, y: 0.3, z: 0.5 },
      			scale: 1.9
    		},
    		"*-pickledturnip-oiled": {
      			translation: { x: 0, y: 0, z: 0 },
      			rotation: { x: 45, y: 47, z: -30 },
      			origin: { x: 0.5, y: 0.3, z: 0.5 },
     			scale: 1.9
    		},
    		"*-pickledpumpkin-oiled":  {
      			translation: { x: 0, y: 0.22, z: 0 },
      			rotation: { x: 45, y: 47, z: -30 },
      			origin: { x: 0.5, y: 0.1, z: 0.5 },
      			scale: 1.8999
    		},
    		"*-carrot-oiled": {
      			translation: { x: 0, y: 0, z: 0 },
      			rotation: { x: 45, y: 47, z: -30 },
      			origin: { x: 0.5, y: 0.3, z: 0.5 },
      			scale: 1.9
    		},
    		"*-onion-oiled": {
      			translation: { x: 0, y: 0, z: 0 },
      			rotation: { x: 45, y: 47, z: -30 },
      			origin: { x: 0.5, y: 0.3, z: 0.5 },
      			scale: 1.9
    		},
    		"*-parsnip-oiled": {
      			translation: { x: 0, y: 0, z: 0 },
      			rotation: { x: 45, y: 47, z: -30 },
      			origin: { x: 0.5, y: 0.3, z: 0.5 },
      			scale: 1.9
    		},
    		"*-turnip-oiled": {
      			translation: { x: 0, y: 0, z: 0 },
      			rotation: { x: 45, y: 47, z: -30 },
      			origin: { x: 0.5, y: 0.3, z: 0.5 },
      			scale: 1.9
    		},
    		"*-pumpkin-oiled":  {
      			translation: { x: 0, y: 0.22, z: 0 },
      			rotation: { x: 45, y: 47, z: -30 },
      			origin: { x: 0.5, y: 0.1, z: 0.5 },
      			scale: 1.8999
    		},
		"*-cassava-oiled": {
			translation: { x: 0.1, y: -0.1, z: 0 },
			rotation: { x: -87, y: 138, z: 60 },
			scale: 1.26
		},
		"*-bellpepper-*": {
			translation: { x: 0, y: 0, z: 0 },
			rotation: { x: 45, y: 47, z: -30 },
			origin: { x: 0.5, y: 0.3, z: 0.5 },
			scale: 1.9
		},
		"*-oiled": {
			translation: { x: -0.06, y: 0.36, z: 0.23 },
			rotation: { x: 0, y: -81, z: -35 },
			origin: { x: 0.5, y: 0.1, z: 0.5 },
			scale: 3
		},
		"*-raw": {
			translation: { x: -0.06, y: 0.36, z: 0.23 },
			rotation: { x: 0, y: -81, z: -35 },
			origin: { x: 0.5, y: 0.1, z: 0.5 },
			scale: 3
		},
		"*-syruppartbaked": {
			translation: { x: -0.06, y: 0.36, z: 0.23 },
			rotation: { x: 0, y: -81, z: -35 },
			origin: { x: 0.5, y: 0.1, z: 0.5 },
			scale: 3
		},
		"*-syrupv": {
			translation: { x: -0.06, y: 0.36, z: 0.23 },
			rotation: { x: 0, y: -81, z: -35 },
			origin: { x: 0.5, y: 0.1, z: 0.5 },
			scale: 3
		},
		"*-syrupcharred": {
			translation: { x: -0.06, y: 0.36, z: 0.23 },
			rotation: { x: 0, y: -81, z: -35 },
			origin: { x: 0.5, y: 0.1, z: 0.5 },
			scale: 3
		},
		"*": {
			translation: { x: -0.06, y: 0.36, z: 0.23 },
			rotation: { x: 0, y: 0, z: 0 },
			origin: { x: 0, y: 0, z: 1 },
			scale: 1.5
		},
	},
	tpHandTransformByType: {
    		"*-pickledcarrot-syruppartbaked": {
      			translation: { x: -0.6, y: -0.22, z: -0.61 },
      			rotation: { x: 0, y: 0, z: -42 },
      			origin: { x: 0.5, y: 0.1, z: 0.5 },
      			scale: 0.8
    		},
    		"*-pickledonion-syruppartbaked": {
      			translation: { x: -0.6, y: -0.18, z: -0.6 },
      			rotation: { x: 0, y: 0, z: -42 },
      			origin: { x: 0.5, y: 0.1, z: 0.5 },
      			scale: 0.8
    		},
    		"*-pickledparsnip-syruppartbaked": {
      			translation: { x: -0.6, y: -0.18, z: -0.6 },
      			rotation: { x: 0, y: 0, z: -42 },
      			origin: { x: 0.5, y: 0.1, z: 0.5 },
      			scale: 0.8
    		},
    		"*-pickledturnip-syruppartbaked": {
      			translation: { x: -0.6, y: -0.18, z: -0.6 },
      			rotation: { x: 0, y: 0, z: -42 },
      			origin: { x: 0.5, y: 0.1, z: 0.5 },
      			scale: 0.8
    		},
    		"*-pickledpumpkin-syruppartbaked": {
      			translation: { x: -0.75, y: -0.13, z: -0.71 },
      			rotation: { x: 45, y: -42, z: -65 },
      			origin: { x: 0.5, y: 0.1, z: 0.5 },
      			scale: 0.75
    		},
    		"*-pickledcarrot-syrupv": {
      			translation: { x: -0.6, y: -0.22, z: -0.61 },
      			rotation: { x: 0, y: 0, z: -42 },
      			origin: { x: 0.5, y: 0.1, z: 0.5 },
      			scale: 0.8
    		},
    		"*-pickledonion-syrupv": {
      			translation: { x: -0.6, y: -0.18, z: -0.6 },
      			rotation: { x: 0, y: 0, z: -42 },
      			origin: { x: 0.5, y: 0.1, z: 0.5 },
      			scale: 0.8
    		},
    		"*-pickledparsnip-syrupv": {
      			translation: { x: -0.6, y: -0.18, z: -0.6 },
      			rotation: { x: 0, y: 0, z: -42 },
      			origin: { x: 0.5, y: 0.1, z: 0.5 },
      			scale: 0.8
    		},
    		"*-pickledturnip-syrupv": {
      			translation: { x: -0.6, y: -0.18, z: -0.6 },
      			rotation: { x: 0, y: 0, z: -42 },
      			origin: { x: 0.5, y: 0.1, z: 0.5 },
      			scale: 0.8
    		},
    		"*-pickledpumpkin-syrupv": {
      			translation: { x: -0.75, y: -0.13, z: -0.71 },
      			rotation: { x: 45, y: -42, z: -65 },
      			origin: { x: 0.5, y: 0.1, z: 0.5 },
      			scale: 0.75
    		},
    		"*-pickledcarrot-syrupcharred": {
      			translation: { x: -0.6, y: -0.22, z: -0.61 },
      			rotation: { x: 0, y: 0, z: -42 },
      			origin: { x: 0.5, y: 0.1, z: 0.5 },
      			scale: 0.8
    		},
    		"*-pickledonion-syrupcharred": {
      			translation: { x: -0.6, y: -0.18, z: -0.6 },
      			rotation: { x: 0, y: 0, z: -42 },
      			origin: { x: 0.5, y: 0.1, z: 0.5 },
      			scale: 0.8
    		},
    		"*-pickledparsnip-syrupcharred": {
      			translation: { x: -0.6, y: -0.18, z: -0.6 },
      			rotation: { x: 0, y: 0, z: -42 },
      			origin: { x: 0.5, y: 0.1, z: 0.5 },
      			scale: 0.8
    		},
    		"*-pickledturnip-syrupcharred": {
      			translation: { x: -0.6, y: -0.18, z: -0.6 },
      			rotation: { x: 0, y: 0, z: -42 },
      			origin: { x: 0.5, y: 0.1, z: 0.5 },
      			scale: 0.8
    		},
    		"*-pickledpumpkin-syrupcharred": {
      			translation: { x: -0.75, y: -0.13, z: -0.71 },
      			rotation: { x: 45, y: -42, z: -65 },
      			origin: { x: 0.5, y: 0.1, z: 0.5 },
      			scale: 0.75
    		},
    		"*-pickledcarrot-partbaked": {
      			translation: { x: -0.6, y: -0.22, z: -0.61 },
      			rotation: { x: 0, y: 0, z: -42 },
      			origin: { x: 0.5, y: 0.1, z: 0.5 },
      			scale: 0.8
    		},
    		"*-pickledonion-partbaked": {
      			translation: { x: -0.6, y: -0.18, z: -0.6 },
      			rotation: { x: 0, y: 0, z: -42 },
      			origin: { x: 0.5, y: 0.1, z: 0.5 },
      			scale: 0.8
    		},
    		"*-pickledparsnip-partbaked": {
      			translation: { x: -0.6, y: -0.18, z: -0.6 },
      			rotation: { x: 0, y: 0, z: -42 },
      			origin: { x: 0.5, y: 0.1, z: 0.5 },
      			scale: 0.8
    		},
    		"*-pickledturnip-partbaked": {
      			translation: { x: -0.6, y: -0.18, z: -0.6 },
      			rotation: { x: 0, y: 0, z: -42 },
      			origin: { x: 0.5, y: 0.1, z: 0.5 },
      			scale: 0.8
    		},
    		"*-pickledpumpkin-partbaked": {
      			translation: { x: -0.75, y: -0.13, z: -0.71 },
      			rotation: { x: 45, y: -42, z: -65 },
      			origin: { x: 0.5, y: 0.1, z: 0.5 },
      			scale: 0.75
    		},
    		"*-pickledcarrot-cooked": {
      			translation: { x: -0.6, y: -0.22, z: -0.61 },
      			rotation: { x: 0, y: 0, z: -42 },
      			origin: { x: 0.5, y: 0.1, z: 0.5 },
      			scale: 0.8
    		},
    		"*-pickledonion-cooked": {
      			translation: { x: -0.6, y: -0.18, z: -0.6 },
      			rotation: { x: 0, y: 0, z: -42 },
      			origin: { x: 0.5, y: 0.1, z: 0.5 },
      			scale: 0.8
    		},
    		"*-pickledparsnip-cooked": {
      			translation: { x: -0.6, y: -0.18, z: -0.6 },
      			rotation: { x: 0, y: 0, z: -42 },
      			origin: { x: 0.5, y: 0.1, z: 0.5 },
      			scale: 0.8
    		},
    		"*-pickledturnip-cooked": {
      			translation: { x: -0.6, y: -0.18, z: -0.6 },
      			rotation: { x: 0, y: 0, z: -42 },
      			origin: { x: 0.5, y: 0.1, z: 0.5 },
      			scale: 0.8
    		},
    		"*-pickledpumpkin-cooked": {
      			translation: { x: -0.75, y: -0.13, z: -0.71 },
      			rotation: { x: 45, y: -42, z: -65 },
      			origin: { x: 0.5, y: 0.1, z: 0.5 },
      			scale: 0.75
    		},
    		"*-pickledcarrot-charred": {
      			translation: { x: -0.6, y: -0.22, z: -0.61 },
      			rotation: { x: 0, y: 0, z: -42 },
      			origin: { x: 0.5, y: 0.1, z: 0.5 },
      			scale: 0.8
    		},
    		"*-pickledonion-charred": {
      			translation: { x: -0.6, y: -0.18, z: -0.6 },
      			rotation: { x: 0, y: 0, z: -42 },
      			origin: { x: 0.5, y: 0.1, z: 0.5 },
      			scale: 0.8
    		},
    		"*-pickledparsnip-charred": {
      			translation: { x: -0.6, y: -0.18, z: -0.6 },
      			rotation: { x: 0, y: 0, z: -42 },
      			origin: { x: 0.5, y: 0.1, z: 0.5 },
      			scale: 0.8
    		},
    		"*-pickledturnip-charred": {
      			translation: { x: -0.6, y: -0.18, z: -0.6 },
      			rotation: { x: 0, y: 0, z: -42 },
      			origin: { x: 0.5, y: 0.1, z: 0.5 },
      			scale: 0.8
    		},
    		"*-pickledpumpkin-charred": {
      			translation: { x: -0.75, y: -0.13, z: -0.71 },
      			rotation: { x: 45, y: -42, z: -65 },
      			origin: { x: 0.5, y: 0.1, z: 0.5 },
      			scale: 0.75
    		},
    		"*-pickledcarrot-raw": {
      			translation: { x: -0.6, y: -0.22, z: -0.61 },
      			rotation: { x: 0, y: 0, z: -42 },
      			origin: { x: 0.5, y: 0.1, z: 0.5 },
      			scale: 0.8
    		},
    		"*-pickledonion-raw": {
      			translation: { x: -0.6, y: -0.18, z: -0.6 },
      			rotation: { x: 0, y: 0, z: -42 },
      			origin: { x: 0.5, y: 0.1, z: 0.5 },
      			scale: 0.8
    		},
    		"*-pickledparsnip-raw": {
      			translation: { x: -0.6, y: -0.18, z: -0.6 },
      			rotation: { x: 0, y: 0, z: -42 },
      			origin: { x: 0.5, y: 0.1, z: 0.5 },
      			scale: 0.8
    		},
    		"*-pickledturnip-raw": {
      			translation: { x: -0.6, y: -0.18, z: -0.6 },
      			rotation: { x: 0, y: 0, z: -42 },
      			origin: { x: 0.5, y: 0.1, z: 0.5 },
      			scale: 0.8
    		},
    		"*-pickledpumpkin-raw": {
      			translation: { x: -0.75, y: -0.13, z: -0.71 },
      			rotation: { x: 45, y: -42, z: -65 },
      			origin: { x: 0.5, y: 0.1, z: 0.5 },
      			scale: 0.75
    		},
    		"*-carrot-syruppartbaked": {
      			translation: { x: -0.6, y: -0.22, z: -0.61 },
      			rotation: { x: 0, y: 0, z: -42 },
      			origin: { x: 0.5, y: 0.1, z: 0.5 },
      			scale: 0.8
    		},
    		"*-onion-syruppartbaked": {
      			translation: { x: -0.6, y: -0.18, z: -0.6 },
      			rotation: { x: 0, y: 0, z: -42 },
      			origin: { x: 0.5, y: 0.1, z: 0.5 },
      			scale: 0.8
    		},
    		"*-parsnip-syruppartbaked": {
      			translation: { x: -0.6, y: -0.18, z: -0.6 },
      			rotation: { x: 0, y: 0, z: -42 },
      			origin: { x: 0.5, y: 0.1, z: 0.5 },
      			scale: 0.8
    		},
    		"*-turnip-syruppartbaked": {
      			translation: { x: -0.6, y: -0.18, z: -0.6 },
      			rotation: { x: 0, y: 0, z: -42 },
      			origin: { x: 0.5, y: 0.1, z: 0.5 },
      			scale: 0.8
    		},
    		"*-pumpkin-syruppartbaked": {
      			translation: { x: -0.75, y: -0.13, z: -0.71 },
      			rotation: { x: 45, y: -42, z: -65 },
      			origin: { x: 0.5, y: 0.1, z: 0.5 },
      			scale: 0.75
    		},
		"*-cassava-syruppartbaked": {
			translation: { x: -1.5, y: -1.1, z: -1.4 },
			rotation: { x: -55, y: -78, z: 56 },
			scale: 0.36
		},
    		"*-carrot-syrupv": {
      			translation: { x: -0.6, y: -0.22, z: -0.61 },
      			rotation: { x: 0, y: 0, z: -42 },
      			origin: { x: 0.5, y: 0.1, z: 0.5 },
      			scale: 0.8
    		},
    		"*-onion-syrupv": {
      			translation: { x: -0.6, y: -0.18, z: -0.6 },
      			rotation: { x: 0, y: 0, z: -42 },
      			origin: { x: 0.5, y: 0.1, z: 0.5 },
      			scale: 0.8
    		},
    		"*-parsnip-syrupv": {
      			translation: { x: -0.6, y: -0.18, z: -0.6 },
      			rotation: { x: 0, y: 0, z: -42 },
      			origin: { x: 0.5, y: 0.1, z: 0.5 },
      			scale: 0.8
    		},
    		"*-turnip-syrupv": {
      			translation: { x: -0.6, y: -0.18, z: -0.6 },
      			rotation: { x: 0, y: 0, z: -42 },
      			origin: { x: 0.5, y: 0.1, z: 0.5 },
      			scale: 0.8
    		},
    		"*-pumpkin-syrupv": {
      			translation: { x: -0.75, y: -0.13, z: -0.71 },
      			rotation: { x: 45, y: -42, z: -65 },
      			origin: { x: 0.5, y: 0.1, z: 0.5 },
      			scale: 0.75
    		},
		"*-cassava-syrupv": {
			translation: { x: -1.5, y: -1.1, z: -1.4 },
			rotation: { x: -55, y: -78, z: 56 },
			scale: 0.36
		},
    		"*-carrot-syrupcharred": {
      			translation: { x: -0.6, y: -0.22, z: -0.61 },
      			rotation: { x: 0, y: 0, z: -42 },
      			origin: { x: 0.5, y: 0.1, z: 0.5 },
      			scale: 0.8
    		},
    		"*-onion-syrupcharred": {
      			translation: { x: -0.6, y: -0.18, z: -0.6 },
      			rotation: { x: 0, y: 0, z: -42 },
      			origin: { x: 0.5, y: 0.1, z: 0.5 },
      			scale: 0.8
    		},
    		"*-parsnip-syrupcharred": {
      			translation: { x: -0.6, y: -0.18, z: -0.6 },
      			rotation: { x: 0, y: 0, z: -42 },
      			origin: { x: 0.5, y: 0.1, z: 0.5 },
      			scale: 0.8
    		},
    		"*-turnip-syrupcharred": {
      			translation: { x: -0.6, y: -0.18, z: -0.6 },
      			rotation: { x: 0, y: 0, z: -42 },
      			origin: { x: 0.5, y: 0.1, z: 0.5 },
      			scale: 0.8
    		},
    		"*-pumpkin-syrupcharred": {
      			translation: { x: -0.75, y: -0.13, z: -0.71 },
      			rotation: { x: 45, y: -42, z: -65 },
      			origin: { x: 0.5, y: 0.1, z: 0.5 },
      			scale: 0.75
    		},
		"*-cassava-syrupcharred": {
			translation: { x: -1.5, y: -1.1, z: -1.4 },
			rotation: { x: -55, y: -78, z: 56 },
			scale: 0.36
		},
    		"*-carrot-partbaked": {
      			translation: { x: -0.6, y: -0.22, z: -0.61 },
      			rotation: { x: 0, y: 0, z: -42 },
      			origin: { x: 0.5, y: 0.1, z: 0.5 },
      			scale: 0.8
    		},
    		"*-onion-partbaked": {
      			translation: { x: -0.6, y: -0.18, z: -0.6 },
      			rotation: { x: 0, y: 0, z: -42 },
      			origin: { x: 0.5, y: 0.1, z: 0.5 },
      			scale: 0.8
    		},
    		"*-parsnip-partbaked": {
      			translation: { x: -0.6, y: -0.18, z: -0.6 },
      			rotation: { x: 0, y: 0, z: -42 },
      			origin: { x: 0.5, y: 0.1, z: 0.5 },
      			scale: 0.8
    		},
    		"*-turnip-partbaked": {
      			translation: { x: -0.6, y: -0.18, z: -0.6 },
      			rotation: { x: 0, y: 0, z: -42 },
      			origin: { x: 0.5, y: 0.1, z: 0.5 },
      			scale: 0.8
    		},
    		"*-pumpkin-partbaked": {
      			translation: { x: -0.75, y: -0.13, z: -0.71 },
      			rotation: { x: 45, y: -42, z: -65 },
      			origin: { x: 0.5, y: 0.1, z: 0.5 },
      			scale: 0.75
    		},
		"*-cassava-partbaked": {
			translation: { x: -1.5, y: -1.1, z: -1.4 },
			rotation: { x: -55, y: -78, z: 56 },
			scale: 0.36
		},
    		"*-carrot-cooked": {
      			translation: { x: -0.6, y: -0.22, z: -0.61 },
      			rotation: { x: 0, y: 0, z: -42 },
      			origin: { x: 0.5, y: 0.1, z: 0.5 },
      			scale: 0.8
    		},
    		"*-onion-cooked": {
      			translation: { x: -0.6, y: -0.18, z: -0.6 },
      			rotation: { x: 0, y: 0, z: -42 },
      			origin: { x: 0.5, y: 0.1, z: 0.5 },
      			scale: 0.8
    		},
    		"*-parsnip-cooked": {
      			translation: { x: -0.6, y: -0.18, z: -0.6 },
      			rotation: { x: 0, y: 0, z: -42 },
      			origin: { x: 0.5, y: 0.1, z: 0.5 },
      			scale: 0.8
    		},
    		"*-turnip-cooked": {
      			translation: { x: -0.6, y: -0.18, z: -0.6 },
      			rotation: { x: 0, y: 0, z: -42 },
      			origin: { x: 0.5, y: 0.1, z: 0.5 },
      			scale: 0.8
    		},
    		"*-pumpkin-cooked": {
      			translation: { x: -0.75, y: -0.13, z: -0.71 },
      			rotation: { x: 45, y: -42, z: -65 },
      			origin: { x: 0.5, y: 0.1, z: 0.5 },
      			scale: 0.75
    		},
		"*-cassava-cooked": {
			translation: { x: -1.5, y: -1.1, z: -1.4 },
			rotation: { x: -55, y: -78, z: 56 },
			scale: 0.36
		},
    		"*-carrot-charred": {
      			translation: { x: -0.6, y: -0.22, z: -0.61 },
      			rotation: { x: 0, y: 0, z: -42 },
      			origin: { x: 0.5, y: 0.1, z: 0.5 },
      			scale: 0.8
    		},
    		"*-onion-charred": {
      			translation: { x: -0.6, y: -0.18, z: -0.6 },
      			rotation: { x: 0, y: 0, z: -42 },
      			origin: { x: 0.5, y: 0.1, z: 0.5 },
      			scale: 0.8
    		},
    		"*-parsnip-charred": {
      			translation: { x: -0.6, y: -0.18, z: -0.6 },
      			rotation: { x: 0, y: 0, z: -42 },
      			origin: { x: 0.5, y: 0.1, z: 0.5 },
      			scale: 0.8
    		},
    		"*-turnip-charred": {
      			translation: { x: -0.6, y: -0.18, z: -0.6 },
      			rotation: { x: 0, y: 0, z: -42 },
      			origin: { x: 0.5, y: 0.1, z: 0.5 },
      			scale: 0.8
    		},
    		"*-pumpkin-charred": {
      			translation: { x: -0.75, y: -0.13, z: -0.71 },
      			rotation: { x: 45, y: -42, z: -65 },
      			origin: { x: 0.5, y: 0.1, z: 0.5 },
      			scale: 0.75
    		},
		"*-cassava-charred": {
			translation: { x: -1.5, y: -1.1, z: -1.4 },
			rotation: { x: -55, y: -78, z: 56 },
			scale: 0.36
		},
    		"*-carrot-raw": {
      			translation: { x: -0.6, y: -0.22, z: -0.61 },
      			rotation: { x: 0, y: 0, z: -42 },
      			origin: { x: 0.5, y: 0.1, z: 0.5 },
      			scale: 0.8
    		},
    		"*-onion-raw": {
      			translation: { x: -0.6, y: -0.18, z: -0.6 },
      			rotation: { x: 0, y: 0, z: -42 },
      			origin: { x: 0.5, y: 0.1, z: 0.5 },
      			scale: 0.8
    		},
    		"*-parsnip-raw": {
      			translation: { x: -0.6, y: -0.18, z: -0.6 },
      			rotation: { x: 0, y: 0, z: -42 },
      			origin: { x: 0.5, y: 0.1, z: 0.5 },
      			scale: 0.8
    		},
    		"*-turnip-raw": {
      			translation: { x: -0.6, y: -0.18, z: -0.6 },
      			rotation: { x: 0, y: 0, z: -42 },
      			origin: { x: 0.5, y: 0.1, z: 0.5 },
      			scale: 0.8
    		},
    		"*-pumpkin-raw": {
      			translation: { x: -0.75, y: -0.13, z: -0.71 },
      			rotation: { x: 45, y: -42, z: -65 },
      			origin: { x: 0.5, y: 0.1, z: 0.5 },
      			scale: 0.75
    		},
		"*-cassava-raw": {
			translation: { x: -1.5, y: -1.1, z: -1.4 },
			rotation: { x: -55, y: -78, z: 56 },
			scale: 0.36
		},
   		"*-pickledcarrot-oiled": {
      			translation: { x: -0.6, y: -0.22, z: -0.61 },
      			rotation: { x: 0, y: 0, z: -42 },
      			origin: { x: 0.5, y: 0.1, z: 0.5 },
      			scale: 0.8
    		},
    		"*-pickledonion-oiled": {
      			translation: { x: -0.6, y: -0.18, z: -0.6 },
      			rotation: { x: 0, y: 0, z: -42 },
      			origin: { x: 0.5, y: 0.1, z: 0.5 },
      			scale: 0.8
    		},
    		"*-pickledparsnip-oiled": {
      			translation: { x: -0.6, y: -0.18, z: -0.6 },
      			rotation: { x: 0, y: 0, z: -42 },
      			origin: { x: 0.5, y: 0.1, z: 0.5 },
      			scale: 0.8
    		},
    		"*-pickledturnip-oiled": {
      			translation: { x: -0.6, y: -0.18, z: -0.6 },
      			rotation: { x: 0, y: 0, z: -42 },
      			origin: { x: 0.5, y: 0.1, z: 0.5 },
      			scale: 0.8
    		},
    		"*-pickledpumpkin-oiled": {
      			translation: { x: -0.75, y: -0.13, z: -0.71 },
      			rotation: { x: 45, y: -42, z: -65 },
      			origin: { x: 0.5, y: 0.1, z: 0.5 },
      			scale: 0.75
    		},
    		"*-carrot-oiled": {
      			translation: { x: -0.6, y: -0.22, z: -0.61 },
      			rotation: { x: 0, y: 0, z: -42 },
      			origin: { x: 0.5, y: 0.1, z: 0.5 },
      			scale: 0.8
    		},
    		"*-onion-oiled": {
      			translation: { x: -0.6, y: -0.18, z: -0.6 },
      			rotation: { x: 0, y: 0, z: -42 },
      			origin: { x: 0.5, y: 0.1, z: 0.5 },
      			scale: 0.8
    		},
    		"*-parsnip-oiled": {
      			translation: { x: -0.6, y: -0.18, z: -0.6 },
      			rotation: { x: 0, y: 0, z: -42 },
      			origin: { x: 0.5, y: 0.1, z: 0.5 },
      			scale: 0.8
    		},
    		"*-turnip-oiled": {
      			translation: { x: -0.6, y: -0.18, z: -0.6 },
      			rotation: { x: 0, y: 0, z: -42 },
      			origin: { x: 0.5, y: 0.1, z: 0.5 },
      			scale: 0.8
    		},
    		"*-pumpkin-oiled": {
      			translation: { x: -0.75, y: -0.13, z: -0.71 },
      			rotation: { x: 45, y: -42, z: -65 },
      			origin: { x: 0.5, y: 0.1, z: 0.5 },
      			scale: 0.75
    		},
		"*-cassava-oiled": {
			translation: { x: -1.5, y: -1.1, z: -1.4 },
			rotation: { x: -55, y: -78, z: 56 },
			scale: 0.36
		},
		"*-bellpepper-*": {
			translation: { x: -0.6, y: -0.18, z: -0.6 },
			rotation: { x: 0, y: 0, z: -42 },
			origin: { x: 0.5, y: 0.1, z: 0.5 },
			scale: 0.8
		},
		"*-oiled": {
			translation: { x: 0.05, y: -0.05, z: 0.1 },
			rotation: { x: 1, y: 9, z: -11 },
			origin: { x: 0.21, y: -0.2, z: 0.15 },
			scale: 1	
		},
		"*-raw": {
			translation: { x: 0.05, y: -0.05, z: 0.1 },
			rotation: { x: 1, y: 9, z: -11 },
			origin: { x: 0.21, y: -0.2, z: 0.15 },
			scale: 1	
		},
		"*-syruppartbaked": {
			translation: { x: 0.05, y: -0.05, z: 0.1 },
			rotation: { x: 1, y: 9, z: -11 },
			origin: { x: 0.21, y: -0.2, z: 0.15 },
			scale: 1	
		},
		"*-syrupv": {
			translation: { x: 0.05, y: -0.05, z: 0.1 },
			rotation: { x: 1, y: 9, z: -11 },
			origin: { x: 0.21, y: -0.2, z: 0.15 },
			scale: 1	
		},
		"*-syrupcharred": {
			translation: { x: 0.05, y: -0.05, z: 0.1 },
			rotation: { x: 1, y: 9, z: -11 },
			origin: { x: 0.21, y: -0.2, z: 0.15 },
			scale: 1	
		},
		"*": {
			translation: { x: 0.05, y: -0.05, z: 0.1 },
			rotation: { x: 0, y: 0, z: -7 },
			origin: { x: 0.17, y: -0.2, z: 0.15 },
			scale: 0.4
		},
	},
	groundTransformByType: {
		"*-pickledcarrot-syruppartbaked": {
			translation: { x: 0, y: 0, z: 0 },
			rotation: { x: 0, y: 0, z: 83 },
			origin: { x: 0.47, y: 0, z: 0.5 },
			scale: 4.3
		},
		"*-pickledonion-syruppartbaked": {
			translation: { x: 0, y: 0, z: 0 },
			rotation: { x: 0, y: 0, z: 83 },
			origin: { x: 0.47, y: 0, z: 0.5 },
			scale: 4.3
		},
		"*-pickledparsnip-syruppartbaked": {
			translation: { x: 0, y: 0, z: 0 },
			rotation: { x: 0, y: 0, z: 83 },
			origin: { x: 0.47, y: 0, z: 0.5 },
			scale: 4.3
		},
		"*-pickledturnip-syruppartbaked": {
			translation: { x: 0, y: 0, z: 0 },
			rotation: { x: 0, y: 0, z: 75 },
			origin: { x: 0.47, y: 0, z: 0.5 },
			scale: 3.8
		},
		"*-pickledpumpkin-syruppartbaked": {
			translation: { x: 0, y: 0, z: 0 },
			rotation: { x: 0, y: 0, z: 75 },
			origin: { x: 0.47, y: 0, z: 0.5 },
			scale: 3.8
		},
		"*-pickledcarrot-syrupv": {
			translation: { x: 0, y: 0, z: 0 },
			rotation: { x: 0, y: 0, z: 83 },
			origin: { x: 0.47, y: 0, z: 0.5 },
			scale: 4.3
		},
		"*-pickledonion-syrupv": {
			translation: { x: 0, y: 0, z: 0 },
			rotation: { x: 0, y: 0, z: 83 },
			origin: { x: 0.47, y: 0, z: 0.5 },
			scale: 4.3
		},
		"*-pickledparsnip-syrupv": {
			translation: { x: 0, y: 0, z: 0 },
			rotation: { x: 0, y: 0, z: 83 },
			origin: { x: 0.47, y: 0, z: 0.5 },
			scale: 4.3
		},
		"*-pickledturnip-syrupv": {
			translation: { x: 0, y: 0, z: 0 },
			rotation: { x: 0, y: 0, z: 75 },
			origin: { x: 0.47, y: 0, z: 0.5 },
			scale: 3.8
		},
		"*-pickledpumpkin-syrupv": {
			translation: { x: 0, y: 0, z: 0 },
			rotation: { x: 0, y: 0, z: 75 },
			origin: { x: 0.47, y: 0, z: 0.5 },
			scale: 3.8
		},
		"*-pickledcarrot-syrupcharred": {
			translation: { x: 0, y: 0, z: 0 },
			rotation: { x: 0, y: 0, z: 83 },
			origin: { x: 0.47, y: 0, z: 0.5 },
			scale: 4.3
		},
		"*-pickledonion-syrupcharred": {
			translation: { x: 0, y: 0, z: 0 },
			rotation: { x: 0, y: 0, z: 83 },
			origin: { x: 0.47, y: 0, z: 0.5 },
			scale: 4.3
		},
		"*-pickledparsnip-syrupcharred": {
			translation: { x: 0, y: 0, z: 0 },
			rotation: { x: 0, y: 0, z: 83 },
			origin: { x: 0.47, y: 0, z: 0.5 },
			scale: 4.3
		},
		"*-pickledturnip-syrupcharred": {
			translation: { x: 0, y: 0, z: 0 },
			rotation: { x: 0, y: 0, z: 75 },
			origin: { x: 0.47, y: 0, z: 0.5 },
			scale: 3.8
		},
		"*-pickledpumpkin-syrupcharred": {
			translation: { x: 0, y: 0, z: 0 },
			rotation: { x: 0, y: 0, z: 75 },
			origin: { x: 0.47, y: 0, z: 0.5 },
			scale: 3.8
		},
		"*-pickledcarrot-partbaked": {
			translation: { x: 0, y: 0, z: 0 },
			rotation: { x: 0, y: 0, z: 83 },
			origin: { x: 0.47, y: 0, z: 0.5 },
			scale: 4.3
		},
		"*-pickledonion-partbaked": {
			translation: { x: 0, y: 0, z: 0 },
			rotation: { x: 0, y: 0, z: 83 },
			origin: { x: 0.47, y: 0, z: 0.5 },
			scale: 4.3
		},
		"*-pickledparsnip-partbaked": {
			translation: { x: 0, y: 0, z: 0 },
			rotation: { x: 0, y: 0, z: 83 },
			origin: { x: 0.47, y: 0, z: 0.5 },
			scale: 4.3
		},
		"*-pickledturnip-partbaked": {
			translation: { x: 0, y: 0, z: 0 },
			rotation: { x: 0, y: 0, z: 75 },
			origin: { x: 0.47, y: 0, z: 0.5 },
			scale: 3.8
		},
		"*-pickledpumpkin-partbaked": {
			translation: { x: 0, y: 0, z: 0 },
			rotation: { x: 0, y: 0, z: 75 },
			origin: { x: 0.47, y: 0, z: 0.5 },
			scale: 3.8
		},
		"*-pickledcarrot-cooked": {
			translation: { x: 0, y: 0, z: 0 },
			rotation: { x: 0, y: 0, z: 83 },
			origin: { x: 0.47, y: 0, z: 0.5 },
			scale: 4.3
		},
		"*-pickledonion-cooked": {
			translation: { x: 0, y: 0, z: 0 },
			rotation: { x: 0, y: 0, z: 83 },
			origin: { x: 0.47, y: 0, z: 0.5 },
			scale: 4.3
		},
		"*-pickledparsnip-cooked": {
			translation: { x: 0, y: 0, z: 0 },
			rotation: { x: 0, y: 0, z: 83 },
			origin: { x: 0.47, y: 0, z: 0.5 },
			scale: 4.3
		},
		"*-pickledturnip-cooked": {
			translation: { x: 0, y: 0, z: 0 },
			rotation: { x: 0, y: 0, z: 75 },
			origin: { x: 0.47, y: 0, z: 0.5 },
			scale: 3.8
		},
		"*-pickledpumpkin-cooked": {
			translation: { x: 0, y: 0, z: 0 },
			rotation: { x: 0, y: 0, z: 75 },
			origin: { x: 0.47, y: 0, z: 0.5 },
			scale: 3.8
		},
		"*-pickledcarrot-charred": {
			translation: { x: 0, y: 0, z: 0 },
			rotation: { x: 0, y: 0, z: 83 },
			origin: { x: 0.47, y: 0, z: 0.5 },
			scale: 4.3
		},
		"*-pickledonion-charred": {
			translation: { x: 0, y: 0, z: 0 },
			rotation: { x: 0, y: 0, z: 83 },
			origin: { x: 0.47, y: 0, z: 0.5 },
			scale: 4.3
		},
		"*-pickledparsnip-charred": {
			translation: { x: 0, y: 0, z: 0 },
			rotation: { x: 0, y: 0, z: 83 },
			origin: { x: 0.47, y: 0, z: 0.5 },
			scale: 4.3
		},
		"*-pickledturnip-charred": {
			translation: { x: 0, y: 0, z: 0 },
			rotation: { x: 0, y: 0, z: 75 },
			origin: { x: 0.47, y: 0, z: 0.5 },
			scale: 3.8
		},
		"*-pickledpumpkin-charred": {
			translation: { x: 0, y: 0, z: 0 },
			rotation: { x: 0, y: 0, z: 75 },
			origin: { x: 0.47, y: 0, z: 0.5 },
			scale: 3.8
		},
		"*-pickledcarrot-raw": {
			translation: { x: 0, y: 0, z: 0 },
			rotation: { x: 0, y: 0, z: 83 },
			origin: { x: 0.47, y: 0, z: 0.5 },
			scale: 4.3
		},
		"*-pickledonion-raw": {
			translation: { x: 0, y: 0, z: 0 },
			rotation: { x: 0, y: 0, z: 83 },
			origin: { x: 0.47, y: 0, z: 0.5 },
			scale: 4.3
		},
		"*-pickledparsnip-raw": {
			translation: { x: 0, y: 0, z: 0 },
			rotation: { x: 0, y: 0, z: 83 },
			origin: { x: 0.47, y: 0, z: 0.5 },
			scale: 4.3
		},
		"*-pickledturnip-raw": {
			translation: { x: 0, y: 0, z: 0 },
			rotation: { x: 0, y: 0, z: 75 },
			origin: { x: 0.47, y: 0, z: 0.5 },
			scale: 3.8
		},
		"*-pickledpumpkin-raw": {
			translation: { x: 0, y: 0, z: 0 },
			rotation: { x: 0, y: 0, z: 75 },
			origin: { x: 0.47, y: 0, z: 0.5 },
			scale: 3.8
		},
		"*-carrot-syruppartbaked": {
			translation: { x: 0, y: 0, z: 0 },
			rotation: { x: 0, y: 0, z: 83 },
			origin: { x: 0.47, y: 0, z: 0.5 },
			scale: 4.3
		},
		"*-onion-syruppartbaked": {
			translation: { x: 0, y: 0, z: 0 },
			rotation: { x: 0, y: 0, z: 83 },
			origin: { x: 0.47, y: 0, z: 0.5 },
			scale: 4.3
		},
		"*-parsnip-syruppartbaked": {
			translation: { x: 0, y: 0, z: 0 },
			rotation: { x: 0, y: 0, z: 83 },
			origin: { x: 0.47, y: 0, z: 0.5 },
			scale: 4.3
		},
		"*-turnip-syruppartbaked": {
			translation: { x: 0, y: 0, z: 0 },
			rotation: { x: 0, y: 0, z: 75 },
			origin: { x: 0.47, y: 0, z: 0.5 },
			scale: 3.8
		},
		"*-pumpkin-syruppartbaked": {
			translation: { x: 0, y: 0, z: 0 },
			rotation: { x: 0, y: 0, z: 75 },
			origin: { x: 0.47, y: 0, z: 0.5 },
			scale: 3.8
		},
		"*-cassava-syruppartbaked": {
			translation: { x: 0, y: 0, z: 0 },
			rotation: { x: 97, y: -18, z: -16 },
			origin: { x: 0.5, y: 0.5, z: 0.5299 },
			scale: 2.8
		},
		"*-carrot-syrupv": {
			translation: { x: 0, y: 0, z: 0 },
			rotation: { x: 0, y: 0, z: 83 },
			origin: { x: 0.47, y: 0, z: 0.5 },
			scale: 4.3
		},
		"*-onion-syrupv": {
			translation: { x: 0, y: 0, z: 0 },
			rotation: { x: 0, y: 0, z: 83 },
			origin: { x: 0.47, y: 0, z: 0.5 },
			scale: 4.3
		},
		"*-parsnip-syrupv": {
			translation: { x: 0, y: 0, z: 0 },
			rotation: { x: 0, y: 0, z: 83 },
			origin: { x: 0.47, y: 0, z: 0.5 },
			scale: 4.3
		},
		"*-turnip-syrupv": {
			translation: { x: 0, y: 0, z: 0 },
			rotation: { x: 0, y: 0, z: 75 },
			origin: { x: 0.47, y: 0, z: 0.5 },
			scale: 3.8
		},
		"*-pumpkin-syrupv": {
			translation: { x: 0, y: 0, z: 0 },
			rotation: { x: 0, y: 0, z: 75 },
			origin: { x: 0.47, y: 0, z: 0.5 },
			scale: 3.8
		},
		"*-cassava-syrupv": {
			translation: { x: 0, y: 0, z: 0 },
			rotation: { x: 97, y: -18, z: -16 },
			origin: { x: 0.5, y: 0.5, z: 0.5299 },
			scale: 2.8
		},
		"*-carrot-syrupcharred": {
			translation: { x: 0, y: 0, z: 0 },
			rotation: { x: 0, y: 0, z: 83 },
			origin: { x: 0.47, y: 0, z: 0.5 },
			scale: 4.3
		},
		"*-onion-syrupcharred": {
			translation: { x: 0, y: 0, z: 0 },
			rotation: { x: 0, y: 0, z: 83 },
			origin: { x: 0.47, y: 0, z: 0.5 },
			scale: 4.3
		},
		"*-parsnip-syrupcharred": {
			translation: { x: 0, y: 0, z: 0 },
			rotation: { x: 0, y: 0, z: 83 },
			origin: { x: 0.47, y: 0, z: 0.5 },
			scale: 4.3
		},
		"*-turnip-syrupcharred": {
			translation: { x: 0, y: 0, z: 0 },
			rotation: { x: 0, y: 0, z: 75 },
			origin: { x: 0.47, y: 0, z: 0.5 },
			scale: 3.8
		},
		"*-pumpkin-syrupcharred": {
			translation: { x: 0, y: 0, z: 0 },
			rotation: { x: 0, y: 0, z: 75 },
			origin: { x: 0.47, y: 0, z: 0.5 },
			scale: 3.8
		},
		"*-cassava-syrupcharred": {
			translation: { x: 0, y: 0, z: 0 },
			rotation: { x: 97, y: -18, z: -16 },
			origin: { x: 0.5, y: 0.5, z: 0.5299 },
			scale: 2.8
		},
		"*-carrot-partbaked": {
			translation: { x: 0, y: 0, z: 0 },
			rotation: { x: 0, y: 0, z: 83 },
			origin: { x: 0.47, y: 0, z: 0.5 },
			scale: 4.3
		},
		"*-onion-partbaked": {
			translation: { x: 0, y: 0, z: 0 },
			rotation: { x: 0, y: 0, z: 83 },
			origin: { x: 0.47, y: 0, z: 0.5 },
			scale: 4.3
		},
		"*-parsnip-partbaked": {
			translation: { x: 0, y: 0, z: 0 },
			rotation: { x: 0, y: 0, z: 83 },
			origin: { x: 0.47, y: 0, z: 0.5 },
			scale: 4.3
		},
		"*-turnip-partbaked": {
			translation: { x: 0, y: 0, z: 0 },
			rotation: { x: 0, y: 0, z: 75 },
			origin: { x: 0.47, y: 0, z: 0.5 },
			scale: 3.8
		},
		"*-pumpkin-partbaked": {
			translation: { x: 0, y: 0, z: 0 },
			rotation: { x: 0, y: 0, z: 75 },
			origin: { x: 0.47, y: 0, z: 0.5 },
			scale: 3.8
		},
		"*-cassava-partbaked": {
			translation: { x: 0, y: 0, z: 0 },
			rotation: { x: 97, y: -18, z: -16 },
			origin: { x: 0.5, y: 0.5, z: 0.5299 },
			scale: 2.8
		},
		"*-carrot-cooked": {
			translation: { x: 0, y: 0, z: 0 },
			rotation: { x: 0, y: 0, z: 83 },
			origin: { x: 0.47, y: 0, z: 0.5 },
			scale: 4.3
		},
		"*-onion-cooked": {
			translation: { x: 0, y: 0, z: 0 },
			rotation: { x: 0, y: 0, z: 83 },
			origin: { x: 0.47, y: 0, z: 0.5 },
			scale: 4.3
		},
		"*-parsnip-cooked": {
			translation: { x: 0, y: 0, z: 0 },
			rotation: { x: 0, y: 0, z: 83 },
			origin: { x: 0.47, y: 0, z: 0.5 },
			scale: 4.3
		},
		"*-turnip-cooked": {
			translation: { x: 0, y: 0, z: 0 },
			rotation: { x: 0, y: 0, z: 75 },
			origin: { x: 0.47, y: 0, z: 0.5 },
			scale: 3.8
		},
		"*-pumpkin-cooked": {
			translation: { x: 0, y: 0, z: 0 },
			rotation: { x: 0, y: 0, z: 75 },
			origin: { x: 0.47, y: 0, z: 0.5 },
			scale: 3.8
		},
		"*-cassava-cooked": {
			translation: { x: 0, y: 0, z: 0 },
			rotation: { x: 97, y: -18, z: -16 },
			origin: { x: 0.5, y: 0.5, z: 0.5299 },
			scale: 2.8
		},
		"*-carrot-charred": {
			translation: { x: 0, y: 0, z: 0 },
			rotation: { x: 0, y: 0, z: 83 },
			origin: { x: 0.47, y: 0, z: 0.5 },
			scale: 4.3
		},
		"*-onion-charred": {
			translation: { x: 0, y: 0, z: 0 },
			rotation: { x: 0, y: 0, z: 83 },
			origin: { x: 0.47, y: 0, z: 0.5 },
			scale: 4.3
		},
		"*-parsnip-charred": {
			translation: { x: 0, y: 0, z: 0 },
			rotation: { x: 0, y: 0, z: 83 },
			origin: { x: 0.47, y: 0, z: 0.5 },
			scale: 4.3
		},
		"*-turnip-charred": {
			translation: { x: 0, y: 0, z: 0 },
			rotation: { x: 0, y: 0, z: 75 },
			origin: { x: 0.47, y: 0, z: 0.5 },
			scale: 3.8
		},
		"*-pumpkin-charred": {
			translation: { x: 0, y: 0, z: 0 },
			rotation: { x: 0, y: 0, z: 75 },
			origin: { x: 0.47, y: 0, z: 0.5 },
			scale: 3.8
		},
		"*-cassava-charred": {
			translation: { x: 0, y: 0, z: 0 },
			rotation: { x: 97, y: -18, z: -16 },
			origin: { x: 0.5, y: 0.5, z: 0.5299 },
			scale: 2.8
		},
		"*-carrot-raw": {
			translation: { x: 0, y: 0, z: 0 },
			rotation: { x: 0, y: 0, z: 83 },
			origin: { x: 0.47, y: 0, z: 0.5 },
			scale: 4.3
		},
		"*-onion-raw": {
			translation: { x: 0, y: 0, z: 0 },
			rotation: { x: 0, y: 0, z: 83 },
			origin: { x: 0.47, y: 0, z: 0.5 },
			scale: 4.3
		},
		"*-parsnip-raw": {
			translation: { x: 0, y: 0, z: 0 },
			rotation: { x: 0, y: 0, z: 83 },
			origin: { x: 0.47, y: 0, z: 0.5 },
			scale: 4.3
		},
		"*-turnip-raw": {
			translation: { x: 0, y: 0, z: 0 },
			rotation: { x: 0, y: 0, z: 75 },
			origin: { x: 0.47, y: 0, z: 0.5 },
			scale: 3.8
		},
		"*-pumpkin-raw": {
			translation: { x: 0, y: 0, z: 0 },
			rotation: { x: 0, y: 0, z: 75 },
			origin: { x: 0.47, y: 0, z: 0.5 },
			scale: 3.8
		},
		"*-cassava-raw": {
			translation: { x: 0, y: 0, z: 0 },
			rotation: { x: 97, y: -18, z: -16 },
			origin: { x: 0.5, y: 0.5, z: 0.5299 },
			scale: 2.8
		},
		"*-pickledcarrot-oiled": {
			translation: { x: 0, y: 0, z: 0 },
			rotation: { x: 0, y: 0, z: 83 },
			origin: { x: 0.47, y: 0, z: 0.5 },
			scale: 4.3
		},
		"*-pickledonion-oiled": {
			translation: { x: 0, y: 0, z: 0 },
			rotation: { x: 0, y: 0, z: 83 },
			origin: { x: 0.47, y: 0, z: 0.5 },
			scale: 4.3
		},
		"*-pickledparsnip-oiled": {
			translation: { x: 0, y: 0, z: 0 },
			rotation: { x: 0, y: 0, z: 83 },
			origin: { x: 0.47, y: 0, z: 0.5 },
			scale: 4.3
		},
		"*-pickledturnip-oiled": {
			translation: { x: 0, y: 0, z: 0 },
			rotation: { x: 0, y: 0, z: 75 },
			origin: { x: 0.47, y: 0, z: 0.5 },
			scale: 3.8
		},
		"*-pickledpumpkin-oiled": {
			translation: { x: 0, y: 0, z: 0 },
			rotation: { x: 0, y: 0, z: 75 },
			origin: { x: 0.47, y: 0, z: 0.5 },
			scale: 3.8
		},
		"*-carrot-oiled": {
			translation: { x: 0, y: 0, z: 0 },
			rotation: { x: 0, y: 0, z: 83 },
			origin: { x: 0.47, y: 0, z: 0.5 },
			scale: 4.3
		},
		"*-onion-oiled": {
			translation: { x: 0, y: 0, z: 0 },
			rotation: { x: 0, y: 0, z: 83 },
			origin: { x: 0.47, y: 0, z: 0.5 },
			scale: 4.3
		},
		"*-parsnip-oiled": {
			translation: { x: 0, y: 0, z: 0 },
			rotation: { x: 0, y: 0, z: 83 },
			origin: { x: 0.47, y: 0, z: 0.5 },
			scale: 4.3
		},
		"*-turnip-oiled": {
			translation: { x: 0, y: 0, z: 0 },
			rotation: { x: 0, y: 0, z: 75 },
			origin: { x: 0.47, y: 0, z: 0.5 },
			scale: 3.8
		},
		"*-pumpkin-oiled": {
			translation: { x: 0, y: 0, z: 0 },
			rotation: { x: 0, y: 0, z: 75 },
			origin: { x: 0.47, y: 0, z: 0.5 },
			scale: 3.8
		},
		"*-cassava-oiled": {
			translation: { x: 0, y: 0, z: 0 },
			rotation: { x: 97, y: -18, z: -16 },
			origin: { x: 0.5, y: 0.5, z: 0.5299 },
			scale: 2.8
		},
		"*-bellpepper-*": {
			translation: { x: 0, y: 0, z: 0 },
			rotation: { x: 0, y: 0, z: 83 },
			origin: { x: 0.47, y: 0, z: 0.5 },
			scale: 3
		},
		"*": {
			translation: { x: 0, y: 0, z: 0 },
			rotation: { x: 180, y: 33, z: -180 },
			origin: { x: 0.5, y: 0, z: 0.5 },
			scale: 1.5
		},
	},
	combustiblePropsByType: {
		"breadedvegetable-*-*-raw": {
			meltingPoint: 150,
			meltingDuration: 30,
			smeltedRatio: 1,
			smeltingType: "cook",
			smeltedStack: { type: "item", code: "breadedvegetable-{type}-{veggie}-charred" },
			requiresContainer: false
		},
		"breadedvegetable-*-*-partbaked": {
			meltingPoint: 150,
			meltingDuration: 30,
			smeltedRatio: 1,
			smeltingType: "cook",
			smeltedStack: { type: "item", code: "breadedvegetable-{type}-{veggie}-charred" },
			requiresContainer: false
		},
		"breadedvegetable-*-*-cooked": {
			meltingPoint: 150,
			meltingDuration: 30,
			smeltedRatio: 1,
			smeltingType: "cook",
			smeltedStack: { type: "item", code: "breadedvegetable-{type}-{veggie}-charred" },
			requiresContainer: false
		},
		"breadedvegetable-*-*-oiled": {
			meltingPoint: 150,
			meltingDuration: 30,
			smeltedRatio: 1,
			smeltingType: "cook",
			smeltedStack: { type: "item", code: "breadedvegetable-{type}-{veggie}-charred" },
			requiresContainer: false
		},
		"breadedvegetable-*-*-syruppartbaked": {
			meltingPoint: 150,
			meltingDuration: 30,
			smeltedRatio: 1,
			smeltingType: "cook",
			smeltedStack: { type: "item", code: "breadedvegetable-{type}-{veggie}-syrupcharred" },
			requiresContainer: false
		},
		"breadedvegetable-*-*-syrupv": {
			meltingPoint: 150,
			meltingDuration: 30,
			smeltedRatio: 1,
			smeltingType: "cook",
			smeltedStack: { type: "item", code: "breadedvegetable-{type}-{veggie}-syrupcharred" },
			requiresContainer: false

		},
	}
}