{
	code: "sushiveg",
	maxstacksize: 32,
  	class: "ExpandedFood",
	attributes: {
		displaycaseable: true,
		shelvable: true,
		expandedNutritionProps: {
			"game:salt": {saturation: 10, health: 0.5, foodcategory: "Grain"},
			"game:grain-rice": {saturation: 200, foodcategory: "Grain"},
			"game:pickledvegetable-cabbage": {saturation: 310, foodcategory: "Vegetable"},
			"expandedfoods:driedseaweed": {saturation: 100, foodcategory: "Vegetable"},
			"expandedfoods:choppedvegetable-cabbage": {saturation: 460, foodcategory: "Vegetable"},
			"expandedfoods:choppedvegetable-pickledcarrot": {saturation: 125, foodcategory: "Vegetable"},
			"expandedfoods:choppedvegetable-pickledonion": {saturation: 125, foodcategory: "Vegetable"},
			"expandedfoods:choppedvegetable-pickledparsnip": {saturation: 125, foodcategory: "Vegetable"},
			"expandedfoods:choppedvegetable-pickledturnip": {saturation: 125, foodcategory: "Vegetable"},
			"expandedfoods:choppedvegetable-*": {saturation: 155, foodcategory: "Vegetable"},
			"expandedfoods:choppedmushroom-earthball": {saturation: 125, foodcategory: "Vegetable", health: -8},
			"expandedfoods:choppedmushroom-deathcap": {saturation: 125, foodcategory: "Vegetable", health: -50},
			"expandedfoods:choppedmushroom-funeralbell": {saturation: 125, foodcategory: "Vegetable", health: -40},
			"expandedfoods:choppedmushroom-elfinsaddle": {saturation: 125, foodcategory: "Vegetable", health: -7},
			"expandedfoods:choppedmushroom-jackolantern": {saturation: 125, foodcategory: "Vegetable", health: -6},
			"expandedfoods:choppedmushroom-devilsbolete": {saturation: 125, foodcategory: "Vegetable", health: -10},
			"expandedfoods:choppedmushroom-pinkbonnet": {saturation: 125, foodcategory: "Vegetable", health: -10},
			"expandedfoods:choppedmushroom-flyagaric": {saturation: 125, foodcategory: "Vegetable", health: -6.5},
			"expandedfoods:choppedmushroom-bitterbolete": {saturation: 125, foodcategory: "Vegetable", health: -3},
			"expandedfoods:choppedmushroom-devilstooth": {saturation: 125, foodcategory: "Vegetable", health: -2},
			"expandedfoods:choppedmushroom-golddropmilkcap": {saturation: 125, foodcategory: "Vegetable", health: -2.5},
			"expandedfoods:choppedmushroom-tinderhoof": {saturation: 0, foodcategory: "Vegetable"},
			"expandedfoods:choppedmushroom-*": {saturation: 125, foodcategory: "Vegetable"},

		},
	},
	variantgroups: [
		{ code: "veggie", loadFromProperties: "block/mushroom", states: ["bellpepper", "cabbage", "carrot", "cassava", "onion", "parsnip", "soybean", "turnip", "noveggie", "minerslettuce"] },
		{ code: "oiled", states: ["nooil", "oil", "honey", "peanut"]},
	],
	materialDensity: 150,
	shapeByType: {
		"*-bellpepper-nooil": { base: "item/food/sushi/vegetarian/sushi-bellpepper"},
		"*-bellpepper-oil": { base: "item/food/sushi/vegetarian/sushi-bellpepper-sauce"},
		"*-bellpepper-honey": { base: "item/food/sushi/vegetarian/sushi-bellpepper-honey"},
		"*-bellpepper-peanut": { base: "item/food/sushi/vegetarian/sushi-bellpepper-peanut"},
		"@*-(minerslettuce|cabbage)-nooil": { base: "item/food/sushi/vegetarian/sushi-cabbage"},
		"@*-(minerslettuce|cabbage)-oil": { base: "item/food/sushi/vegetarian/sushi-cabbage-sauce"},
		"@*-(minerslettuce|cabbage)-honey": { base: "item/food/sushi/vegetarian/sushi-cabbage-honey"},
		"@*-(minerslettuce|cabbage)-peanut": { base: "item/food/sushi/vegetarian/sushi-cabbage-peanut"},
		"*-carrot-nooil": { base: "item/food/sushi/vegetarian/sushi-carrot"},
		"*-carrot-oil": { base: "item/food/sushi/vegetarian/sushi-carrot-sauce"},
		"*-carrot-honey": { base: "item/food/sushi/vegetarian/sushi-carrot-honey"},
		"*-carrot-peanut": { base: "item/food/sushi/vegetarian/sushi-carrot-peanut"},
		"*-cassava-nooil": { base: "item/food/sushi/vegetarian/sushi-cassava"},
		"*-cassava-oil": { base: "item/food/sushi/vegetarian/sushi-cassava-sauce"},
		"*-cassava-honey": { base: "item/food/sushi/vegetarian/sushi-cassava-honey"},
		"*-cassava-peanut": { base: "item/food/sushi/vegetarian/sushi-cassava-peanut"},
		"*-onion-nooil": { base: "item/food/sushi/vegetarian/sushi-onion"},
		"*-onion-oil": { base: "item/food/sushi/vegetarian/sushi-onion-sauce"},
		"*-onion-honey": { base: "item/food/sushi/vegetarian/sushi-onion-honey"},
		"*-onion-peanut": { base: "item/food/sushi/vegetarian/sushi-onion-peanut"},
		"*-parsnip-nooil": { base: "item/food/sushi/vegetarian/sushi-parsnip"},
		"*-parsnip-oil": { base: "item/food/sushi/vegetarian/sushi-parsnip-sauce"},
		"*-parsnip-honey": { base: "item/food/sushi/vegetarian/sushi-parsnip-honey"},
		"*-parsnip-peanut": { base: "item/food/sushi/vegetarian/sushi-parsnip-peanut"},
		"*-soybean-nooil": { base: "item/food/sushi/vegetarian/sushi-soybean"},
		"*-soybean-oil": { base: "item/food/sushi/vegetarian/sushi-soybean-sauce"},
		"*-soybean-honey": { base: "item/food/sushi/vegetarian/sushi-soybean-honey"},
		"*-soybean-peanut": { base: "item/food/sushi/vegetarian/sushi-soybean-peanut"},
		"*-turnip-nooil": { base: "item/food/sushi/vegetarian/sushi-turnip"},
		"*-turnip-oil": { base: "item/food/sushi/vegetarian/sushi-turnip-sauce"},
		"*-turnip-honey": { base: "item/food/sushi/vegetarian/sushi-turnip-honey"},
		"*-turnip-peanut": { base: "item/food/sushi/vegetarian/sushi-turnip-peanut"},
		"*-noveggie-nooil": { base: "item/food/sushi/vegetarian/sushi-noveggie"},
		"*-noveggie-oil": { base: "item/food/sushi/vegetarian/sushi-noveggie-sauce"},
		"*-noveggie-honey": { base: "item/food/sushi/vegetarian/sushi-noveggie-honey"},
		"*-noveggie-peanut": { base: "item/food/sushi/vegetarian/sushi-noveggie-peanut"},
		"*-blacktrumpet-nooil": { base: "item/food/sushi/vegetarian/sushi-mushroomblack"},
		"*-blacktrumpet-oil": { base: "item/food/sushi/vegetarian/sushi-mushroomblack-sauce"},
		"*-blacktrumpet-honey": { base: "item/food/sushi/vegetarian/sushi-mushroomblack-honey"},
		"*-blacktrumpet-peanut": { base: "item/food/sushi/vegetarian/sushi-mushroomblack-peanut"},
		"@*-(chanterelle|chickenofthewoods|golddropmilkcap|jackolantern|saffronmilkcap)-nooil": { base: "item/food/sushi/vegetarian/sushi-mushroomyellow"},
		"@*-(chanterelle|chickenofthewoods|golddropmilkcap|jackolantern|saffronmilkcap)-oil": { base: "item/food/sushi/vegetarian/sushi-mushroomyellow-sauce"},
		"@*-(chanterelle|chickenofthewoods|golddropmilkcap|jackolantern|saffronmilkcap)-honey": { base: "item/food/sushi/vegetarian/sushi-mushroomyellow-honey"},
		"@*-(chanterelle|chickenofthewoods|golddropmilkcap|jackolantern|saffronmilkcap)-peanut": { base: "item/food/sushi/vegetarian/sushi-mushroomyellow-peanut"},
		"@*-(beardedtooth|deathcap|livermushroom|puffball|whiteoyster)-nooil": { base: "item/food/sushi/vegetarian/sushi-mushroomoffwhite"},
		"@*-(beardedtooth|deathcap|livermushroom|puffball|whiteoyster)-oil": { base: "item/food/sushi/vegetarian/sushi-mushroomoffwhite-sauce"},
		"@*-(beardedtooth|deathcap|livermushroom|puffball|whiteoyster)-honey": { base: "item/food/sushi/vegetarian/sushi-mushroomoffwhite-honey"},
		"@*-(beardedtooth|deathcap|livermushroom|puffball|whiteoyster)-peanut": { base: "item/food/sushi/vegetarian/sushi-mushroomoffwhite-peanut"},
		"@*-(deerear|devilbolete|funeralbell|orangeoakbolete)-nooil": { base: "item/food/sushi/vegetarian/sushi-mushroomorange"},
		"@*-(deerear|devilbolete|funeralbell|orangeoakbolete)-oil": { base: "item/food/sushi/vegetarian/sushi-mushroomorange-sauce"},
		"@*-(deerear|devilbolete|funeralbell|orangeoakbolete)-honey": { base: "item/food/sushi/vegetarian/sushi-mushroomorange-honey"},
		"@*-(deerear|devilbolete|funeralbell|orangeoakbolete)-peanut": { base: "item/food/sushi/vegetarian/sushi-mushroomorange-peanut"},
		"*-devilstooth-nooil": { base: "item/food/sushi/vegetarian/sushi-mushroomdevilstooth"},
		"*-devilstooth-oil": { base: "item/food/sushi/vegetarian/sushi-mushroomdevilstooth-sauce"},
		"*-devilstooth-honey": { base: "item/food/sushi/vegetarian/sushi-mushroomdevilstooth-honey"},
		"*-devilstooth-peanut": { base: "item/food/sushi/vegetarian/sushi-mushroomdevilstooth-peanut"},
		"@*-(elfinsaddle|flyagaric|redwinecap|witchhat)-nooil": { base: "item/food/sushi/vegetarian/sushi-mushroomred"},
		"@*-(elfinsaddle|flyagaric|redwinecap|witchhat)-oil": { base: "item/food/sushi/vegetarian/sushi-mushroomred-sauce"},
		"@*-(elfinsaddle|flyagaric|redwinecap|witchhat)-honey": { base: "item/food/sushi/vegetarian/sushi-mushroomred-honey"},
		"@*-(elfinsaddle|flyagaric|redwinecap|witchhat)-peanut": { base: "item/food/sushi/vegetarian/sushi-mushroomred-peanut"},
		"*-greencrackedrussula-nooil": { base: "item/food/sushi/vegetarian/sushi-mushroomgreen"},
		"*-greencrackedrussula-oil": { base: "item/food/sushi/vegetarian/sushi-mushroomgreen-sauce"},
		"*-greencrackedrussula-honey": { base: "item/food/sushi/vegetarian/sushi-mushroomgreen-honey"},
		"*-greencrackedrussula-peanut": { base: "item/food/sushi/vegetarian/sushi-mushroomgreen-peanut"},
		"@*-(indigomilkcap|tinderhoof)-nooil": { base: "item/food/sushi/vegetarian/sushi-mushroomblue"},
		"@*-(indigomilkcap|tinderhoof)-oil": { base: "item/food/sushi/vegetarian/sushi-mushroomblue-sauce"},
		"@*-(indigomilkcap|tinderhoof)-honey": { base: "item/food/sushi/vegetarian/sushi-mushroomblue-honey"},
		"@*-(indigomilkcap|tinderhoof)-peanut": { base: "item/food/sushi/vegetarian/sushi-mushroomblue-peanut"},
		"*-lobster-nooil": { base: "item/food/sushi/vegetarian/sushi-mushroomlobster"},
		"*-lobster-oil": { base: "item/food/sushi/vegetarian/sushi-mushroomlobster-sauce"},
		"*-lobster-honey": { base: "item/food/sushi/vegetarian/sushi-mushroomlobster-honey"},
		"*-lobster-peanut": { base: "item/food/sushi/vegetarian/sushi-mushroomlobster-peanut"},
		"@*-(pinkbonnet|pinkoyster)-nooil": { base: "item/food/sushi/vegetarian/sushi-mushroompink"},
		"@*-(pinkbonnet|pinkoyster)-oil": { base: "item/food/sushi/vegetarian/sushi-mushroompink-sauce"},
		"@*-(pinkbonnet|pinkoyster)-honey": { base: "item/food/sushi/vegetarian/sushi-mushroompink-honey"},
		"@*-(pinkbonnet|pinkoyster)-peanut": { base: "item/food/sushi/vegetarian/sushi-mushroompink-peanut"},
		"@*-(bitterbolete|blackmushroom|bolete|commonmorel|dryadsaddle|earthball|kingbolete|reishi|sagemushroom|shiitake)-nooil": { base: "item/food/sushi/vegetarian/sushi-mushroombrown"},
		"@*-(bitterbolete|blackmushroom|bolete|commonmorel|dryadsaddle|earthball|kingbolete|reishi|sagemushroom|shiitake)-oil": { base: "item/food/sushi/vegetarian/sushi-mushroombrown-sauce"},
		"@*-(bitterbolete|blackmushroom|bolete|commonmorel|dryadsaddle|earthball|kingbolete|reishi|sagemushroom|shiitake)-honey": { base: "item/food/sushi/vegetarian/sushi-mushroombrown-honey"},
		"@*-(bitterbolete|blackmushroom|bolete|commonmorel|dryadsaddle|earthball|kingbolete|reishi|sagemushroom|shiitake)-peanut": { base: "item/food/sushi/vegetarian/sushi-mushroombrown-peanut"},
		"@*-(almondmushroom|fieldmushroom|paddystraw)-nooil": { base: "item/food/sushi/vegetarian/sushi-mushroomwhite"},
		"@*-(almondmushroom|fieldmushroom|paddystraw)-oil": { base: "item/food/sushi/vegetarian/sushi-mushroomwhite-sauce"},
		"@*-(almondmushroom|fieldmushroom|paddystraw)-honey": { base: "item/food/sushi/vegetarian/sushi-mushroomwhite-honey"},
		"@*-(almondmushroom|fieldmushroom|paddystraw)-peanut": { base: "item/food/sushi/vegetarian/sushi-mushroomwhite-peanut"},
		"*-violetwebcap-nooil": { base: "item/food/sushi/vegetarian/sushi-mushroompurple"},
		"*-violetwebcap-oil": { base: "item/food/sushi/vegetarian/sushi-mushroompurple-sauce"},
		"*-violetwebcap-honey": { base: "item/food/sushi/vegetarian/sushi-mushroompurple-honey"},
		"*-violetwebcap-peanut": { base: "item/food/sushi/vegetarian/sushi-mushroompurple-peanut"},
	},
  	texturesByType: {
		"*": {
			sushicabbage: { base: "expandedfoods:item/food/sushi/vegetarian/sushicabbage"},
			sushicabbagesauce: { base: "expandedfoods:item/food/sushi/vegetarian/sushicabbagesauce"},
			sushicabbagehoney: { base: "expandedfoods:item/food/sushi/vegetarian/sushicabbagehoney"},
			sushicabbagepeanut: { base: "expandedfoods:item/food/sushi/vegetarian/sushicabbagepeanut"},
			sushicarrot: { base: "expandedfoods:item/food/sushi/vegetarian/sushicarrot"},
			sushicarrotsauce: { base: "expandedfoods:item/food/sushi/vegetarian/sushicarrotsauce"},
			sushicarrothoney: { base: "expandedfoods:item/food/sushi/vegetarian/sushicarrothoney"},
			sushicarrotpeanut: { base: "expandedfoods:item/food/sushi/vegetarian/sushicarrotpeanut"},
			sushionion: { base: "expandedfoods:item/food/sushi/vegetarian/sushionion"},
			sushionionsauce: { base: "expandedfoods:item/food/sushi/vegetarian/sushionionsauce"},
			sushionionhoney: { base: "expandedfoods:item/food/sushi/vegetarian/sushionionhoney"},
			sushionionpeanut: { base: "expandedfoods:item/food/sushi/vegetarian/sushionionpeanut"},
			sushiparsnip: { base: "expandedfoods:item/food/sushi/vegetarian/sushiparsnip"},
			sushiparsnipsauce: { base: "expandedfoods:item/food/sushi/vegetarian/sushiparsnipsauce"},
			sushiparsniphoney: { base: "expandedfoods:item/food/sushi/vegetarian/sushiparsniphoney"},
			sushiparsnippeanut: { base: "expandedfoods:item/food/sushi/vegetarian/sushiparsnippeanut"},
			sushiturnip: { base: "expandedfoods:item/food/sushi/vegetarian/sushiturnip"},
			sushiturnipsauce: { base: "expandedfoods:item/food/sushi/vegetarian/sushiturnipsauce"},
			sushiturniphoney: { base: "expandedfoods:item/food/sushi/vegetarian/sushiturniphoney"},
			sushiturnippeanut: { base: "expandedfoods:item/food/sushi/vegetarian/sushiturnippeanut"},
			sushicassava: { base: "expandedfoods:item/food/sushi/vegetarian/sushicassava"},
			sushicassavasauce: { base: "expandedfoods:item/food/sushi/vegetarian/sushicassavasauce"},
			sushicassavahoney: { base: "expandedfoods:item/food/sushi/vegetarian/sushicassavahoney"},
			sushicassavapeanut: { base: "expandedfoods:item/food/sushi/vegetarian/sushicassavapeanut"},
			sushibellpepper: { base: "expandedfoods:item/food/sushi/vegetarian/sushibellpepper"},
			sushibellpeppersauce: { base: "expandedfoods:item/food/sushi/vegetarian/sushibellpeppersauce"},
			sushibellpepperhoney: { base: "expandedfoods:item/food/sushi/vegetarian/sushibellpepperhoney"},
			sushibellpepperpeanut: { base: "expandedfoods:item/food/sushi/vegetarian/sushibellpepperpeanut"},
			sushisoybean: { base: "expandedfoods:item/food/sushi/vegetarian/sushisoybean"},
			sushisoybeansauce: { base: "expandedfoods:item/food/sushi/vegetarian/sushisoybeansauce"},
			sushisoybeanhoney: { base: "expandedfoods:item/food/sushi/vegetarian/sushisoybeanhoney"},
			sushisoybeanpeanut: { base: "expandedfoods:item/food/sushi/vegetarian/sushisoybeanpeanut"},
			sushirice: { base: "expandedfoods:item/food/sushi/vegetarian/sushirice"},
			sushiricesauce: { base: "expandedfoods:item/food/sushi/vegetarian/sushiricesauce"},
			sushiricehoney: { base: "expandedfoods:item/food/sushi/vegetarian/sushiricehoney"},
			sushiricepeanut: { base: "expandedfoods:item/food/sushi/vegetarian/sushiricepeanut"},
			sushifieldmushroom: { base: "expandedfoods:item/food/sushi/vegetarian/sushimushroomwhite"},
			sushifieldmushroomsauce: { base: "expandedfoods:item/food/sushi/vegetarian/sushimushroomwhitesauce"},
			sushifieldmushroomhoney: { base: "expandedfoods:item/food/sushi/vegetarian/sushimushroomwhitehoney"},
			sushifieldmushroompeanut: { base: "expandedfoods:item/food/sushi/vegetarian/sushimushroomwhitepeanut"},
			sushimushroomblack: { base: "expandedfoods:item/food/sushi/vegetarian/sushimushroomblack"},
			sushimushroomblacksauce: { base: "expandedfoods:item/food/sushi/vegetarian/sushimushroomblacksauce"},
			sushimushroomblackhoney: { base: "expandedfoods:item/food/sushi/vegetarian/sushimushroomblackhoney"},
			sushimushroomblackpeanut: { base: "expandedfoods:item/food/sushi/vegetarian/sushimushroomblackpeanut"},
			sushimushroomyellow: { base: "expandedfoods:item/food/sushi/vegetarian/sushimushroomyellow"},
			sushimushroomyellowsauce: { base: "expandedfoods:item/food/sushi/vegetarian/sushimushroomyellowsauce"},
			sushimushroomyellowhoney: { base: "expandedfoods:item/food/sushi/vegetarian/sushimushroomyellowhoney"},
			sushimushroomyellowpeanut: { base: "expandedfoods:item/food/sushi/vegetarian/sushimushroomyellowpeanut"},
			sushimushroomoffwhite: { base: "expandedfoods:item/food/sushi/vegetarian/sushimushroomoffwhite"},
			sushimushroomoffwhitesauce: { base: "expandedfoods:item/food/sushi/vegetarian/sushimushroomoffwhitesauce"},
			sushimushroomoffwhitehoney: { base: "expandedfoods:item/food/sushi/vegetarian/sushimushroomoffwhitehoney"},
			sushimushroomoffwhitepeanut: { base: "expandedfoods:item/food/sushi/vegetarian/sushimushroomoffwhitepeanut"},
			sushimushroomorange: { base: "expandedfoods:item/food/sushi/vegetarian/sushimushroomorange"},
			sushimushroomorangesauce: { base: "expandedfoods:item/food/sushi/vegetarian/sushimushroomorangesauce"},
			sushimushroomorangehoney: { base: "expandedfoods:item/food/sushi/vegetarian/sushimushroomorangehoney"},
			sushimushroomorangepeanut: { base: "expandedfoods:item/food/sushi/vegetarian/sushimushroomorangepeanut"},
			sushimushroomdevilstooth: { base: "expandedfoods:item/food/sushi/vegetarian/sushimushroomdevilstooth"},
			sushimushroomdevilstoothsauce: { base: "expandedfoods:item/food/sushi/vegetarian/sushimushroomdevilstoothsauce"},
			sushimushroomdevilstoothhoney: { base: "expandedfoods:item/food/sushi/vegetarian/sushimushroomdevilstoothhoney"},
			sushimushroomdevilstoothpeanut: { base: "expandedfoods:item/food/sushi/vegetarian/sushimushroomdevilstoothpeanut"},
			sushimushroomgreen: { base: "expandedfoods:item/food/sushi/vegetarian/sushimushroomgreen"},
			sushimushroomgreensauce: { base: "expandedfoods:item/food/sushi/vegetarian/sushimushroomgreensauce"},
			sushimushroomgreenhoney: { base: "expandedfoods:item/food/sushi/vegetarian/sushimushroomgreenhoney"},
			sushimushroomgreenpeanut: { base: "expandedfoods:item/food/sushi/vegetarian/sushimushroomgreenpeanut"},
			sushimushroomblue: { base: "expandedfoods:item/food/sushi/vegetarian/sushimushroomblue"},
			sushimushroombluesauce: { base: "expandedfoods:item/food/sushi/vegetarian/sushimushroombluesauce"},
			sushimushroombluehoney: { base: "expandedfoods:item/food/sushi/vegetarian/sushimushroombluehoney"},
			sushimushroombluepeanut: { base: "expandedfoods:item/food/sushi/vegetarian/sushimushroombluepeanut"},
			sushimushroomlobster: { base: "expandedfoods:item/food/sushi/vegetarian/sushimushroomlobster"},
			sushimushroomlobstersauce: { base: "expandedfoods:item/food/sushi/vegetarian/sushimushroomlobstersauce"},
			sushimushroomlobsterhoney: { base: "expandedfoods:item/food/sushi/vegetarian/sushimushroomlobsterhoney"},
			sushimushroomlobsterpeanut: { base: "expandedfoods:item/food/sushi/vegetarian/sushimushroomlobsterpeanut"},
			sushimushroompink: { base: "expandedfoods:item/food/sushi/vegetarian/sushimushroompink"},
			sushimushroompinksauce: { base: "expandedfoods:item/food/sushi/vegetarian/sushimushroompinksauce"},
			sushimushroompinkhoney: { base: "expandedfoods:item/food/sushi/vegetarian/sushimushroompinkhoney"},
			sushimushroompinkpeanut: { base: "expandedfoods:item/food/sushi/vegetarian/sushimushroompinkpeanut"},
			sushimushroombrown: { base: "expandedfoods:item/food/sushi/vegetarian/sushimushroombrown"},
			sushimushroombrownsauce: { base: "expandedfoods:item/food/sushi/vegetarian/sushimushroombrownsauce"},
			sushimushroombrownhoney: { base: "expandedfoods:item/food/sushi/vegetarian/sushimushroombrownhoney"},
			sushimushroombrownpeanut: { base: "expandedfoods:item/food/sushi/vegetarian/sushimushroombrownpeanut"},
			sushimushroomwhite: { base: "expandedfoods:item/food/sushi/vegetarian/sushimushroomwhite"},
			sushimushroomwhitesauce: { base: "expandedfoods:item/food/sushi/vegetarian/sushimushroomwhitesauce"},
			sushimushroomwhitehoney: { base: "expandedfoods:item/food/sushi/vegetarian/sushimushroomwhitehoney"},
			sushimushroomwhitepeanut: { base: "expandedfoods:item/food/sushi/vegetarian/sushimushroomwhitepeanut"},
			sushimushroompurple: { base: "expandedfoods:item/food/sushi/vegetarian/sushimushroompurple"},
			sushimushroompurplesauce: { base: "expandedfoods:item/food/sushi/vegetarian/sushimushroompurplesauce"},
			sushimushroompurplehoney: { base: "expandedfoods:item/food/sushi/vegetarian/sushimushroompurplehoney"},
			sushimushroompurplepeanut: { base: "expandedfoods:item/food/sushi/vegetarian/sushimushroompurplepeanut"},
			sushiroll: {base: "expandedfoods:item/food/sushi/sushiroll"},
		},
  	},
	creativeinventory: { "general": ["*"], "items": ["*"], "expandedfoods": ["*"] },
	nutritionProps: { satiety: 50, foodcategory: "Vegetable" },
	guiTransform: {
		translation: { x: 3, y: 0, z: 0 },
		rotation: { x: -23, y: 23, z: 90 },
		origin: { x: 0.47, y: 0.10, z: 0.5 },
		scale: 4.5
	},
	groundTransform: {
		translation: { x: 0, y: 0, z: 0 },
		rotation: { x: 0, y: 0, z: 1 },
		origin: { x: 0.5, y: 0, z: 0.5 },
		scale: 4.5
	},
	tpHandTransform: {
		translation: { x: -0.54, y: -0.16, z: -0.4 },
		rotation: { x: 44, y: -69, z: 2 },
		origin: { x: 0.5, y: 0.13, z: 0.5 },
		scale: 1
	},
	fpHandTransform: {
		translation: { x: 0, y: 0.24, z: 0.3 },
		rotation: { x: 104, y: 0, z: 71 },
		origin: { x: 0.5, y: 0.1, z: 0.5 },
		scale: 2.5
	},
	transitionablePropsByType: {
		"*-honey": [{
			type: "Perish",
			freshHours: { avg: 240 },
			transitionHours: { avg: 36 },
			transitionedStack: { type: "item", code: "game:rot" },
			transitionRatio: 0.25
		}],
		"*-peanut": [{
			type: "Perish",
			freshHours: { avg: 120 },
			transitionHours: { avg: 36 },
			transitionedStack: { type: "item", code: "game:rot" },
			transitionRatio: 0.25
		}],
		"*-nooil": [{
			type: "Perish",
			freshHours: { avg: 96 },
			transitionHours: { avg: 24 },
			transitionedStack: { type: "item", code: "game:rot" },
			transitionRatio: 0.5
		}],
		"*-oil": [{
			type: "Perish",
			freshHours: { avg: 120 },
			transitionHours: { avg: 36 },
			transitionedStack: { type: "item", code: "game:rot" },
			transitionRatio: 0.25
		}]
	}
}