[
  {
    "ingredientPattern": "H",
    "enabled": true,
    "shapeless": true,
    "ingredients": {
      "H": { "type": "item", "code": "hide-medium-boar-*" }
    },
    "name": "rhide",
    "width": 1,
    "height": 1,
    "output": { "type": "item", "code": "game:hide-raw-medium" }
  },
  {
    "ingredientPattern": "H",
    "enabled": true,
    "shapeless": true,
    "ingredients": {
      "H": { "type": "item", "code": "hide-medium-wolf-*" }
    },
    "name": "rhide",
    "width": 1,
    "height": 1,
    "output": { "type": "item", "code": "game:hide-raw-medium" }
  }
]
