[
  {
    "ingredientPattern": "H",
    "enabled": true,
    "shapeless": true,
    "ingredients": {
      "H": { "type": "item", "code": "hide-small-fox-*" }
    },
    "name": "rhide",
    "width": 1,
    "height": 1,
    "output": { "type": "item", "code": "game:hide-raw-small" }
  },
  {
    "ingredientPattern": "H",
    "enabled": true,
    "shapeless": true,
    "ingredients": {
      "H": { "type": "item", "code": "hide-small-hare-*" }
    },
    "name": "rhide",
    "width": 1,
    "height": 1,
    "output": { "type": "item", "code": "game:hide-raw-small" }
  },
  {
    "ingredientPattern": "H",
    "enabled": true,
    "shapeless": true,
    "ingredients": {
      "H": { "type": "item", "code": "hide-small-raccoon-*" }
    },
    "name": "rhide",
    "width": 1,
    "height": 1,
    "output": { "type": "item", "code": "game:hide-raw-small" }
  },
  {
    "ingredientPattern": "H",
    "enabled": true,
    "shapeless": true,
    "ingredients": {
      "H": { "type": "item", "code": "hide-small-sheep-*" }
    },
    "name": "rhide",
    "width": 1,
    "height": 1,
    "output": { "type": "item", "code": "game:hide-raw-small" }
  }
]
