{
	code: "crop",
	class: "BlockCrop",
	behaviors: [{name: "Unstable"}],
	variantgroups: [
		{ code: "type", states: ["cauliflower"] },
		{ code: "stage", states: ["1", "2", "3", "4", "5", "6", "7", "8", "9", "10", "11", "12"] },
	],
	creativeinventory: { "general": ["*"], "plants": ["*"] },
	renderpass: "OpaqueNoCull",
	randomizeRotations: true,
	shapeByType: {
		"*-1": { base: "morecrops:block/plant/crop/cauliflower/stage1" },
		"*-2": { base: "morecrops:block/plant/crop/cauliflower/stage2" },
		"*-3": { base: "morecrops:block/plant/crop/cauliflower/stage3" },
		"*-4": { base: "morecrops:block/plant/crop/cauliflower/stage4" },
		"*-5": { base: "morecrops:block/plant/crop/cauliflower/stage5" },
		"*-6": { base: "morecrops:block/plant/crop/cauliflower/stage6" },
		"*-7": { base: "morecrops:block/plant/crop/cauliflower/stage7" },
		"*-8": { base: "morecrops:block/plant/crop/cauliflower/stage8" },
		"*-9": { base: "morecrops:block/plant/crop/cauliflower/stage9" },
		"*-10": { base: "morecrops:block/plant/crop/cauliflower/stage10" },
		"*-11": { base: "morecrops:block/plant/crop/cauliflower/stage11" },
		"*-12": { base: "morecrops:block/plant/crop/cauliflower/stage12" }
	},
	blockmaterial: "Plant",
	attributes: {
		butterflyFeedByType: {
			"*-1": false,
			"*-12": false,
			"*": true
		},
		beeFeedByType: {
			"*-1": false,
			"*-12": false,
			"*": true
		},
		sitHeight: 0.25,
		tickGrowthProbability: 0.05,
		handbook: {
			include: true
		}
	},
	sideopaque: {
		all: false
	},
	sidesolid: {
		all: false
	},
	replaceable: 3000,
	lightAbsorption: 0,
	resistance: 0.5,
	sounds: {
		place: "block/plant",
		break: "block/plant",
		hit: "block/plant"
	},
	rainPermeable: false,
	dropsByType: {
		"*-11": [
			{ type: "item", code: "seeds-{type}", quantity: { avg: 0.99 }  },
			{ type: "item", code: "vegetable-{type}", quantity: { avg: 0.85, var: 0.1 }  },
		],
		"*-12": [
			{ type: "item", code: "seeds-{type}", quantity: { avg: 1.1 }  },
			{ type: "item", code: "vegetable-{type}", quantity: { avg: 2, var: 0 }  },
		],
		"*": [
			{ type: "item", code: "seeds-{type}", quantity: { avg: 0.7 }  },
		]
	},
	cropProps: {
		requiredNutrient: "N",
		nutrientConsumption: 40,
		growthStages: 12,
		totalGrowthDays: 13,
		heatDamageAbove: 25
	},
	collisionbox: null,
	selectionbox: { x1: 0.0625, y1: 0, z1: 0.0625, x2: 0.9375, y2: 0.25, z2: 0.9375 },
	materialDensity: 200,
	combustibleProps: {
		burnTemperature: 600,
		burnDuration: 10,
	}
}
