{
	code: "crop",
	class: "BlockCrop",
	behaviors: [{name: "Unstable"}],
	variantgroups: [
		{ code: "type", states: ["eggplant"] },
		{ code: "stage", states: ["1", "2", "3", "4", "5", "6"] },
	],
	creativeinventory: { "general": ["*"], "plants": ["*"] },
	renderpass: "OpaqueNoCull",
	randomizeRotations: true,
	shapeByType: {
		"*-1": { base: "morecrops:block/plant/crop/eggplant/stage1" },
		"*-2": { base: "morecrops:block/plant/crop/eggplant/stage2" },
		"*-3": { base: "morecrops:block/plant/crop/eggplant/stage3" },
		"*-4": { base: "morecrops:block/plant/crop/eggplant/stage4" },
		"*-5": { base: "morecrops:block/plant/crop/eggplant/stage5" },
		"*-6": { base: "morecrops:block/plant/crop/eggplant/stage6" },
	},
	blockmaterial: "Plant",
	attributes: {
		butterflyFeedByType: {
			"*-1": false,
			"*-2": false,
			"*-3": false,
			"*-4": true,
			"*-5": true,
			"*-6": false,
		},
		beeFeedByType: {
			"*-1": false,
			"*-2": false,
			"*-3": false,
			"*-4": true,
			"*-5": true,
			"*-6": false,
		},
		sitHeight: 0.25,
		tickGrowthProbability: 0.05,
		handbook: {
			include: true
		}
	},
	sideopaque: {
		all: false
	},
	sidesolid: {
		all: false
	},
	replaceable: 3000,
	lightAbsorption: 0,
	resistance: 0.5,
	sounds: {
		place: "block/plant",
		break: "block/plant",
		hit: "block/plant"
	},
	rainPermeable: false,
	dropsByType: {
		"*-6": [
			{ type: "item", code: "seeds-{type}", quantity: { avg: 1.1 }  },
			{ type: "item", code: "vegetable-{type}", quantity: { avg: 6, var: 1 }  },
		],
		"*-5": [
			{ type: "item", code: "seeds-{type}", quantity: { avg: 0.99 }  },
			{ type: "item", code: "vegetable-{type}", quantity: { avg: 2, var: 1 }  },
		],
		"*": [
			{ type: "item", code: "seeds-{type}", quantity: { avg: 0.7 }  },
		]
	},
	cropProps: {
		requiredNutrient: "P",
		nutrientConsumption: 32,
		growthStages: 6,
		totalGrowthDays: 10,
		coldDamageBelow: 15,
		heatDamageAbove: 35
	},
	collisionbox: null,
	selectionbox: { x1: 0.0625, y1: 0, z1: 0.0625, x2: 0.9375, y2: 0.25, z2: 0.9375 },
	materialDensity: 200,
	combustibleProps: {
		burnTemperature: 600,
		burnDuration: 10,
	}
}
