{
	code: "crop",
	class: "BlockCrop",
	behaviors: [{name: "Unstable"}],
	variantgroups: [
		{ code: "type", states: ["jalapeno"] },
		{ code: "stage", states: ["1", "2", "3", "4", "5", "6", "7", "8"] },
	],
	creativeinventory: { "general": ["*"], "plants": ["*"] },
	renderpass: "OpaqueNoCull",
	shapeByType: {
		"*-1": { base: "morecrops:block/plant/crop/jalapeno/stage1" },
		"*-2": { base: "morecrops:block/plant/crop/jalapeno/stage2" },
		"*-3": { base: "morecrops:block/plant/crop/jalapeno/stage3" },
		"*-4": { base: "morecrops:block/plant/crop/jalapeno/stage4" },
		"*-5": { base: "morecrops:block/plant/crop/jalapeno/stage5" },
		"*-6": { base: "morecrops:block/plant/crop/jalapeno/stage6" },
		"*-7": { base: "morecrops:block/plant/crop/jalapeno/stage7" },
		"*-8": { base: "morecrops:block/plant/crop/jalapeno/stage8" }
	},
	blockmaterial: "Plant",
	faceCullMode: "NeverCull",
	randomizeRotations: true,
	attributes: {
		butterflyFeedByType: {
			"*-7": true,
			"*": false
		},
		beeFeedByType: {
			"*-7": true,
			"*": false
		},
		sitHeight: 0.6,
		tickGrowthProbability: 0.05,
		handbook: {
			include: true
		}
	},
	sideopaque: {
		all: false
	},
	sidesolid: {
		all: false
	},
	replaceable: 3000,
	lightAbsorption: 0,
	resistance: 0.5,
	sounds: {
		place: "block/plant",
		break: "block/plant",
		hit: "block/plant"
	},
	rainPermeable: false,
	dropsByType: {
		"*-8": [
			{ type: "item", code: "morecrops:seeds-{type}", quantity: { avg: 1.1 }  },
			{ type: "item", code: "morecrops:vegetable-{type}", quantity: { avg: 6, var: 1 }  },
		],
		"*": [
			{ type: "item", code: "morecrops:seeds-{type}", quantity: { avg: 0.7 }  },
		]
	},
	cropProps: {
		requiredNutrient: "N",
		nutrientConsumption: 20,
		growthStages: 8,
		totalGrowthDays: 8,
		coldDamageBelow: 5,
		heatDamageAbove: 35
	},
	collisionbox: null,
	selectionbox: { x1: 0.0625, y1: 0, z1: 0.0625, x2: 0.9375, y2: 0.25, z2: 0.9375 },
	materialDensity: 200,
	combustibleProps: {
		burnTemperature: 600,
		burnDuration: 10,
	}
}