{
	code: "crop",
	class: "BlockCrop",
	behaviors: [{name: "Unstable"}],
	variantgroups: [
		{ code: "type", states: ["oat"] },
		{ code: "stage", states: ["1", "2", "3", "4", "5", "6", "7"] },
	],
	creativeinventory: { "general": ["*"], "plants": ["*"] },
	renderpass: "OpaqueNoCull",
	shape: { base: "game:block/plant/crop/default*" },
	blockmaterial: "Plant",
	textures: {
		crop: { base: "morecrops:block/plant/crop/oat/normal{stage}" },
	},
	attributes: {
		butterflyFeedByType: {
			"*-1": false,
			"*-9": false,
			"*": true
		},
		beeFeedByType: {
			"*-1": false,
			"*-9": false,
			"*": true
		},
		sitHeight: 0.55,
		tickGrowthProbability: 0.05,
		handbook: {
			include: true
		}
	},
	sideopaque: {
		all: false
	},
	sidesolid: {
		all: false
	},
	replaceable: 3000,
	lightAbsorption: 0,
	resistance: 0.5,
	sounds: {
		place: "block/plant",
		break: "block/plant",
		hit: "block/plant"
	},
	rainPermeable: false,
	dropsByType: {
		"*-7": [
			{ type: "item", code: "morecrops:seeds-oat", quantity: { avg: 1.2 }  },
			{ type: "item", code: "morecrops:grain-oat", quantity: { avg: 12, var: 2 }  },
		],
		"*": [
			{ type: "item", code: "morecrops:seeds-oat", quantity: { avg: 0.7 }  },
		]
	},
	cropProps: {
		"__comment": "oat",
		requiredNutrient: "N",
		nutrientConsumption: 40,
		growthStages: 7,
		totalGrowthMonths: 2.0,
	},
	collisionbox: null,
	selectionbox: { x1: 0.0625, y1: 0, z1: 0.0625, x2: 0.9375, y2: 0.25, z2: 0.9375 },
	materialDensity: 200,
	combustibleProps: {
		burnTemperature: 600,
		burnDuration: 10,
	}
}
