{
	code: "crop",
	class: "BlockCrop",
	behaviors: [{name: "Unstable"}],
	variantgroups: [
		{ code: "type", states: ["pepperbell"] },
		{ code: "stage", states: ["1", "2", "3", "4", "5", "6", "7", "8", "9", "10", "11"] },
	],
	creativeinventory: { "general": ["*"], "plants": ["*"] },
	renderpass: "OpaqueNoCull",
	shapeByType: {
        "*-1": { base: "morecrops:block/plant/crop/bellpepper/bellpepper-small", scale: 0.89 },
        "*-2": { base: "morecrops:block/plant/crop/bellpepper/bellpepper-small", scale: 0.89 },
        "*-3": { base: "morecrops:block/plant/crop/bellpepper/bellpepper-small", scale: 0.89 },
        "*-4": { base: "morecrops:block/plant/crop/bellpepper/bellpepper-small", scale: 0.89 },
        "*-5": { base: "morecrops:block/plant/crop/bellpepper/bellpepper-small", scale: 0.89 },
        "*-6": { base: "morecrops:block/plant/crop/bellpepper/bellpepper-6", scale: 0.89 },
        "*-7": { base: "morecrops:block/plant/crop/bellpepper/bellpepper-7", scale: 0.89 },
        "*-8": { base: "morecrops:block/plant/crop/bellpepper/bellpepper-8", scale: 0.89 },
        "*-9": { base: "morecrops:block/plant/crop/bellpepper/bellpepper-10", scale: 0.89 },
        "*-11": { base: "morecrops:block/plant/crop/bellpepper/bellpepper-fruiting", scale: 1.09 },
        "*": { base: "morecrops:block/plant/crop/bellpepper/bellpepper-fullgrown", scale: 0.99 }
    },
	blockmaterial: "Plant",
	faceCullMode: "NeverCull",
	randomizeRotations: true,
	attributes: {
		butterflyFeedByType: {
			"*-7": true,
			"*": false
		},
		beeFeedByType: {
			"*-7": true,
			"*": false
		},
		sitHeight: 0.6,
		tickGrowthProbability: 0.05,
		handbook: {
			include: true
		}
	},
	sideopaque: {
		all: false
	},
	sidesolid: {
		all: false
	},
	replaceable: 3000,
	lightAbsorption: 0,
	resistance: 0.5,
	sounds: {
		place: "block/plant",
		break: "block/plant",
		hit: "block/plant"
	},
	rainPermeable: false,
	dropsByType: {
		"*-10": [
			{ type: "item", code: "morecrops:seeds-{type}", quantity: { avg: 1 }  }
		],
		"*-11": [
			{ type: "item", code: "morecrops:seeds-{type}", quantity: { avg: 1.09 }  },
			{ type: "item", code: "game:vegetable-bellpepper", quantity: { avg: 6, var: 2 }  }
		],
		"*": [
			{ type: "item", code: "morecrops:seeds-{type}", quantity: { avg: 0.7 }  }
		]
	},
	cropProps: {
		requiredNutrient: "N",
		nutrientConsumption: 20,
		growthStages: 11,
		totalGrowthDays: 8,
		heatDamageAbove: 35,
		coldDamageBelow: 5
	},
	collisionbox: null,
	selectionbox: { x1: 0.0625, y1: 0, z1: 0.0625, x2: 0.9375, y2: 0.25, z2: 0.9375 },
	materialDensity: 200,
	combustibleProps: {
		burnTemperature: 600,
		burnDuration: 10,
	}
}