{
	code: "crop",
	class: "BlockCrop",
	behaviors: [{name: "Unstable"}],
	variantgroups: [
		{ code: "type", states: ["potato"] },
		{ code: "stage", states: ["1", "2", "3", "4", "5", "6", "7"] },
	],
	creativeinventory: { "general": ["*"], "plants": ["*"] },
	renderpass: "OpaqueNoCull",
	shapeByType: {
		"*-1": { base: "morecrops:block/plant/crop/potato/stage1" },
		"*-2": { base: "morecrops:block/plant/crop/potato/stage2" },
		"*-3": { base: "morecrops:block/plant/crop/potato/stage3" },
		"*-4": { base: "morecrops:block/plant/crop/potato/stage4" },
		"*-5": { base: "morecrops:block/plant/crop/potato/stage5" },
		"*-6": { base: "morecrops:block/plant/crop/potato/stage6" },
		"*-7": { base: "morecrops:block/plant/crop/potato/stage7" }
	},
	blockmaterial: "Plant",
	textures: {
		"s": { base: "morecrops:block/plant/crop/potato/s{stage}" },
		"e": { base: "morecrops:block/plant/crop/potato/e{stage}" },
	},
	randomizeRotations: true,
	attributes: {
		butterflyFeedByType: {
			"*-1": false,
			"*-7": false,
			"*": true
		},
		beeFeedByType: {
			"*-1": false,
			"*-7": false,
			"*": true
		},
		sitHeight: 0.35,
		tickGrowthProbability: 0.05,
		handbook: {
			include: true
		}
	},
	sideopaque: {
		all: false
	},
	sidesolid: {
		all: false
	},
	replaceable: 3000,
	lightAbsorption: 0,
	resistance: 0.5,
	sounds: {
		place: "block/plant",
		break: "block/plant",
		hit: "block/plant"
	},
	rainPermeable: false,
	dropsByType: {
		"*-6": [
			{ type: "item", code: "morecrops:seeds-{type}", quantity: { avg: 0.99 }  },
			{ type: "item", code: "morecrops:vegetable-{type}", quantity: { avg: 1.5, var: 0.5 }  },
		],
		"*-7": [
			{ type: "item", code: "morecrops:seeds-{type}", quantity: { avg: 1.1 }  },
			{ type: "item", code: "morecrops:vegetable-{type}", quantity: { avg: 6, var: 1 }  },
		],
		"*": [
			{ type: "item", code: "morecrops:seeds-{type}", quantity: { avg: 0.7 }  },
		]
	},
	cropProps: {
		"__comment": "morecrops have relatively high requirements for nitrogen and potassium. ",
		requiredNutrient: "N",
		nutrientConsumption: 35,
		growthStages: 7,
		totalGrowthDays: 8,
		coldDamageBelow: 4,
		heatDamageAbove: 35
	},
	collisionbox: null,
	selectionbox: { x1: 0.0625, y1: 0, z1: 0.0625, x2: 0.9375, y2: 0.25, z2: 0.9375 },
	materialDensity: 200,
	combustibleProps: {
		burnTemperature: 600,
		burnDuration: 10,
	}
}