{
	code: "crop",
	class: "BlockCrop",
	behaviors: [{name: "Unstable"}],
	variantgroups: [
		{ code: "type", states: ["sugarbeet"] },
		{ code: "stage", states: ["1", "2", "3", "4", "5"] },
	],
	creativeinventory: { "general": ["*"], "plants": ["*"] },
	renderpass: "OpaqueNoCull",
	shapeByType: {
		"*-1": { base: "morecrops:block/plant/crop/sugarbeet/stage1" },
		"*-2": { base: "morecrops:block/plant/crop/sugarbeet/stage2" },
		"*-3": { base: "morecrops:block/plant/crop/sugarbeet/stage3" },
		"*-4": { base: "morecrops:block/plant/crop/sugarbeet/stage4" },
		"*-5": { base: "morecrops:block/plant/crop/sugarbeet/stage5" }
	},
	blockmaterial: "Plant",
	attributes: {
		butterflyFeedByType: {
			"*-1": false,
			"*-5": false,
			"*": true
		},
		beeFeedByType: {
			"*-1": false,
			"*-5": false,
			"*": true
		},
		sitHeight: 0.3,
		tickGrowthProbability: 0.05,
		handbook: {
			include: true
		}
	},
	sideopaque: {
		all: false
	},
	sidesolid: {
		all: false
	},
	replaceable: 3000,
	lightAbsorption: 0,
	resistance: 0.5,
	sounds: {
		place: "block/plant",
		break: "block/plant",
		hit: "block/plant"
	},
	rainPermeable: false,
	dropsByType: {
		"*-4": [
			{ type: "item", code: "morecrops:seeds-{type}", quantity: { avg: 0.99 }  },
			{ type: "item", code: "morecrops:resourcecrop-{type}", quantity: { avg: 2, var: 1 }  },
		],
		"*-5": [
			{ type: "item", code: "morecrops:seeds-{type}", quantity: { avg: 1.1 }  },
			{ type: "item", code: "morecrops:resourcecrop-{type}", quantity: { avg: 6, var: 1 }  },
		],
		"*": [
			{ type: "item", code: "morecrops:seeds-{type}", quantity: { avg: 0.7 }  },
		]
	},
	cropProps: {
		requiredNutrient: "P",
		nutrientConsumption: 31,
		growthStages: 5,
		totalGrowthDays: 6,
		coldDamageBelow: -2,
		heatDamageAbove: 30
	},
	collisionbox: null,
	selectionbox: { x1: 0.0625, y1: 0, z1: 0.0625, x2: 0.9375, y2: 0.25, z2: 0.9375 },
	materialDensity: 200,
	combustibleProps: {
		burnTemperature: 600,
		burnDuration: 10,
	}
}
