{
	code: "crop",
	class: "BlockCrop",
	behaviors: [{name: "Unstable"}],
	variantgroups: [
		{ code: "type", states: ["yam"] },
		{ code: "stage", states: ["1", "2", "3", "4", "5", "6", "7", "8", "9"] },
	],
	creativeinventory: { "general": ["*"], "plants": ["*"] },
	renderpass: "BlendNoCull",
	shade: false,
	shape: { base: "morecrops:block/plant/crop/yam/stage{stage}" },
	blockmaterial: "Plant",
	randomizeRotations: true,
	attributes: {
		butterflyFeedByType: {
			"*-8": true,
			"*-7": true,
			"*-9": true
		},
		beeFeedByType: {
			"*-8": true,
			"*-7": true,
			"*-9": true
		},
		sitHeight: 0.35,
		tickGrowthProbability: 0.05,
		handbook: {
			include: true
		}
	},
	sideopaque: {
		all: false
	},
	sidesolid: {
		all: false
	},
	replaceable: 3000,
	lightAbsorption: 0,
	resistance: 0.5,
	sounds: {
		place: "game:block/plant",
		break: "game:block/plant",
		hit: "game:block/plant"
	},
	rainPermeable: false,
	dropsByType: {
		"*-8": [
			{ type: "item", code: "morecrops:seeds-{type}", quantity: { avg: 0.99 }  },
			{ type: "item", code: "morecrops:vegetable-{type}", quantity: { avg: 1.5, var: 0.5 }  },
		],
		"*-9": [
			{ type: "item", code: "morecrops:seeds-{type}", quantity: { avg: 1.1 }  },
			{ type: "item", code: "morecrops:vegetable-{type}", quantity: { avg: 6, var: 1 }  },
		],
		"*": [
			{ type: "item", code: "morecrops:seeds-{type}", quantity: { avg: 0.7 }  },
		]
	},
	cropProps: {
		"__comment": "Yams have relatively high requirements for nitrogen and potassium. ",
		requiredNutrient: "N",
		nutrientConsumption: 30,
		growthStages: 9,
		totalGrowthDays: 8,
		coldDamageBelow: 15,
		heatDamageAbove: 37
	},
	collisionbox: null,
	selectionbox: { x1: 0.0625, y1: 0, z1: 0.0625, x2: 0.9375, y2: 0.25, z2: 0.9375 },
	materialDensity: 200,
	combustibleProps: {
		burnTemperature: 600,
		burnDuration: 10,
	}
}