{
	"editor": {
		"allAngles": false,
		"entityTextureMode": false
	},
	"textureWidth": 16,
	"textureHeight": 16,
	"textureSizes": {
	},
	"textures": {
	},
	"elements": [
		{
			"name": "Cube1",
			"from": [ 0.5, 0.0, 0.1 ], 
			"to": [ 7.5, 4.0, 3.9 ], 
			"rotationOrigin": [ 4.0, 0.0, 3.1 ],
			"faces": {
				"north": { "texture": "#material", "uv": [ 4.0, 0.0, 11.0, 4.0 ] },
				"east": { "texture": "#material", "uv": [ 8.0, 4.0, 11.5, 8.0 ] },
				"south": { "texture": "#material", "uv": [ 2.0, 4.0, 9.0, 8.0 ] },
				"west": { "texture": "#material", "uv": [ 5.0, 12.0, 8.5, 16.0 ] },
				"up": { "texture": "#top", "uv": [ 5.0, 2.0, 12.0, 5.5 ] },
				"down": { "texture": "#top", "uv": [ 3.0, 0.0, 10.0, 3.5 ] }
			}
		},
		{
			"name": "Cube2",
			"from": [ 0.5, 0.0, 4.1 ], 
			"to": [ 7.5, 4.0, 7.9 ], 
			"rotationOrigin": [ 4.0, 0.0, 8.1 ],
			"faces": {
				"north": { "texture": "#material", "uv": [ 5.0, 12.0, 12.0, 16.0 ] },
				"east": { "texture": "#material", "uv": [ 7.0, 12.0, 10.5, 16.0 ] },
				"south": { "texture": "#material", "uv": [ 8.0, 4.0, 15.0, 8.0 ] },
				"west": { "texture": "#material", "uv": [ 7.0, 0.0, 10.5, 4.0 ] },
				"up": { "texture": "#top", "uv": [ 5.0, 7.0, 12.0, 10.5 ] },
				"down": { "texture": "#top", "uv": [ 3.0, 5.0, 10.0, 8.5 ] }
			}
		},
		{
			"name": "Cube3",
			"from": [ 0.5, 0.0, 8.1 ], 
			"to": [ 7.5, 4.0, 11.9 ], 
			"rotationOrigin": [ 4.0, 0.0, 13.1 ],
			"faces": {
				"north": { "texture": "#material", "uv": [ 6.0, 8.0, 13.0, 12.0 ] },
				"east": { "texture": "#material", "uv": [ 5.0, 0.0, 8.5, 4.0 ] },
				"south": { "texture": "#material", "uv": [ 3.0, 8.0, 10.0, 12.0 ] },
				"west": { "texture": "#material", "uv": [ 12.0, 8.0, 15.5, 12.0 ] },
				"up": { "texture": "#top", "uv": [ 6.0, 11.0, 13.0, 14.5 ] },
				"down": { "texture": "#top", "uv": [ 7.0, 8.0, 14.0, 11.5 ] }
			}
		},
		{
			"name": "Cube4",
			"from": [ 0.5, 0.0, 12.1 ], 
			"to": [ 7.5, 4.0, 15.9 ], 
			"rotationOrigin": [ 12.0, 0.0, 3.2 ],
			"faces": {
				"north": { "texture": "#material", "uv": [ 1.0, 4.0, 8.0, 8.0 ] },
				"east": { "texture": "#material", "uv": [ 4.0, 8.0, 7.5, 12.0 ] },
				"south": { "texture": "#material", "uv": [ 6.0, 4.0, 13.0, 8.0 ] },
				"west": { "texture": "#material", "uv": [ 8.0, 8.0, 11.5, 12.0 ] },
				"up": { "texture": "#top", "uv": [ 5.0, 10.0, 12.0, 13.5 ] },
				"down": { "texture": "#top", "uv": [ 6.0, 7.0, 13.0, 10.5 ] }
			}
		},
		{
			"name": "Cube5",
			"from": [ 8.5, 0.0, 0.1 ], 
			"to": [ 15.5, 4.0, 3.9 ], 
			"rotationOrigin": [ 12.0, 0.0, 8.1 ],
			"faces": {
				"north": { "texture": "#material", "uv": [ 4.0, 0.0, 11.0, 4.0 ] },
				"east": { "texture": "#material", "uv": [ 6.0, 8.0, 9.5, 12.0 ] },
				"south": { "texture": "#material", "uv": [ 4.0, 4.0, 11.0, 8.0 ] },
				"west": { "texture": "#material", "uv": [ 6.0, 12.0, 9.5, 16.0 ] },
				"up": { "texture": "#top", "uv": [ 9.0, 0.0, 16.0, 3.5 ] },
				"down": { "texture": "#top", "uv": [ 3.0, 0.0, 10.0, 3.5 ] }
			}
		},
		{
			"name": "Cube6",
			"from": [ 8.5, 0.0, 4.1 ], 
			"to": [ 15.5, 4.0, 7.9 ], 
			"rotationOrigin": [ 12.0, 0.0, 13.1 ],
			"faces": {
				"north": { "texture": "#material", "uv": [ 7.5, 8.5, 14.5, 12.5 ] },
				"east": { "texture": "#material", "uv": [ 10.5, 3.0, 14.0, 7.0 ] },
				"south": { "texture": "#material", "uv": [ 7.0, 3.5, 14.0, 7.5 ] },
				"west": { "texture": "#material", "uv": [ 10.5, 7.5, 14.0, 11.5 ] },
				"up": { "texture": "#top", "uv": [ 7.0, 4.5, 14.0, 8.0 ] },
				"down": { "texture": "#top", "uv": [ 6.0, 4.5, 13.0, 8.0 ] }
			}
		},
		{
			"name": "Cube7",
			"from": [ 8.5, 0.0, 8.1 ], 
			"to": [ 15.5, 4.0, 11.9 ], 
			"rotationOrigin": [ 12.0, 0.0, 17.1 ],
			"faces": {
				"north": { "texture": "#material", "uv": [ 2.5, 7.0, 9.5, 11.0 ] },
				"east": { "texture": "#material", "uv": [ 12.0, 9.0, 15.5, 13.0 ] },
				"south": { "texture": "#material", "uv": [ 6.5, 4.0, 13.5, 8.0 ] },
				"west": { "texture": "#material", "uv": [ 4.5, 8.0, 8.0, 12.0 ] },
				"up": { "texture": "#top", "uv": [ 6.5, 4.0, 13.5, 7.5 ] },
				"down": { "texture": "#top", "uv": [ 5.5, 2.0, 12.5, 5.5 ] }
			}
		},
		{
			"name": "Cube8",
			"from": [ 8.5, 0.0, 12.1 ], 
			"to": [ 15.5, 4.0, 15.9 ], 
			"rotationOrigin": [ 12.0, 0.0, 21.1 ],
			"faces": {
				"north": { "texture": "#material", "uv": [ 6.5, 6.5, 13.5, 10.5 ] },
				"east": { "texture": "#material", "uv": [ 2.0, 5.0, 5.5, 9.0 ] },
				"south": { "texture": "#material", "uv": [ 7.0, 5.5, 14.0, 9.5 ] },
				"west": { "texture": "#material", "uv": [ 9.0, 9.0, 12.5, 13.0 ] },
				"up": { "texture": "#top", "uv": [ 7.5, 5.5, 14.5, 9.0 ] },
				"down": { "texture": "#top", "uv": [ 4.0, 2.0, 11.0, 5.5 ] }
			}
		},
		{
			"name": "Cube9",
			"from": [ 0.1, 4.0, 0.5 ], 
			"to": [ 3.9, 8.0, 7.5 ], 
			"rotationOrigin": [ 3.6, 4.0, 9.5 ],
			"faces": {
				"north": { "texture": "#material", "uv": [ 4.0, 4.0, 7.5, 8.0 ] },
				"east": { "texture": "#material", "uv": [ 6.0, 0.0, 13.0, 4.0 ] },
				"south": { "texture": "#material", "uv": [ 2.0, 8.0, 5.5, 12.0 ] },
				"west": { "texture": "#material", "uv": [ 6.0, 12.0, 13.0, 16.0 ] },
				"up": { "texture": "#top", "uv": [ 5.0, 2.0, 8.5, 9.0 ] },
				"down": { "texture": "#top", "uv": [ 3.0, 0.0, 6.5, 7.0 ] }
			}
		},
		{
			"name": "Cube10",
			"from": [ 4.1, 4.0, 0.5 ], 
			"to": [ 7.9, 8.0, 7.5 ], 
			"rotationOrigin": [ 7.6, 4.0, 9.5 ],
			"faces": {
				"north": { "texture": "#material", "uv": [ 2.5, 9.0, 6.0, 13.0 ] },
				"east": { "texture": "#material", "uv": [ 7.5, 5.5, 14.5, 9.5 ] },
				"south": { "texture": "#material", "uv": [ 1.5, 5.0, 5.0, 9.0 ] },
				"west": { "texture": "#material", "uv": [ 7.5, 6.5, 14.5, 10.5 ] },
				"up": { "texture": "#top", "uv": [ 2.5, 4.0, 6.0, 11.0 ] },
				"down": { "texture": "#top", "uv": [ 1.5, 2.5, 5.0, 9.5 ] }
			}
		},
		{
			"name": "Cube11",
			"from": [ 8.1, 4.0, 0.5 ], 
			"to": [ 11.9, 8.0, 7.5 ], 
			"rotationOrigin": [ 11.6, 4.0, 9.5 ],
			"faces": {
				"north": { "texture": "#material", "uv": [ 3.5, 8.5, 7.0, 12.5 ] },
				"east": { "texture": "#material", "uv": [ 6.0, 9.5, 13.0, 13.5 ] },
				"south": { "texture": "#material", "uv": [ 11.5, 7.0, 15.0, 11.0 ] },
				"west": { "texture": "#material", "uv": [ 7.5, 7.5, 14.5, 11.5 ] },
				"up": { "texture": "#top", "uv": [ 10.0, 4.5, 13.5, 11.5 ] },
				"down": { "texture": "#top", "uv": [ 6.5, 2.5, 10.0, 9.5 ] }
			}
		},
		{
			"name": "Cube12",
			"from": [ 12.1, 4.0, 0.5 ], 
			"to": [ 15.9, 8.0, 7.5 ], 
			"rotationOrigin": [ 15.6, 4.0, 9.5 ],
			"faces": {
				"north": { "texture": "#material", "uv": [ 4.5, 6.5, 8.0, 10.5 ] },
				"east": { "texture": "#material", "uv": [ 7.5, 3.0, 14.5, 7.0 ] },
				"south": { "texture": "#material", "uv": [ 8.0, 7.0, 11.5, 11.0 ] },
				"west": { "texture": "#material", "uv": [ 6.0, 6.0, 13.0, 10.0 ] },
				"up": { "texture": "#top", "uv": [ 10.5, 5.0, 14.0, 12.0 ] },
				"down": { "texture": "#top", "uv": [ 7.5, 3.0, 11.0, 10.0 ] }
			}
		},
		{
			"name": "Cube13",
			"from": [ 0.1, 4.0, 8.5 ], 
			"to": [ 3.9, 8.0, 15.5 ], 
			"rotationOrigin": [ 3.6, 4.0, 17.5 ],
			"faces": {
				"north": { "texture": "#material", "uv": [ 3.5, 7.5, 7.0, 11.5 ] },
				"east": { "texture": "#material", "uv": [ 7.0, 3.0, 14.0, 7.0 ] },
				"south": { "texture": "#material", "uv": [ 4.0, 5.5, 7.5, 9.5 ] },
				"west": { "texture": "#material", "uv": [ 6.5, 5.0, 13.5, 9.0 ] },
				"up": { "texture": "#top", "uv": [ 6.0, 5.0, 9.5, 12.0 ] },
				"down": { "texture": "#top", "uv": [ 3.0, 2.0, 6.5, 9.0 ] }
			}
		},
		{
			"name": "Cube14",
			"from": [ 4.1, 4.0, 8.5 ], 
			"to": [ 7.9, 8.0, 15.5 ], 
			"rotationOrigin": [ 7.6, 4.0, 17.5 ],
			"faces": {
				"north": { "texture": "#material", "uv": [ 4.0, 6.0, 7.5, 10.0 ] },
				"east": { "texture": "#material", "uv": [ 6.0, 2.0, 13.0, 6.0 ] },
				"south": { "texture": "#material", "uv": [ 7.0, 7.0, 10.5, 11.0 ] },
				"west": { "texture": "#material", "uv": [ 7.5, 6.5, 14.5, 10.5 ] },
				"up": { "texture": "#top", "uv": [ 5.0, 5.5, 8.5, 12.5 ] },
				"down": { "texture": "#top", "uv": [ 7.0, 3.5, 10.5, 10.5 ] }
			}
		},
		{
			"name": "Cube15",
			"from": [ 8.1, 4.0, 8.5 ], 
			"to": [ 11.9, 8.0, 15.5 ], 
			"rotationOrigin": [ 11.6, 4.0, 17.5 ],
			"faces": {
				"north": { "texture": "#material", "uv": [ 10.0, 8.0, 13.5, 12.0 ] },
				"east": { "texture": "#material", "uv": [ 2.5, 8.5, 9.5, 12.5 ] },
				"south": { "texture": "#material", "uv": [ 9.5, 2.0, 13.0, 6.0 ] },
				"west": { "texture": "#material", "uv": [ 7.0, 4.0, 14.0, 8.0 ] },
				"up": { "texture": "#top", "uv": [ 7.0, 7.0, 10.5, 14.0 ] },
				"down": { "texture": "#top", "uv": [ 8.5, 1.5, 12.0, 8.5 ] }
			}
		},
		{
			"name": "Cube16",
			"from": [ 12.1, 4.0, 8.5 ], 
			"to": [ 15.9, 8.0, 15.5 ], 
			"rotationOrigin": [ 15.6, 4.0, 17.5 ],
			"faces": {
				"north": { "texture": "#material", "uv": [ 3.5, 8.5, 7.0, 12.5 ] },
				"east": { "texture": "#material", "uv": [ 6.0, 5.5, 13.0, 9.5 ] },
				"south": { "texture": "#material", "uv": [ 7.5, 3.5, 11.0, 7.5 ] },
				"west": { "texture": "#material", "uv": [ 6.0, 4.5, 13.0, 8.5 ] },
				"up": { "texture": "#top", "uv": [ 7.0, 8.0, 10.5, 15.0 ] },
				"down": { "texture": "#top", "uv": [ 10.0, 6.5, 13.5, 13.5 ] }
			}
		},
		{
			"name": "Cube17",
			"from": [ 0.5, 8.0, 0.1 ], 
			"to": [ 7.5, 12.0, 3.9 ], 
			"rotationOrigin": [ 4.0, 8.0, 3.1 ],
			"faces": {
				"north": { "texture": "#material", "uv": [ 4.0, 0.0, 11.0, 4.0 ] },
				"east": { "texture": "#material", "uv": [ 8.0, 4.0, 11.5, 8.0 ] },
				"south": { "texture": "#material", "uv": [ 2.0, 4.0, 9.0, 8.0 ] },
				"west": { "texture": "#material", "uv": [ 5.0, 12.0, 8.5, 16.0 ] },
				"up": { "texture": "#top", "uv": [ 5.0, 2.0, 12.0, 5.5 ] },
				"down": { "texture": "#top", "uv": [ 3.0, 0.0, 10.0, 3.5 ] }
			}
		},
		{
			"name": "Cube18",
			"from": [ 0.5, 8.0, 4.1 ], 
			"to": [ 7.5, 12.0, 7.9 ], 
			"rotationOrigin": [ 4.0, 8.0, 8.1 ],
			"faces": {
				"north": { "texture": "#material", "uv": [ 5.0, 12.0, 12.0, 16.0 ] },
				"east": { "texture": "#material", "uv": [ 7.0, 12.0, 10.5, 16.0 ] },
				"south": { "texture": "#material", "uv": [ 8.0, 4.0, 15.0, 8.0 ] },
				"west": { "texture": "#material", "uv": [ 7.0, 0.0, 10.5, 4.0 ] },
				"up": { "texture": "#top", "uv": [ 5.0, 7.0, 12.0, 10.5 ] },
				"down": { "texture": "#top", "uv": [ 3.0, 5.0, 10.0, 8.5 ] }
			}
		},
		{
			"name": "Cube19",
			"from": [ 0.5, 8.0, 8.1 ], 
			"to": [ 7.5, 12.0, 11.9 ], 
			"rotationOrigin": [ 4.0, 8.0, 13.1 ],
			"faces": {
				"north": { "texture": "#material", "uv": [ 6.0, 8.0, 13.0, 12.0 ] },
				"east": { "texture": "#material", "uv": [ 5.0, 0.0, 8.5, 4.0 ] },
				"south": { "texture": "#material", "uv": [ 3.0, 8.0, 10.0, 12.0 ] },
				"west": { "texture": "#material", "uv": [ 12.0, 8.0, 15.5, 12.0 ] },
				"up": { "texture": "#top", "uv": [ 6.0, 11.0, 13.0, 14.5 ] },
				"down": { "texture": "#top", "uv": [ 7.0, 8.0, 14.0, 11.5 ] }
			}
		},
		{
			"name": "Cube20",
			"from": [ 0.5, 8.0, 12.1 ], 
			"to": [ 7.5, 12.0, 15.9 ], 
			"rotationOrigin": [ 12.0, 8.0, 3.2 ],
			"faces": {
				"north": { "texture": "#material", "uv": [ 1.0, 4.0, 8.0, 8.0 ] },
				"east": { "texture": "#material", "uv": [ 4.0, 8.0, 7.5, 12.0 ] },
				"south": { "texture": "#material", "uv": [ 6.0, 4.0, 13.0, 8.0 ] },
				"west": { "texture": "#material", "uv": [ 8.0, 8.0, 11.5, 12.0 ] },
				"up": { "texture": "#top", "uv": [ 5.0, 10.0, 12.0, 13.5 ] },
				"down": { "texture": "#top", "uv": [ 6.0, 7.0, 13.0, 10.5 ] }
			}
		},
		{
			"name": "Cube21",
			"from": [ 8.5, 8.0, 0.1 ], 
			"to": [ 15.5, 12.0, 3.9 ], 
			"rotationOrigin": [ 12.0, 8.0, 8.1 ],
			"faces": {
				"north": { "texture": "#material", "uv": [ 4.0, 0.0, 11.0, 4.0 ] },
				"east": { "texture": "#material", "uv": [ 6.0, 8.0, 9.5, 12.0 ] },
				"south": { "texture": "#material", "uv": [ 4.0, 4.0, 11.0, 8.0 ] },
				"west": { "texture": "#material", "uv": [ 6.0, 12.0, 9.5, 16.0 ] },
				"up": { "texture": "#top", "uv": [ 9.0, 0.0, 16.0, 3.5 ] },
				"down": { "texture": "#top", "uv": [ 3.0, 0.0, 10.0, 3.5 ] }
			}
		},
		{
			"name": "Cube22",
			"from": [ 8.5, 8.0, 4.1 ], 
			"to": [ 15.5, 12.0, 7.9 ], 
			"rotationOrigin": [ 12.0, 8.0, 13.1 ],
			"faces": {
				"north": { "texture": "#material", "uv": [ 4.0, 4.0, 11.0, 8.0 ] },
				"east": { "texture": "#material", "uv": [ 6.0, 0.0, 9.5, 4.0 ] },
				"south": { "texture": "#material", "uv": [ 2.0, 8.0, 9.0, 12.0 ] },
				"west": { "texture": "#material", "uv": [ 6.0, 12.0, 9.5, 16.0 ] },
				"up": { "texture": "#top", "uv": [ 5.0, 2.0, 12.0, 5.5 ] },
				"down": { "texture": "#top", "uv": [ 3.0, 0.0, 10.0, 3.5 ] }
			}
		},
		{
			"name": "Cube23",
			"from": [ 8.5, 8.0, 8.1 ], 
			"to": [ 15.5, 12.0, 11.9 ], 
			"rotationOrigin": [ 12.0, 8.0, 17.1 ],
			"faces": {
				"north": { "texture": "#material", "uv": [ 7.0, 6.5, 14.0, 10.5 ] },
				"east": { "texture": "#material", "uv": [ 9.5, 4.5, 13.0, 8.5 ] },
				"south": { "texture": "#material", "uv": [ 6.0, 6.5, 13.0, 10.5 ] },
				"west": { "texture": "#material", "uv": [ 11.0, 7.5, 14.5, 11.5 ] },
				"up": { "texture": "#top", "uv": [ 8.0, 8.0, 15.0, 11.5 ] },
				"down": { "texture": "#top", "uv": [ 5.5, 12.0, 12.5, 15.5 ] }
			}
		},
		{
			"name": "Cube24",
			"from": [ 8.5, 8.0, 12.1 ], 
			"to": [ 15.5, 12.0, 15.9 ], 
			"rotationOrigin": [ 12.0, 8.0, 21.1 ],
			"faces": {
				"north": { "texture": "#material", "uv": [ 6.5, 8.0, 13.5, 12.0 ] },
				"east": { "texture": "#material", "uv": [ 8.5, 4.5, 12.0, 8.5 ] },
				"south": { "texture": "#material", "uv": [ 7.0, 8.5, 14.0, 12.5 ] },
				"west": { "texture": "#material", "uv": [ 11.0, 5.5, 14.5, 9.5 ] },
				"up": { "texture": "#top", "uv": [ 7.5, 7.0, 14.5, 10.5 ] },
				"down": { "texture": "#top", "uv": [ 4.0, 5.0, 11.0, 8.5 ] }
			}
		},
		{
			"name": "Cube25",
			"from": [ 0.1, 12.0, 0.5 ], 
			"to": [ 3.9, 16.0, 7.5 ], 
			"rotationOrigin": [ 3.6, 12.0, 9.5 ],
			"faces": {
				"north": { "texture": "#material", "uv": [ 2.0, 7.5, 5.5, 11.5 ] },
				"east": { "texture": "#material", "uv": [ 3.5, 1.5, 10.5, 5.5 ] },
				"south": { "texture": "#material", "uv": [ 3.5, 3.5, 7.0, 7.5 ] },
				"west": { "texture": "#material", "uv": [ 7.0, 6.5, 14.0, 10.5 ] },
				"up": { "texture": "#top", "uv": [ 2.5, 6.0, 6.0, 13.0 ] },
				"down": { "texture": "#top", "uv": [ 3.5, 5.0, 7.0, 12.0 ] }
			}
		},
		{
			"name": "Cube26",
			"from": [ 4.1, 12.0, 0.5 ], 
			"to": [ 7.9, 16.0, 7.5 ], 
			"rotationOrigin": [ 7.6, 12.0, 9.5 ],
			"faces": {
				"north": { "texture": "#material", "uv": [ 2.5, 8.0, 6.0, 12.0 ] },
				"east": { "texture": "#material", "uv": [ 5.0, 3.5, 12.0, 7.5 ] },
				"south": { "texture": "#material", "uv": [ 4.0, 3.0, 7.5, 7.0 ] },
				"west": { "texture": "#material", "uv": [ 8.0, 4.5, 15.0, 8.5 ] },
				"up": { "texture": "#top", "uv": [ 2.5, 5.0, 6.0, 12.0 ] },
				"down": { "texture": "#top", "uv": [ 5.5, 2.5, 9.0, 9.5 ] }
			}
		},
		{
			"name": "Cube27",
			"from": [ 8.1, 12.0, 0.5 ], 
			"to": [ 11.9, 16.0, 7.5 ], 
			"rotationOrigin": [ 11.6, 12.0, 9.5 ],
			"faces": {
				"north": { "texture": "#material", "uv": [ 1.0, 9.0, 4.5, 13.0 ] },
				"east": { "texture": "#material", "uv": [ 5.5, 3.5, 12.5, 7.5 ] },
				"south": { "texture": "#material", "uv": [ 4.5, 4.0, 8.0, 8.0 ] },
				"west": { "texture": "#material", "uv": [ 8.5, 7.5, 15.5, 11.5 ] },
				"up": { "texture": "#top", "uv": [ 8.5, 5.5, 12.0, 12.5 ] },
				"down": { "texture": "#top", "uv": [ 4.5, 3.0, 8.0, 10.0 ] }
			}
		},
		{
			"name": "Cube28",
			"from": [ 12.1, 12.0, 0.5 ], 
			"to": [ 15.9, 16.0, 7.5 ], 
			"rotationOrigin": [ 15.6, 12.0, 9.5 ],
			"faces": {
				"north": { "texture": "#material", "uv": [ 4.5, 8.5, 8.0, 12.5 ] },
				"east": { "texture": "#material", "uv": [ 6.0, 3.0, 13.0, 7.0 ] },
				"south": { "texture": "#material", "uv": [ 3.5, 4.0, 7.0, 8.0 ] },
				"west": { "texture": "#material", "uv": [ 7.0, 5.5, 14.0, 9.5 ] },
				"up": { "texture": "#top", "uv": [ 9.5, 7.5, 13.0, 14.5 ] },
				"down": { "texture": "#top", "uv": [ 10.5, 1.5, 14.0, 8.5 ] }
			}
		},
		{
			"name": "Cube29",
			"from": [ 0.1, 12.0, 8.5 ], 
			"to": [ 3.9, 16.0, 15.5 ], 
			"rotationOrigin": [ 3.6, 12.0, 17.5 ],
			"faces": {
				"north": { "texture": "#material", "uv": [ 11.0, 8.0, 14.5, 12.0 ] },
				"east": { "texture": "#material", "uv": [ 2.5, 10.5, 9.5, 14.5 ] },
				"south": { "texture": "#material", "uv": [ 11.5, 1.5, 15.0, 5.5 ] },
				"west": { "texture": "#material", "uv": [ 5.0, 0.5, 12.0, 4.5 ] },
				"up": { "texture": "#top", "uv": [ 9.5, 7.5, 13.0, 14.5 ] },
				"down": { "texture": "#top", "uv": [ 9.0, 5.0, 12.5, 12.0 ] }
			}
		},
		{
			"name": "Cube30",
			"from": [ 4.1, 12.0, 8.5 ], 
			"to": [ 7.9, 16.0, 15.5 ], 
			"rotationOrigin": [ 7.6, 12.0, 17.5 ],
			"faces": {
				"north": { "texture": "#material", "uv": [ 1.5, 9.0, 5.0, 13.0 ] },
				"east": { "texture": "#material", "uv": [ 3.5, 8.0, 10.5, 12.0 ] },
				"south": { "texture": "#material", "uv": [ 7.0, 3.5, 10.5, 7.5 ] },
				"west": { "texture": "#material", "uv": [ 4.0, 6.0, 11.0, 10.0 ] },
				"up": { "texture": "#top", "uv": [ 4.0, 6.0, 7.5, 13.0 ] },
				"down": { "texture": "#top", "uv": [ 9.0, 5.0, 12.5, 12.0 ] }
			}
		},
		{
			"name": "Cube31",
			"from": [ 8.1, 12.0, 8.5 ], 
			"to": [ 11.9, 16.0, 15.5 ], 
			"rotationOrigin": [ 11.6, 12.0, 17.5 ],
			"faces": {
				"north": { "texture": "#material", "uv": [ 12.0, 8.0, 15.5, 12.0 ] },
				"east": { "texture": "#material", "uv": [ 7.0, 10.5, 14.0, 14.5 ] },
				"south": { "texture": "#material", "uv": [ 12.0, 6.5, 15.5, 10.5 ] },
				"west": { "texture": "#material", "uv": [ 8.5, 1.0, 15.5, 5.0 ] },
				"up": { "texture": "#top", "uv": [ 8.0, 8.5, 11.5, 15.5 ] },
				"down": { "texture": "#top", "uv": [ 9.0, 5.0, 12.5, 12.0 ] }
			}
		},
		{
			"name": "Cube32",
			"from": [ 12.1, 12.0, 8.5 ], 
			"to": [ 15.9, 16.0, 15.5 ], 
			"rotationOrigin": [ 15.6, 12.0, 17.5 ],
			"faces": {
				"north": { "texture": "#material", "uv": [ 5.0, 7.5, 8.5, 11.5 ] },
				"east": { "texture": "#material", "uv": [ 5.0, 5.5, 12.0, 9.5 ] },
				"south": { "texture": "#material", "uv": [ 6.0, 6.5, 9.5, 10.5 ] },
				"west": { "texture": "#material", "uv": [ 6.0, 6.5, 13.0, 10.5 ] },
				"up": { "texture": "#top", "uv": [ 7.5, 7.0, 11.0, 14.0 ] },
				"down": { "texture": "#top", "uv": [ 5.0, 3.5, 8.5, 10.5 ] }
			}
		}
	]}