{
	"editor": {
		"allAngles": false,
		"entityTextureMode": false
	},
	"textureWidth": 16,
	"textureHeight": 16,
	"textureSizes": {
	},
	"textures": {
		"stem": "block/plant/crop/sugarcane/stem"
	},
	"elements": [
		{
			"name": "origin",
			"from": [ 8.0, 0.0, 8.0 ], 
			"to": [ 8.0, 0.0, 8.0 ], 
			"rotationOrigin": [ 8.0, 0.0, 8.0 ],
			"faces": {
				"north": { "texture": "#null", "uv": [ 0.0, 0.0, 0.5, 0.5 ] },
				"east": { "texture": "#null", "uv": [ 0.0, 0.0, 0.5, 0.5 ] },
				"south": { "texture": "#null", "uv": [ 0.0, 0.0, 0.5, 0.5 ] },
				"west": { "texture": "#null", "uv": [ 0.0, 0.0, 0.5, 0.5 ] },
				"up": { "texture": "#null", "uv": [ 0.0, 0.0, 0.5, 0.5 ] },
				"down": { "texture": "#null", "uv": [ 0.0, 0.0, 0.5, 0.5 ] }
			},
			"children": [
				{
					"name": "stem",
					"from": [ -1.0, 0.0, -1.0 ], 
					"to": [ 1.0, 16.0, 1.0 ], 
					"rotationOrigin": [ -1.0, 0.0, -1.0 ],
					"faces": {
						"north": { "texture": "#stem", "uv": [ 0.0, 0.0, 2.0, 16.0 ], "autoUv": false },
						"east": { "texture": "#stem", "uv": [ 0.0, 0.0, 2.0, 16.0 ], "autoUv": false },
						"south": { "texture": "#stem", "uv": [ 0.0, 0.0, 2.0, 16.0 ], "autoUv": false },
						"west": { "texture": "#stem", "uv": [ 0.0, 0.0, 2.0, 16.0 ], "autoUv": false },
						"up": { "texture": "#stem", "uv": [ 8.0, 13.0, 10.0, 16.0 ], "autoUv": false },
						"down": { "texture": "#stem", "uv": [ 8.0, 13.0, 10.0, 16.0 ], "autoUv": false, "windMode": [-1,-1,-1,-1] }
					},
					"children": [
						{
							"name": "stem1",
							"from": [ 0.0, 17.0, 0.0 ], 
							"to": [ 2.0, 33.0, 2.0 ], 
							"rotationOrigin": [ 0.0, 17.0, 0.0 ],
							"faces": {
								"north": { "texture": "#stem", "uv": [ 2.0, 0.0, 4.0, 16.0 ], "autoUv": false },
								"east": { "texture": "#stem", "uv": [ 2.0, 0.0, 4.0, 16.0 ], "autoUv": false },
								"south": { "texture": "#stem", "uv": [ 2.0, 0.0, 4.0, 16.0 ], "autoUv": false },
								"west": { "texture": "#stem", "uv": [ 2.0, 0.0, 4.0, 16.0 ], "autoUv": false },
								"up": { "texture": "#stem", "uv": [ 8.0, 13.0, 10.0, 16.0 ], "autoUv": false },
								"down": { "texture": "#stem", "uv": [ 8.0, 13.0, 10.0, 16.0 ], "autoUv": false }
							},
							"children": [
								{
									"name": "stemring2",
									"from": [ 0.0, 16.0, 0.0 ], 
									"to": [ 2.0, 17.0, 2.0 ], 
									"rotationOrigin": [ 0.0, -1.0, 0.0 ],
									"faces": {
										"north": { "texture": "#stem", "uv": [ 8.0, 13.0, 10.0, 14.0 ] },
										"east": { "texture": "#stem", "uv": [ 8.0, 13.0, 10.0, 14.0 ] },
										"south": { "texture": "#stem", "uv": [ 8.0, 13.0, 10.0, 14.0 ] },
										"west": { "texture": "#stem", "uv": [ 8.0, 13.0, 10.0, 14.0 ] },
										"up": { "texture": "#stem", "uv": [ 8.0, 14.0, 10.0, 16.0 ] },
										"down": { "texture": "#stem", "uv": [ 8.0, 14.0, 10.0, 16.0 ] }
									}
								},
								{
									"name": "stem2",
									"from": [ 0.0, 17.0, 0.0 ], 
									"to": [ 2.0, 25.0, 2.0 ], 
									"rotationOrigin": [ 0.0, 17.0, 0.0 ],
									"faces": {
										"north": { "texture": "#stem", "uv": [ 4.0, 0.0, 6.0, 16.0 ], "autoUv": false },
										"east": { "texture": "#stem", "uv": [ 4.0, 0.0, 6.0, 16.0 ], "autoUv": false },
										"south": { "texture": "#stem", "uv": [ 4.0, 0.0, 6.0, 16.0 ], "autoUv": false },
										"west": { "texture": "#stem", "uv": [ 4.0, 0.0, 6.0, 16.0 ], "autoUv": false },
										"up": { "texture": "#stem", "uv": [ 8.0, 13.0, 10.0, 16.0 ], "autoUv": false },
										"down": { "texture": "#stem", "uv": [ 8.0, 13.0, 10.0, 16.0 ], "autoUv": false }
									}
								}
							]
						},
						{
							"name": "stemring1",
							"from": [ 0.0, 16.0, 0.0 ], 
							"to": [ 2.0, 17.0, 2.0 ], 
							"rotationOrigin": [ 0.0, 16.0, 0.0 ],
							"faces": {
								"north": { "texture": "#stem", "uv": [ 8.0, 13.0, 10.0, 14.0 ] },
								"east": { "texture": "#stem", "uv": [ 8.0, 13.0, 10.0, 14.0 ] },
								"south": { "texture": "#stem", "uv": [ 8.0, 13.0, 10.0, 14.0 ] },
								"west": { "texture": "#stem", "uv": [ 8.0, 13.0, 10.0, 14.0 ] },
								"up": { "texture": "#stem", "uv": [ 8.0, 14.0, 10.0, 16.0 ] },
								"down": { "texture": "#stem", "uv": [ 8.0, 14.0, 10.0, 16.0 ] }
							}
						}
					]
				}
			]
		}
	]}