{
	"editor": {
		"allAngles": false,
		"entityTextureMode": false
	},
	"textureWidth": 16,
	"textureHeight": 16,
	"textureSizes": {
	},
	"textures": {
		"string": "game:item/tool/material/string",
		"material": "game:item/tool/material/flint"
	},
	"elements": [
		{
			"name": "origin",
			"from": [ 1.5, 0.3, 7.7 ], 
			"to": [ 1.5, 0.3, 7.7 ], 
			"rotationOrigin": [ 5.0, 0.0, 8.0 ],
			"faces": {
				"north": { "texture": "#string", "uv": [ 0.0, 0.0, 0.5, 0.5 ] },
				"east": { "texture": "#string", "uv": [ 0.0, 0.0, 0.5, 0.5 ] },
				"south": { "texture": "#string", "uv": [ 0.0, 0.0, 0.5, 0.5 ] },
				"west": { "texture": "#string", "uv": [ 0.0, 0.0, 0.5, 0.5 ] },
				"up": { "texture": "#string", "uv": [ 0.0, 0.0, 0.5, 0.5 ] },
				"down": { "texture": "#string", "uv": [ 0.0, 0.0, 0.5, 0.5 ] }
			},
			"children": [
				{
					"name": "axe head 1",
					"from": [ 4.0, -0.3, -1.0 ], 
					"to": [ 6.0, 0.9, 2.0 ], 
					"rotationOrigin": [ 4.0, -0.3, -1.0 ],
					"rotationY": -2.0,
					"faces": {
						"north": { "texture": "#material", "uv": [ 7.0, 3.0, 9.0, 4.0 ] },
						"east": { "texture": "#material", "uv": [ 1.0, 2.0, 4.0, 3.0 ] },
						"south": { "texture": "#material", "uv": [ 6.0, 4.0, 8.0, 5.0 ] },
						"west": { "texture": "#material", "uv": [ 6.0, 2.0, 9.0, 3.0 ] },
						"up": { "texture": "#material", "uv": [ 7.5, 6.5, 9.5, 9.5 ] },
						"down": { "texture": "#material", "uv": [ 4.0, 3.0, 6.0, 6.0 ] }
					},
					"children": [
						{
							"name": "axe head 2",
							"from": [ -0.2, 0.2, -1.6 ], 
							"to": [ 2.8, 1.0, 0.2 ], 
							"rotationOrigin": [ 0.8, 0.2, 1.4 ],
							"rotationY": 6.0,
							"faces": {
								"north": { "texture": "#material", "uv": [ 1.0, 5.0, 4.0, 5.5 ] },
								"east": { "texture": "#material", "uv": [ 2.0, 5.0, 3.75, 5.5 ] },
								"south": { "texture": "#material", "uv": [ 2.0, 7.0, 5.0, 7.5 ] },
								"west": { "texture": "#material", "uv": [ 2.0, 6.0, 3.75, 6.5 ] },
								"up": { "texture": "#material", "uv": [ 5.5, 4.0, 8.5, 5.5 ] },
								"down": { "texture": "#material", "uv": [ 3.0, 3.0, 6.0, 4.5 ] }
							},
							"children": [
								{
									"name": "axe head 72",
									"from": [ 0.1045, 0.2, -0.9945 ], 
									"to": [ 2.9045, 0.6, 0.0055 ], 
									"rotationOrigin": [ 1.1045, 0.2, 2.0055 ],
									"faces": {
										"north": { "texture": "#material", "uv": [ 1.0, 5.0, 3.75, 5.5 ] },
										"east": { "texture": "#material", "uv": [ 2.0, 5.0, 3.0, 5.5 ] },
										"south": { "texture": "#material", "uv": [ 2.0, 7.0, 4.75, 7.5 ] },
										"west": { "texture": "#material", "uv": [ 2.0, 6.0, 3.0, 6.5 ] },
										"up": { "texture": "#material", "uv": [ 5.5, 4.0, 8.25, 5.0 ] },
										"down": { "texture": "#material", "uv": [ 3.0, 3.0, 5.75, 4.0 ] }
									}
								}
							]
						},
						{
							"name": "segment 3",
							"from": [ 0.0974, 0.3, 2.7808 ], 
							"to": [ 1.0974, 0.9, 4.7808 ], 
							"rotationOrigin": [ 0.5974, 0.8, 2.7808 ],
							"rotationX": -0.994,
							"rotationY": -8.0,
							"rotationZ": 0.035,
							"faces": {
								"north": { "texture": "#material", "uv": [ 0.0, 0.0, 1.0, 0.5 ] },
								"east": { "texture": "#material", "uv": [ 0.0, 0.0, 2.0, 0.5 ] },
								"south": { "texture": "#material", "uv": [ 0.0, 0.0, 1.0, 0.5 ] },
								"west": { "texture": "#material", "uv": [ 0.0, 0.0, 2.0, 0.5 ] },
								"up": { "texture": "#material", "uv": [ 0.0, 0.0, 1.0, 2.0 ] },
								"down": { "texture": "#material", "uv": [ 0.0, 0.0, 1.0, 2.0 ] }
							},
							"children": [
								{
									"name": "segment 3 tip",
									"from": [ 0.2314, 0.1, 1.8882 ], 
									"to": [ 0.7314, 0.5, 3.3882 ], 
									"rotationOrigin": [ 0.7314, 0.6668, 1.8882 ],
									"rotationX": 0.922,
									"rotationY": -20.001,
									"rotationZ": -0.185,
									"faces": {
										"north": { "texture": "#material", "uv": [ 0.0, 0.0, 0.5, 0.5 ] },
										"east": { "texture": "#material", "uv": [ 0.0, 0.0, 1.5, 0.5 ] },
										"south": { "texture": "#material", "uv": [ 0.0, 0.0, 0.5, 0.5 ] },
										"west": { "texture": "#material", "uv": [ 0.0, 0.0, 1.5, 0.5 ] },
										"up": { "texture": "#material", "uv": [ 0.0, 0.0, 0.5, 1.5 ] },
										"down": { "texture": "#material", "uv": [ 0.0, 0.0, 0.5, 1.5 ] }
									}
								}
							]
						},
						{
							"name": "Blade base 1",
							"from": [ 0.0619, 0.2, -0.7534 ], 
							"to": [ 5.5619, 0.7, 1.2466 ], 
							"rotationOrigin": [ 1.5619, 0.2, 1.7466 ],
							"rotationX": 4.002,
							"rotationY": 1.995,
							"rotationZ": -0.14,
							"faces": {
								"north": { "texture": "#material", "uv": [ 1.0, 5.0, 6.5, 5.5 ] },
								"east": { "texture": "#material", "uv": [ 2.0, 5.0, 4.0, 5.5 ] },
								"south": { "texture": "#material", "uv": [ 2.0, 7.0, 7.5, 7.5 ] },
								"west": { "texture": "#material", "uv": [ 2.0, 6.0, 4.0, 6.5 ] },
								"up": { "texture": "#material", "uv": [ 7.0, 7.5, 9.0, 13.0 ], "rotation": 90 },
								"down": { "texture": "#material", "uv": [ 4.5, 8.5, 10.0, 10.5 ] }
							},
							"children": [
								{
									"name": "Cube27",
									"from": [ 0.8, 0.0, -0.5 ], 
									"to": [ 4.8, 0.5, 0.0 ], 
									"rotationOrigin": [ 0.8, 0.0, -0.5 ],
									"faces": {
										"north": { "texture": "#material", "uv": [ 0.0, 0.0, 4.0, 0.5 ] },
										"east": { "texture": "#material", "uv": [ 0.0, 0.0, 0.5, 0.5 ] },
										"south": { "texture": "#material", "uv": [ 0.0, 0.0, 4.0, 0.5 ] },
										"west": { "texture": "#material", "uv": [ 0.0, 0.0, 0.5, 0.5 ] },
										"up": { "texture": "#material", "uv": [ 0.0, 0.0, 4.0, 0.5 ] },
										"down": { "texture": "#material", "uv": [ 0.0, 0.0, 4.0, 0.5 ] }
									}
								}
							]
						},
						{
							"name": "Blade base 2",
							"from": [ 0.0445, 0.2, 1.1469 ], 
							"to": [ 5.5445, 0.7, 3.1469 ], 
							"rotationOrigin": [ 1.5445, 0.2, 1.2469 ],
							"rotationX": -4.002,
							"rotationY": 1.995,
							"rotationZ": 0.14,
							"faces": {
								"north": { "texture": "#material", "uv": [ 1.0, 5.0, 6.5, 5.5 ] },
								"east": { "texture": "#material", "uv": [ 2.0, 5.0, 4.0, 5.5 ] },
								"south": { "texture": "#material", "uv": [ 2.0, 7.0, 7.5, 7.5 ] },
								"west": { "texture": "#material", "uv": [ 2.0, 6.0, 4.0, 6.5 ] },
								"up": { "texture": "#material", "uv": [ 2.0, 9.5, 4.0, 15.0 ], "rotation": 90 },
								"down": { "texture": "#material", "uv": [ 3.0, 3.0, 8.5, 5.0 ] }
							},
							"children": [
								{
									"name": "Cube1",
									"from": [ 0.8, 0.0, 2.0 ], 
									"to": [ 4.8, 0.5, 2.5 ], 
									"rotationOrigin": [ 0.8, 0.0, 2.0 ],
									"faces": {
										"north": { "texture": "#material", "uv": [ 0.0, 0.0, 4.0, 0.5 ] },
										"east": { "texture": "#material", "uv": [ 0.0, 0.0, 0.5, 0.5 ] },
										"south": { "texture": "#material", "uv": [ 0.0, 0.0, 4.0, 0.5 ] },
										"west": { "texture": "#material", "uv": [ 0.0, 0.0, 0.5, 0.5 ] },
										"up": { "texture": "#material", "uv": [ 0.0, 0.0, 4.0, 0.5 ] },
										"down": { "texture": "#material", "uv": [ 0.0, 0.0, 4.0, 0.5 ] }
									}
								}
							]
						}
					]
				}
			]
		}
	]}