{
	"code": "handsaw",
	"tool": "saw",
	"attributes": {
		"handbook": {
			"groupBy": ["handsaw-*"]
		},
		"toolrackTransform": {
			"rotation": { "y": 1, "z": -1 },
			"translation": { "x": -0.3, "y": 0.35, "z": -0.1},
			"scale": 1.75
		},
		"groundStorageTransform": {
			"translation": { "x": 0, "y": 0, "z": 0.125 },
			"rotation": { "x": 16, "y": 88, "z": -87 },
			"scale": 1.25
		}
	},
	"behaviors": [{ 
		"name": "GroundStorable",
		"properties": {
			"layout": "WallHalves",
			"wallOffY": 1,
			"sprintKey": true,
			"selectionBox": { "x1": 0, "y1": 0, "z1": 0, "x2": 1, "y2": 0.1, "z2": 1 },
			"collisionBox": { "x1": 0, "y1": 0, "z1": 0, "x2": 0, "y2": 0, "z2": 0 }
		}
	}],
	"variantgroups": [
		{ "code": "metal", "states": ["copper", "tinbronze", "bismuthbronze", "blackbronze", "gold", "silver", "iron", "meteoriciron", "steel" ] }
	],
	"damagedby": ["blockbreaking", "attacking"],
	"shape": { "base": "moremolds:item/tool/handsaw" },
	"heldTpHitAnimation": "breaktool",
	"textures": {
		"metal": { "base": "game:block/metal/ingot/{metal}" },
		"wood": { "base": "game:item/tool/material/wood" },
		"linen": { "base": "game:item/tool/material/linen" }
	},
	"tooltierbytype": {
		"*-stone": 1,
		"*-copper": 2,
		"*-gold": 2,
		"*-silver": 2,
		"*-bismuthbronze": 3,
		"*-tinbronze": 3,
		"*-blackbronze": 3,
		"*-iron": 4,
		"*-meteoriciron": 4,
		"*-steel": 5
	},
	"miningspeedbytype": {
		"*-stone": {
			"wood": 3,
			"leaves": 1.6
		},
		"*-copper": {
			"wood": 3,
			"leaves": 1.6
		},
		"*-bismuthbronze": {
			"wood": 4,
			"leaves": 2.4
		},
		"*-tinbronze": {
			"wood": 4.4,
			"leaves": 2.6
		},
		"*-silver": {
			"wood": 4.6,
			"leaves": 3
		},
		"*-gold": {
			"wood": 4.6,
			"leaves": 3
		},
		"*-blackbronze": {
			"wood": 4.6,
			"leaves": 3
		},
		"*-iron": {
			"wood": 4.7,
			"leaves": 3.1
		},
		"*-meteoriciron": {
			"wood": 5,
			"leaves": 3.2
		},
		"*-steel": {
			"wood": 5.5,
			"leaves": 3.6
		}
	},
	"durabilitybytype": {
		"handsaw-gold": 18,
		"handsaw-silver": 23,
		"handsaw-copper": 63,
		"handsaw-tinbronze": 100,
		"handsaw-bismuthbronze": 113,
		"handsaw-blackbronze": 125,
		"handsaw-iron": 225,
		"handsaw-meteoriciron": 300,
		"handsaw-steel": 563
	},
	"creativeinventory": { "general": ["*"], "items": ["*"], "tools": ["*"], "moremolds": ["*"] },
	"fpHandTransform": {
		"translation": { "x": 0.0468, "y": 0, "z": 0 },
		"rotation": { "x": -161, "y": 20, "z": 90 },
		"scale": 2.5
	},
	"guiTransform": {
		"rotate": true,
		"translation": { "x": 1, "y": 0, "z": 0 },
		"rotation": { "x": -89, "y": 35, "z": -170 },
		"origin": { "x": 0.5, "y": 0.8, "z": 0.48 },
		"scale": 2.2
	},
	"groundTransform": {
		"translation": { "x": 0, "y": 0, "z": 0 },
		"rotation": { "x": 0, "y": 0, "z": 0 },
		"origin": { "x": 0.5, "y": 0.31, "z": 0.5 },
		"scale": 4.7
	},
	"tpHandTransform": {
		"translation": { "x": -0.65, "y": -0.45, "z": -0.30 },
		"rotation": { "x": 90, "y": -174, "z": 0 },
		"scale": 1
	}
}