[
	{	"side": "Server", "op": "add", "path": "/allowedVariants/-", "value": "ore-bountiful-nativegold-andesite", "file": "blocktypes/stone/ore-graded.json" },     
	{	"side": "Server", "op": "add", "path": "/allowedVariants/-", "value": "ore-bountiful-nativegold-granite", "file": "blocktypes/stone/ore-graded.json" },
	{	"side": "Server", "op": "add", "path": "/allowedVariants/-", "value": "ore-bountiful-nativegold-basalt", "file": "blocktypes/stone/ore-graded.json" },
	{	"side": "Server", "op": "add", "path": "/allowedVariants/-", "value": "ore-bountiful-nativegold-shale", "file": "blocktypes/stone/ore-graded.json" },
	{	"side": "Server", "op": "add", "path": "/allowedVariants/-", "value": "ore-bountiful-nativegold-chert", "file": "blocktypes/stone/ore-graded.json" },	
	
	{	"side": "Server", "op": "add", "path": "/requiredMiningTierByType/ore-*-nativegold-*", "value": 2, "file": "blocktypes/stone/ore-graded.json" },
	
	{	"side": "Server", "op": "add", "path": "/allowedVariants/-", "value": "crystalizedore-bountiful-nativegold-andesite", "file": "itemtypes/resource/crystalizedore-graded.json" },     
	{	"side": "Server", "op": "add", "path": "/allowedVariants/-", "value": "crystalizedore-bountiful-nativegold-granite", "file": "itemtypes/resource/crystalizedore-graded.json" },     
	{	"side": "Server", "op": "add", "path": "/allowedVariants/-", "value": "crystalizedore-bountiful-nativegold-basalt", "file": "itemtypes/resource/crystalizedore-graded.json" },     
	{	"side": "Server", "op": "add", "path": "/allowedVariants/-", "value": "crystalizedore-bountiful-nativegold-shale", "file": "itemtypes/resource/crystalizedore-graded.json" },     
	{	"side": "Server", "op": "add", "path": "/allowedVariants/-", "value": "crystalizedore-bountiful-nativegold-chert", "file": "itemtypes/resource/crystalizedore-graded.json" },
	
	{	"side": "Server", "op": "add", "path": "/variants/-", "value": { "Code": "nativegold" }, "file": "worldproperties/block/ore-graded.json" },
	
	{	"side": "Server", "op": "add", "path": "/allowedVariants/-", "value": "ore-bountiful-nativegold-andesite", "file": "itemtypes/resource/ore-graded.json" },     
	{	"side": "Server", "op": "add", "path": "/allowedVariants/-", "value": "ore-bountiful-nativegold-granite", "file": "itemtypes/resource/ore-graded.json" },
	{	"side": "Server", "op": "add", "path": "/allowedVariants/-", "value": "ore-bountiful-nativegold-basalt", "file": "itemtypes/resource/ore-graded.json" },
	{	"side": "Server", "op": "add", "path": "/allowedVariants/-", "value": "ore-bountiful-nativegold-shale", "file": "itemtypes/resource/ore-graded.json" },
	{	"side": "Server", "op": "add", "path": "/allowedVariants/-", "value": "ore-bountiful-nativegold-chert", "file": "itemtypes/resource/ore-graded.json" }
]