[
  {
	  "side": "Server", 
    "op": "replace",
    "path": "/0/attributes/radius/avg",
    "value": 10,
    "file": "worldgen/deposits/metalore/sphalerite.json"
  },
  {
	  "side": "Server", 
    "op": "replace",
    "path": "/0/attributes/thickness/avg",
    "value": 2,
    "file": "worldgen/deposits/metalore/sphalerite.json"
  },
  { "side": "Server", "op": "add", "path": "/allowedVariants/-", "value": "ore-rich-sphalerite-andesite", "file": "blocktypes/stone/ore-graded.json" }, 
  { "side": "Server", "op": "add", "path": "/allowedVariants/-", "value": "ore-rich-sphalerite-granite", "file": "blocktypes/stone/ore-graded.json" },  
  { "side": "Server", "op": "add", "path": "/allowedVariants/-", "value": "ore-rich-sphalerite-basalt", "file": "blocktypes/stone/ore-graded.json" },  
  { "side": "Server", "op": "add", "path": "/allowedVariants/-", "value": "ore-bountiful-sphalerite-peridotite", "file": "blocktypes/stone/ore-graded.json" },  
  { "side": "Server", "op": "add", "path": "/allowedVariants/-", "value": "ore-rich-sphalerite-andesite", "file": "itemtypes/resource/ore-graded.json" }, 
  { "side": "Server", "op": "add", "path": "/allowedVariants/-", "value": "ore-rich-sphalerite-granite", "file": "itemtypes/resource/ore-graded.json" },    
  { "side": "Server", "op": "add", "path": "/allowedVariants/-", "value": "ore-rich-sphalerite-basalt", "file": "itemtypes/resource/ore-graded.json" },
  { "side": "Server", "op": "add", "path": "/allowedVariants/-", "value": "ore-bountiful-sphalerite-peridotite", "file": "itemtypes/resource/ore-graded.json" },
  { "side": "Server", "op": "add", "path": "/allowedVariants/-", "value": "crystalizedore-rich-sphalerite-andesite", "file": "itemtypes/resource/crystalizedore-graded.json" }, 
  { "side": "Server", "op": "add", "path": "/allowedVariants/-", "value": "crystalizedore-rich-sphalerite-granite", "file": "itemtypes/resource/crystalizedore-graded.json" },   
  { "side": "Server", "op": "add", "path": "/allowedVariants/-", "value": "crystalizedore-rich-sphalerite-basalt", "file": "itemtypes/resource/crystalizedore-graded.json" },   
  { "side": "Server", "op": "add", "path": "/allowedVariants/-", "value": "crystalizedore-bountiful-sphalerite-peridotite", "file": "itemtypes/resource/crystalizedore-graded.json" }   
]