[
  {
	  "side": "Server",
    "op": "replace",
    "path": "/0/attributes/radius/avg",
    "value": 10,
    "file": "worldgen/deposits/metalore/chromite.json"
  },
  {
	  "side": "Server",
    "op": "replace",
    "path": "/0/attributes/yPosRel/avg",
    "value": 0.5,
    "file": "worldgen/deposits/metalore/chromite.json"
  },
  {
	  "side": "Server", 
    "op": "replace",
    "path": "/0/attributes/thickness/avg",
    "value": 2,
    "file": "worldgen/deposits/metalore/chromite.json"
  },
  {	"side": "Server", "op": "add", "path": "/allowedVariants/-", "value": "ore-bountiful-chromite-andesite", "file": "blocktypes/stone/ore-graded.json" }, 
  {	"side": "Server", "op": "add", "path": "/allowedVariants/-", "value": "ore-bountiful-chromite-granite", "file": "blocktypes/stone/ore-graded.json" },     
  {	"side": "Server", "op": "add", "path": "/allowedVariants/-", "value": "ore-bountiful-chromite-andesite", "file": "itemtypes/resource/ore-graded.json" },
  {	"side": "Server", "op": "add", "path": "/allowedVariants/-", "value": "ore-bountiful-chromite-granite", "file": "itemtypes/resource/ore-graded.json" },  
  {	"side": "Server", "op": "add", "path": "/allowedVariants/-", "value": "crystalizedore-bountiful-chromite-andesite", "file": "itemtypes/resource/crystalizedore-graded.json" }, 
  {	"side": "Server", "op": "add", "path": "/allowedVariants/-", "value": "crystalizedore-bountiful-chromite-granite", "file": "itemtypes/resource/crystalizedore-graded.json" }
]