[
  {
	  "side": "Server", 
    "op": "replace",
    "path": "/0/attributes/radius/avg",
    "value": 5,
    "file": "worldgen/deposits/gem/emerald.json"
  },
  {
	  "side": "Server", 
    "op": "replace",
    "path": "/0/attributes/yPosRel/avg",
    "value": 0.3,
    "file": "worldgen/deposits/gem/emerald.json"
  },
  {
	  "side": "Server", 
    "op": "replace",
    "path": "/0/attributes/thickness/avg",
    "value": 2,
    "file": "worldgen/deposits/gem/emerald.json"
  },
  {	"side": "Server", "op": "add", "path": "/allowedVariants/-", "value": "ore-high-emerald-basalt", "file": "blocktypes/stone/ore-gem.json" },  
  {	"side": "Server", "op": "add", "path": "/allowedVariants/-", "value": "ore-high-emerald-peridotite", "file": "blocktypes/stone/ore-gem.json" },
  {	"side": "Server", "op": "add", "path": "/allowedVariants/-", "value": "ore-high-emerald-phyllite", "file": "blocktypes/stone/ore-gem.json" },
  {	"side": "Server", "op": "add", "path": "/allowedVariants/-", "value": "ore-high-emerald-slate", "file": "blocktypes/stone/ore-gem.json" },
  { "side": "Server", "op": "remove", "path": "/0/attributes/placeblock/allowedVariants/0", "file": "worldgen/deposits/gem/emerald.json" },   
  { "side": "Server", "op": "remove", "path": "/0/attributes/placeblock/allowedVariants/0", "file": "worldgen/deposits/gem/emerald.json" }  
]