{
	"code": "polishingset",
	"attributes": {
		"handbook": {
			"groupBy": ["polishingset-*"],
			"extraSections": [ { "title": "game:handbook-item-usage", "text": "handbook-item-usage-polishingset" } ]
		},
		"toolrackTransform": {
			"rotation": { "x": 0, "y": 20, "z": -4 },
			"translation": { "x": 0.05, "y": 0.71, "z": 0 },
			"scale": 1.35
		},
		"groundStorageTransform": {
			"translation": { "x": 0, "y": -0.02, "z": 0 },
			"rotation": { "x": -70, "y": -45, "z": 0 },
			"scale": 0.9
		}
	},
	"behaviors": [ {
		"name": "GroundStorable",
		"properties": {
			"layout": "WallHalves",
			"wallOffY": 1,
			"sprintKey": true,
			"selectionBox": { "x1": 0, "y1": 0, "z1": 0, "x2": 1, "y2": 0.1, "z2": 1 },
			"collisionBox": { "x1": 0, "y1": 0, "z1": 0, "x2": 0, "y2": 0, "z2": 0 }
		}
	}],
	"variantgroups": [
		{ "code": "wood", "loadFromProperties": "game:block/wood" }
	],
	"tool": "knife",
	"skipVariants": [ "polishingset-aged" ],
	"shape": { "base": "bricklayers:item/tool/polishingset" },
	"heldTpHitAnimation": "shears",
	"textures": {
		"wood": { "base": "game:block/wood/planks/{wood}1" },
		"leather": { "base": "game:block/leather/plain" },
		"coarse": { "base": "em:item/resource/crushed/ore/incontainer/corundum" },
		"fine": { "base": "em:item/resource/powdered/ore/incontainer/corundum" }
	},
	"durabilitybyType": {
		"polishingset-oak": 550,
		"polishingset-birch": 520,
		"polishingset-purpleheart": 500,
		"polishingset-ebony": 450,
		"polishingset-redwood": 450,
		"polishingset-walnut": 450,
		"polishingset-maple": 400,
		"polishingset-*": 300
	},
	"materialdensity": 700,
	"creativeinventory": { "general": ["*"], "items": ["*"], "tools": ["*"] },
	"guiTransform": {
		"translation": { "x": 0, "y": 2, "z": 0 },
		"rotation": { "x": -55, "y": 94, "z": 27 },
		"origin": { "x": 0.5, "y": 0, "z": 0.45 },
		"scale": 1.86
	},
	"fpHandTransform": {
		"translation": { "x": 0, "y": 0, "z": 0 },
		"rotation": { "x": 3, "y": -33, "z": -25 },
		"origin": { "x": 0.5, "y": 0.1, "z": 0.5 },
		"scale": 1.98
	},
	"groundTransform": {
		"translation": { "x": 0, "y": 0, "z": 0 },
		"rotation": { "x": 0, "y": 0, "z": 0 },
		"origin": { "x": 0.5, "y": 0, "z": 0.5 },
		"scale": 3.25
	},
	"tpHandTransform": {
		"translation": { "x": -0.6, "y": -0.06, "z": -0.44 },
		"rotation": { "x": 109, "y": 51, "z": 1 },
		"origin": { "x": 0.5, "y": 0.1, "z": 0.5 },
		"scale": 0.86
	}
}
