{
	"editor": {
		"allAngles": true,
		"entityTextureMode": true
	},
	"textureWidth": 64,
	"textureHeight": 64,
	"textureSizes": {
	},
	"textures": {
		"hide": "entity/humanoid/serapharmor/hide/wolfcoatgray"
	},
	"elements": [
		{
			"name": "ArmorUpperTorso",
			"stepParentName": "UpperTorso",
			"from": [ -0.55, -0.2, -0.6 ], 
			"to": [ 5.95, 5.2, 6.9 ], 
			"autoUnwrap": false,
			"uv": [ 0.0, 35.0 ],
			"rotationOrigin": [ -0.5, -0.2, -0.6 ],
			"faces": {
				"north": { "texture": "#hide", "uv": [ 0.0, 41.5, 6.5, 46.5 ] },
				"east": { "texture": "#hide", "uv": [ 6.0, 41.5, 13.5, 46.5 ] },
				"south": { "texture": "#hide", "uv": [ 12.5, 41.5, 19.0, 46.5 ] },
				"west": { "texture": "#hide", "uv": [ 18.5, 41.5, 26.0, 46.5 ] },
				"up": { "texture": "#hide", "uv": [ 0.0, 35.0, 6.5, 42.5 ] },
				"down": { "texture": "#hide", "uv": [ 16.0, 35.0, 22.5, 42.5 ] }
			}
		},
		{
			"name": "ArmorLowerTorso",
			"stepParentName": "LowerTorso",
			"from": [ -0.5, -0.5, -0.5 ], 
			"to": [ 5.7, 5.1, 6.5 ], 
			"autoUnwrap": false,
			"uv": [ 0.0, 11.5 ],
			"rotationOrigin": [ -0.5, -0.5, -0.5 ],
			"faces": {
				"north": { "texture": "#hide", "uv": [ 0.0, 18.0, 6.0, 23.5 ] },
				"east": { "texture": "#hide", "uv": [ 6.0, 18.0, 13.0, 23.5 ] },
				"south": { "texture": "#hide", "uv": [ 11.5, 18.0, 17.5, 23.5 ] },
				"west": { "texture": "#hide", "uv": [ 16.5, 18.0, 23.5, 23.5 ] },
				"up": { "texture": "#hide", "uv": [ 0.0, 11.5, 6.0, 18.5 ] },
				"down": { "texture": "#hide", "uv": [ 5.0, 11.5, 11.0, 18.5 ] }
			}
		},
		{
			"name": "ArmorUpperArmR",
			"stepParentName": "UpperArmR",
			"from": [ -0.6, -0.2, -0.6 ], 
			"to": [ 3.4, 7.2, 2.4 ], 
			"autoUnwrap": false,
			"uv": [ 36.0, 0.0 ],
			"rotationOrigin": [ -0.6, -0.2, -0.6 ],
			"faces": {
				"north": { "texture": "#hide", "uv": [ 36.0, 2.0, 40.0, 9.0 ] },
				"east": { "texture": "#hide", "uv": [ 40.0, 2.0, 43.0, 9.0 ] },
				"south": { "texture": "#hide", "uv": [ 42.0, 2.0, 46.0, 9.0 ] },
				"west": { "texture": "#hide", "uv": [ 43.0, 2.0, 46.0, 9.0 ] },
				"up": { "texture": "#hide", "uv": [ 36.0, 0.0, 40.0, 3.0 ] },
				"down": { "texture": "#hide", "uv": [ 38.0, 0.0, 42.0, 3.0 ] }
			}
		},
		{
			"name": "ArmorUpperArmL",
			"stepParentName": "UpperArmL",
			"from": [ -0.6, -0.2, -0.2 ], 
			"to": [ 3.4, 7.2, 2.8 ], 
			"autoUnwrap": false,
			"uv": [ 26.0, 0.0 ],
			"rotationOrigin": [ -0.6, -0.2, -0.2 ],
			"faces": {
				"north": { "texture": "#hide", "uv": [ 26.0, 2.0, 30.0, 9.0 ] },
				"east": { "texture": "#hide", "uv": [ 30.0, 2.0, 33.0, 9.0 ] },
				"south": { "texture": "#hide", "uv": [ 33.0, 2.0, 37.0, 9.0 ] },
				"west": { "texture": "#hide", "uv": [ 37.0, 2.0, 40.0, 9.0 ] },
				"up": { "texture": "#hide", "uv": [ 26.0, 0.0, 30.0, 3.0 ] },
				"down": { "texture": "#hide", "uv": [ 28.5, 0.0, 32.5, 3.0 ] }
			}
		},
		{
			"name": "ArmorLowerArmR",
			"stepParentName": "LowerArmR",
			"from": [ -0.5, 1.8, -0.55 ], 
			"to": [ 3.1, 8.2, 2.45 ], 
			"autoUnwrap": false,
			"uv": [ 36.0, 9.0 ],
			"rotationOrigin": [ -0.5, 1.8, -0.7 ],
			"faces": {
				"north": { "texture": "#hide", "uv": [ 36.0, 11.5, 39.5, 17.5 ] },
				"east": { "texture": "#hide", "uv": [ 39.5, 11.5, 42.5, 17.5 ] },
				"south": { "texture": "#hide", "uv": [ 42.0, 11.5, 45.5, 17.5 ] },
				"west": { "texture": "#hide", "uv": [ 43.5, 11.5, 46.5, 17.5 ] },
				"up": { "texture": "#hide", "uv": [ 36.0, 9.0, 39.5, 12.0 ] },
				"down": { "texture": "#hide", "uv": [ 37.5, 9.0, 41.0, 12.0 ] }
			}
		},
		{
			"name": "ArmorLowerArmL",
			"stepParentName": "LowerArmL",
			"from": [ -0.5, 1.8, -0.35 ], 
			"to": [ 3.1, 8.2, 2.65 ], 
			"autoUnwrap": false,
			"uv": [ 26.0, 9.0 ],
			"rotationOrigin": [ -0.5, 1.8, -0.4 ],
			"faces": {
				"north": { "texture": "#hide", "uv": [ 26.0, 11.5, 29.5, 17.5 ] },
				"east": { "texture": "#hide", "uv": [ 29.5, 11.5, 32.5, 17.5 ] },
				"south": { "texture": "#hide", "uv": [ 32.5, 11.5, 36.0, 17.5 ] },
				"west": { "texture": "#hide", "uv": [ 36.0, 11.5, 39.0, 17.5 ] },
				"up": { "texture": "#hide", "uv": [ 26.0, 8.5, 29.5, 11.5 ] },
				"down": { "texture": "#hide", "uv": [ 27.5, 8.5, 31.0, 11.5 ] }
			}
		},
		{
			"name": "ArmorCoatR",
			"stepParentName": "UpperFootR",
			"from": [ -0.9, -0.8, -0.35 ], 
			"to": [ 5.1, 7.2, 3.15 ], 
			"autoUnwrap": false,
			"uv": [ 18.0, 24.5 ],
			"rotationOrigin": [ -0.9, -0.8, -0.5 ],
			"faces": {
				"north": { "texture": "#hide", "uv": [ 16.0, 28.0, 22.0, 36.0 ] },
				"east": { "texture": "#hide", "uv": [ 21.5, 28.0, 25.0, 36.0 ] },
				"south": { "texture": "#hide", "uv": [ 16.0, 35.0, 22.0, 43.0 ] },
				"west": { "texture": "#hide", "uv": [ 21.5, 34.5, 25.0, 42.5 ] },
				"up": { "texture": "#hide", "uv": [ 17.5, 24.5, 23.5, 28.0 ], "rotation": 180 },
				"down": { "texture": "#hide", "uv": [ 23.0, 24.5, 29.0, 28.0 ], "rotation": 180 }
			},
			"children": [
				{
					"name": "LegCoverR",
					"from": [ 0.6, -0.9, 0.1 ], 
					"to": [ 5.5, 8.1, 3.7 ], 
					"autoUnwrap": false,
					"uv": [ 49.0, 52.0 ],
					"rotationOrigin": [ 0.6, -0.9, 0.1 ],
					"faces": {
						"north": { "texture": "#hide", "uv": [ 57.5, 55.0, 62.0, 64.0 ] },
						"east": { "texture": "#hide", "uv": [ 59.5, 55.0, 63.0, 64.0 ] },
						"south": { "texture": "#hide", "uv": [ 57.0, 55.0, 61.5, 64.0 ] },
						"west": { "texture": "#hide", "uv": [ 60.5, 55.0, 64.0, 64.0 ] },
						"up": { "texture": "#hide", "uv": [ 59.5, 54.0, 64.0, 57.5 ] },
						"down": { "texture": "#hide", "uv": [ 57.0, 54.0, 61.5, 57.5 ] }
					}
				}
			]
		},
		{
			"name": "ArmorCoatL",
			"stepParentName": "UpperFootL",
			"from": [ -0.9, -0.8, 0.05 ], 
			"to": [ 5.1, 7.2, 3.55 ], 
			"autoUnwrap": false,
			"uv": [ 0.0, 24.5 ],
			"rotationOrigin": [ -0.9, -0.8, -0.1 ],
			"faces": {
				"north": { "texture": "#hide", "uv": [ 0.0, 28.0, 6.0, 36.0 ] },
				"east": { "texture": "#hide", "uv": [ 5.5, 28.0, 9.0, 36.0 ] },
				"south": { "texture": "#hide", "uv": [ 1.5, 35.0, 7.5, 43.0 ] },
				"west": { "texture": "#hide", "uv": [ 5.5, 35.0, 9.0, 43.0 ] },
				"up": { "texture": "#hide", "uv": [ 0.0, 24.5, 6.0, 28.0 ] },
				"down": { "texture": "#hide", "uv": [ 5.5, 24.5, 11.5, 28.0 ] }
			},
			"children": [
				{
					"name": "LegCoverL",
					"from": [ 0.6, -0.9, -0.3 ], 
					"to": [ 5.5, 8.1, 3.3 ], 
					"autoUnwrap": false,
					"uv": [ 0.0, 0.0 ],
					"rotationOrigin": [ 0.6, -0.9, -0.3 ],
					"faces": {
						"north": { "texture": "#hide", "uv": [ 57.5, 55.0, 62.0, 64.0 ] },
						"east": { "texture": "#hide", "uv": [ 59.5, 55.0, 63.0, 64.0 ] },
						"south": { "texture": "#hide", "uv": [ 57.0, 55.0, 61.5, 64.0 ] },
						"west": { "texture": "#hide", "uv": [ 60.5, 55.0, 64.0, 64.0 ] },
						"up": { "texture": "#hide", "uv": [ 59.5, 54.0, 64.0, 57.5 ] },
						"down": { "texture": "#hide", "uv": [ 57.0, 54.0, 61.5, 57.5 ] }
					}
				}
			]
		}
	]}