{
	"editor": {
		"allAngles": true,
		"entityTextureMode": true
	},
	"textureWidth": 64,
	"textureHeight": 64,
	"textureSizes": {
		"seraph": [64,64],
		"skin": [96,96]
	},
	"textures": {
		"material": "entity/humanoid/serapharmor/hide/bearcoatbrown",
		"skin": "game:entity/bear/brown1"
	},
	"elements": [
		{
			"name": "ArmorHelmet",
			"stepParentName": "Head",
			"from": [ 0.1, 2.3, -0.6 ], 
			"to": [ 6.6, 5.8, 5.7 ], 
			"unwrapMode": 4,
			"uv": [ 11.0, 24.5 ],
			"rotationOrigin": [ 0.1, 2.3, -0.6 ],
			"faces": {
				"north": { "texture": "#material", "uv": [ 11.0, 31.0, 17.5, 34.5 ] },
				"east": { "texture": "#material", "uv": [ 30.0, 31.0, 36.0, 34.5 ] },
				"south": { "texture": "#material", "uv": [ 23.5, 31.0, 30.0, 34.5 ] },
				"west": { "texture": "#material", "uv": [ 17.5, 31.0, 23.5, 34.5 ] },
				"up": { "texture": "#material", "uv": [ 17.5, 24.5, 23.5, 31.0 ], "rotation": 90 },
				"down": { "texture": "#material", "uv": [ 17.5, 34.5, 23.5, 41.0 ], "rotation": 90 }
			},
			"children": [
				{
					"name": "ArmorHelmetstrap",
					"from": [ 0.5, -2.5, -0.1 ], 
					"to": [ 2.0, 0.5, 6.2 ], 
					"unwrapMode": 5,
					"uv": [ 0.5, 34.5 ],
					"rotationOrigin": [ 0.5, -2.5, 0.0 ],
					"faces": {
						"north": { "texture": "#material", "uv": [ 3.5, 34.5, 5.0, 37.5 ], "rotation": 180 },
						"east": { "texture": "#material", "uv": [ 3.5, 37.5, 6.5, 43.5 ], "rotation": 90 },
						"south": { "texture": "#material", "uv": [ 3.5, 43.5, 5.0, 46.5 ] },
						"west": { "texture": "#material", "uv": [ 0.5, 37.5, 3.5, 43.5 ], "rotation": 270 },
						"up": { "texture": "#material", "uv": [ 3.5, 37.5, 5.0, 43.5 ], "enabled": false },
						"down": { "texture": "#material", "uv": [ 6.5, 37.5, 8.0, 43.5 ] }
					}
				},
				{
					"name": "ArmorHelmetFace",
					"from": [ -0.7, 0.8, 0.0 ], 
					"to": [ 0.0, 5.3, 6.3 ], 
					"unwrapMode": 1,
					"uv": [ 1.5, 32.5 ],
					"rotationOrigin": [ -0.5, 0.8, 0.0 ],
					"faces": {
						"north": { "texture": "#material", "uv": [ 1.5, 38.5, 2.0, 43.0 ] },
						"east": { "texture": "#material", "uv": [ 1.5, 38.5, 7.5, 43.0 ], "enabled": false },
						"south": { "texture": "#material", "uv": [ 8.0, 38.5, 8.5, 43.0 ] },
						"west": { "texture": "#material", "uv": [ 2.0, 38.5, 8.0, 43.0 ] },
						"up": { "texture": "#material", "uv": [ 1.5, 32.5, 2.0, 38.5 ], "rotation": 180 },
						"down": { "texture": "#material", "uv": [ 1.5, 43.0, 2.0, 49.0 ] }
					}
				},
				{
					"name": "ArmorHelmetMid",
					"from": [ 0.0, 3.5, 0.5 ], 
					"to": [ 6.0, 5.0, 5.8 ], 
					"unwrapMode": 5,
					"uv": [ 1.0, 9.0 ],
					"rotationOrigin": [ 0.0, 3.5, 0.5 ],
					"faces": {
						"north": { "texture": "#material", "uv": [ 2.5, 9.0, 8.5, 10.5 ], "rotation": 180 },
						"east": { "texture": "#material", "uv": [ 8.5, 10.5, 10.0, 15.5 ], "rotation": 90 },
						"south": { "texture": "#material", "uv": [ 2.5, 15.5, 8.5, 17.0 ] },
						"west": { "texture": "#material", "uv": [ 1.0, 10.5, 2.5, 15.5 ], "rotation": 270 },
						"up": { "texture": "#material", "uv": [ 2.5, 10.5, 8.5, 15.5 ] },
						"down": { "texture": "#material", "uv": [ 10.0, 10.5, 16.0, 15.5 ], "enabled": false }
					}
				},
				{
					"name": "ArmorHelmetNeck",
					"from": [ 5.1, -3.0, 0.2 ], 
					"to": [ 6.1, 0.3, 6.2 ], 
					"unwrapMode": 2,
					"uv": [ 16.0, 43.0 ],
					"rotationOrigin": [ 6.1, 0.0, 3.2 ],
					"rotationZ": 8.0,
					"faces": {
						"north": { "texture": "#material", "uv": [ 23.0, 43.0, 24.0, 46.0 ] },
						"east": { "texture": "#material", "uv": [ 17.0, 43.0, 23.0, 46.0 ] },
						"south": { "texture": "#material", "uv": [ 16.0, 43.0, 17.0, 46.0 ] },
						"west": { "texture": "#material", "uv": [ 24.0, 43.0, 30.0, 46.0 ] },
						"up": { "texture": "#material", "uv": [ 17.0, 43.0, 23.0, 44.0 ], "rotation": 270, "enabled": false },
						"down": { "texture": "#material", "uv": [ 17.0, 46.0, 23.0, 47.0 ], "rotation": 270 }
					},
					"children": [
						{
							"name": "fur neck 3",
							"from": [ -2.45, 0.07, 3.3 ], 
							"to": [ 3.85, 3.07, 3.3 ], 
							"autoUnwrap": false,
							"uv": [ 31.5, 36.375 ],
							"rotationOrigin": [ 1.0514, 3.0663, 3.3 ],
							"rotationX": 90.0,
							"rotationY": -84.0,
							"rotationZ": 90.0,
							"faces": {
								"north": { "texture": "#skin", "uv": [ 0.0, 0.0, 6.0, 3.0 ], "enabled": false },
								"east": { "texture": "#skin", "uv": [ 50.0, 60.375, 50.5, 63.375 ], "enabled": false },
								"south": { "texture": "#skin", "uv": [ 31.5, 37.875, 38.5, 39.88 ], "autoUv": false },
								"west": { "texture": "#skin", "uv": [ 0.0, 0.0, 0.5, 3.0 ], "enabled": false },
								"up": { "texture": "#skin", "uv": [ 0.0, 0.0, 6.0, 0.375 ], "enabled": false },
								"down": { "texture": "#skin", "uv": [ 0.0, 0.0, 6.0, 0.375 ], "enabled": false }
							}
						}
					]
				},
				{
					"name": "ArmorHelmetNeckR",
					"from": [ 2.1, -3.0, 0.0 ], 
					"to": [ 5.1, 0.3, 1.0 ], 
					"unwrapMode": 2,
					"uv": [ 0.0, 24.5 ],
					"rotationOrigin": [ 3.1, 0.0, 1.0 ],
					"faces": {
						"north": { "texture": "#material", "uv": [ 4.0, 24.5, 7.0, 27.5 ] },
						"east": { "texture": "#material", "uv": [ 3.0, 24.5, 4.0, 27.5 ] },
						"south": { "texture": "#material", "uv": [ 0.0, 24.5, 3.0, 27.5 ] },
						"west": { "texture": "#material", "uv": [ 7.0, 24.5, 8.0, 27.5 ] },
						"up": { "texture": "#material", "uv": [ 3.0, 24.5, 4.0, 27.5 ], "rotation": 270, "enabled": false },
						"down": { "texture": "#material", "uv": [ 3.0, 27.5, 4.0, 30.5 ], "rotation": 270 }
					}
				},
				{
					"name": "ArmorHelmetNeckL",
					"from": [ 2.1, -3.0, 5.3 ], 
					"to": [ 5.1, 0.3, 6.3 ], 
					"unwrapMode": 2,
					"uv": [ 0.0, 30.5 ],
					"rotationOrigin": [ 3.1, 0.0, 5.3 ],
					"faces": {
						"north": { "texture": "#material", "uv": [ 4.0, 30.5, 7.0, 33.5 ] },
						"east": { "texture": "#material", "uv": [ 3.0, 30.5, 4.0, 33.5 ] },
						"south": { "texture": "#material", "uv": [ 0.0, 30.5, 3.0, 33.5 ] },
						"west": { "texture": "#material", "uv": [ 7.0, 30.5, 8.0, 33.5 ] },
						"up": { "texture": "#material", "uv": [ 3.0, 30.5, 4.0, 33.5 ], "rotation": 270, "enabled": false },
						"down": { "texture": "#material", "uv": [ 3.0, 33.5, 4.0, 36.5 ], "rotation": 270 }
					}
				},
				{
					"name": "fur neck 2",
					"from": [ -0.7, -1.5243, 0.0 ], 
					"to": [ 5.3, 1.4757, 0.0 ], 
					"uv": [ 49.5, 42.375 ],
					"rotationOrigin": [ 5.2063, 1.466, 0.0 ],
					"rotationX": 8.0,
					"faces": {
						"north": { "texture": "#skin", "uv": [ 47.33, 27.5, 53.33, 30.5 ], "windMode": [-1,-1,-1,-1] },
						"east": { "texture": "#skin", "uv": [ 55.5, 42.375, 56.0, 45.375 ], "windMode": [-1,-1,-1,-1] },
						"south": { "texture": "#skin", "uv": [ 0.0, 0.0, 0.5, 3.0 ], "enabled": false },
						"west": { "texture": "#skin", "uv": [ 0.0, 0.0, 8.0, 3.0 ], "enabled": false },
						"up": { "texture": "#skin", "uv": [ 0.0, 0.0, 0.5, 8.0 ], "enabled": false },
						"down": { "texture": "#skin", "uv": [ 0.0, 0.0, 0.5, 8.0 ], "enabled": false }
					}
				},
				{
					"name": "fur neck 1",
					"from": [ 2.2227, -1.7538, 3.36 ], 
					"to": [ 2.2227, 1.2462, 9.36 ], 
					"uv": [ 58.0, 42.375 ],
					"rotationOrigin": [ 2.2227, 1.2126, 6.4 ],
					"rotationX": -98.0,
					"rotationY": -90.0,
					"rotationZ": -90.0,
					"faces": {
						"north": { "texture": "#skin", "uv": [ 0.0, 0.0, 0.5, 3.0 ], "enabled": false },
						"east": { "texture": "#skin", "uv": [ 54.0, 27.5, 60.0, 30.5 ] },
						"south": { "texture": "#skin", "uv": [ 0.0, 0.0, 0.5, 3.0 ], "enabled": false },
						"west": { "texture": "#skin", "uv": [ 0.0, 0.0, 8.0, 3.0 ], "enabled": false },
						"up": { "texture": "#skin", "uv": [ 0.0, 0.0, 0.5, 8.0 ], "enabled": false },
						"down": { "texture": "#skin", "uv": [ 0.0, 0.0, 0.5, 8.0 ], "enabled": false }
					}
				}
			]
		}
	],
	"animations": [
		{
			"name": "Walk",
			"code": "walk",
			"quantityframes": 40,
			"onActivityStopped": "EaseOut",
			"onAnimationEnd": "Repeat",
			"keyframes": [

			]
		},

		{
			"name": "Sniff",
			"code": "sniff",
			"quantityframes": 120,
			"onActivityStopped": "PlayTillEnd",
			"onAnimationEnd": "Stop",
			"keyframes": [

			]
		},

		{
			"name": "Attack",
			"code": "attack",
			"quantityframes": 55,
			"onActivityStopped": "PlayTillEnd",
			"onAnimationEnd": "Stop",
			"keyframes": [

			]
		},

		{
			"name": "Death",
			"code": "death",
			"quantityframes": 45,
			"onActivityStopped": "PlayTillEnd",
			"onAnimationEnd": "Hold",
			"keyframes": [

			]
		},

		{
			"name": "Run",
			"code": "run",
			"quantityframes": 52,
			"onActivityStopped": "EaseOut",
			"onAnimationEnd": "Repeat",
			"keyframes": [

			]
		},

		{
			"name": "Howl",
			"code": "howl",
			"quantityframes": 80,
			"onActivityStopped": "PlayTillEnd",
			"onAnimationEnd": "Stop",
			"keyframes": [

			]
		},

		{
			"name": "Hurt",
			"code": "hurt",
			"quantityframes": 25,
			"onActivityStopped": "PlayTillEnd",
			"onAnimationEnd": "Stop",
			"keyframes": [

			]
		},

		{
			"name": "Idle",
			"code": "idle",
			"quantityframes": 30,
			"onActivityStopped": "EaseOut",
			"onAnimationEnd": "Repeat",
			"keyframes": [

			]
		},

		{
			"name": "Sit",
			"code": "sit",
			"quantityframes": 30,
			"onActivityStopped": "EaseOut",
			"onAnimationEnd": "Repeat",
			"keyframes": [

			]
		},

		{
			"name": "Lie",
			"code": "lie",
			"quantityframes": 30,
			"onActivityStopped": "EaseOut",
			"onAnimationEnd": "Repeat",
			"keyframes": [

			]
		},

		{
			"name": "Sleep",
			"code": "sleep",
			"quantityframes": 30,
			"onActivityStopped": "EaseOut",
			"onAnimationEnd": "Repeat",
			"keyframes": [

			]
		},

		{
			"name": "Eat",
			"code": "eat",
			"quantityframes": 50,
			"onActivityStopped": "EaseOut",
			"onAnimationEnd": "Stop",
			"keyframes": [

			]
		}
	]
}