{
	"editor": {
		"backDropShape": "D:/Vintage Story/mod stuff/HideAndFabric-1.2.8/assets/hideandfabric/shapes/entity/humanoid/seraph/seraph",
		"allAngles": true,
		"entityTextureMode": true
	},
	"textureWidth": 64,
	"textureHeight": 64,
	"textureSizes": {
		"seraph": [64,64],
		"skin": [96,96]
	},
	"textures": {
		"material": "entity/humanoid/serapharmor/hide/bearcoatbrown",
		"skin": "entity/bear/brown1"
	},
	"elements": [
		{
			"name": "ArmorHelmet",
			"stepParentName": "Head",
			"from": [ 0.1, 2.3, -0.6 ], 
			"to": [ 6.6, 5.8, 5.7 ], 
			"unwrapMode": 4,
			"uv": [ 11.0, 24.5 ],
			"rotationOrigin": [ 0.1, 2.3, -0.6 ],
			"faces": {
				"north": { "texture": "#material", "uv": [ 11.0, 31.0, 17.5, 34.5 ] },
				"east": { "texture": "#material", "uv": [ 30.0, 31.0, 36.0, 34.5 ] },
				"south": { "texture": "#material", "uv": [ 23.5, 31.0, 30.0, 34.5 ] },
				"west": { "texture": "#material", "uv": [ 17.5, 31.0, 23.5, 34.5 ] },
				"up": { "texture": "#material", "uv": [ 17.5, 24.5, 23.5, 31.0 ], "rotation": 90 },
				"down": { "texture": "#material", "uv": [ 17.5, 34.5, 23.5, 41.0 ], "rotation": 90 }
			},
			"children": [
				{
					"name": "ArmorHelmetstrap",
					"from": [ 0.5, -2.5, -0.1 ], 
					"to": [ 2.0, 0.5, 6.2 ], 
					"unwrapMode": 5,
					"uv": [ 0.5, 34.5 ],
					"rotationOrigin": [ 0.5, -2.5, 0.0 ],
					"faces": {
						"north": { "texture": "#material", "uv": [ 3.5, 34.5, 5.0, 37.5 ], "rotation": 180 },
						"east": { "texture": "#material", "uv": [ 3.5, 37.5, 6.5, 43.5 ], "rotation": 90 },
						"south": { "texture": "#material", "uv": [ 3.5, 43.5, 5.0, 46.5 ] },
						"west": { "texture": "#material", "uv": [ 0.5, 37.5, 3.5, 43.5 ], "rotation": 270 },
						"up": { "texture": "#material", "uv": [ 3.5, 37.5, 5.0, 43.5 ], "enabled": false },
						"down": { "texture": "#material", "uv": [ 6.5, 37.5, 8.0, 43.5 ] }
					}
				},
				{
					"name": "ArmorHelmetFace",
					"from": [ -0.7, 0.8, 0.0 ], 
					"to": [ 0.0, 5.3, 6.3 ], 
					"unwrapMode": 1,
					"uv": [ 1.5, 32.5 ],
					"rotationOrigin": [ -0.5, 0.8, 0.0 ],
					"faces": {
						"north": { "texture": "#material", "uv": [ 1.5, 38.5, 2.0, 43.0 ] },
						"east": { "texture": "#material", "uv": [ 1.5, 38.5, 7.5, 43.0 ], "enabled": false },
						"south": { "texture": "#material", "uv": [ 8.0, 38.5, 8.5, 43.0 ] },
						"west": { "texture": "#material", "uv": [ 2.0, 38.5, 8.0, 43.0 ] },
						"up": { "texture": "#material", "uv": [ 1.5, 32.5, 2.0, 38.5 ], "rotation": 180 },
						"down": { "texture": "#material", "uv": [ 1.5, 43.0, 2.0, 49.0 ] }
					}
				},
				{
					"name": "ArmorHelmetMid",
					"from": [ 0.0, 3.5, 0.5 ], 
					"to": [ 6.0, 5.0, 5.8 ], 
					"unwrapMode": 5,
					"uv": [ 1.0, 9.0 ],
					"rotationOrigin": [ 0.0, 3.5, 0.5 ],
					"faces": {
						"north": { "texture": "#material", "uv": [ 2.5, 9.0, 8.5, 10.5 ], "rotation": 180 },
						"east": { "texture": "#material", "uv": [ 8.5, 10.5, 10.0, 15.5 ], "rotation": 90 },
						"south": { "texture": "#material", "uv": [ 2.5, 15.5, 8.5, 17.0 ] },
						"west": { "texture": "#material", "uv": [ 1.0, 10.5, 2.5, 15.5 ], "rotation": 270 },
						"up": { "texture": "#material", "uv": [ 2.5, 10.5, 8.5, 15.5 ] },
						"down": { "texture": "#material", "uv": [ 10.0, 10.5, 16.0, 15.5 ], "enabled": false }
					}
				},
				{
					"name": "ArmorHelmetNeck",
					"from": [ 5.1, -3.0, 0.2 ], 
					"to": [ 6.1, 0.3, 6.2 ], 
					"unwrapMode": 2,
					"uv": [ 16.0, 43.0 ],
					"rotationOrigin": [ 6.1, 0.0, 3.2 ],
					"rotationZ": 8.0,
					"faces": {
						"north": { "texture": "#material", "uv": [ 23.0, 43.0, 24.0, 46.0 ] },
						"east": { "texture": "#material", "uv": [ 17.0, 43.0, 23.0, 46.0 ] },
						"south": { "texture": "#material", "uv": [ 16.0, 43.0, 17.0, 46.0 ] },
						"west": { "texture": "#material", "uv": [ 24.0, 43.0, 30.0, 46.0 ] },
						"up": { "texture": "#material", "uv": [ 17.0, 43.0, 23.0, 44.0 ], "rotation": 270, "enabled": false },
						"down": { "texture": "#material", "uv": [ 17.0, 46.0, 23.0, 47.0 ], "rotation": 270 }
					},
					"children": [
						{
							"name": "fur neck 3",
							"from": [ -2.45, 0.07, 3.3 ], 
							"to": [ 3.85, 3.07, 3.3 ], 
							"autoUnwrap": false,
							"uv": [ 31.5, 36.375 ],
							"rotationOrigin": [ 1.0514, 3.0663, 3.3 ],
							"rotationX": 90.0,
							"rotationY": -84.0,
							"rotationZ": 90.0,
							"faces": {
								"north": { "texture": "#skin", "uv": [ 0.0, 0.0, 6.0, 3.0 ], "enabled": false },
								"east": { "texture": "#skin", "uv": [ 50.0, 60.375, 50.5, 63.375 ], "enabled": false },
								"south": { "texture": "#skin", "uv": [ 31.5, 37.875, 38.5, 39.88 ], "autoUv": false },
								"west": { "texture": "#skin", "uv": [ 0.0, 0.0, 0.5, 3.0 ], "enabled": false },
								"up": { "texture": "#skin", "uv": [ 0.0, 0.0, 6.0, 0.375 ], "enabled": false },
								"down": { "texture": "#skin", "uv": [ 0.0, 0.0, 6.0, 0.375 ], "enabled": false }
							}
						}
					]
				},
				{
					"name": "ArmorHelmetNeckR",
					"from": [ 2.1, -3.0, 0.0 ], 
					"to": [ 5.1, 0.3, 1.0 ], 
					"unwrapMode": 2,
					"uv": [ 0.0, 24.5 ],
					"rotationOrigin": [ 3.1, 0.0, 1.0 ],
					"faces": {
						"north": { "texture": "#material", "uv": [ 4.0, 24.5, 7.0, 27.5 ] },
						"east": { "texture": "#material", "uv": [ 3.0, 24.5, 4.0, 27.5 ] },
						"south": { "texture": "#material", "uv": [ 0.0, 24.5, 3.0, 27.5 ] },
						"west": { "texture": "#material", "uv": [ 7.0, 24.5, 8.0, 27.5 ] },
						"up": { "texture": "#material", "uv": [ 3.0, 24.5, 4.0, 27.5 ], "rotation": 270, "enabled": false },
						"down": { "texture": "#material", "uv": [ 3.0, 27.5, 4.0, 30.5 ], "rotation": 270 }
					}
				},
				{
					"name": "ArmorHelmetNeckL",
					"from": [ 2.1, -3.0, 5.3 ], 
					"to": [ 5.1, 0.3, 6.3 ], 
					"unwrapMode": 2,
					"uv": [ 0.0, 30.5 ],
					"rotationOrigin": [ 3.1, 0.0, 5.3 ],
					"faces": {
						"north": { "texture": "#material", "uv": [ 4.0, 30.5, 7.0, 33.5 ] },
						"east": { "texture": "#material", "uv": [ 3.0, 30.5, 4.0, 33.5 ] },
						"south": { "texture": "#material", "uv": [ 0.0, 30.5, 3.0, 33.5 ] },
						"west": { "texture": "#material", "uv": [ 7.0, 30.5, 8.0, 33.5 ] },
						"up": { "texture": "#material", "uv": [ 3.0, 30.5, 4.0, 33.5 ], "rotation": 270, "enabled": false },
						"down": { "texture": "#material", "uv": [ 3.0, 33.5, 4.0, 36.5 ], "rotation": 270 }
					}
				},
				{
					"name": "head",
					"from": [ 1.5, 1.5, 3.0 ], 
					"to": [ 9.0, 7.0, 9.0 ], 
					"unwrapMode": 3,
					"uv": [ 68.0, 21.0 ],
					"rotationOrigin": [ 5.0, 4.3, 3.0 ],
					"rotationX": 90.0,
					"rotationY": -85.0,
					"rotationZ": 90.0,
					"faces": {
						"north": { "texture": "#skin", "uv": [ 87.5, 27.0, 95.0, 32.25 ] },
						"east": { "texture": "#skin", "uv": [ 81.5, 27.0, 87.5, 32.25 ] },
						"south": { "texture": "#skin", "uv": [ 74.0, 27.0, 81.5, 32.25 ] },
						"west": { "texture": "#skin", "uv": [ 68.0, 27.0, 74.0, 32.25 ] },
						"up": { "texture": "#skin", "uv": [ 74.0, 21.0, 81.5, 27.0 ] },
						"down": { "texture": "#skin", "uv": [ 74.0, 32.25, 81.5, 38.25 ], "rotation": 180 }
					},
					"children": [
						{
							"name": "mouth",
							"from": [ 2.0, 1.2, 4.9 ], 
							"to": [ 5.5, 3.2, 8.9 ], 
							"unwrapMode": 5,
							"uv": [ 51.5, 8.25 ],
							"rotationOrigin": [ 3.8, 2.2, 4.9 ],
							"rotationX": 14.0,
							"faces": {
								"north": { "texture": "#skin", "uv": [ 53.5, 8.25, 57.0, 10.125 ], "rotation": 180 },
								"east": { "texture": "#skin", "uv": [ 57.0, 10.125, 59.0, 13.875 ], "rotation": 90 },
								"south": { "texture": "#skin", "uv": [ 53.5, 14.25, 57.0, 16.125 ] },
								"west": { "texture": "#skin", "uv": [ 51.5, 10.125, 53.5, 13.875 ], "rotation": 270 },
								"up": { "texture": "#skin", "uv": [ 53.5, 10.125, 57.0, 14.125 ], "snapUv": false },
								"down": { "texture": "#skin", "uv": [ 59.0, 10.125, 62.5, 13.875 ] }
							},
							"children": [
								{
									"name": "nose",
									"from": [ 1.1, 1.2, 3.2 ], 
									"to": [ 2.4, 2.2, 4.2 ], 
									"unwrapMode": 5,
									"uv": [ 90.0, 0.0 ],
									"rotationOrigin": [ 1.1, 1.2, 3.2 ],
									"faces": {
										"north": { "texture": "#skin", "uv": [ 91.0, 0.0, 92.0, 0.75 ], "rotation": 180 },
										"east": { "texture": "#skin", "uv": [ 92.0, 0.75, 93.0, 1.5 ], "rotation": 90 },
										"south": { "texture": "#skin", "uv": [ 91.0, 1.5, 92.0, 2.25 ] },
										"west": { "texture": "#skin", "uv": [ 90.0, 0.75, 91.0, 1.5 ], "rotation": 270 },
										"up": { "texture": "#skin", "uv": [ 91.0, 0.75, 92.0, 1.5 ] },
										"down": { "texture": "#skin", "uv": [ 93.0, 0.75, 94.0, 1.5 ] }
									}
								},
								{
									"name": "jaw",
									"from": [ 0.5, -1.6, 0.2 ], 
									"to": [ 3.0, -0.6, 3.7 ], 
									"unwrapMode": 5,
									"uv": [ 63.0, 14.5 ],
									"rotationOrigin": [ 1.6, -0.6, 0.2 ],
									"rotationX": -17.0,
									"faces": {
										"north": { "texture": "#skin", "uv": [ 64.0, 14.5, 66.5, 15.5 ], "rotation": 180 },
										"east": { "texture": "#skin", "uv": [ 66.5, 15.5, 67.5, 19.0 ], "rotation": 90 },
										"south": { "texture": "#skin", "uv": [ 64.0, 19.0, 66.5, 20.0 ] },
										"west": { "texture": "#skin", "uv": [ 63.0, 15.5, 64.0, 19.0 ], "rotation": 270 },
										"up": { "texture": "#skin", "uv": [ 64.0, 15.5, 66.5, 19.0 ] },
										"down": { "texture": "#skin", "uv": [ 67.5, 15.5, 70.0, 19.0 ] }
									}
								}
							]
						},
						{
							"name": "cheeks",
							"from": [ 0.25, -1.4, 3.9 ], 
							"to": [ 7.25, 2.1, 7.9 ], 
							"unwrapMode": 3,
							"uv": [ 37.0, 7.375 ],
							"rotationOrigin": [ 3.8, -1.4, 3.9 ],
							"rotationX": -30.0,
							"faces": {
								"north": { "texture": "#skin", "uv": [ 52.0, 11.625, 59.0, 15.0 ] },
								"east": { "texture": "#skin", "uv": [ 48.0, 11.625, 52.0, 15.0 ] },
								"south": { "texture": "#skin", "uv": [ 41.0, 11.625, 48.0, 15.0 ] },
								"west": { "texture": "#skin", "uv": [ 37.0, 11.625, 41.0, 15.0 ] },
								"up": { "texture": "#skin", "uv": [ 41.0, 7.375, 48.0, 11.375 ], "snapUv": false },
								"down": { "texture": "#skin", "uv": [ 41.0, 15.0, 48.0, 18.75 ], "rotation": 180 }
							}
						},
						{
							"name": "R ear",
							"from": [ -0.5, 4.5, 4.0 ], 
							"to": [ 2.5, 7.5, 5.0 ], 
							"unwrapMode": 3,
							"uv": [ 0.5, 0.5 ],
							"rotationOrigin": [ 2.5, 4.5, 4.5 ],
							"rotationZ": 22.5,
							"faces": {
								"north": { "texture": "#skin", "uv": [ 5.5, 1.5, 8.5, 4.5 ] },
								"east": { "texture": "#skin", "uv": [ 4.5, 1.5, 5.5, 4.5 ] },
								"south": { "texture": "#skin", "uv": [ 1.5, 1.5, 4.5, 4.5 ] },
								"west": { "texture": "#skin", "uv": [ 0.5, 1.5, 1.5, 4.5 ] },
								"up": { "texture": "#skin", "uv": [ 1.5, 0.5, 4.5, 1.5 ] },
								"down": { "texture": "#skin", "uv": [ 1.5, 4.5, 4.5, 5.5 ], "rotation": 180 }
							}
						},
						{
							"name": "R eye",
							"from": [ 1.2, 3.2, 5.6 ], 
							"to": [ 2.7, 3.8, 6.1 ], 
							"unwrapMode": 3,
							"uv": [ 88.5, 1.0 ],
							"rotationOrigin": [ 1.2, 3.2, 5.6 ],
							"faces": {
								"north": { "texture": "#skin", "uv": [ 90.5, 1.5, 92.0, 2.0 ] },
								"east": { "texture": "#skin", "uv": [ 90.5, 1.5, 91.0, 2.0 ], "enabled": false },
								"south": { "texture": "#skin", "uv": [ 89.0, 1.5, 90.5, 2.0 ] },
								"west": { "texture": "#skin", "uv": [ 88.5, 1.5, 89.0, 2.0 ] },
								"up": { "texture": "#skin", "uv": [ 89.0, 1.0, 90.5, 1.5 ] },
								"down": { "texture": "#skin", "uv": [ 89.0, 2.0, 90.5, 2.5 ], "rotation": 180 }
							}
						},
						{
							"name": "L eye",
							"from": [ 4.8, 3.2, 5.6 ], 
							"to": [ 6.3, 3.8, 6.1 ], 
							"unwrapMode": 3,
							"uv": [ 92.5, 1.0 ],
							"rotationOrigin": [ 4.8, 3.2, 5.6 ],
							"faces": {
								"north": { "texture": "#skin", "uv": [ 94.5, 1.5, 96.0, 2.0 ] },
								"east": { "texture": "#skin", "uv": [ 94.5, 1.5, 95.0, 2.0 ], "enabled": false },
								"south": { "texture": "#skin", "uv": [ 93.0, 1.5, 94.5, 2.0 ] },
								"west": { "texture": "#skin", "uv": [ 92.5, 1.5, 93.0, 2.0 ] },
								"up": { "texture": "#skin", "uv": [ 94.0, 1.0, 95.5, 1.5 ] },
								"down": { "texture": "#skin", "uv": [ 93.0, 2.0, 94.5, 2.5 ], "rotation": 180 }
							}
						},
						{
							"name": "L ear",
							"from": [ 5.0, 4.5, 4.0 ], 
							"to": [ 8.0, 7.5, 5.0 ], 
							"unwrapMode": 3,
							"uv": [ 0.5, 6.0 ],
							"rotationOrigin": [ 5.0, 4.5, 4.5 ],
							"rotationZ": -22.5,
							"faces": {
								"north": { "texture": "#skin", "uv": [ 5.5, 7.0, 8.5, 10.0 ] },
								"east": { "texture": "#skin", "uv": [ 4.5, 7.0, 5.5, 10.0 ] },
								"south": { "texture": "#skin", "uv": [ 1.5, 7.0, 4.5, 10.0 ] },
								"west": { "texture": "#skin", "uv": [ 0.5, 7.0, 1.5, 10.0 ] },
								"up": { "texture": "#skin", "uv": [ 1.5, 6.0, 4.5, 7.0 ] },
								"down": { "texture": "#skin", "uv": [ 1.5, 10.0, 4.5, 11.0 ], "rotation": 180 }
							}
						},
						{
							"name": "fur neck 1",
							"from": [ 7.5, -3.0, 0.0 ], 
							"to": [ 7.5, 0.0, 6.0 ], 
							"uv": [ 58.0, 42.375 ],
							"rotationOrigin": [ 7.5, -0.0336, 3.0358 ],
							"rotationY": 0.0,
							"rotationZ": 0.0,
							"faces": {
								"north": { "texture": "#skin", "uv": [ 0.0, 0.0, 0.5, 3.0 ], "enabled": false },
								"east": { "texture": "#skin", "uv": [ 58.0, 42.375, 64.0, 45.375 ] },
								"south": { "texture": "#skin", "uv": [ 0.0, 0.0, 0.5, 3.0 ], "enabled": false },
								"west": { "texture": "#skin", "uv": [ 0.0, 0.0, 8.0, 3.0 ], "enabled": false },
								"up": { "texture": "#skin", "uv": [ 0.0, 0.0, 0.5, 8.0 ], "enabled": false },
								"down": { "texture": "#skin", "uv": [ 0.0, 0.0, 0.5, 8.0 ], "enabled": false }
							}
						},
						{
							"name": "fur neck 2",
							"from": [ -6.1611, -3.02, 0.04 ], 
							"to": [ -0.1611, -0.02, 0.04 ], 
							"uv": [ 49.5, 42.375 ],
							"rotationOrigin": [ -0.2, -2.0336, 0.0358 ],
							"rotationY": 90.0,
							"faces": {
								"north": { "texture": "#skin", "uv": [ 49.5, 42.375, 55.5, 45.375 ], "windMode": [-1,-1,-1,-1] },
								"east": { "texture": "#skin", "uv": [ 55.5, 42.375, 56.0, 45.375 ], "windMode": [-1,-1,-1,-1] },
								"south": { "texture": "#skin", "uv": [ 0.0, 0.0, 0.5, 3.0 ], "enabled": false },
								"west": { "texture": "#skin", "uv": [ 0.0, 0.0, 8.0, 3.0 ], "enabled": false },
								"up": { "texture": "#skin", "uv": [ 0.0, 0.0, 0.5, 8.0 ], "enabled": false },
								"down": { "texture": "#skin", "uv": [ 0.0, 0.0, 0.5, 8.0 ], "enabled": false }
							}
						}
					]
				}
			]
		}
	],
	"animations": [
		{
			"name": "Walk",
			"code": "walk",
			"quantityframes": 40,
			"onActivityStopped": "EaseOut",
			"onAnimationEnd": "Repeat",
			"keyframes": [

			]
		},

		{
			"name": "Sniff",
			"code": "sniff",
			"quantityframes": 120,
			"onActivityStopped": "PlayTillEnd",
			"onAnimationEnd": "Stop",
			"keyframes": [

			]
		},

		{
			"name": "Attack",
			"code": "attack",
			"quantityframes": 55,
			"onActivityStopped": "PlayTillEnd",
			"onAnimationEnd": "Stop",
			"keyframes": [

			]
		},

		{
			"name": "Death",
			"code": "death",
			"quantityframes": 45,
			"onActivityStopped": "PlayTillEnd",
			"onAnimationEnd": "Hold",
			"keyframes": [

			]
		},

		{
			"name": "Run",
			"code": "run",
			"quantityframes": 52,
			"onActivityStopped": "EaseOut",
			"onAnimationEnd": "Repeat",
			"keyframes": [

			]
		},

		{
			"name": "Howl",
			"code": "howl",
			"quantityframes": 80,
			"onActivityStopped": "PlayTillEnd",
			"onAnimationEnd": "Stop",
			"keyframes": [

			]
		},

		{
			"name": "Hurt",
			"code": "hurt",
			"quantityframes": 25,
			"onActivityStopped": "PlayTillEnd",
			"onAnimationEnd": "Stop",
			"keyframes": [

			]
		},

		{
			"name": "Idle",
			"code": "idle",
			"quantityframes": 30,
			"onActivityStopped": "EaseOut",
			"onAnimationEnd": "Repeat",
			"keyframes": [

			]
		},

		{
			"name": "Sit",
			"code": "sit",
			"quantityframes": 30,
			"onActivityStopped": "EaseOut",
			"onAnimationEnd": "Repeat",
			"keyframes": [

			]
		},

		{
			"name": "Lie",
			"code": "lie",
			"quantityframes": 30,
			"onActivityStopped": "EaseOut",
			"onAnimationEnd": "Repeat",
			"keyframes": [

			]
		},

		{
			"name": "Sleep",
			"code": "sleep",
			"quantityframes": 30,
			"onActivityStopped": "EaseOut",
			"onAnimationEnd": "Repeat",
			"keyframes": [

			]
		},

		{
			"name": "Eat",
			"code": "eat",
			"quantityframes": 50,
			"onActivityStopped": "EaseOut",
			"onAnimationEnd": "Stop",
			"keyframes": [

			]
		}
	]
}