{
	"editor": {
		"allAngles": true,
		"entityTextureMode": true
	},
	"textureWidth": 64,
	"textureHeight": 64,
	"textureSizes": {
		"seraph": [64,64]
	},
	"textures": {
		"material": "entity/humanoid/serapharmor/hide/wolfcoatgray"
	},
	"elements": [
		{
			"name": "ArmorHelmet",
			"stepParentName": "Head",
			"from": [ 0.1, 2.3, -0.6 ], 
			"to": [ 6.6, 5.8, 5.7 ], 
			"unwrapMode": 4,
			"uv": [ 11.0, 24.5 ],
			"rotationOrigin": [ 0.1, 2.3, -0.6 ],
			"faces": {
				"north": { "texture": "#material", "uv": [ 11.0, 31.0, 17.5, 34.5 ] },
				"east": { "texture": "#material", "uv": [ 30.0, 31.0, 36.0, 34.5 ] },
				"south": { "texture": "#material", "uv": [ 23.5, 31.0, 30.0, 34.5 ] },
				"west": { "texture": "#material", "uv": [ 17.5, 31.0, 23.5, 34.5 ] },
				"up": { "texture": "#material", "uv": [ 17.5, 24.5, 23.5, 31.0 ], "rotation": 90 },
				"down": { "texture": "#material", "uv": [ 17.5, 34.5, 23.5, 41.0 ], "rotation": 90 }
			},
			"children": [
				{
					"name": "ArmorHelmetstrap",
					"from": [ 0.5, -2.5, 0.2 ], 
					"to": [ 2.0, 0.5, 6.1 ], 
					"unwrapMode": 5,
					"autoUnwrap": false,
					"uv": [ 46.5, 1.0 ],
					"rotationOrigin": [ 0.5, -2.5, 0.2 ],
					"faces": {
						"north": { "texture": "#material", "uv": [ 49.5, 1.0, 51.0, 4.0 ], "rotation": 180 },
						"east": { "texture": "#material", "uv": [ 51.0, 4.0, 54.0, 9.5 ], "rotation": 90 },
						"south": { "texture": "#material", "uv": [ 49.5, 9.5, 51.0, 12.5 ] },
						"west": { "texture": "#material", "uv": [ 46.5, 4.0, 49.5, 9.5 ], "rotation": 270 },
						"up": { "texture": "#material", "uv": [ 49.5, 4.0, 51.0, 9.5 ], "enabled": false },
						"down": { "texture": "#material", "uv": [ 49.5, 4.0, 51.0, 9.5 ] }
					}
				},
				{
					"name": "ArmorHelmetFace",
					"from": [ -0.7, 0.8, 0.0 ], 
					"to": [ 0.0, 5.3, 6.3 ], 
					"unwrapMode": 1,
					"autoUnwrap": false,
					"uv": [ 55.5, 33.0 ],
					"rotationOrigin": [ -0.5, 0.8, 0.0 ],
					"faces": {
						"north": { "texture": "#material", "uv": [ 55.5, 39.0, 56.0, 43.5 ] },
						"east": { "texture": "#material", "uv": [ 55.5, 39.0, 61.5, 43.5 ], "enabled": false },
						"south": { "texture": "#material", "uv": [ 62.0, 39.0, 62.5, 43.5 ] },
						"west": { "texture": "#material", "uv": [ 48.0, 35.5, 54.0, 40.0 ] },
						"up": { "texture": "#material", "uv": [ 55.5, 33.0, 56.0, 39.0 ], "rotation": 180 },
						"down": { "texture": "#material", "uv": [ 55.5, 43.5, 56.0, 49.5 ] }
					}
				},
				{
					"name": "ArmorHelmetMid",
					"from": [ 0.0, 3.5, 0.5 ], 
					"to": [ 6.0, 5.0, 5.8 ], 
					"unwrapMode": 5,
					"uv": [ 46.0, 18.5 ],
					"rotationOrigin": [ 0.0, 3.5, 0.5 ],
					"faces": {
						"north": { "texture": "#material", "uv": [ 47.5, 18.5, 53.5, 20.0 ], "rotation": 180 },
						"east": { "texture": "#material", "uv": [ 53.5, 20.0, 55.0, 25.0 ], "rotation": 90 },
						"south": { "texture": "#material", "uv": [ 47.5, 25.0, 53.5, 26.5 ] },
						"west": { "texture": "#material", "uv": [ 46.0, 20.0, 47.5, 25.0 ], "rotation": 270 },
						"up": { "texture": "#material", "uv": [ 47.5, 20.0, 53.5, 25.0 ] },
						"down": { "texture": "#material", "uv": [ 55.0, 20.0, 61.0, 25.0 ], "enabled": false }
					}
				},
				{
					"name": "ArmorHelmetNeck",
					"from": [ 5.1, -3.0, 0.2 ], 
					"to": [ 6.1, 0.3, 6.2 ], 
					"unwrapMode": 2,
					"uv": [ 16.0, 43.0 ],
					"rotationOrigin": [ 6.1, 0.0, 3.2 ],
					"rotationZ": 8.0,
					"faces": {
						"north": { "texture": "#material", "uv": [ 23.0, 43.0, 24.0, 46.0 ] },
						"east": { "texture": "#material", "uv": [ 17.0, 43.0, 23.0, 46.0 ] },
						"south": { "texture": "#material", "uv": [ 16.0, 43.0, 17.0, 46.0 ] },
						"west": { "texture": "#material", "uv": [ 24.0, 43.0, 30.0, 46.0 ] },
						"up": { "texture": "#material", "uv": [ 17.0, 43.0, 23.0, 44.0 ], "rotation": 270, "enabled": false },
						"down": { "texture": "#material", "uv": [ 17.0, 46.0, 23.0, 47.0 ], "rotation": 270 }
					}
				},
				{
					"name": "ArmorHelmetNeckR",
					"from": [ 2.1, -3.0, 0.2 ], 
					"to": [ 5.1, 0.3, 1.2 ], 
					"unwrapMode": 2,
					"uv": [ 0.0, 24.5 ],
					"rotationOrigin": [ 3.1, 0.0, 1.2 ],
					"faces": {
						"north": { "texture": "#material", "uv": [ 4.0, 24.5, 7.0, 27.5 ] },
						"east": { "texture": "#material", "uv": [ 3.0, 24.5, 4.0, 27.5 ] },
						"south": { "texture": "#material", "uv": [ 0.0, 24.5, 3.0, 27.5 ] },
						"west": { "texture": "#material", "uv": [ 7.0, 24.5, 8.0, 27.5 ] },
						"up": { "texture": "#material", "uv": [ 3.0, 24.5, 4.0, 27.5 ], "rotation": 270, "enabled": false },
						"down": { "texture": "#material", "uv": [ 3.0, 27.5, 4.0, 30.5 ], "rotation": 270 }
					}
				},
				{
					"name": "ArmorHelmetNeckL",
					"from": [ 2.1, -3.0, 5.2 ], 
					"to": [ 5.1, 0.3, 6.2 ], 
					"unwrapMode": 2,
					"uv": [ 0.0, 30.5 ],
					"rotationOrigin": [ 3.1, 0.0, 5.2 ],
					"faces": {
						"north": { "texture": "#material", "uv": [ 4.0, 30.5, 7.0, 33.5 ] },
						"east": { "texture": "#material", "uv": [ 3.0, 30.5, 4.0, 33.5 ] },
						"south": { "texture": "#material", "uv": [ 0.0, 30.5, 3.0, 33.5 ] },
						"west": { "texture": "#material", "uv": [ 7.0, 30.5, 8.0, 33.5 ] },
						"up": { "texture": "#material", "uv": [ 3.0, 30.5, 4.0, 33.5 ], "rotation": 270, "enabled": false },
						"down": { "texture": "#material", "uv": [ 3.0, 33.5, 4.0, 36.5 ], "rotation": 270 }
					}
				},
				{
					"name": "ArmorHelmetEarFlapR",
					"from": [ 0.5, -3.0, -0.1 ], 
					"to": [ 3.0, 4.0, 0.9 ], 
					"uv": [ 49.5, 22.0 ],
					"rotationOrigin": [ 0.5, 3.0, 0.9 ],
					"rotationX": 5.0,
					"faces": {
						"north": { "texture": "#material", "uv": [ 49.5, 23.0, 52.0, 30.0 ] },
						"east": { "texture": "#material", "uv": [ 52.0, 23.0, 53.0, 30.0 ] },
						"south": { "texture": "#material", "uv": [ 53.0, 23.0, 55.5, 30.0 ] },
						"west": { "texture": "#material", "uv": [ 55.5, 23.0, 56.5, 30.0 ] },
						"up": { "texture": "#material", "uv": [ 49.5, 22.0, 52.0, 23.0 ] },
						"down": { "texture": "#material", "uv": [ 52.0, 22.0, 54.5, 23.0 ] }
					}
				},
				{
					"name": "ArmorHelmetEarFlap",
					"from": [ 0.5, -3.0, 5.4 ], 
					"to": [ 3.0, 4.0, 6.4 ], 
					"uv": [ 46.0, 37.0 ],
					"rotationOrigin": [ 0.5, 3.0, 5.4 ],
					"rotationX": -5.0,
					"faces": {
						"north": { "texture": "#material", "uv": [ 46.0, 38.0, 48.5, 45.0 ] },
						"east": { "texture": "#material", "uv": [ 48.5, 38.0, 49.5, 45.0 ] },
						"south": { "texture": "#material", "uv": [ 49.5, 38.0, 52.0, 45.0 ] },
						"west": { "texture": "#material", "uv": [ 52.0, 38.0, 53.0, 45.0 ] },
						"up": { "texture": "#material", "uv": [ 46.0, 37.0, 48.5, 38.0 ] },
						"down": { "texture": "#material", "uv": [ 48.5, 37.0, 51.0, 38.0 ] }
					}
				}
			]
		}
	],
	"animations": [
		{
			"name": "Walk",
			"code": "walk",
			"quantityframes": 40,
			"onActivityStopped": "EaseOut",
			"onAnimationEnd": "Repeat",
			"keyframes": [

			]
		},

		{
			"name": "Sniff",
			"code": "sniff",
			"quantityframes": 120,
			"onActivityStopped": "PlayTillEnd",
			"onAnimationEnd": "Stop",
			"keyframes": [

			]
		},

		{
			"name": "Attack",
			"code": "attack",
			"quantityframes": 55,
			"onActivityStopped": "PlayTillEnd",
			"onAnimationEnd": "Stop",
			"keyframes": [

			]
		},

		{
			"name": "Death",
			"code": "death",
			"quantityframes": 45,
			"onActivityStopped": "PlayTillEnd",
			"onAnimationEnd": "Hold",
			"keyframes": [

			]
		},

		{
			"name": "Run",
			"code": "run",
			"quantityframes": 52,
			"onActivityStopped": "EaseOut",
			"onAnimationEnd": "Repeat",
			"keyframes": [

			]
		},

		{
			"name": "Howl",
			"code": "howl",
			"quantityframes": 80,
			"onActivityStopped": "PlayTillEnd",
			"onAnimationEnd": "Stop",
			"keyframes": [

			]
		},

		{
			"name": "Hurt",
			"code": "hurt",
			"quantityframes": 25,
			"onActivityStopped": "PlayTillEnd",
			"onAnimationEnd": "Stop",
			"keyframes": [

			]
		},

		{
			"name": "Idle",
			"code": "idle",
			"quantityframes": 30,
			"onActivityStopped": "EaseOut",
			"onAnimationEnd": "Repeat",
			"keyframes": [

			]
		},

		{
			"name": "Sit",
			"code": "sit",
			"quantityframes": 30,
			"onActivityStopped": "EaseOut",
			"onAnimationEnd": "Repeat",
			"keyframes": [

			]
		},

		{
			"name": "Lie",
			"code": "lie",
			"quantityframes": 30,
			"onActivityStopped": "EaseOut",
			"onAnimationEnd": "Repeat",
			"keyframes": [

			]
		},

		{
			"name": "Sleep",
			"code": "sleep",
			"quantityframes": 30,
			"onActivityStopped": "EaseOut",
			"onAnimationEnd": "Repeat",
			"keyframes": [

			]
		},

		{
			"name": "Eat",
			"code": "eat",
			"quantityframes": 50,
			"onActivityStopped": "EaseOut",
			"onAnimationEnd": "Stop",
			"keyframes": [

			]
		}
	]
}