{
	"code": "mixingbowl",
	"class": "BlockMixingBowl",
	"entityClass": "MixingBowl",
	"entityBehaviors": [ { "name": "MPConsumer" } ],
	"behaviors": [ { "name": "Container" } ],
	"attributes": {
		"capacityLitres": 3,
		"handbook": {
			"groupBy": [ "mixingbowl-*" ]
		},
	},
	"variantgroups": [
		{
			"code": "material",
			"states": [ "normal", "aged", "whitemarble", "redmarble", "greenmarble" ]
		}
	],
	"creativeinventory": {
		"general": [ "*" ],
		"terrain": [ "*" ],
		"aculinaryartillery": [ "*" ]
	},
	"shape": { "base": "aculinaryartillery:block/mixingbowl/complete" },
	"blockmaterial": "Wood",
	"texturesByType": {
		"*-whitemarble": {
			"top": { "base": "game:block/stone/polishedrock/whitemarble-inside" },
			"sides": { "base": "game:block/wood/table/normal/sides-whitemarble" },
			"sides2": { "base": "game:block/wood/table/normal/sides-whitemarble" },
			"legs": { "base": "game:block/wood/table/normal/legs" },
			"bottom": { "base": "game:block/wood/table/normal/bottom" },
			"sidesbarrel": { "base": "game:block/wood/barrel/sides" },
			"churnsides2": { "base": "game:block/wood/churnsides2" },
			"sidesbucket": { "base": "game:block/wood/bucket/sides" },
			"ceramic": { base: "game:block/clay/ceramic" },
			"burned": { base: "game:block/clay/vessel/sides/burned" },
			"ceramic-dark": { base: "game:block/clay/ceramic-dark" },
		},
		"*-redmarble": {
			"top": { "base": "game:block/stone/polishedrock/redmarble-inside" },
			"sides": { "base": "game:block/wood/table/normal/sides-redmarble" },
			"sides2": { "base": "game:block/wood/table/normal/sides-redmarble" },
			"legs": { "base": "game:block/wood/table/normal/legs" },
			"bottom": { "base": "game:block/wood/table/normal/bottom" },
			"sidesbarrel": { "base": "game:block/wood/barrel/sides" },
			"churnsides2": { "base": "game:block/wood/churnsides2" },
			"sidesbucket": { "base": "game:block/wood/bucket/sides" },
			"ceramic": { base: "game:block/clay/ceramic" },
			"burned": { base: "game:block/clay/vessel/sides/burned" },
			"ceramic-dark": { base: "game:block/clay/ceramic-dark" },
		},
		"*-greenmarble": {
			"top": { "base": "game:block/stone/polishedrock/greenmarble-inside" },
			"sides": { "base": "game:block/wood/table/normal/sides-greenmarble" },
			"sides2": { "base": "game:block/wood/table/normal/sides-greenmarble" },
			"legs": { "base": "game:block/wood/table/normal/legs" },
			"bottom": { "base": "game:block/wood/table/normal/bottom" },
			"sidesbarrel": { "base": "game:block/wood/barrel/sides" },
			"churnsides2": { "base": "game:block/wood/churnsides2" },
			"sidesbucket": { "base": "game:block/wood/bucket/sides" },
			"ceramic": { base: "game:block/clay/ceramic" },
			"burned": { base: "game:block/clay/vessel/sides/burned" },
			"ceramic-dark": { base: "game:block/clay/ceramic-dark" },
		},
		"*-aged": {
			"top": { "base": "game:block/wood/table/aged/top" },
			"sides": { "base": "game:block/wood/table/aged/sides" },
			"sides2": { "base": "game:block/wood/table/aged/sides" },
			"legs": { "base": "game:block/wood/table/aged/legs" },
			"bottom": { "base": "game:block/wood/table/aged/bottom" },
			"sidesbarrel": { "base": "game:block/wood/barrel/sides" },
			"churnsides2": { "base": "game:block/wood/churnsides2" },
			"sidesbucket": { "base": "game:block/wood/bucket/sides" },
			"ceramic": { base: "game:block/clay/ceramic" },
			"burned": { base: "game:block/clay/vessel/sides/burned" },
			"ceramic-dark": { base: "game:block/clay/ceramic-dark" },
		},
		"*-normal": {
			"top": { "base": "game:block/wood/table/normal/top" },
			"sides": { "base": "game:block/wood/table/normal/sides" },
			"sides2": { "base": "game:block/wood/table/normal/sides" },
			"legs": { "base": "game:block/wood/table/normal/legs" },
			"bottom": { "base": "game:block/wood/table/normal/bottom" },
			"sidesbarrel": { "base": "game:block/wood/barrel/sides" },
			"churnsides2": { "base": "game:block/wood/churnsides2" },
			"sidesbucket": { "base": "game:block/wood/bucket/sides" },
			"ceramic": { base: "game:block/clay/ceramic" },
			"burned": { base: "game:block/clay/vessel/sides/burned" },
			"ceramic-dark": { base: "game:block/clay/ceramic-dark" },
		}
	},
	"sidesolid": {
		"all": false
	},
	"sideopaque": {
		"all": false
	},
	"lightAbsorption": 1,
	"replaceable": 600,
	"resistance": 1.5,
	heldTpIdleAnimation: "holdbothhandsverylarge", 
	heldTpUseAnimation: "twohandplaceblock", 
	"collisionSelectionBoxes": [
		{
			"x1": 0.05,
			"y1": 0.0,
			"z1": 0.05,
			"x2": 0.95,
			"y2": 0.9,
			"z2": 0.95
		},
		{
			"x1": 0.25,
			"y1": 0.9,
			"z1": 0.25,
			"x2": 0.75,
			"y2": 1.1,
			"z2": 0.75
		}
	],
	guiTransform: {
		scale: 1.15
	},
	fpHandTransform: {
		translation: {
			x: 0,
			y: 0,
			z: 0
		},
		scale: 2
	},
	tpHandTransform: {
		translation: { x: -1.35, y: -0.7, z: -0.35 },
		rotation: { x: -83, y: 29, z: -66 },
		scale: 0.75
	},
	groundTransform: {
		rotation: { x: 0, y: -45, z: 0 },
		origin: { x: 0.5, y: 0, z: 0.5 },
		scale: 3
	}
}