{
	"code": "clothes",
	"class": "ItemWearable",
	"variantgroups": [
		{ "code": "category",  "states": ["hand"] },
		{ "code": "hand", "combine": "SelectiveMultiply", "onVariant": "category", "states": [
			"silk-gloves",
			"silk-mittens"
		] }
	],
	"shapeByType": {
		"*-mittens*": {
			"base": "hideandfabric:entity/humanoid/seraph/clothing/hand/cloth-mittens"
		},
		"*": {						
			"base": "game:entity/humanoid/seraph"
		}
	},
	"storageFlags": 128,
	"attributes":{
		"clothescategory": "hand"
	},
	"attributesByType": {
		"*-gloves":
		{
			"warmth": 0.75
		},
		"*": {
            "wearableAttachment": true,
			"warmth": 1.25
		}
	},
	"texturesByType": {
		"*-mittens*": {
            "seraph": { "base": "game:block/transparent" },
            "gloves1": { "base": "hideandfabric:entity/humanoid/seraphclothes/hand/{hand}"}
		},
		"*": {
			"seraph": { "base": "hideandfabric:entity/humanoid/seraphclothes/{category}/{hand}" }
		}
	},
	"creativeinventory": { "general": ["*"], "items": ["*"], "clothing": ["*"], "hideandfabric": ["*"] },
	"renderAlphaTest": 0.25,
	"fpHandTransform": {
		"translation": { "x": 0.6, "y": 0, "z": -0.5 },
		"rotation": { "x": 180, "y": 42, "z": -29 },
		"scale": 2.5
	},
	"tpHandTransform": {
		"translation": { "x": -0.9, "y": -1, "z": -1 },
		"rotation": { "x": -13, "y": -64, "z": 49 },
		"scale": 0.55
	},
	"guiTransformByType": {
		"*": {
			"rotate": false,
			"translation": { "x": 0, "y": 0, "z": 19 },
			"rotation": { "x": 174, "y": -30, "z": 23 },
			"origin": { "x": 0.52, "y": 0.78, "z": 0.5 },
			"scale": 2.5
		}
	},
	"groundTransform": {
		"rotation": { "x": 0, "y": 0, "z": 90 },
		"origin": { "x": 0.5, "y": 0.5, "z": 0.5299 },
		"scale": 3.04
	}
}