{
	"editor": {
		"allAngles": true,
		"entityTextureMode": false
	},
	"textureWidth": 16,
	"textureHeight": 16,
	"textureSizes": {
		"fill-blueberry": [16,16]
	},
	"textures": {
		"beeswax": "item/resource/beeswax"
	},
	"elements": [
		{
			"name": "Mash",
			"from": [ 4.8, 0.0, 4.8 ], 
			"to": [ 11.3, 4.0, 11.3 ], 
			"rotationOrigin": [ 4.8, 12.0, 4.8 ],
			"faces": {
				"north": { "texture": "#beeswax", "uv": [ 0.0, 0.0, 6.0, 6.0 ], "autoUv": false },
				"east": { "texture": "#beeswax", "uv": [ 0.0, 0.0, 6.0, 6.0 ], "autoUv": false },
				"south": { "texture": "#beeswax", "uv": [ 0.0, 0.0, 6.0, 6.0 ], "autoUv": false },
				"west": { "texture": "#beeswax", "uv": [ 0.0, 2.5, 6.0, 6.0 ], "autoUv": false },
				"up": { "texture": "#beeswax", "uv": [ 0.0, 0.0, 6.0, 6.0 ], "autoUv": false },
				"down": { "texture": "#beeswax", "uv": [ 0.0, 0.0, 6.0, 6.0 ], "autoUv": false }
			}
		}
	],
	"animations": [
		{
			"name": "Compress",
			"code": "compress",
			"quantityframes": 120,
			"onActivityStopped": "Rewind",
			"onAnimationEnd": "Stop",
			"keyframes": [
				{
					"frame": 0,
					"elements": {
						"Mash": { "offsetX": 0.0, "offsetY": 0.0, "offsetZ": 0.0 }
					}
				},
				{
					"frame": 34,
					"elements": {
						"Mash": { "offsetX": 0.0, "offsetY": 0.0, "offsetZ": 0.0 }
					}
				},
				{
					"frame": 119,
					"elements": {
						"Mash": { "offsetX": 0.0, "offsetY": -2.5, "offsetZ": 0.0 }
					}
				}
			]
		}
	]
}