[
  {
    "file": "game:entities/humanoid/player",
    "op": "add",
    "path": "/client/behaviors/-",
    "value": {
      "code": "XSkillsPlayer"
    }
  },

  {
    "file": "game:entities/humanoid/player",
    "op": "add",
    "path": "/server/behaviors/-",
    "value": {
      "code": "XSkillsPlayer"
    }
  },
  {
    "file": "game:itemtypes/liquid/alcohol",
    "op": "add",
    "path": "/attributes/unlearnPoints",
    "value": 1
  },
  {
    "file": "game:itemtypes/liquid/cider",
    "op": "add",
    "path": "/attributes/unlearnPoints",
    "value": 1
  },
  {
    "file": "game:itemtypes/liquid/spirit",
    "op": "add",
    "path": "/attributes/unlearnPoints",
    "value": 1
  },
  {
    "file": "expandedfoods:itemtypes/liquid/strongspiritportion",
    "op": "add",
    "path": "/attributes/unlearnPoints",
    "value": 1
  },
  {
    "file": "expandedfoods:itemtypes/liquid/strongwine",
    "op": "add",
    "path": "/attributes/unlearnPoints",
    "value": 1
  },
  {
    "file": "expandedfoods:itemtypes/liquid/potentspiritportion",
    "op": "add",
    "path": "/attributes/unlearnPoints",
    "value": 1
  },
  {
    "file": "expandedfoods:itemtypes/liquid/potentwine",
    "op": "add",
    "path": "/attributes/unlearnPoints",
    "value": 1
  }
]