{
	code: "creature",
	class: "ItemCreature",
	maxstacksize: 1,
	variantgroups: [
		{ code: "genus", states: ["rana"]},
		{
			code: "type",
			states: [
				"temporaria",
				"arvalis",
				"dalmatina",
				"latastei",
				"pseudodalmatina",
				"graeca",
				"iberica",
				"italica",
				"pyrenaica",
				"macrocnemis",
				"tavasensis",
				"amurensis",
				"asiatica",
				]
		},
		{ code: "gender", states: ["female", "male"]},
		
		],

	shape: {
			"base": "entity/land/rana"
		
	},
	texturesByType: {
		"*-rana-temporaria-female": {
			"skin": { "base": "entity/pondfrog/rana-temporaria-female" }
		},
		"*-rana-temporaria-male": {
			"skin": { "base": "entity/pondfrog/rana-temporaria-male" }
		},
		"*-rana-arvalis-female": {
			"skin": { "base": "entity/pondfrog/rana-arvalis-female" }
		},
		"*-rana-arvalis-male": {
			"skin": { "base": "entity/pondfrog/rana-arvalis-male" }
		},
		"*-rana-dalmatina-female": {
			"skin": { "base": "entity/pondfrog/rana-dalmatina-female" }
		},
		"*-rana-dalmatina-male": {
			"skin": { "base": "entity/pondfrog/rana-dalmatina-male" }
		},
		"*-rana-latastei-female": {
			"skin": { "base": "entity/pondfrog/rana-latastei-female" }
		},
		"*-rana-latastei-male": {
			"skin": { "base": "entity/pondfrog/rana-latastei-male" }
		},
		"*-rana-pseudodalmatina-*": {
			"skin": { "base": "entity/pondfrog/rana-pseudodalmatina" }
		},
		"*-rana-graeca-female": {
			"skin": { "base": "entity/pondfrog/rana-graeca-female" }
		},
		"*-rana-graeca-male": {
			"skin": { "base": "entity/pondfrog/rana-graeca-male" }
		},
		"*-rana-iberica-female": {
			"skin": { "base": "entity/pondfrog/rana-iberica-female" }
		},
		"*-rana-iberica-male": {
			"skin": { "base": "entity/pondfrog/rana-iberica-male" }
		},
		"*-rana-italica-female": {
			"skin": { "base": "entity/pondfrog/rana-italica-female" }
		},
		"*-rana-italica-male": {
			"skin": { "base": "entity/pondfrog/rana-italica-male" }
		},
		"*-rana-pyrenaica-female": {
			"skin": { "base": "entity/pondfrog/rana-pyrenaica-female" }
		},
		"*-rana-pyrenaica-male": {
			"skin": { "base": "entity/pondfrog/rana-pyrenaica-male" }
		},
		"*-rana-macrocnemis-female": {
			"skin": { "base": "entity/pondfrog/rana-macrocnemis-female" }
		},
		"*-rana-macrocnemis-male": {
			"skin": { "base": "entity/pondfrog/rana-macrocnemis-male" }
		},
		"*-rana-tavasensis-*": {
			"skin": { "base": "entity/pondfrog/rana-tavasensis" }
		},
		"*-rana-amurensis-*": {
			"skin": { "base": "entity/pondfrog/rana-amurensis" }
		},
		"*-rana-asiatica-*": {
			"skin": { "base": "entity/pondfrog/rana-asiatica" }
		},
	},
	
	
	
	
	creativeinventory: { "general": ["*"], "items": ["*"], "creatures": ["*"] },
	materialDensity: 600,
	guiTransform: {
		
			rotate: true,
			translation: { x: 1, y: -1, z: 0 },
			rotation: { x: -11, y: -52, z: -180 },
			origin: { x: 0.5, y: 0.6, z: 0.5 },
			scale: 0.97		
	},
	
	tpHandTransform: {

			translation: { x: -0.4, y: 0, z: -0.6 },
			rotation: { x: -160, y: -26, z: -90 },
			origin: { x: 0.5, y: 0.1, z: 0.5 },
			scale: 0.45	
	},
	
	fpHandTransform: {
	
			translation: { x: 0.4, y: 0, z: 0 },
			rotation: { x: -8, y: -63, z: -7 }
	}
	

	
	
	
	




