{
  "code": "lblstationarybasket",
  "class": "BlockLabeledChest",
  "entityclass": "LabeledChest",
  "behaviors": [{ "name": "Lockable" }, { "name": "Container" }, { "name": "HorizontalOrientable", "properties": { "dropBlockFace": "east" } }],
  "entityBehaviors": [{ "name": "Animatable" }],
  "attributes": {
    "inventoryClassName": "basket",
    "defaultType": "reed",
    "openSound": "game:sounds/block/basketopen",
    "closeSound": "game:sounds/block/basketclose",
    "types": ["reed", "vine"],
    "drop": {
      "reed": true,
      "vine": true
    },
    "quantitySlots": {
      "reed": 8,
      "vine": 8
    },
    "dialogTitleLangCode": {
      "reed": "basketcontents",
      "vine": "basketcontents"
    },
    "storageType": {
      "reed": 189,
      "vine": 189
    },
    "retrieveOnly": {
      "reed": false,
      "vine": false
    },
    "shape": {
      "reed": "lc:block/reed/basket-normal-labeled",
      "vine": "lc:block/vines/basket-normal-labeled"
    },
    "variantByGroup": "side",
    "variantByGroupInventory": null
  },
  "variantgroups": [{ "code": "side", "loadFromProperties": "abstract/horizontalorientation" }],
  "creativeinventory": {},
  "creativeinventoryStacksByType": {
    "*-east": [
      {
        "tabs": ["general", "decorative"],
        "stacks": [
          { "type": "block", "code": "lblstationarybasket-east", "attributes": { "type": "reed" } },
          { "type": "block", "code": "lblstationarybasket-east", "attributes": { "type": "vine" } }
        ]
      }
    ]
  },
  "shapeByType": {
    "base": "lc:block/reed/basket-normal-labeled",
    "rotateYByType": {
      "*-east": 270,
      "*-south": 180,
      "*-west": 90
    }
  },
  "shapeInventory": { "base": "lc:block/reed/basket-normal-labeled", "rotateY": 270 },
  "textures": {
    "reed-accessories": { "base": "game:block/wood/trunk/accessories" },
    "reed-sidesWE": { "base": "game:block/reed/basket/normal-westeast" },
    "reed-sidesSN": { "base": "game:block/reed/basket/normal-northsouth" },
    "reed-lid": { "base": "game:block/reed/basket/normal-lid" },

    "vine-accessories": { "base": "game:block/wood/trunk/accessories" },
    "vine-sidesWE": { "base": "game:block/vines/basket/normal-westeast" },
    "vine-sidesSN": { "base": "game:block/vines/basket/normal-northsouth" },
    "vine-lid": { "base": "game:block/vines/basket/normal-lid" }
  },
  "heldTpIdleAnimation": "holdunderarm",
  "blockmaterial": "Wood",
  "replaceable": 900,
  "resistance": 2,
  "lightAbsorption": 0,
  "sideAo": { "all": false },
  "sidesolid": {
    "all": false
  },
  "sideopaque": {
    "all": false
  },
  "collisionbox": {
    "x1": 0.125,
    "y1": 0,
    "z1": 0.125,
    "x2": 0.8125,
    "y2": 0.5,
    "z2": 0.875,
    "rotateYByType": {
      "*-north": 270,
      "*-east": 180,
      "*-south": 90,
      "*-west": 0
    }
  },
  "selectionbox": {
    "x1": 0.125,
    "y1": 0,
    "z1": 0.125,
    "x2": 0.8125,
    "y2": 0.5,
    "z2": 0.875,
    "rotateYByType": {
      "*-north": 270,
      "*-east": 180,
      "*-south": 90,
      "*-west": 0
    }
  },
  "sounds": {
    "place": "game:block/planks",
    "walk": "game:walk/wood"
  },
  "materialDensity": 600,
  "tpHandTransform": {
    "translation": { "x": -0.9, "y": -0.5, "z": -0.3 },
    "rotation": { "x": 0, "y": 90, "z": -102 },
    "scale": 0.56
  },
  "guiTransform": {
    "origin": { "x": 0.5, "y": 0.3, "z": 0.5 },
    "scale": 1.3
  }
}
