{
    "code": "petnest",
    "class": "PetNest",
    "entityClass": "PetNest",
    "creativeinventory": {
        "general": [
            "*"
        ]
    },
    "attributes": {
        "x": 0.5,
        "y": 0,
        "z": 0.5,
        "handbook": {
            "groupBy": [
                "petnest-*"
            ]
        }
    },
    "heldTpIdleAnimation": "holdbothhands",
    "heldTpHitAnimation": "twohandplaceblock",
    "maxstacksize": 8,
    "variantgroups": [
        {
            "code": "size",
            "states": [
                "small"
            ]
        },
        {
            "code": "color",
            "states": [
                "blue",
                "red",
                "orange",
                "green",
                "brown",
                "black",
                "purple",
                "pink",
                "yellow",
                "white",
                "plain",
                "gray",
                "mordant"
            ]
        }
    ],
    "shape": {
        "base": "petnest-{size}"
    },
    "texture": {
        "base": "game:block/cloth/linen/{color}"
    },
    "selectionBoxes": [
        {
            "x1": 0,
            "y1": 0,
            "z1": 0,
            "x2": 1,
            "y2": 0.1767,
            "z2": 1
        }
    ],
    "collisionBoxes": [
        {
            "empty": true
        }
    ],
    "blockmaterial": "Cloth",
    "resistance": 1,
    "materialDensity": 50,
    "sidesolid": {
        "all": false
    },
    "sideopaque": {
        "all": false
    },
    "sounds": {
        "place": "game:block/cloth",
        "hit": "game:block/cloth",
        "break": "game:block/cloth",
        "walk": "game:walk/cloth"
    }
}