{
	"editor": {
		"allAngles": false,
		"entityTextureMode": false
	},
	"textureWidth": 24,
	"textureHeight": 24,
	"textureSizes": {
	},
	"textures": {
	},
	"elements": [
		{
			"name": "Tent_left",
			"from": [ 0.0, -4.0, 13.5 ], 
			"to": [ 5.0, 18.6, 15.0 ], 
			"rotationOrigin": [ 0.0, -1.0, 14.0 ],
			"rotationX": -45.0,
			"faces": {
				"north": { "texture": "#0", "uv": [ 3.75, 0.0, 8.25, 22.5 ], "windMode": [6,6,6,6] },
				"east": { "texture": "#0", "uv": [ 0.0, 20.5, 22.5, 22.0 ], "rotation": 270, "windMode": [6,6,6,6] },
				"south": { "texture": "#0", "uv": [ 12.0, 0.0, 17.0, 22.5 ], "rotation": 180, "windMode": [6,6,6,6] },
				"west": { "texture": "#0", "uv": [ 1.0, 21.0, 23.5, 22.5 ], "rotation": 90, "windMode": [6,6,6,6] },
				"up": { "texture": "#0", "uv": [ 5.5, 19.5, 10.5, 21.0 ], "rotation": 180, "windMode": [6,6,6,6] },
				"down": { "texture": "#0", "uv": [ 6.0, 10.5, 10.5, 12.0 ], "windMode": [6,6,6,6] }
			},
			"children": [
				{
					"name": "Tent_right",
					"from": [ 11.0, 0.0, 0.0 ], 
					"to": [ 16.0, 22.6, 1.5 ], 
					"rotationOrigin": [ 11.0, 2.0, 0.5 ],
					"faces": {
						"north": { "texture": "#0", "uv": [ 4.0, 0.0, 9.0, 22.5 ], "rotation": 180, "windMode": [6,6,6,6] },
						"east": { "texture": "#0", "uv": [ 0.0, 16.0, 22.5, 17.5 ], "rotation": 270, "windMode": [6,6,6,6] },
						"south": { "texture": "#0", "uv": [ 3.0, 0.0, 8.0, 22.5 ], "rotation": 180, "windMode": [6,6,6,6] },
						"west": { "texture": "#0", "uv": [ 0.0, 2.5, 22.5, 4.0 ], "rotation": 90, "windMode": [6,6,6,6] },
						"up": { "texture": "#0", "uv": [ 1.0, 7.0, 2.5, 12.0 ], "rotation": 270, "windMode": [6,6,6,6] },
						"down": { "texture": "#0", "uv": [ 4.0, 5.5, 5.5, 10.5 ], "rotation": 90, "windMode": [6,6,6,6] }
					},
					"children": [
						{
							"name": "Tent_center",
							"from": [ -6.0, 0.5736, -0.8192 ], 
							"to": [ 0.0, 23.1736, 0.6808 ], 
							"rotationOrigin": [ -6.0, 2.5736, -0.3192 ],
							"faces": {
								"north": { "texture": "#0", "uv": [ 6.0, 0.0, 12.0, 22.5 ], "rotation": 180, "windMode": [6,6,6,6] },
								"east": { "texture": "#0", "uv": [ 1.0, 13.0, 23.5, 14.5 ], "rotation": 270, "windMode": [6,6,6,6] },
								"south": { "texture": "#0", "uv": [ 8.5, 1.0, 14.5, 23.5 ], "rotation": 180, "windMode": [6,6,6,6] },
								"west": { "texture": "#0", "uv": [ 0.0, 14.5, 22.5, 16.0 ], "rotation": 90, "windMode": [6,6,6,6] },
								"up": { "texture": "#0", "uv": [ 1.0, 5.5, 2.5, 11.5 ], "rotation": 270, "windMode": [6,6,6,6] },
								"down": { "texture": "#0", "uv": [ 9.0, 9.0, 10.5, 15.0 ], "rotation": 90, "windMode": [6,6,6,6] }
							}
						},
						{
							"name": "Stitch",
							"from": [ -11.01, -1.4142, -0.5 ], 
							"to": [ -9.01, 4.1858, 2.0 ], 
							"rotationOrigin": [ -11.0, 1.5858, 0.5 ],
							"rotationX": 0.0,
							"faces": {
								"north": { "texture": "#0", "uv": [ 1.5, 9.75, 2.25, 10.5 ], "autoUv": false, "windMode": [6,6,6,6] },
								"east": { "texture": "#0", "uv": [ 1.5, 9.75, 2.25, 10.5 ], "rotation": 270, "autoUv": false, "windMode": [6,6,6,6] },
								"south": { "texture": "#0", "uv": [ 1.5, 9.75, 2.25, 10.5 ], "rotation": 180, "autoUv": false, "windMode": [6,6,6,6] },
								"west": { "texture": "#0", "uv": [ 1.5, 9.75, 2.25, 10.5 ], "rotation": 90, "autoUv": false, "windMode": [6,6,6,6] },
								"up": { "texture": "#0", "uv": [ 1.5, 9.75, 2.25, 10.5 ], "rotation": 180, "autoUv": false, "windMode": [6,6,6,6] },
								"down": { "texture": "#0", "uv": [ 1.5, 9.75, 2.25, 10.5 ], "autoUv": false, "windMode": [6,6,6,6] }
							},
							"children": [
								{
									"name": "Stitch5",
									"from": [ 5.0, 0.0, -0.5 ], 
									"to": [ 7.0, 5.6, 2.0 ], 
									"rotationOrigin": [ 5.0, 3.0, 0.5 ],
									"faces": {
										"north": { "texture": "#0", "uv": [ 1.5, 9.75, 2.25, 10.5 ], "autoUv": false, "windMode": [6,6,6,6] },
										"east": { "texture": "#0", "uv": [ 1.5, 9.75, 2.25, 10.5 ], "rotation": 270, "autoUv": false, "windMode": [6,6,6,6] },
										"south": { "texture": "#0", "uv": [ 1.5, 9.75, 2.25, 10.5 ], "rotation": 180, "autoUv": false, "windMode": [6,6,6,6] },
										"west": { "texture": "#0", "uv": [ 1.5, 9.75, 2.25, 10.5 ], "rotation": 90, "autoUv": false, "windMode": [6,6,6,6] },
										"up": { "texture": "#0", "uv": [ 1.5, 9.75, 2.25, 10.5 ], "rotation": 180, "autoUv": false, "windMode": [6,6,6,6] },
										"down": { "texture": "#0", "uv": [ 1.5, 9.75, 2.25, 10.5 ], "autoUv": false, "windMode": [6,6,6,6] }
									}
								},
								{
									"name": "Stitch6",
									"from": [ 11.0, 0.0, 0.0 ], 
									"to": [ 13.0, 5.6, 2.5 ], 
									"rotationOrigin": [ 11.0, 3.0, 0.5 ],
									"faces": {
										"north": { "texture": "#0", "uv": [ 1.5, 9.75, 2.25, 10.5 ], "autoUv": false, "windMode": [6,6,6,6] },
										"east": { "texture": "#0", "uv": [ 1.5, 9.75, 2.25, 10.5 ], "rotation": 270, "autoUv": false, "windMode": [6,6,6,6] },
										"south": { "texture": "#0", "uv": [ 1.5, 9.75, 2.25, 10.5 ], "rotation": 180, "autoUv": false, "windMode": [6,6,6,6] },
										"west": { "texture": "#0", "uv": [ 1.5, 9.75, 2.25, 10.5 ], "rotation": 90, "autoUv": false, "windMode": [6,6,6,6] },
										"up": { "texture": "#0", "uv": [ 1.5, 9.75, 2.25, 10.5 ], "rotation": 180, "autoUv": false, "windMode": [6,6,6,6] },
										"down": { "texture": "#0", "uv": [ 1.5, 9.75, 2.25, 10.5 ], "autoUv": false, "windMode": [6,6,6,6] }
									}
								}
							]
						}
					]
				}
			]
		}
	]}