{
	"editor": {
		"allAngles": false,
		"entityTextureMode": false
	},
	"textureWidth": 16,
	"textureHeight": 16,
	"textureSizes": {
	},
	"textures": {
	},
	"elements": [
		{
			"name": "ThatchingTop63",
			"from": [ 13.5, 10.0, 0.0 ], 
			"to": [ 16.0, 12.5, 2.5 ], 
			"rotationOrigin": [ 14.4, 11.5, 0.0 ],
			"rotationX": 0.0,
			"faces": {
				"north": { "texture": "#0", "uv": [ 2.0, 11.5, 4.5, 14.0 ], "windMode": [6,6,6,6] },
				"east": { "texture": "#0", "uv": [ 3.5, 2.5, 6.0, 5.0 ], "windMode": [6,6,6,6] },
				"south": { "texture": "#2", "uv": [ 3.5, 9.0, 6.0, 11.5 ], "windMode": [6,6,6,6] },
				"west": { "texture": "#2", "uv": [ 7.0, 8.5, 9.5, 11.0 ], "windMode": [6,6,6,6] },
				"up": { "texture": "#2", "uv": [ 6.5, 10.0, 9.0, 12.5 ], "windMode": [6,6,6,6] },
				"down": { "texture": "#0", "uv": [ 3.0, 10.0, 5.5, 12.5 ], "windMode": [6,6,6,6] }
			},
			"children": [
				{
					"name": "Thatching36",
					"from": [ -4.5, -5.7, 8.0 ], 
					"to": [ 2.5, -4.25, 9.5 ], 
					"rotationOrigin": [ -4.5, -5.7, 8.0 ],
					"rotationX": -45.0,
					"faces": {
						"north": { "texture": "#0", "uv": [ 1.5, 7.0, 8.5, 8.0 ], "windMode": [6,6,6,6] },
						"east": { "texture": "#0", "uv": [ 10.5, 11.0, 12.0, 12.0 ], "windMode": [6,6,6,6] },
						"south": { "texture": "#2", "uv": [ 1.5, 2.5, 8.5, 3.5 ], "windMode": [6,6,6,6] },
						"west": { "texture": "#2", "uv": [ 13.0, 6.0, 14.5, 7.0 ], "windMode": [6,6,6,6] },
						"up": { "texture": "#0", "uv": [ 8.0, 7.0, 15.0, 8.5 ], "windMode": [6,6,6,6] },
						"down": { "texture": "#0", "uv": [ 4.0, 4.5, 11.0, 6.0 ], "windMode": [6,6,6,6] }
					},
					"children": [
						{
							"name": "Thatching32",
							"from": [ -4.0, -5.6568, 0.0 ], 
							"to": [ 7.0, -4.2068, 1.5 ], 
							"rotationOrigin": [ -4.0, -5.6568, 0.0 ],
							"rotationX": 0.0,
							"faces": {
								"north": { "texture": "#0", "uv": [ 1.0, 4.5, 12.0, 5.5 ], "windMode": [6,6,6,6] },
								"east": { "texture": "#0", "uv": [ 7.0, 7.5, 8.5, 8.5 ], "windMode": [6,6,6,6] },
								"south": { "texture": "#2", "uv": [ 2.0, 12.0, 13.0, 13.0 ], "windMode": [6,6,6,6] },
								"west": { "texture": "#2", "uv": [ 7.5, 14.5, 9.0, 15.5 ], "windMode": [6,6,6,6] },
								"up": { "texture": "#0", "uv": [ 3.5, 7.0, 14.5, 8.5 ], "windMode": [6,6,6,6] },
								"down": { "texture": "#0", "uv": [ 2.5, 8.5, 13.5, 10.0 ], "windMode": [6,6,6,6] }
							}
						},
						{
							"name": "Thatching34",
							"from": [ -2.0, -2.8284, 0.0 ], 
							"to": [ 7.0, -1.3784, 1.5 ], 
							"rotationOrigin": [ -2.0, -2.8284, 0.0 ],
							"faces": {
								"north": { "texture": "#0", "uv": [ 3.0, 12.5, 12.0, 13.5 ], "windMode": [6,6,6,6] },
								"east": { "texture": "#0", "uv": [ 2.5, 11.0, 4.0, 12.0 ], "windMode": [6,6,6,6] },
								"south": { "texture": "#2", "uv": [ 5.0, 14.5, 14.0, 15.5 ], "windMode": [6,6,6,6] },
								"west": { "texture": "#2", "uv": [ 1.5, 10.5, 3.0, 11.5 ], "windMode": [6,6,6,6] },
								"up": { "texture": "#0", "uv": [ 3.5, 4.0, 12.5, 5.5 ], "windMode": [6,6,6,6] },
								"down": { "texture": "#0", "uv": [ 1.0, 9.0, 10.0, 10.5 ], "windMode": [6,6,6,6] }
							}
						},
						{
							"name": "Thatching28",
							"from": [ -8.2, -11.0, 0.0 ], 
							"to": [ 7.0, -9.9, 1.5 ], 
							"rotationOrigin": [ -8.2, -11.3137, 0.0 ],
							"faces": {
								"north": { "texture": "#0", "uv": [ 0.5, 1.5, 15.5, 2.5 ], "windMode": [6,6,6,6] },
								"east": { "texture": "#0", "uv": [ 5.0, 8.5, 6.5, 9.5 ], "windMode": [6,6,6,6] },
								"south": { "texture": "#2", "uv": [ 0.0, 12.0, 15.0, 13.0 ], "windMode": [6,6,6,6] },
								"west": { "texture": "#2", "uv": [ 9.0, 9.5, 10.5, 10.5 ], "windMode": [6,6,6,6] },
								"up": { "texture": "#0", "uv": [ 0.5, 12.5, 15.5, 14.0 ], "windMode": [6,6,6,6] },
								"down": { "texture": "#0", "uv": [ 0.5, 11.0, 15.5, 12.5 ], "windMode": [6,6,6,6] }
							}
						},
						{
							"name": "Thatching37",
							"from": [ 1.0, 1.4142, 0.0 ], 
							"to": [ 7.0, 2.8642, 1.5 ], 
							"rotationOrigin": [ 1.0, 1.4142, 0.0 ],
							"rotationX": 0.0,
							"faces": {
								"north": { "texture": "#0", "uv": [ 5.5, 7.0, 11.5, 8.0 ], "windMode": [6,6,6,6] },
								"east": { "texture": "#0", "uv": [ 10.0, 2.0, 11.5, 3.0 ], "windMode": [6,6,6,6] },
								"south": { "texture": "#2", "uv": [ 8.0, 7.5, 14.0, 8.5 ], "windMode": [6,6,6,6] },
								"west": { "texture": "#2", "uv": [ 7.5, 9.5, 9.0, 10.5 ], "windMode": [6,6,6,6] },
								"up": { "texture": "#0", "uv": [ 8.5, 3.5, 14.5, 5.0 ], "windMode": [6,6,6,6] },
								"down": { "texture": "#0", "uv": [ 5.5, 3.5, 11.5, 5.0 ], "windMode": [6,6,6,6] }
							}
						},
						{
							"name": "Thatching30",
							"from": [ -6.1, -8.4853, 0.0 ], 
							"to": [ 7.0, -7.0353, 1.5 ], 
							"rotationOrigin": [ -6.1, -8.4853, 0.0 ],
							"rotationX": 0.0,
							"faces": {
								"north": { "texture": "#0", "uv": [ 1.0, 14.0, 14.0, 15.0 ], "windMode": [6,6,6,6] },
								"east": { "texture": "#0", "uv": [ 2.5, 9.5, 4.0, 10.5 ], "windMode": [6,6,6,6] },
								"south": { "texture": "#2", "uv": [ 1.0, 1.0, 14.0, 2.0 ], "windMode": [6,6,6,6] },
								"west": { "texture": "#2", "uv": [ 8.0, 6.0, 9.5, 7.0 ], "windMode": [6,6,6,6] },
								"up": { "texture": "#0", "uv": [ 1.5, 9.0, 14.5, 10.5 ], "windMode": [6,6,6,6] },
								"down": { "texture": "#0", "uv": [ 0.5, 12.5, 13.5, 14.0 ], "windMode": [6,6,6,6] }
							}
						},
						{
							"name": "Thatching31",
							"from": [ -5.0, -7.071, 0.0 ], 
							"to": [ 7.0, -5.621, 1.5 ], 
							"rotationOrigin": [ -5.0, -7.0711, 0.0 ],
							"rotationX": 0.0,
							"faces": {
								"north": { "texture": "#0", "uv": [ 1.5, 6.0, 13.5, 7.0 ], "windMode": [6,6,6,6] },
								"east": { "texture": "#0", "uv": [ 9.0, 7.5, 10.5, 8.5 ], "windMode": [6,6,6,6] },
								"south": { "texture": "#2", "uv": [ 2.5, 4.5, 14.5, 5.5 ], "windMode": [6,6,6,6] },
								"west": { "texture": "#2", "uv": [ 9.0, 11.0, 10.5, 12.0 ], "windMode": [6,6,6,6] },
								"up": { "texture": "#0", "uv": [ 3.0, 3.5, 15.0, 5.0 ], "windMode": [6,6,6,6] },
								"down": { "texture": "#0", "uv": [ 3.0, 10.5, 15.0, 12.0 ], "windMode": [6,6,6,6] }
							}
						},
						{
							"name": "Thatching33",
							"from": [ -3.0, -4.2426, 0.0 ], 
							"to": [ 7.0, -2.7926, 1.5 ], 
							"rotationOrigin": [ -3.0, -4.2426, 0.0 ],
							"rotationX": 0.0,
							"faces": {
								"north": { "texture": "#0", "uv": [ 3.5, 7.5, 13.5, 8.5 ], "windMode": [6,6,6,6] },
								"east": { "texture": "#0", "uv": [ 14.5, 12.5, 16.0, 13.5 ], "windMode": [6,6,6,6] },
								"south": { "texture": "#2", "uv": [ 5.5, 9.5, 15.5, 10.5 ], "windMode": [6,6,6,6] },
								"west": { "texture": "#2", "uv": [ 6.0, 5.5, 7.5, 6.5 ], "windMode": [6,6,6,6] },
								"up": { "texture": "#0", "uv": [ 0.0, 13.5, 10.0, 15.0 ], "windMode": [6,6,6,6] },
								"down": { "texture": "#0", "uv": [ 1.5, 0.5, 11.5, 2.0 ], "windMode": [6,6,6,6] }
							}
						},
						{
							"name": "Thatching39",
							"from": [ 3.0, 4.2427, 0.0 ], 
							"to": [ 7.0, 5.6927, 1.5 ], 
							"rotationOrigin": [ 3.0, 4.2427, 0.0 ],
							"rotationX": 0.0,
							"faces": {
								"north": { "texture": "#0", "uv": [ 10.5, 12.5, 14.5, 13.5 ], "windMode": [6,6,6,6] },
								"east": { "texture": "#0", "uv": [ 3.5, 12.0, 5.0, 13.0 ], "windMode": [6,6,6,6] },
								"south": { "texture": "#2", "uv": [ 1.5, 7.5, 5.5, 8.5 ], "windMode": [6,6,6,6] },
								"west": { "texture": "#2", "uv": [ 4.5, 11.0, 6.0, 12.0 ], "windMode": [6,6,6,6] },
								"up": { "texture": "#0", "uv": [ 9.0, 13.0, 13.0, 14.5 ], "windMode": [6,6,6,6] },
								"down": { "texture": "#0", "uv": [ 7.5, 13.0, 11.5, 14.5 ], "windMode": [6,6,6,6] }
							}
						},
						{
							"name": "Thatching38",
							"from": [ 2.0, 2.8284, 0.0 ], 
							"to": [ 7.0, 4.2784, 1.5 ], 
							"rotationOrigin": [ 2.0, 2.8284, 0.0 ],
							"rotationX": 0.0,
							"faces": {
								"north": { "texture": "#0", "uv": [ 10.5, 2.0, 15.5, 3.0 ], "windMode": [6,6,6,6] },
								"east": { "texture": "#0", "uv": [ 2.5, 6.5, 4.0, 7.5 ], "windMode": [6,6,6,6] },
								"south": { "texture": "#2", "uv": [ 10.0, 12.5, 15.0, 13.5 ], "windMode": [6,6,6,6] },
								"west": { "texture": "#2", "uv": [ 1.5, 9.0, 3.0, 10.0 ], "windMode": [6,6,6,6] },
								"up": { "texture": "#0", "uv": [ 1.5, 6.0, 6.5, 7.5 ], "windMode": [6,6,6,6] },
								"down": { "texture": "#0", "uv": [ 4.5, 13.0, 9.5, 14.5 ], "windMode": [6,6,6,6] }
							}
						},
						{
							"name": "Thatching42",
							"from": [ 5.0, 8.4821, 0.0 ], 
							"to": [ 7.0, 9.3321, 1.5 ], 
							"rotationOrigin": [ 5.0, 8.4853, 0.0 ],
							"rotationX": 0.0,
							"faces": {
								"north": { "texture": "#0", "uv": [ 11.5, 14.5, 13.5, 15.0 ], "windMode": [6,6,6,6] },
								"east": { "texture": "#0", "uv": [ 1.0, 13.5, 2.5, 14.0 ], "windMode": [6,6,6,6] },
								"south": { "texture": "#2", "uv": [ 4.5, 2.0, 6.5, 2.5 ], "windMode": [6,6,6,6] },
								"west": { "texture": "#2", "uv": [ 5.5, 6.0, 7.0, 6.5 ], "windMode": [6,6,6,6] },
								"up": { "texture": "#0", "uv": [ 1.5, 3.0, 3.5, 4.5 ], "windMode": [6,6,6,6] },
								"down": { "texture": "#0", "uv": [ 1.5, 9.0, 3.5, 10.5 ], "windMode": [6,6,6,6] }
							}
						},
						{
							"name": "Thatching29",
							"from": [ -7.1, -9.8995, 0.0 ], 
							"to": [ 7.0, -8.4495, 1.5 ], 
							"rotationOrigin": [ -7.1, -9.8995, 0.0 ],
							"rotationX": 0.0,
							"faces": {
								"north": { "texture": "#0", "uv": [ 1.5, 14.5, 15.5, 15.5 ], "windMode": [6,6,6,6] },
								"east": { "texture": "#0", "uv": [ 9.5, 10.5, 11.0, 11.5 ], "windMode": [6,6,6,6] },
								"south": { "texture": "#2", "uv": [ 1.5, 6.5, 15.5, 7.5 ], "windMode": [6,6,6,6] },
								"west": { "texture": "#2", "uv": [ 4.5, 2.5, 6.0, 3.5 ], "windMode": [6,6,6,6] },
								"up": { "texture": "#0", "uv": [ 0.5, 11.5, 14.5, 13.0 ], "windMode": [6,6,6,6] },
								"down": { "texture": "#0", "uv": [ 1.0, 4.0, 15.0, 5.5 ], "windMode": [6,6,6,6] }
							}
						},
						{
							"name": "Thatching40",
							"from": [ 4.0, 5.6569, 0.0 ], 
							"to": [ 7.0, 7.1069, 1.5 ], 
							"rotationOrigin": [ 4.0, 5.6569, 0.0 ],
							"rotationX": 0.0,
							"faces": {
								"north": { "texture": "#0", "uv": [ 12.5, 14.5, 15.5, 15.5 ], "windMode": [6,6,6,6] },
								"east": { "texture": "#0", "uv": [ 3.5, 14.5, 5.0, 15.5 ], "windMode": [6,6,6,6] },
								"south": { "texture": "#2", "uv": [ 9.5, 12.5, 12.5, 13.5 ], "windMode": [6,6,6,6] },
								"west": { "texture": "#2", "uv": [ 3.0, 2.5, 4.5, 3.5 ], "windMode": [6,6,6,6] },
								"up": { "texture": "#0", "uv": [ 3.0, 7.0, 6.0, 8.5 ], "windMode": [6,6,6,6] },
								"down": { "texture": "#0", "uv": [ 12.5, 14.0, 15.5, 15.5 ], "windMode": [6,6,6,6] }
							}
						},
						{
							"name": "Thatching41",
							"from": [ 5.0, 7.0711, 0.0 ], 
							"to": [ 7.0, 8.5211, 1.5 ], 
							"rotationOrigin": [ 5.0, 7.0711, 0.0 ],
							"rotationX": 0.0,
							"faces": {
								"north": { "texture": "#0", "uv": [ 7.5, 11.5, 9.5, 12.5 ], "windMode": [6,6,6,6] },
								"east": { "texture": "#0", "uv": [ 6.5, 10.5, 8.0, 11.5 ], "windMode": [6,6,6,6] },
								"south": { "texture": "#2", "uv": [ 3.5, 7.5, 5.5, 8.5 ], "windMode": [6,6,6,6] },
								"west": { "texture": "#2", "uv": [ 2.5, 12.5, 4.0, 13.5 ], "windMode": [6,6,6,6] },
								"up": { "texture": "#0", "uv": [ 13.0, 13.0, 15.0, 14.5 ], "windMode": [6,6,6,6] },
								"down": { "texture": "#0", "uv": [ 2.5, 14.0, 4.5, 15.5 ], "windMode": [6,6,6,6] }
							}
						},
						{
							"name": "Thatching35",
							"from": [ -1.0, -1.4142, 0.0 ], 
							"to": [ 7.0, 0.0358, 1.5 ], 
							"rotationOrigin": [ -1.0, -1.4142, 0.0 ],
							"rotationX": 0.0,
							"faces": {
								"north": { "texture": "#0", "uv": [ 7.0, 13.5, 15.0, 14.5 ], "windMode": [6,6,6,6] },
								"east": { "texture": "#0", "uv": [ 10.5, 2.5, 12.0, 3.5 ], "windMode": [6,6,6,6] },
								"south": { "texture": "#2", "uv": [ 1.0, 8.0, 9.0, 9.0 ], "windMode": [6,6,6,6] },
								"west": { "texture": "#2", "uv": [ 12.5, 2.5, 14.0, 3.5 ], "windMode": [6,6,6,6] },
								"up": { "texture": "#0", "uv": [ 7.5, 3.5, 15.5, 5.0 ], "windMode": [6,6,6,6] },
								"down": { "texture": "#0", "uv": [ 2.5, 12.0, 10.5, 13.5 ], "windMode": [6,6,6,6] }
							}
						}
					]
				},
				{
					"name": "Thatching58",
					"from": [ -2.5142, -0.6047, 0.0 ], 
					"to": [ -1.0142, 0.8453, 5.0 ], 
					"rotationOrigin": [ -2.5142, -0.5999, 0.0 ],
					"rotationX": 0.0,
					"rotationY": 0.0,
					"rotationZ": -45.0,
					"faces": {
						"north": { "texture": "#0", "uv": [ 4.5, 9.5, 6.0, 10.5 ], "windMode": [6,6,6,6] },
						"east": { "texture": "#0", "uv": [ 2.5, 10.5, 7.5, 11.5 ], "windMode": [6,6,6,6] },
						"south": { "texture": "#2", "uv": [ 7.5, 6.0, 9.0, 7.0 ], "windMode": [6,6,6,6] },
						"west": { "texture": "#2", "uv": [ 6.0, 9.0, 11.0, 10.0 ], "windMode": [6,6,6,6] },
						"up": { "texture": "#2", "uv": [ 4.5, 8.0, 6.0, 13.0 ], "windMode": [6,6,6,6] },
						"down": { "texture": "#0", "uv": [ 9.5, 8.0, 11.0, 13.0 ], "windMode": [6,6,6,6] }
					},
					"children": [
						{
							"name": "Thatching54",
							"from": [ 0.0, -5.6521, 0.0 ], 
							"to": [ 1.5, -4.2021, 9.0 ], 
							"rotationOrigin": [ 0.0, -5.6521, 0.0 ],
							"rotationX": 0.0,
							"rotationY": 0.0,
							"rotationZ": 0.0,
							"faces": {
								"north": { "texture": "#0", "uv": [ 7.5, 4.0, 9.0, 5.0 ], "windMode": [6,6,6,6] },
								"east": { "texture": "#0", "uv": [ 2.0, 5.5, 11.0, 6.5 ], "windMode": [6,6,6,6] },
								"south": { "texture": "#2", "uv": [ 7.0, 11.0, 8.5, 12.0 ], "windMode": [6,6,6,6] },
								"west": { "texture": "#2", "uv": [ 3.0, 6.5, 12.0, 7.5 ], "windMode": [6,6,6,6] },
								"up": { "texture": "#2", "uv": [ 10.5, 4.0, 12.0, 13.0 ], "windMode": [6,6,6,6] },
								"down": { "texture": "#0", "uv": [ 12.0, 2.5, 13.5, 11.5 ], "windMode": [6,6,6,6] }
							}
						},
						{
							"name": "Thatching50",
							"from": [ 0.0, -11.3089, 0.0 ], 
							"to": [ 1.5, -9.8589, 13.0 ], 
							"rotationOrigin": [ 0.0, -11.3089, 0.0 ],
							"rotationX": 0.0,
							"rotationY": 0.0,
							"rotationZ": 0.0,
							"faces": {
								"north": { "texture": "#0", "uv": [ 8.5, 3.0, 10.0, 4.0 ], "windMode": [6,6,6,6] },
								"east": { "texture": "#0", "uv": [ 1.5, 9.0, 14.5, 10.0 ], "windMode": [6,6,6,6] },
								"south": { "texture": "#2", "uv": [ 2.5, 6.5, 4.0, 7.5 ], "windMode": [6,6,6,6] },
								"west": { "texture": "#2", "uv": [ 1.5, 9.5, 14.5, 10.5 ], "windMode": [6,6,6,6] },
								"up": { "texture": "#2", "uv": [ 7.5, 1.5, 9.0, 14.5 ], "windMode": [6,6,6,6] },
								"down": { "texture": "#0", "uv": [ 9.0, 1.0, 10.5, 14.0 ], "windMode": [6,6,6,6] }
							}
						},
						{
							"name": "Thatching49",
							"from": [ 0.0, -12.7231, 0.0 ], 
							"to": [ 1.5, -11.2731, 14.0 ], 
							"rotationOrigin": [ 0.0, -12.7231, 0.0 ],
							"rotationX": 0.0,
							"rotationY": 0.0,
							"rotationZ": 0.0,
							"faces": {
								"north": { "texture": "#0", "uv": [ 9.0, 6.5, 10.5, 7.5 ], "windMode": [6,6,6,6] },
								"east": { "texture": "#0", "uv": [ 2.0, 11.5, 16.0, 12.5 ], "windMode": [6,6,6,6] },
								"south": { "texture": "#2", "uv": [ 10.5, 5.5, 12.0, 6.5 ], "windMode": [6,6,6,6] },
								"west": { "texture": "#2", "uv": [ 0.5, 11.0, 14.5, 12.0 ], "windMode": [6,6,6,6] },
								"up": { "texture": "#2", "uv": [ 4.5, 2.0, 6.0, 16.0 ], "windMode": [6,6,6,6] },
								"down": { "texture": "#0", "uv": [ 7.0, 1.0, 8.5, 15.0 ], "windMode": [6,6,6,6] }
							}
						},
						{
							"name": "Thatching52",
							"from": [ 0.0, -8.4805, 0.0 ], 
							"to": [ 1.5, -7.0305, 11.0 ], 
							"rotationOrigin": [ 0.0, -8.4805, 0.0 ],
							"rotationX": 0.0,
							"rotationY": 0.0,
							"rotationZ": 0.0,
							"faces": {
								"north": { "texture": "#0", "uv": [ 5.0, 8.0, 6.5, 9.0 ], "windMode": [6,6,6,6] },
								"east": { "texture": "#0", "uv": [ 0.5, 13.5, 11.5, 14.5 ], "windMode": [6,6,6,6] },
								"south": { "texture": "#2", "uv": [ 1.0, 3.5, 2.5, 4.5 ], "windMode": [6,6,6,6] },
								"west": { "texture": "#2", "uv": [ 2.0, 6.0, 13.0, 7.0 ], "windMode": [6,6,6,6] },
								"up": { "texture": "#2", "uv": [ 4.0, 4.5, 5.5, 15.5 ], "windMode": [6,6,6,6] },
								"down": { "texture": "#0", "uv": [ 11.0, 3.5, 12.5, 14.5 ], "windMode": [6,6,6,6] }
							}
						},
						{
							"name": "Thatching51",
							"from": [ 0.0, -9.8947, 0.0 ], 
							"to": [ 1.5, -8.4447, 12.0 ], 
							"rotationOrigin": [ 0.0, -9.8947, 0.0 ],
							"rotationX": 0.0,
							"rotationY": 0.0,
							"rotationZ": 0.0,
							"faces": {
								"north": { "texture": "#0", "uv": [ 6.0, 9.0, 7.5, 10.0 ], "windMode": [6,6,6,6] },
								"east": { "texture": "#0", "uv": [ 4.0, 11.5, 16.0, 12.5 ], "windMode": [6,6,6,6] },
								"south": { "texture": "#2", "uv": [ 6.5, 7.5, 8.0, 8.5 ], "windMode": [6,6,6,6] },
								"west": { "texture": "#2", "uv": [ 2.0, 7.0, 14.0, 8.0 ], "windMode": [6,6,6,6] },
								"up": { "texture": "#2", "uv": [ 8.5, 2.5, 10.0, 14.5 ], "windMode": [6,6,6,6] },
								"down": { "texture": "#0", "uv": [ 5.5, 2.5, 7.0, 14.5 ], "windMode": [6,6,6,6] }
							}
						},
						{
							"name": "Thatching56",
							"from": [ 0.0, -2.8237, 0.0 ], 
							"to": [ 1.5, -1.3737, 7.0 ], 
							"rotationOrigin": [ 0.0, -2.8237, 0.0 ],
							"rotationX": 0.0,
							"rotationY": 0.0,
							"rotationZ": 0.0,
							"faces": {
								"north": { "texture": "#0", "uv": [ 13.0, 7.0, 14.5, 8.0 ], "windMode": [6,6,6,6] },
								"east": { "texture": "#0", "uv": [ 5.0, 9.0, 12.0, 10.0 ], "windMode": [6,6,6,6] },
								"south": { "texture": "#2", "uv": [ 12.0, 9.5, 13.5, 10.5 ], "windMode": [6,6,6,6] },
								"west": { "texture": "#2", "uv": [ 5.5, 11.0, 12.5, 12.0 ], "windMode": [6,6,6,6] },
								"up": { "texture": "#2", "uv": [ 8.5, 6.5, 10.0, 13.5 ], "windMode": [6,6,6,6] },
								"down": { "texture": "#0", "uv": [ 9.5, 5.0, 11.0, 12.0 ], "windMode": [6,6,6,6] }
							}
						},
						{
							"name": "Thatching44",
							"from": [ 0.0, -16.6, 0.0 ], 
							"to": [ 1.5, -15.5, 17.0 ], 
							"rotationOrigin": [ 0.0, -16.9658, 0.0 ],
							"rotationX": 0.0,
							"rotationY": 0.0,
							"rotationZ": 0.0,
							"faces": {
								"north": { "texture": "#0", "uv": [ 3.5, 10.5, 5.0, 11.5 ], "windMode": [6,6,6,6] },
								"east": { "texture": "#0", "uv": [ 0.0, 11.0, 16.0, 12.0 ], "autoUv": false, "windMode": [6,6,6,6] },
								"south": { "texture": "#2", "uv": [ 9.5, 7.0, 11.0, 8.0 ], "windMode": [6,6,6,6] },
								"west": { "texture": "#2", "uv": [ 0.0, 2.0, 16.0, 3.0 ], "autoUv": false, "windMode": [6,6,6,6] },
								"up": { "texture": "#2", "uv": [ 9.5, 0.0, 11.0, 16.0 ], "autoUv": false, "windMode": [6,6,6,6] },
								"down": { "texture": "#0", "uv": [ 9.5, 0.0, 11.0, 16.0 ], "autoUv": false, "windMode": [6,6,6,6] }
							}
						},
						{
							"name": "Thatching53",
							"from": [ 0.0, -7.0663, 0.0 ], 
							"to": [ 1.5, -5.6163, 10.0 ], 
							"rotationOrigin": [ 0.0, -7.0663, 0.0 ],
							"rotationX": 0.0,
							"rotationY": 0.0,
							"rotationZ": 0.0,
							"faces": {
								"north": { "texture": "#0", "uv": [ 8.5, 7.0, 10.0, 8.0 ], "windMode": [6,6,6,6] },
								"east": { "texture": "#0", "uv": [ 4.5, 5.0, 14.5, 6.0 ], "windMode": [6,6,6,6] },
								"south": { "texture": "#2", "uv": [ 9.5, 1.0, 11.0, 2.0 ], "windMode": [6,6,6,6] },
								"west": { "texture": "#2", "uv": [ 2.0, 4.0, 12.0, 5.0 ], "windMode": [6,6,6,6] },
								"up": { "texture": "#2", "uv": [ 9.5, 4.0, 11.0, 14.0 ], "windMode": [6,6,6,6] },
								"down": { "texture": "#0", "uv": [ 8.5, 1.5, 10.0, 11.5 ], "windMode": [6,6,6,6] }
							}
						},
						{
							"name": "Thatching60",
							"from": [ 0.0, 2.8332, 0.0 ], 
							"to": [ 1.5, 3.5832, 3.0 ], 
							"rotationOrigin": [ 0.0, 2.8332, 0.0 ],
							"rotationX": 0.0,
							"rotationY": 0.0,
							"rotationZ": 0.0,
							"faces": {
								"north": { "texture": "#0", "uv": [ 2.0, 11.5, 3.5, 12.0 ], "windMode": [6,6,6,6] },
								"east": { "texture": "#0", "uv": [ 3.5, 2.5, 6.5, 3.0 ], "windMode": [6,6,6,6] },
								"south": { "texture": "#2", "uv": [ 4.5, 9.0, 6.0, 9.5 ], "windMode": [6,6,6,6] },
								"west": { "texture": "#2", "uv": [ 5.5, 11.0, 8.5, 11.5 ], "windMode": [6,6,6,6] },
								"up": { "texture": "#2", "uv": [ 8.5, 10.5, 10.0, 13.5 ], "windMode": [6,6,6,6] },
								"down": { "texture": "#0", "uv": [ 4.5, 10.0, 6.0, 13.0 ], "windMode": [6,6,6,6] }
							}
						},
						{
							"name": "Thatching59",
							"from": [ 0.0, 1.419, 0.0 ], 
							"to": [ 1.5, 2.869, 4.0 ], 
							"rotationOrigin": [ 0.0, 1.419, 0.0 ],
							"rotationX": 0.0,
							"rotationY": 0.0,
							"rotationZ": 0.0,
							"faces": {
								"north": { "texture": "#0", "uv": [ 5.5, 10.0, 7.0, 11.0 ], "windMode": [6,6,6,6] },
								"east": { "texture": "#0", "uv": [ 11.0, 3.0, 15.0, 4.0 ], "windMode": [6,6,6,6] },
								"south": { "texture": "#2", "uv": [ 5.5, 0.5, 7.0, 1.5 ], "windMode": [6,6,6,6] },
								"west": { "texture": "#2", "uv": [ 1.5, 12.0, 5.5, 13.0 ], "windMode": [6,6,6,6] },
								"up": { "texture": "#2", "uv": [ 9.5, 2.5, 11.0, 6.5 ], "windMode": [6,6,6,6] },
								"down": { "texture": "#0", "uv": [ 12.0, 4.0, 13.5, 8.0 ], "windMode": [6,6,6,6] }
							}
						},
						{
							"name": "Thatching57",
							"from": [ 0.0, -1.4094, 0.0 ], 
							"to": [ 1.5, 0.0406, 6.0 ], 
							"rotationOrigin": [ 0.0, -1.4094, 0.0 ],
							"rotationX": 0.0,
							"rotationY": 0.0,
							"rotationZ": 0.0,
							"faces": {
								"north": { "texture": "#0", "uv": [ 10.0, 4.0, 11.5, 5.0 ], "windMode": [6,6,6,6] },
								"east": { "texture": "#0", "uv": [ 8.5, 6.0, 14.5, 7.0 ], "windMode": [6,6,6,6] },
								"south": { "texture": "#2", "uv": [ 6.0, 6.0, 7.5, 7.0 ], "windMode": [6,6,6,6] },
								"west": { "texture": "#2", "uv": [ 6.5, 5.0, 12.5, 6.0 ], "windMode": [6,6,6,6] },
								"up": { "texture": "#2", "uv": [ 8.5, 8.5, 10.0, 14.5 ], "windMode": [6,6,6,6] },
								"down": { "texture": "#0", "uv": [ 7.5, 1.5, 9.0, 7.5 ], "windMode": [6,6,6,6] }
							}
						},
						{
							"name": "Thatching55",
							"from": [ 0.0, -4.2379, 0.0 ], 
							"to": [ 1.5, -2.7879, 8.0 ], 
							"rotationOrigin": [ 0.0, -4.2379, 0.0 ],
							"rotationX": 0.0,
							"rotationY": 0.0,
							"rotationZ": 0.0,
							"faces": {
								"north": { "texture": "#0", "uv": [ 4.5, 11.5, 6.0, 12.5 ], "windMode": [6,6,6,6] },
								"east": { "texture": "#0", "uv": [ 2.5, 1.5, 10.5, 2.5 ], "windMode": [6,6,6,6] },
								"south": { "texture": "#2", "uv": [ 9.0, 6.5, 10.5, 7.5 ], "windMode": [6,6,6,6] },
								"west": { "texture": "#2", "uv": [ 6.0, 1.0, 14.0, 2.0 ], "windMode": [6,6,6,6] },
								"up": { "texture": "#2", "uv": [ 7.0, 3.0, 8.5, 11.0 ], "windMode": [6,6,6,6] },
								"down": { "texture": "#0", "uv": [ 3.0, 6.0, 4.5, 14.0 ], "windMode": [6,6,6,6] }
							}
						},
						{
							"name": "Thatching48",
							"from": [ 0.0, -14.1374, 0.0 ], 
							"to": [ 1.5, -12.6874, 15.0 ], 
							"rotationOrigin": [ 0.0, -14.1374, 0.0 ],
							"rotationX": 0.0,
							"rotationY": 0.0,
							"rotationZ": 0.0,
							"faces": {
								"north": { "texture": "#0", "uv": [ 10.0, 11.0, 11.5, 12.0 ], "windMode": [6,6,6,6] },
								"east": { "texture": "#0", "uv": [ 0.0, 10.5, 15.0, 11.5 ], "windMode": [6,6,6,6] },
								"south": { "texture": "#2", "uv": [ 9.5, 9.0, 11.0, 10.0 ], "windMode": [6,6,6,6] },
								"west": { "texture": "#2", "uv": [ 0.5, 4.5, 15.5, 5.5 ], "windMode": [6,6,6,6] },
								"up": { "texture": "#2", "uv": [ 12.0, 1.0, 13.5, 16.0 ], "windMode": [6,6,6,6] },
								"down": { "texture": "#0", "uv": [ 3.0, 0.5, 4.5, 15.5 ], "windMode": [6,6,6,6] }
							}
						},
						{
							"name": "Thatching47",
							"from": [ 0.0, -15.5516, 0.0 ], 
							"to": [ 1.5, -14.1016, 16.0 ], 
							"rotationOrigin": [ 0.0, -15.5516, 0.0 ],
							"rotationX": 0.0,
							"rotationY": 0.0,
							"rotationZ": 0.0,
							"faces": {
								"north": { "texture": "#0", "uv": [ 11.0, 9.5, 12.5, 10.5 ], "windMode": [6,6,6,6] },
								"east": { "texture": "#0", "uv": [ 0.0, 2.0, 16.0, 3.0 ], "windMode": [6,6,6,6] },
								"south": { "texture": "#2", "uv": [ 10.5, 13.5, 12.0, 14.5 ], "windMode": [6,6,6,6] },
								"west": { "texture": "#2", "uv": [ 0.0, 2.0, 16.0, 3.0 ], "windMode": [6,6,6,6] },
								"up": { "texture": "#2", "uv": [ 12.0, 0.0, 13.5, 16.0 ], "windMode": [6,6,6,6] },
								"down": { "texture": "#0", "uv": [ 3.5, 0.0, 5.0, 16.0 ], "windMode": [6,6,6,6] }
							}
						}
					]
				},
				{
					"name": "Stitches42",
					"from": [ -13.5, -12.0, 13.5 ], 
					"to": [ -9.0, -10.5, 15.0 ], 
					"rotationOrigin": [ -13.5, -13.0, 13.0 ],
					"rotationX": 0.0,
					"rotationY": -45.0,
					"rotationZ": 0.0,
					"faces": {
						"north": { "texture": "#0", "uv": [ 1.0, 5.5, 1.5, 6.0 ], "autoUv": false, "windMode": [6,6,6,6] },
						"east": { "texture": "#0", "uv": [ 1.0, 5.5, 1.5, 6.0 ], "autoUv": false, "windMode": [6,6,6,6] },
						"south": { "texture": "#2", "uv": [ 1.0, 5.5, 5.5, 7.0 ], "windMode": [6,6,6,6] },
						"west": { "texture": "#0", "uv": [ 1.0, 5.5, 1.5, 6.0 ], "autoUv": false, "windMode": [6,6,6,6] },
						"up": { "texture": "#2", "uv": [ 1.0, 5.5, 1.5, 6.0 ], "autoUv": false, "windMode": [6,6,6,6] },
						"down": { "texture": "#0", "uv": [ 9.0, 2.0, 9.5, 2.5 ], "autoUv": false, "windMode": [6,6,6,6] }
					},
					"children": [
						{
							"name": "Cube54",
							"from": [ 0.0, 12.5, -18.5 ], 
							"to": [ 4.5, 14.0, -17.0 ], 
							"rotationOrigin": [ -0.4, 13.3, -20.0 ],
							"rotationX": 0.0,
							"rotationY": 0.0,
							"rotationZ": 0.0,
							"faces": {
								"north": { "texture": "#0", "uv": [ 1.0, 5.5, 1.5, 6.0 ], "autoUv": false, "windMode": [6,6,6,6] },
								"east": { "texture": "#0", "uv": [ 1.0, 5.5, 1.5, 6.0 ], "autoUv": false, "windMode": [6,6,6,6] },
								"south": { "texture": "#2", "uv": [ 1.0, 5.5, 5.5, 7.0 ], "windMode": [6,6,6,6] },
								"west": { "texture": "#0", "uv": [ 1.0, 5.5, 1.5, 6.0 ], "autoUv": false, "windMode": [6,6,6,6] },
								"up": { "texture": "#2", "uv": [ 1.0, 5.5, 5.5, 7.0 ], "windMode": [6,6,6,6] },
								"down": { "texture": "#0", "uv": [ 9.0, 2.0, 9.5, 2.5 ], "autoUv": false, "windMode": [6,6,6,6] }
							}
						},
						{
							"name": "Cube44",
							"from": [ 0.0, 2.1, -3.8431 ], 
							"to": [ 4.5, 3.6, -2.3431 ], 
							"rotationOrigin": [ -0.4, 1.3, -4.3431 ],
							"rotationX": 0.0,
							"rotationY": 0.0,
							"rotationZ": 0.0,
							"faces": {
								"north": { "texture": "#0", "uv": [ 1.0, 6.5, 1.5, 7.0 ], "autoUv": false, "windMode": [6,6,6,6] },
								"east": { "texture": "#0", "uv": [ 1.0, 6.5, 1.5, 7.0 ], "autoUv": false, "windMode": [6,6,6,6] },
								"south": { "texture": "#2", "uv": [ 1.0, 6.5, 5.5, 8.0 ], "windMode": [6,6,6,6] },
								"west": { "texture": "#0", "uv": [ 1.0, 6.5, 1.5, 7.0 ], "autoUv": false, "windMode": [6,6,6,6] },
								"up": { "texture": "#2", "uv": [ 1.0, 6.5, 5.5, 8.0 ], "windMode": [6,6,6,6] },
								"down": { "texture": "#0", "uv": [ 9.0, 2.0, 9.5, 2.5 ], "autoUv": false, "windMode": [6,6,6,6] }
							}
						},
						{
							"name": "Cube52",
							"from": [ 0.0, 10.1, -15.0 ], 
							"to": [ 4.5, 11.6, -13.5 ], 
							"rotationOrigin": [ -0.4, 9.3, -16.0 ],
							"rotationX": 0.0,
							"rotationY": 0.0,
							"rotationZ": 0.0,
							"faces": {
								"north": { "texture": "#0", "uv": [ 1.0, 6.5, 1.5, 7.0 ], "autoUv": false, "windMode": [6,6,6,6] },
								"east": { "texture": "#0", "uv": [ 1.0, 6.5, 1.5, 7.0 ], "autoUv": false, "windMode": [6,6,6,6] },
								"south": { "texture": "#2", "uv": [ 1.0, 6.5, 5.5, 8.0 ], "windMode": [6,6,6,6] },
								"west": { "texture": "#0", "uv": [ 1.0, 6.5, 1.5, 7.0 ], "autoUv": false, "windMode": [6,6,6,6] },
								"up": { "texture": "#2", "uv": [ 1.0, 6.5, 5.5, 8.0 ], "windMode": [6,6,6,6] },
								"down": { "texture": "#0", "uv": [ 9.0, 2.0, 9.5, 2.5 ], "autoUv": false, "windMode": [6,6,6,6] }
							}
						},
						{
							"name": "Cube50",
							"from": [ 0.0, 7.3, -11.2 ], 
							"to": [ 4.5, 8.8, -9.7 ], 
							"rotationOrigin": [ -0.4, 6.3, -12.0 ],
							"rotationX": 0.0,
							"rotationY": 0.0,
							"rotationZ": 0.0,
							"faces": {
								"north": { "texture": "#0", "uv": [ 1.0, 6.5, 1.5, 7.0 ], "autoUv": false, "windMode": [6,6,6,6] },
								"east": { "texture": "#0", "uv": [ 1.0, 6.5, 1.5, 7.0 ], "autoUv": false, "windMode": [6,6,6,6] },
								"south": { "texture": "#2", "uv": [ 1.0, 6.5, 5.5, 8.0 ], "windMode": [6,6,6,6] },
								"west": { "texture": "#0", "uv": [ 1.0, 6.5, 1.5, 7.0 ], "autoUv": false, "windMode": [6,6,6,6] },
								"up": { "texture": "#2", "uv": [ 1.0, 6.5, 5.5, 8.0 ], "windMode": [6,6,6,6] },
								"down": { "texture": "#0", "uv": [ 9.0, 2.0, 9.5, 2.5 ], "autoUv": false, "windMode": [6,6,6,6] }
							}
						},
						{
							"name": "Cube48",
							"from": [ 0.0, 4.9, -7.5 ], 
							"to": [ 4.5, 6.4, -6.0 ], 
							"rotationOrigin": [ -0.4, 4.3, -8.0 ],
							"rotationX": 0.0,
							"rotationY": 0.0,
							"rotationZ": 0.0,
							"faces": {
								"north": { "texture": "#0", "uv": [ 1.0, 6.5, 1.5, 7.0 ], "autoUv": false, "windMode": [6,6,6,6] },
								"east": { "texture": "#0", "uv": [ 1.0, 6.5, 1.5, 7.0 ], "autoUv": false, "windMode": [6,6,6,6] },
								"south": { "texture": "#2", "uv": [ 1.0, 6.5, 5.5, 8.0 ], "windMode": [6,6,6,6] },
								"west": { "texture": "#0", "uv": [ 1.0, 6.5, 1.5, 7.0 ], "autoUv": false, "windMode": [6,6,6,6] },
								"up": { "texture": "#2", "uv": [ 1.0, 6.5, 5.5, 8.0 ], "windMode": [6,6,6,6] },
								"down": { "texture": "#0", "uv": [ 9.0, 2.0, 9.5, 2.5 ], "autoUv": false, "windMode": [6,6,6,6] }
							}
						},
						{
							"name": "Stitch39",
							"from": [ 4.9097, -3.35, -4.0678 ], 
							"to": [ 6.9097, 2.25, -1.5678 ], 
							"rotationOrigin": [ 5.3997, -0.3535, -3.5714 ],
							"rotationX": -54.736,
							"rotationY": 30.0,
							"rotationZ": 35.264,
							"faces": {
								"north": { "texture": "#0", "uv": [ 2.0, 7.0, 2.5, 7.5 ], "autoUv": false, "windMode": [6,6,6,6] },
								"east": { "texture": "#0", "uv": [ 2.0, 7.25, 2.25, 7.5 ], "rotation": 270, "autoUv": false, "windMode": [6,6,6,6] },
								"south": { "texture": "#2", "uv": [ 2.0, 7.5, 4.0, 13.0 ], "rotation": 180, "windMode": [6,6,6,6] },
								"west": { "texture": "#0", "uv": [ 2.0, 7.25, 2.25, 7.5 ], "rotation": 90, "autoUv": false, "windMode": [6,6,6,6] },
								"up": { "texture": "#0", "uv": [ 2.0, 7.25, 2.25, 7.5 ], "rotation": 180, "autoUv": false, "windMode": [6,6,6,6] },
								"down": { "texture": "#0", "uv": [ 2.0, 7.25, 2.25, 7.5 ], "autoUv": false, "windMode": [6,6,6,6] }
							},
							"children": [
								{
									"name": "Stitch6",
									"from": [ 5.0, -0.0035, 0.0 ], 
									"to": [ 7.0, 5.5965, 2.5 ], 
									"rotationOrigin": [ 5.0, 2.9965, 0.5 ],
									"faces": {
										"north": { "texture": "#0", "uv": [ 2.0, 7.0, 2.5, 7.5 ], "autoUv": false, "windMode": [6,6,6,6] },
										"east": { "texture": "#0", "uv": [ 2.0, 7.25, 2.25, 7.5 ], "rotation": 270, "autoUv": false, "windMode": [6,6,6,6] },
										"south": { "texture": "#2", "uv": [ 2.0, 7.5, 4.0, 13.0 ], "rotation": 180, "windMode": [6,6,6,6] },
										"west": { "texture": "#0", "uv": [ 2.0, 7.25, 2.25, 7.5 ], "rotation": 90, "autoUv": false, "windMode": [6,6,6,6] },
										"up": { "texture": "#0", "uv": [ 2.0, 7.25, 2.25, 7.5 ], "rotation": 180, "autoUv": false, "windMode": [6,6,6,6] },
										"down": { "texture": "#0", "uv": [ 2.0, 7.25, 2.25, 7.5 ], "autoUv": false, "windMode": [6,6,6,6] }
									}
								},
								{
									"name": "Stitch41",
									"from": [ -6.149, 3.9979, -3.5015 ], 
									"to": [ -3.649, 9.5979, -1.5015 ], 
									"rotationOrigin": [ -4.149, 6.9979, -3.5015 ],
									"rotationX": 45.0,
									"rotationY": 0.0,
									"rotationZ": -45.0,
									"faces": {
										"north": { "texture": "#0", "uv": [ 2.0, 7.0, 2.5, 7.5 ], "autoUv": false, "windMode": [6,6,6,6] },
										"east": { "texture": "#0", "uv": [ 2.0, 7.25, 2.25, 7.5 ], "rotation": 270, "autoUv": false, "windMode": [6,6,6,6] },
										"south": { "texture": "#0", "uv": [ 2.0, 7.0, 2.5, 7.5 ], "rotation": 180, "autoUv": false, "windMode": [6,6,6,6] },
										"west": { "texture": "#2", "uv": [ 2.0, 7.5, 7.5, 9.5 ], "rotation": 90, "windMode": [6,6,6,6] },
										"up": { "texture": "#0", "uv": [ 2.0, 7.25, 2.25, 7.5 ], "rotation": 180, "autoUv": false, "windMode": [6,6,6,6] },
										"down": { "texture": "#0", "uv": [ 2.0, 7.25, 2.25, 7.5 ], "autoUv": false, "windMode": [6,6,6,6] }
									}
								},
								{
									"name": "Stitch40",
									"from": [ -6.15, 7.5352, -7.0388 ], 
									"to": [ -3.65, 13.1352, -5.0388 ], 
									"rotationOrigin": [ -4.1464, 10.5317, -7.0388 ],
									"rotationX": 45.0,
									"rotationY": 0.0,
									"rotationZ": -45.0,
									"faces": {
										"north": { "texture": "#0", "uv": [ 2.0, 7.0, 2.5, 7.5 ], "autoUv": false, "windMode": [6,6,6,6] },
										"east": { "texture": "#0", "uv": [ 2.0, 7.25, 2.25, 7.5 ], "rotation": 270, "autoUv": false, "windMode": [6,6,6,6] },
										"south": { "texture": "#0", "uv": [ 2.0, 7.0, 2.5, 7.5 ], "rotation": 180, "autoUv": false, "windMode": [6,6,6,6] },
										"west": { "texture": "#2", "uv": [ 2.0, 7.5, 7.5, 9.5 ], "rotation": 90, "windMode": [6,6,6,6] },
										"up": { "texture": "#0", "uv": [ 2.0, 7.25, 2.25, 7.5 ], "rotation": 180, "autoUv": false, "windMode": [6,6,6,6] },
										"down": { "texture": "#0", "uv": [ 2.0, 7.25, 2.25, 7.5 ], "autoUv": false, "windMode": [6,6,6,6] }
									}
								}
							]
						}
					]
				}
			]
		}
	]}