[
	{
		"code": "dye-orange-alum",
		"ingredients": [
			{ "type": "item", "code": "game:dilutedalumportion", "litres": 2 },
			{ "type": "item", "code": "em:powdered-ore-bauxite", "quantity": 1 }
		],
		"output": { "type": "item", "code": "game:dye-orange", "litres": 2 }
	},
	{
		"code": "dye-orange-cassiterite",
		"ingredients": [
			{ "type": "item", "code": "game:dilutedcassiteriteportion", "litres": 2 },
			{ "type": "item", "code": "em:powdered-ore-bauxite", "quantity": 1 }
		],
		"output": { "type": "item", "code": "game:dye-orange", "litres": 2 }
	},
	{
		"code": "dye-orange-chromite",
		"ingredients": [
			{ "type": "item", "code": "game:dilutedchromiteportion", "litres": 2 },
			{ "type": "item", "code": "em:powdered-ore-bauxite", "quantity": 1 }
		],
		"output": { "type": "item", "code": "game:dye-orange", "litres": 2 }
	},
	{
		"code": "dye-orange-yellow",
		"sealHours": 8,
		"ingredients": [
			{ "type": "item", "code": "game:dye-yellow", "litres": 8 },
			{ "type": "item", "code": "em:powdered-ore-bauxite", "quantity": 1 }
		],
		"output": { "type": "item", "code": "game:dye-orange", "litres": 8 }
	},
	{
		"code": "dye-orange-yellow",
		"sealHours": 8,
		"ingredients": [
			{ "type": "item", "code": "game:dye-yellow", "litres": 8 },
			{ "type": "item", "code": "em:powdered-ore-hematite", "quantity": 1 }
		],
		"output": { "type": "item", "code": "game:dye-orange", "litres": 8 }
	},
	{
		"code": "dye-orange-yellow",
		"sealHours": 8,
		"ingredients": [
			{ "type": "item", "code": "game:dye-yellow", "litres": 8 },
			{ "type": "item", "code": "em:powdered-ore-litharge", "quantity": 1 }
		],
		"output": { "type": "item", "code": "game:dye-orange", "litres": 8 }
	},
	{
		"code": "dye-orange-yellow",
		"sealHours": 8,
		"ingredients": [
			{ "type": "item", "code": "game:dye-yellow", "litres": 8 },
			{ "type": "item", "code": "em:powdered-ore-cinnabar", "quantity": 1 }
		],
		"output": { "type": "item", "code": "game:dye-orange", "litres": 8 }
	}
]
