{
  "code": "langstrothbase",
  "class": "langstrothbase",
  "storageFlags": 2,
  "maxstacksize": 1,
  "attributes": {
    handbook: {
			groupBy: ["langstgrothbase-ebony-baldcypress-east"],
      "excludeByType": {
				    "*-ebony-baldcypress-east": false,
				    "*": true
			},
      "extraSections": [
        {
          "title": "fromgoldencombs:block-handbooktitle-langstrothbase",
          "text": "fromgoldencombs:block-handbooktext-langstrothbase"
        }
      ],
      "groupedName": ["langstrothbase-aged-aged-east" ]
    }
  },
  "creativeinventory": { "general": ["langstrothbase-*-east"] },
  "variantgroups": [
    { "code": "primary", "states": ["aged"], "loadFromProperties": "block/wood" },
    { "code": "accent", "states": ["aged"], "loadFromProperties": "block/wood" },
    { "code": "side", "loadFromProperties": "abstract/horizontalorientation"}
  ],
  "behaviors": [{
        "name": "HorizontalOrientable",
        "properties": { "dropBlockFace": "east" }
    },
    { "name": "Unstable" }
  ],
  
  "heldTpIdleAnimation": "holdbothhandslarge",
  "heldTpUseAnimation": "twohandplaceblock",
  "textures": {		
      "primary": { "base": "game:block/wood/debarked/{primary}" },
			"accent": { "base": "game:block/wood/debarked/{accent}" }
	},
  "shapeByType": {
  "*-north": {
     "base": "block/hive/langstroth/langstrothbase",
     "rotateY": 0
     },
     "*-east": {
     "base": "block/hive/langstroth/langstrothbase",
     "rotateY": 270
     },
     "*-south": {
        "base": "block/hive/langstroth/langstrothbase",
        "rotateY": 180
     },
     "*-west": {
     "base": "block/hive/langstroth/langstrothbase",
     "rotateY": 90
     }
  },
  "lightAbsorption": 0,
  "sideopaque": { "all": false },
  "sidesolid": { "all": false },
  "blockmaterial": "Ceramic",
  "sounds": {
      "place": "game:block/planks"
    },
  "groundTransform": {
      "scale": 4
    },
  	"fpHandTransform": {
		"translation": { "x": 0,"y": 0.65,"z": 0 },
		"rotation": { "x": 26,"y": -46,"z": -2 },
		"origin": { "x": 1.7,"y": 0.1,"z": 0.3 },
		"scale": 3.04
	},

  "collisionboxesByType": {
      "*": [
        { "x1": 0.062, "y1": 0.0126, "z1": 0.156, "x2": 0.9254, "y2": 0.3624, "z2": 0.845, "rotateYByType": { "*-north": 0, "*-east": 270, "*-south": 180, "*-west*": 90}}
      ]
    },
  "selectionboxesByType": {
      "*": [
        { "x1": 0.062, "y1": 0.0126, "z1": 0.156, "x2": 0.9254, "y2": 0.3624, "z2": 0.845, "rotateYByType": { "*-north": 0, "*-east": 270, "*-south": 180, "*-west*": 90}}
        ]
    }

}

	