{
	"editor": {
		"allAngles": true,
		"entityTextureMode": false
	},
	"textureWidth": 16,
	"textureHeight": 16,
	"textureSizes": {
	},
	"textures": {
		"metal": "game:block/metal/ingot/lead"
	},
	"elements": [
		{
			"name": "Base_part",
			"from": [ 5.0, 0.0, 5.0 ], 
			"to": [ 9.0, 2.0, 8.0 ], 
			"faces": {
				"north": { "texture": "#metal", "uv": [ 1.0, 2.5, 5.0, 4.5 ] },
				"east": { "texture": "#metal", "uv": [ 5.5, 5.5, 8.5, 7.5 ] },
				"south": { "texture": "#metal", "uv": [ 8.5, 3.0, 12.5, 5.0 ] },
				"west": { "texture": "#metal", "uv": [ 10.0, 7.0, 13.0, 9.0 ] },
				"up": { "texture": "#metal", "uv": [ 7.0, 8.5, 11.0, 11.5 ] },
				"down": { "texture": "#metal", "uv": [ 8.0, 3.0, 12.0, 6.0 ] }
			},
			"children": [
				{
					"name": "Fragment1",
					"from": [ 0.0, 1.01, 3.85 ], 
					"to": [ 8.0, 2.01, 4.85 ], 
					"rotationOrigin": [ 0.0, 0.0, 4.0 ],
					"rotationX": 51.0,
					"rotationY": 3.0,
					"faces": {
						"north": { "texture": "#metal", "uv": [ 7.5, 12.5, 15.5, 13.5 ] },
						"east": { "texture": "#metal", "uv": [ 7.0, 8.0, 8.0, 9.0 ] },
						"south": { "texture": "#metal", "uv": [ 1.5, 3.0, 9.5, 4.0 ] },
						"west": { "texture": "#metal", "uv": [ 6.5, 6.0, 7.5, 7.0 ] },
						"up": { "texture": "#metal", "uv": [ 4.0, 4.5, 12.0, 5.5 ] },
						"down": { "texture": "#metal", "uv": [ 2.5, 6.5, 10.5, 7.5 ] }
					}
				},
				{
					"name": "Fragment2",
					"from": [ 7.0, 0.0, 3.0 ], 
					"to": [ 9.0, 0.75, 5.0 ], 
					"rotationOrigin": [ 7.0, 0.0, 3.0 ],
					"rotationY": -119.0,
					"faces": {
						"north": { "texture": "#metal", "uv": [ 0.0, 0.0, 2.0, 0.5 ] },
						"east": { "texture": "#metal", "uv": [ 0.0, 0.0, 2.0, 0.5 ] },
						"south": { "texture": "#metal", "uv": [ 0.0, 0.0, 2.0, 0.5 ] },
						"west": { "texture": "#metal", "uv": [ 0.0, 0.0, 2.0, 0.5 ] },
						"up": { "texture": "#metal", "uv": [ 0.0, 0.0, 2.0, 2.0 ] },
						"down": { "texture": "#metal", "uv": [ 0.0, 0.0, 2.0, 2.0 ] }
					}
				},
				{
					"name": "Fragment3",
					"from": [ -0.45, 0.0, 6.0 ], 
					"to": [ 0.8, 1.25, 7.25 ], 
					"rotationOrigin": [ 0.0, 0.0, 7.0 ],
					"rotationY": 69.0,
					"faces": {
						"north": { "texture": "#metal", "uv": [ 0.0, 0.0, 1.0, 1.0 ] },
						"east": { "texture": "#metal", "uv": [ 0.0, 0.0, 1.0, 1.0 ] },
						"south": { "texture": "#metal", "uv": [ 0.0, 0.0, 1.0, 1.0 ] },
						"west": { "texture": "#metal", "uv": [ 0.0, 0.0, 1.0, 1.0 ] },
						"up": { "texture": "#metal", "uv": [ 0.0, 0.0, 1.0, 1.0 ] },
						"down": { "texture": "#metal", "uv": [ 0.0, 0.0, 1.0, 1.0 ] }
					}
				},
				{
					"name": "Fragment4",
					"from": [ 4.6, 0.8, -0.7 ], 
					"to": [ 6.35, 2.55, 5.3 ], 
					"rotationOrigin": [ 5.1, 2.3, 0.3 ],
					"rotationX": -14.0,
					"rotationZ": -25.0,
					"faces": {
						"north": { "texture": "#metal", "uv": [ 9.5, 3.5, 11.0, 5.0 ] },
						"east": { "texture": "#metal", "uv": [ 5.5, 5.5, 11.5, 7.0 ] },
						"south": { "texture": "#metal", "uv": [ 8.5, 9.5, 10.0, 11.0 ] },
						"west": { "texture": "#metal", "uv": [ 5.0, 7.0, 11.0, 8.5 ] },
						"up": { "texture": "#metal", "uv": [ 12.0, 5.5, 13.5, 11.5 ] },
						"down": { "texture": "#metal", "uv": [ 1.0, 5.5, 2.5, 11.5 ] }
					}
				},
				{
					"name": "Fragment5",
					"from": [ -1.0, 0.0, -3.0 ], 
					"to": [ -0.5, 0.5, 0.5 ], 
					"rotationOrigin": [ -1.0, 0.0, -1.0 ],
					"rotationY": -53.0,
					"faces": {
						"north": { "texture": "#metal", "uv": [ 3.5, 3.0, 4.0, 3.5 ] },
						"east": { "texture": "#metal", "uv": [ 7.5, 5.0, 11.0, 5.5 ] },
						"south": { "texture": "#metal", "uv": [ 4.5, 4.5, 5.0, 5.0 ] },
						"west": { "texture": "#metal", "uv": [ 7.0, 7.0, 10.5, 7.5 ] },
						"up": { "texture": "#metal", "uv": [ 6.5, 9.0, 7.0, 12.5 ] },
						"down": { "texture": "#metal", "uv": [ 6.0, 6.5, 6.5, 10.0 ] }
					}
				},
				{
					"name": "Fragment7",
					"from": [ 3.0, 0.0, -3.0 ], 
					"to": [ 3.5, 0.5, 0.5 ], 
					"rotationOrigin": [ 3.0, 0.0, -1.0 ],
					"rotationY": 77.0,
					"faces": {
						"north": { "texture": "#metal", "uv": [ 0.0, 0.0, 0.5, 0.5 ] },
						"east": { "texture": "#metal", "uv": [ 0.0, 0.0, 3.5, 0.5 ] },
						"south": { "texture": "#metal", "uv": [ 0.0, 0.0, 0.5, 0.5 ] },
						"west": { "texture": "#metal", "uv": [ 0.0, 0.0, 3.5, 0.5 ] },
						"up": { "texture": "#metal", "uv": [ 0.0, 0.0, 0.5, 3.5 ] },
						"down": { "texture": "#metal", "uv": [ 0.0, 0.0, 0.5, 3.5 ] }
					}
				},
				{
					"name": "Fragment8",
					"from": [ 1.0, 2.0, 1.0 ], 
					"to": [ 2.0, 3.0, 2.0 ], 
					"rotationOrigin": [ 1.0, 2.0, 1.0 ],
					"rotationY": 11.0,
					"faces": {
						"north": { "texture": "#metal", "uv": [ 0.0, 0.0, 1.0, 1.0 ] },
						"east": { "texture": "#metal", "uv": [ 0.0, 0.0, 1.0, 1.0 ] },
						"south": { "texture": "#metal", "uv": [ 0.0, 0.0, 1.0, 1.0 ] },
						"west": { "texture": "#metal", "uv": [ 0.0, 0.0, 1.0, 1.0 ] },
						"up": { "texture": "#metal", "uv": [ 0.0, 0.0, 1.0, 1.0 ] },
						"down": { "texture": "#metal", "uv": [ 0.0, 0.0, 1.0, 1.0 ] }
					}
				},
				{
					"name": "Fragment9",
					"from": [ 5.8, 0.0, 1.0 ], 
					"to": [ 6.8, 1.0, 2.0 ], 
					"rotationOrigin": [ 5.8, 0.0, 1.0 ],
					"rotationY": 8.0,
					"faces": {
						"north": { "texture": "#metal", "uv": [ 0.0, 0.0, 1.0, 1.0 ] },
						"east": { "texture": "#metal", "uv": [ 0.0, 0.0, 1.0, 1.0 ] },
						"south": { "texture": "#metal", "uv": [ 0.0, 0.0, 1.0, 1.0 ] },
						"west": { "texture": "#metal", "uv": [ 0.0, 0.0, 1.0, 1.0 ] },
						"up": { "texture": "#metal", "uv": [ 0.0, 0.0, 1.0, 1.0 ] },
						"down": { "texture": "#metal", "uv": [ 0.0, 0.0, 1.0, 1.0 ] }
					}
				},
				{
					"name": "Fragment10",
					"from": [ 0.0, 0.0, 2.75 ], 
					"to": [ 1.0, 1.0, 3.75 ], 
					"rotationOrigin": [ 0.0, 1.0, 4.0 ],
					"rotationY": -44.0,
					"faces": {
						"north": { "texture": "#metal", "uv": [ 0.0, 0.0, 1.0, 1.0 ] },
						"east": { "texture": "#metal", "uv": [ 0.0, 0.0, 1.0, 1.0 ] },
						"south": { "texture": "#metal", "uv": [ 0.0, 0.0, 1.0, 1.0 ] },
						"west": { "texture": "#metal", "uv": [ 0.0, 0.0, 1.0, 1.0 ] },
						"up": { "texture": "#metal", "uv": [ 0.0, 0.0, 1.0, 1.0 ] },
						"down": { "texture": "#metal", "uv": [ 0.0, 0.0, 1.0, 1.0 ] }
					}
				},
				{
					"name": "Fragment11",
					"from": [ 1.0, 0.0, 6.0 ], 
					"to": [ 1.5, 0.5, 9.5 ], 
					"rotationOrigin": [ 0.0, 0.0, 5.0 ],
					"rotationY": 174.0,
					"faces": {
						"north": { "texture": "#metal", "uv": [ 0.0, 0.0, 0.5, 0.5 ] },
						"east": { "texture": "#metal", "uv": [ 5.5, 3.5, 9.0, 4.0 ] },
						"south": { "texture": "#metal", "uv": [ 0.0, 0.0, 0.5, 0.5 ] },
						"west": { "texture": "#metal", "uv": [ 4.5, 6.0, 8.0, 6.5 ] },
						"up": { "texture": "#metal", "uv": [ 6.5, 9.0, 7.0, 12.5 ] },
						"down": { "texture": "#metal", "uv": [ 4.5, 5.5, 5.0, 9.0 ] }
					}
				},
				{
					"name": "Fragment12",
					"from": [ 2.5, 0.0, 3.15 ], 
					"to": [ 3.5, 1.0, 4.15 ], 
					"rotationOrigin": [ 3.0, 2.0, 3.0 ],
					"rotationY": 11.0,
					"faces": {
						"north": { "texture": "#metal", "uv": [ 0.0, 0.0, 1.0, 1.0 ] },
						"east": { "texture": "#metal", "uv": [ 0.0, 0.0, 1.0, 1.0 ] },
						"south": { "texture": "#metal", "uv": [ 0.0, 0.0, 1.0, 1.0 ] },
						"west": { "texture": "#metal", "uv": [ 0.0, 0.0, 1.0, 1.0 ] },
						"up": { "texture": "#metal", "uv": [ 0.0, 0.0, 1.0, 1.0 ] },
						"down": { "texture": "#metal", "uv": [ 0.0, 0.0, 1.0, 1.0 ] }
					}
				},
				{
					"name": "Fragment13",
					"from": [ 0.4, 0.0, -1.0 ], 
					"to": [ 1.4, 1.0, 0.0 ], 
					"rotationOrigin": [ 1.4, 2.0, -1.0 ],
					"rotationY": -13.0,
					"faces": {
						"north": { "texture": "#metal", "uv": [ 0.0, 0.0, 1.0, 1.0 ] },
						"east": { "texture": "#metal", "uv": [ 0.0, 0.0, 1.0, 1.0 ] },
						"south": { "texture": "#metal", "uv": [ 0.0, 0.0, 1.0, 1.0 ] },
						"west": { "texture": "#metal", "uv": [ 0.0, 0.0, 1.0, 1.0 ] },
						"up": { "texture": "#metal", "uv": [ 0.0, 0.0, 1.0, 1.0 ] },
						"down": { "texture": "#metal", "uv": [ 0.0, 0.0, 1.0, 1.0 ] }
					}
				}
			]
		}
	]}