{
	"editor": {
		"allAngles": false,
		"entityTextureMode": false
	},
	"textureWidth": 32,
	"textureHeight": 32,
	"textureSizes": {
	},
	"textures": {
	},
	"elements": [
		{
			"name": "plaque",
			"from": [ 2.0, 2.0, -0.94 ], 
			"to": [ 8.75, 8.75, 2.16 ], 
			"rotationOrigin": [ 8.5625, 2.75, -0.75 ],
			"rotationZ": -45.0,
			"faces": {
				"north": { "texture": "#plaque", "uv": [ 0.0, 0.5, 6.5, 7.0 ] },
				"east": { "texture": "#plaque", "uv": [ 0.0, 0.5, 3.0, 7.0 ] },
				"south": { "texture": "#plaque", "uv": [ 0.0, 0.5, 6.5, 7.0 ] },
				"west": { "texture": "#plaque", "uv": [ 0.0, 0.5, 3.0, 7.0 ] },
				"up": { "texture": "#plaque", "uv": [ 0.0, 0.5, 6.5, 3.5 ] },
				"down": { "texture": "#plaque", "uv": [ 0.0, 5.5, 6.5, 8.5 ] }
			},
			"children": [
				{
					"name": "plaque2",
					"from": [ -0.0693, -0.1055, 0.0225 ], 
					"to": [ 4.6557, 5.2195, 3.0225 ], 
					"rotationOrigin": [ -0.1443, 0.0445, 0.0 ],
					"rotationZ": 45.0,
					"faces": {
						"north": { "texture": "#plaque", "uv": [ 10.0, 6.0, 16.0, 13.0 ] },
						"east": { "texture": "#plaque", "uv": [ 11.5, 6.0, 15.5, 13.0 ] },
						"south": { "texture": "#plaque", "uv": [ 10.0, 6.0, 16.0, 13.0 ] },
						"west": { "texture": "#plaque", "uv": [ 11.5, 6.0, 15.5, 13.0 ] },
						"up": { "texture": "#plaque", "uv": [ 4.5, 6.0, 10.5, 10.0 ] },
						"down": { "texture": "#plaque", "uv": [ 4.0, 6.0, 10.0, 10.0 ] }
					}
				},
				{
					"name": "plaque3",
					"from": [ 0.6807, 5.2195, 0.0225 ], 
					"to": [ 8.7807, 5.9695, 3.0225 ], 
					"rotationOrigin": [ -0.1443, 0.0445, 0.0 ],
					"rotationZ": 45.0,
					"faces": {
						"north": { "texture": "#plaque", "uv": [ 3.0, 2.5, 13.5, 3.5 ] },
						"east": { "texture": "#plaque", "uv": [ 8.0, 4.0, 12.0, 5.0 ] },
						"south": { "texture": "#plaque", "uv": [ 2.5, 3.0, 13.0, 4.0 ] },
						"west": { "texture": "#plaque", "uv": [ 3.5, 1.5, 7.5, 2.5 ] },
						"up": { "texture": "#plaque", "uv": [ 2.5, 6.0, 13.0, 10.0 ] },
						"down": { "texture": "#plaque", "uv": [ 3.5, 0.5, 14.0, 4.5 ], "enabled": false }
					}
				},
				{
					"name": "plaque4",
					"from": [ 0.9004, 5.7498, 0.0225 ], 
					"to": [ 7.5004, 6.4998, 3.0225 ], 
					"rotationOrigin": [ -0.6746, 0.5748, 0.0 ],
					"rotationZ": 45.0,
					"faces": {
						"north": { "texture": "#plaque", "uv": [ 7.0, 6.0, 15.5, 7.0 ] },
						"east": { "texture": "#plaque", "uv": [ 9.5, 2.5, 13.5, 3.5 ] },
						"south": { "texture": "#plaque", "uv": [ 6.0, 1.5, 14.5, 2.5 ] },
						"west": { "texture": "#plaque", "uv": [ 3.0, 2.5, 7.0, 3.5 ] },
						"up": { "texture": "#plaque", "uv": [ 6.0, 0.5, 14.5, 4.5 ] },
						"down": { "texture": "#plaque", "uv": [ 0.0, 3.0, 8.5, 7.0 ], "enabled": false }
					}
				},
				{
					"name": "plaque5",
					"from": [ 1.8, 6.8638, 0.0225 ], 
					"to": [ 6.675, 12.1138, 3.0225 ], 
					"rotationOrigin": [ 6.75, 6.9388, 0.0 ],
					"rotationZ": 45.0,
					"faces": {
						"north": { "texture": "#plaque", "uv": [ 9.5, 6.0, 16.0, 13.0 ] },
						"east": { "texture": "#plaque", "uv": [ 11.5, 6.0, 15.5, 13.0 ] },
						"south": { "texture": "#plaque", "uv": [ 9.5, 6.0, 16.0, 13.0 ] },
						"west": { "texture": "#plaque", "uv": [ 11.5, 6.0, 15.5, 13.0 ] },
						"up": { "texture": "#plaque", "uv": [ 1.5, 6.0, 8.0, 10.0 ] },
						"down": { "texture": "#plaque", "uv": [ 1.0, 6.0, 7.5, 10.0 ] }
					}
				},
				{
					"name": "R_Antler_Base",
					"from": [ 0.7, 1.4, 1.0 ], 
					"to": [ 2.875, 4.4, 2.875 ], 
					"rotationOrigin": [ 2.0794, 3.4096, 2.2631 ],
					"rotationX": -78.0,
					"rotationY": 24.0,
					"rotationZ": 112.5,
					"faces": {
						"north": { "texture": "#gemsbok", "uv": [ 24.5, 29.0, 27.5, 31.0 ], "rotation": 90 },
						"east": { "texture": "#gemsbok", "uv": [ 24.5, 29.0, 27.5, 30.5 ], "rotation": 90 },
						"south": { "texture": "#gemsbok", "uv": [ 25.0, 29.0, 28.0, 31.0 ], "rotation": 270 },
						"west": { "texture": "#gemsbok", "uv": [ 25.0, 28.5, 28.0, 30.0 ], "rotation": 90 },
						"up": { "texture": "#gemsbok", "uv": [ 26.0, 29.0, 27.5, 31.0 ], "rotation": 90 },
						"down": { "texture": "#gemsbok", "uv": [ 9.5, 5.5, 11.0, 7.5 ], "rotation": 270, "enabled": false }
					},
					"children": [
						{
							"name": "R_Ant11",
							"from": [ 0.375, -1.125, 0.375 ], 
							"to": [ 1.8, 7.925, 1.5 ], 
							"rotationOrigin": [ 1.0875, 2.4, 0.9375 ],
							"faces": {
								"north": { "texture": "#gemsbok", "uv": [ 4.0, 30.5, 13.0, 31.5 ], "rotation": 90 },
								"east": { "texture": "#gemsbok", "uv": [ 3.5, 30.5, 12.5, 31.5 ], "rotation": 90 },
								"south": { "texture": "#gemsbok", "uv": [ 3.5, 30.0, 12.5, 31.0 ], "rotation": 90 },
								"west": { "texture": "#gemsbok", "uv": [ 4.5, 30.5, 13.5, 31.5 ], "rotation": 90 },
								"up": { "texture": "#gemsbok", "uv": [ 10.0, 29.5, 11.0, 30.5 ] },
								"down": { "texture": "#gemsbok", "uv": [ 9.5, 8.0, 10.5, 9.0 ], "rotation": 180, "enabled": false }
							},
							"children": [
								{
									"name": "R_Ant12",
									"from": [ 0.375, 8.98, 0.375 ], 
									"to": [ 1.425, 15.155, 1.125 ], 
									"rotationOrigin": [ 0.9, 9.875, 0.75 ],
									"faces": {
										"north": { "texture": "#gemsbok", "uv": [ 4.5, 29.5, 10.5, 30.5 ], "rotation": 270 },
										"east": { "texture": "#gemsbok", "uv": [ 4.5, 30.5, 10.5, 31.0 ], "rotation": 270 },
										"south": { "texture": "#gemsbok", "uv": [ 5.0, 29.5, 11.0, 30.5 ], "rotation": 270 },
										"west": { "texture": "#gemsbok", "uv": [ 4.0, 30.5, 10.0, 31.0 ], "rotation": 270 },
										"up": { "texture": "#gemsbok", "uv": [ 7.5, 30.5, 8.5, 31.0 ], "rotation": 180 },
										"down": { "texture": "#gemsbok", "uv": [ 10.0, 8.0, 11.0, 8.5 ], "enabled": false }
									}
								},
								{
									"name": "R_Ant28",
									"from": [ 0.7, 15.1, 0.5 ], 
									"to": [ 1.4, 19.28, 1.0 ], 
									"rotationOrigin": [ 0.9, 7.875, 0.75 ],
									"faces": {
										"north": { "texture": "#gemsbok", "uv": [ 6.0, 29.5, 10.0, 30.0 ], "rotation": 270 },
										"east": { "texture": "#gemsbok", "uv": [ 3.5, 28.5, 7.5, 29.0 ], "rotation": 270 },
										"south": { "texture": "#gemsbok", "uv": [ 4.5, 29.0, 8.5, 29.5 ], "rotation": 270 },
										"west": { "texture": "#gemsbok", "uv": [ 5.5, 29.5, 9.5, 30.0 ], "rotation": 270 },
										"up": { "texture": "#gemsbok", "uv": [ 8.0, 30.0, 8.5, 30.5 ], "rotation": 180 },
										"down": { "texture": "#gemsbok", "uv": [ 10.0, 8.0, 10.5, 8.5 ], "enabled": false }
									}
								},
								{
									"name": "L_Antler_Base",
									"from": [ -0.3676, 0.1463, 2.0607 ], 
									"to": [ 1.8074, 3.1463, 3.9357 ], 
									"rotationOrigin": [ 0.7199, 1.9367, 2.9982 ],
									"rotationX": 43.78,
									"rotationY": 0.316,
									"rotationZ": -0.127,
									"faces": {
										"north": { "texture": "#gemsbok", "uv": [ 25.5, 29.0, 28.5, 31.0 ], "rotation": 90 },
										"east": { "texture": "#gemsbok", "uv": [ 25.0, 29.0, 28.0, 30.5 ], "rotation": 90 },
										"south": { "texture": "#gemsbok", "uv": [ 25.0, 29.0, 28.0, 31.0 ], "rotation": 90 },
										"west": { "texture": "#gemsbok", "uv": [ 25.0, 29.0, 28.0, 30.5 ], "rotation": 90 },
										"up": { "texture": "#gemsbok", "uv": [ 25.0, 29.0, 27.0, 30.5 ] },
										"down": { "texture": "#gemsbok", "uv": [ 15.0, 7.5, 16.5, 9.5 ], "rotation": 270, "enabled": false }
									},
									"children": [
										{
											"name": "L_Ant11",
											"from": [ 0.375, -1.125, 0.375 ], 
											"to": [ 1.8, 7.925, 1.5 ], 
											"rotationOrigin": [ 1.0875, 2.4, 0.9375 ],
											"faces": {
												"north": { "texture": "#gemsbok", "uv": [ 4.0, 30.0, 13.0, 31.0 ], "rotation": 90 },
												"east": { "texture": "#gemsbok", "uv": [ 4.5, 30.0, 13.5, 31.0 ], "rotation": 90 },
												"south": { "texture": "#gemsbok", "uv": [ 4.0, 30.5, 13.0, 31.5 ], "rotation": 90 },
												"west": { "texture": "#gemsbok", "uv": [ 5.0, 31.0, 14.0, 32.0 ], "rotation": 90 },
												"up": { "texture": "#gemsbok", "uv": [ 11.0, 30.5, 12.0, 31.5 ] },
												"down": { "texture": "#gemsbok", "uv": [ 10.0, 29.5, 11.0, 30.5 ], "rotation": 180, "enabled": false }
											},
											"children": [
												{
													"name": "L_Ant12",
													"from": [ 0.375, 8.97, 0.0 ], 
													"to": [ 1.425, 15.145, 0.75 ], 
													"rotationOrigin": [ 0.9, 9.875, 0.375 ],
													"faces": {
														"north": { "texture": "#gemsbok", "uv": [ 4.0, 30.5, 10.0, 31.5 ], "rotation": 270 },
														"east": { "texture": "#gemsbok", "uv": [ 4.5, 30.0, 10.5, 30.5 ], "rotation": 270 },
														"south": { "texture": "#gemsbok", "uv": [ 5.5, 30.5, 11.5, 31.5 ], "rotation": 270 },
														"west": { "texture": "#gemsbok", "uv": [ 7.5, 30.5, 13.5, 31.0 ], "rotation": 270 },
														"up": { "texture": "#gemsbok", "uv": [ 9.5, 30.5, 10.5, 31.0 ], "rotation": 180 },
														"down": { "texture": "#gemsbok", "uv": [ 8.0, 30.5, 9.0, 31.0 ], "enabled": false }
													}
												},
												{
													"name": "L_Ant27",
													"from": [ 0.7, 15.1, 0.13 ], 
													"to": [ 1.4, 19.275, 0.63 ], 
													"rotationOrigin": [ 0.9, 15.875, 0.375 ],
													"faces": {
														"north": { "texture": "#gemsbok", "uv": [ 3.0, 29.0, 7.0, 29.5 ], "rotation": 270 },
														"east": { "texture": "#gemsbok", "uv": [ 4.0, 29.5, 8.0, 30.0 ], "rotation": 270 },
														"south": { "texture": "#gemsbok", "uv": [ 6.0, 31.0, 10.0, 31.5 ], "rotation": 270 },
														"west": { "texture": "#gemsbok", "uv": [ 4.5, 30.0, 8.5, 30.5 ], "rotation": 270 },
														"up": { "texture": "#gemsbok", "uv": [ 6.0, 29.5, 6.5, 30.0 ], "rotation": 180 },
														"down": { "texture": "#gemsbok", "uv": [ 10.0, 8.0, 10.5, 8.5 ], "enabled": false }
													}
												}
											]
										}
									]
								}
							]
						}
					]
				}
			]
		}
	],
	"animations": [
		{
			"name": "Walk",
			"code": "walk",
			"quantityframes": 90,
			"onActivityStopped": "EaseOut",
			"onAnimationEnd": "Repeat",
			"keyframes": [

			]
		},

		{
			"name": "Run",
			"code": "run",
			"quantityframes": 40,
			"onActivityStopped": "EaseOut",
			"onAnimationEnd": "Repeat",
			"keyframes": [

			]
		},

		{
			"name": "Look",
			"code": "look",
			"quantityframes": 160,
			"onActivityStopped": "EaseOut",
			"onAnimationEnd": "Stop",
			"keyframes": [

			]
		},

		{
			"name": "Idle",
			"code": "idle",
			"quantityframes": 80,
			"onActivityStopped": "EaseOut",
			"onAnimationEnd": "Repeat",
			"keyframes": [

			]
		},

		{
			"name": "Death",
			"code": "death",
			"quantityframes": 120,
			"onActivityStopped": "Stop",
			"onAnimationEnd": "Hold",
			"keyframes": [

			]
		},

		{
			"name": "Attack",
			"code": "attack",
			"quantityframes": 75,
			"onActivityStopped": "PlayTillEnd",
			"onAnimationEnd": "Stop",
			"keyframes": [

			]
		},

		{
			"name": "Eat",
			"code": "eat",
			"quantityframes": 120,
			"onActivityStopped": "Stop",
			"onAnimationEnd": "Stop",
			"keyframes": [

			]
		},

		{
			"name": "Hurt",
			"code": "hurt",
			"quantityframes": 30,
			"onActivityStopped": "PlayTillEnd",
			"onAnimationEnd": "Stop",
			"keyframes": [

			]
		},

		{
			"name": "Sit",
			"code": "sit",
			"quantityframes": 30,
			"onActivityStopped": "EaseOut",
			"onAnimationEnd": "Repeat",
			"keyframes": [

			]
		},

		{
			"name": "Sleep",
			"code": "sleep",
			"quantityframes": 30,
			"onActivityStopped": "EaseOut",
			"onAnimationEnd": "Repeat",
			"keyframes": [

			]
		}
	]
}