{
	"editor": {
		"allAngles": false,
		"entityTextureMode": false
	},
	"textureWidth": 16,
	"textureHeight": 16,
	"textureSizes": {
	},
	"textures": {
	},
	"elements": [
		{
			"name": "Element",
			"from": [ 14.0, 0.0, 14.0 ], 
			"to": [ 15.0, 3.0, 15.0 ], 
			"rotationOrigin": [ 9.0, 0.0, 8.0 ],
			"faces": {
				"north": { "texture": "#woodtex", "uv": [ 2.5, 2.5, 3.5, 5.5 ] },
				"east": { "texture": "#null", "uv": [ 0.0, 0.0, 1.0, 3.0 ], "enabled": false },
				"south": { "texture": "#woodtex", "uv": [ 7.0, 2.5, 8.0, 5.5 ] },
				"west": { "texture": "#woodtex", "uv": [ 3.0, 2.5, 4.0, 5.5 ] },
				"up": { "texture": "#null", "uv": [ 0.0, 0.0, 1.0, 1.0 ], "enabled": false },
				"down": { "texture": "#woodtex", "uv": [ 12.5, 5.0, 13.5, 6.0 ] }
			}
		},
		{
			"name": "Element",
			"from": [ 14.5, 6.0, 10.0 ], 
			"to": [ 15.5, 7.0, 13.0 ], 
			"rotationOrigin": [ 9.0, 0.0, 8.0 ],
			"faces": {
				"north": { "texture": "#wickertex", "uv": [ 2.5, 6.5, 3.5, 7.5 ] },
				"east": { "texture": "#wickertex", "uv": [ 9.0, 3.5, 12.0, 4.5 ] },
				"south": { "texture": "#wickertex", "uv": [ 8.5, 8.0, 9.5, 9.0 ] },
				"west": { "texture": "#wickertex", "uv": [ 4.0, 8.5, 7.0, 9.5 ] },
				"up": { "texture": "#wickertex", "uv": [ 6.5, 7.0, 9.5, 8.0 ], "rotation": 90 },
				"down": { "texture": "#wickertex", "uv": [ 1.0, 9.5, 4.0, 10.5 ], "rotation": 90 }
			}
		},
		{
			"name": "Element",
			"from": [ 14.5, 7.0, 6.0 ], 
			"to": [ 15.5, 8.0, 10.0 ], 
			"rotationOrigin": [ 9.0, 0.0, 8.0 ],
			"faces": {
				"north": { "texture": "#wickertex", "uv": [ 7.0, 6.0, 8.0, 7.0 ] },
				"east": { "texture": "#wickertex", "uv": [ 1.5, 6.0, 5.5, 7.0 ] },
				"south": { "texture": "#wickertex", "uv": [ 3.5, 7.0, 4.5, 8.0 ] },
				"west": { "texture": "#wickertex", "uv": [ 10.0, 4.0, 14.0, 5.0 ] },
				"up": { "texture": "#wickertex", "uv": [ 1.0, 3.5, 5.0, 4.5 ], "rotation": 90 },
				"down": { "texture": "#wickertex", "uv": [ 5.0, 5.5, 9.0, 6.5 ], "rotation": 90 }
			}
		},
		{
			"name": "Element",
			"from": [ 14.5, 6.0, 3.0 ], 
			"to": [ 15.5, 7.0, 6.0 ], 
			"rotationOrigin": [ 9.0, 0.0, 8.0 ],
			"faces": {
				"north": { "texture": "#wickertex", "uv": [ 0.0, 0.0, 1.0, 1.0 ] },
				"east": { "texture": "#wickertex", "uv": [ 2.5, 8.0, 5.5, 9.0 ] },
				"south": { "texture": "#wickertex", "uv": [ 3.0, 8.5, 4.0, 9.5 ] },
				"west": { "texture": "#wickertex", "uv": [ 11.0, 2.5, 14.0, 3.5 ] },
				"up": { "texture": "#wickertex", "uv": [ 2.0, 5.0, 5.0, 6.0 ], "rotation": 90 },
				"down": { "texture": "#wickertex", "uv": [ 13.0, 6.5, 16.0, 7.5 ], "rotation": 90 }
			}
		},
		{
			"name": "Element",
			"from": [ 14.5, 8.0, 2.5 ], 
			"to": [ 15.5, 9.0, 5.5 ], 
			"rotationOrigin": [ 9.0, 0.0, 8.0 ],
			"faces": {
				"north": { "texture": "#wickertex", "uv": [ 5.5, 4.0, 6.5, 5.0 ] },
				"east": { "texture": "#wickertex", "uv": [ 2.5, 4.5, 5.5, 5.5 ] },
				"south": { "texture": "#wickertex", "uv": [ 3.5, 6.5, 4.5, 7.5 ] },
				"west": { "texture": "#wickertex", "uv": [ 1.0, 6.0, 4.0, 7.0 ] },
				"up": { "texture": "#wickertex", "uv": [ 2.0, 1.5, 5.0, 2.5 ], "rotation": 90 },
				"down": { "texture": "#wickertex", "uv": [ 6.0, 4.5, 9.0, 5.5 ], "rotation": 90 }
			}
		},
		{
			"name": "Element",
			"from": [ 14.5, 8.0, 5.5 ], 
			"to": [ 15.5, 13.0, 6.5 ], 
			"rotationOrigin": [ 9.0, 0.0, 8.0 ],
			"faces": {
				"north": { "texture": "#wickertex", "uv": [ 4.0, 3.0, 5.0, 8.0 ] },
				"east": { "texture": "#wickertex", "uv": [ 3.5, 3.5, 4.5, 8.5 ] },
				"south": { "texture": "#wickertex", "uv": [ 4.0, 3.0, 5.0, 8.0 ] },
				"west": { "texture": "#wickertex", "uv": [ 4.0, 5.0, 5.0, 10.0 ] },
				"up": { "texture": "#wickertex", "uv": [ 3.0, 6.0, 4.0, 7.0 ] },
				"down": { "texture": "#wickertex", "uv": [ 6.0, 2.0, 7.0, 3.0 ] }
			}
		},
		{
			"name": "Element",
			"from": [ 14.5, 8.0, 10.5 ], 
			"to": [ 15.5, 9.0, 13.5 ], 
			"rotationOrigin": [ 9.0, 0.0, 8.0 ],
			"faces": {
				"north": { "texture": "#wickertex", "uv": [ 3.5, 9.0, 4.5, 10.0 ] },
				"east": { "texture": "#wickertex", "uv": [ 1.5, 7.5, 4.5, 8.5 ] },
				"south": { "texture": "#wickertex", "uv": [ 10.0, 9.0, 11.0, 10.0 ] },
				"west": { "texture": "#wickertex", "uv": [ 9.0, 10.5, 12.0, 11.5 ] },
				"up": { "texture": "#wickertex", "uv": [ 6.5, 4.5, 9.5, 5.5 ], "rotation": 90 },
				"down": { "texture": "#wickertex", "uv": [ 2.0, 10.0, 5.0, 11.0 ], "rotation": 90 }
			}
		},
		{
			"name": "Element",
			"from": [ 14.5, 10.0, 10.5 ], 
			"to": [ 15.5, 11.0, 13.5 ], 
			"rotationOrigin": [ 9.0, 0.0, 8.0 ],
			"faces": {
				"north": { "texture": "#wickertex", "uv": [ 11.0, 8.5, 12.0, 9.5 ] },
				"east": { "texture": "#wickertex", "uv": [ 6.0, 9.5, 9.0, 10.5 ] },
				"south": { "texture": "#wickertex", "uv": [ 9.5, 8.0, 10.5, 9.0 ] },
				"west": { "texture": "#wickertex", "uv": [ 2.0, 13.0, 5.0, 14.0 ] },
				"up": { "texture": "#wickertex", "uv": [ 7.0, 4.5, 10.0, 5.5 ], "rotation": 90 },
				"down": { "texture": "#wickertex", "uv": [ 6.0, 5.0, 9.0, 6.0 ], "rotation": 90 }
			}
		},
		{
			"name": "Element",
			"from": [ 14.5, 10.0, 2.5 ], 
			"to": [ 15.5, 11.0, 5.5 ], 
			"rotationOrigin": [ 9.0, 0.0, 8.0 ],
			"faces": {
				"north": { "texture": "#wickertex", "uv": [ 9.0, 8.5, 10.0, 9.5 ] },
				"east": { "texture": "#wickertex", "uv": [ 2.5, 4.5, 5.5, 5.5 ] },
				"south": { "texture": "#wickertex", "uv": [ 6.0, 6.0, 7.0, 7.0 ] },
				"west": { "texture": "#wickertex", "uv": [ 4.0, 5.5, 7.0, 6.5 ] },
				"up": { "texture": "#wickertex", "uv": [ 5.0, 5.0, 8.0, 6.0 ], "rotation": 90 },
				"down": { "texture": "#wickertex", "uv": [ 9.5, 4.5, 12.5, 5.5 ], "rotation": 90 }
			}
		},
		{
			"name": "Element",
			"from": [ 14.5, 8.0, 9.5 ], 
			"to": [ 15.5, 13.0, 10.5 ], 
			"rotationOrigin": [ 9.0, 0.0, 8.0 ],
			"faces": {
				"north": { "texture": "#wickertex", "uv": [ 4.0, 3.5, 5.0, 8.5 ] },
				"east": { "texture": "#wickertex", "uv": [ 3.5, 3.5, 4.5, 8.5 ] },
				"south": { "texture": "#wickertex", "uv": [ 3.0, 3.5, 4.0, 8.5 ] },
				"west": { "texture": "#wickertex", "uv": [ 4.0, 5.5, 5.0, 10.5 ] },
				"up": { "texture": "#wickertex", "uv": [ 15.0, 7.0, 16.0, 8.0 ] },
				"down": { "texture": "#wickertex", "uv": [ 13.0, 11.0, 14.0, 12.0 ] }
			}
		},
		{
			"name": "Element",
			"from": [ 14.5, 12.0, 2.5 ], 
			"to": [ 15.5, 13.0, 5.5 ], 
			"rotationOrigin": [ 9.0, 0.0, 8.0 ],
			"faces": {
				"north": { "texture": "#wickertex", "uv": [ 1.5, 5.0, 2.5, 6.0 ] },
				"east": { "texture": "#wickertex", "uv": [ 3.0, 5.5, 6.0, 6.5 ] },
				"south": { "texture": "#wickertex", "uv": [ 13.0, 4.5, 14.0, 5.5 ] },
				"west": { "texture": "#wickertex", "uv": [ 3.0, 9.0, 6.0, 10.0 ] },
				"up": { "texture": "#wickertex", "uv": [ 4.0, 2.5, 7.0, 3.5 ], "rotation": 90 },
				"down": { "texture": "#wickertex", "uv": [ 3.5, 2.5, 6.5, 3.5 ], "rotation": 90 }
			}
		},
		{
			"name": "Element",
			"from": [ 14.5, 13.0, 6.0 ], 
			"to": [ 15.5, 14.0, 10.0 ], 
			"rotationOrigin": [ 9.0, 0.0, 8.0 ],
			"faces": {
				"north": { "texture": "#wickertex", "uv": [ 0.0, 0.0, 1.0, 1.0 ] },
				"east": { "texture": "#wickertex", "uv": [ 8.0, 4.0, 12.0, 5.0 ] },
				"south": { "texture": "#wickertex", "uv": [ 8.0, 4.5, 9.0, 5.5 ] },
				"west": { "texture": "#wickertex", "uv": [ 8.5, 5.0, 12.5, 6.0 ] },
				"up": { "texture": "#wickertex", "uv": [ 8.5, 4.5, 12.5, 5.5 ], "rotation": 90 },
				"down": { "texture": "#wickertex", "uv": [ 9.0, 4.5, 13.0, 5.5 ], "rotation": 90 }
			}
		},
		{
			"name": "Element",
			"from": [ 14.5, 14.0, 3.0 ], 
			"to": [ 15.5, 15.0, 6.0 ], 
			"rotationOrigin": [ 9.0, 0.0, 8.0 ],
			"faces": {
				"north": { "texture": "#wickertex", "uv": [ 11.0, 6.0, 12.0, 7.0 ] },
				"east": { "texture": "#wickertex", "uv": [ 1.5, 6.5, 4.5, 7.5 ] },
				"south": { "texture": "#wickertex", "uv": [ 3.0, 5.0, 4.0, 6.0 ] },
				"west": { "texture": "#wickertex", "uv": [ 8.5, 8.0, 11.5, 9.0 ] },
				"up": { "texture": "#wickertex", "uv": [ 5.0, 5.0, 8.0, 6.0 ], "rotation": 90 },
				"down": { "texture": "#wickertex", "uv": [ 3.5, 3.5, 6.5, 4.5 ], "rotation": 90 }
			}
		},
		{
			"name": "Element",
			"from": [ 14.5, 14.0, 10.0 ], 
			"to": [ 15.5, 15.0, 13.0 ], 
			"rotationOrigin": [ 9.0, 0.0, 8.0 ],
			"faces": {
				"north": { "texture": "#wickertex", "uv": [ 3.5, 5.5, 4.5, 6.5 ] },
				"east": { "texture": "#wickertex", "uv": [ 2.0, 7.0, 5.0, 8.0 ] },
				"south": { "texture": "#wickertex", "uv": [ 5.5, 4.5, 6.5, 5.5 ] },
				"west": { "texture": "#wickertex", "uv": [ 3.5, 5.5, 6.5, 6.5 ] },
				"up": { "texture": "#wickertex", "uv": [ 3.5, 6.5, 6.5, 7.5 ], "rotation": 90 },
				"down": { "texture": "#wickertex", "uv": [ 4.5, 7.0, 7.5, 8.0 ], "rotation": 90 }
			}
		},
		{
			"name": "Element",
			"from": [ 14.5, 12.0, 10.5 ], 
			"to": [ 15.5, 13.0, 13.5 ], 
			"rotationOrigin": [ 9.0, 0.0, 8.0 ],
			"faces": {
				"north": { "texture": "#wickertex", "uv": [ 10.0, 6.5, 11.0, 7.5 ] },
				"east": { "texture": "#wickertex", "uv": [ 2.0, 6.0, 5.0, 7.0 ] },
				"south": { "texture": "#wickertex", "uv": [ 5.0, 6.5, 6.0, 7.5 ] },
				"west": { "texture": "#wickertex", "uv": [ 4.5, 5.5, 7.5, 6.5 ] },
				"up": { "texture": "#wickertex", "uv": [ 3.0, 4.0, 6.0, 5.0 ], "rotation": 90 },
				"down": { "texture": "#wickertex", "uv": [ 8.0, 6.0, 11.0, 7.0 ], "rotation": 90 }
			}
		},
		{
			"name": "Element",
			"from": [ 14.5, 2.0, 4.0 ], 
			"to": [ 15.5, 3.0, 5.0 ], 
			"rotationOrigin": [ 9.0, 0.0, 8.0 ],
			"faces": {
				"north": { "texture": "#woodtex", "uv": [ 6.0, 3.0, 7.0, 4.0 ] },
				"east": { "texture": "#woodtex", "uv": [ 5.0, 2.5, 6.0, 3.5 ] },
				"south": { "texture": "#woodtex", "uv": [ 7.0, 4.5, 8.0, 5.5 ] },
				"west": { "texture": "#woodtex", "uv": [ 4.5, 5.0, 5.5, 6.0 ] },
				"up": { "texture": "#null", "uv": [ 0.0, 0.0, 1.0, 1.0 ], "enabled": false },
				"down": { "texture": "#woodtex", "uv": [ 8.0, 5.0, 9.0, 6.0 ] }
			}
		},
		{
			"name": "Element",
			"from": [ 14.5, 2.0, 11.0 ], 
			"to": [ 15.5, 3.0, 12.0 ], 
			"rotationOrigin": [ 9.0, 0.0, 8.0 ],
			"faces": {
				"north": { "texture": "#woodtex", "uv": [ 6.0, 3.0, 7.0, 4.0 ] },
				"east": { "texture": "#woodtex", "uv": [ 5.0, 2.5, 6.0, 3.5 ] },
				"south": { "texture": "#null", "uv": [ 0.0, 0.0, 1.0, 1.0 ], "enabled": false },
				"west": { "texture": "#woodtex", "uv": [ 4.5, 5.0, 5.5, 6.0 ] },
				"up": { "texture": "#null", "uv": [ 0.0, 0.0, 1.0, 1.0 ], "enabled": false },
				"down": { "texture": "#woodtex", "uv": [ 8.0, 5.0, 9.0, 6.0 ] }
			}
		},
		{
			"name": "Element",
			"from": [ 14.5, 1.0, 3.0 ], 
			"to": [ 15.5, 3.0, 4.0 ], 
			"rotationOrigin": [ 9.0, 0.0, 8.0 ],
			"faces": {
				"north": { "texture": "#woodtex", "uv": [ 6.0, 2.0, 7.0, 4.0 ] },
				"east": { "texture": "#woodtex", "uv": [ 8.0, 3.0, 9.0, 5.0 ] },
				"south": { "texture": "#woodtex", "uv": [ 5.0, 3.5, 6.0, 5.5 ] },
				"west": { "texture": "#woodtex", "uv": [ 7.0, 4.0, 8.0, 6.0 ] },
				"up": { "texture": "#null", "uv": [ 0.0, 0.0, 1.0, 1.0 ], "enabled": false },
				"down": { "texture": "#woodtex", "uv": [ 14.0, 5.0, 15.0, 6.0 ] }
			}
		},
		{
			"name": "Element",
			"from": [ 14.5, 1.0, 12.0 ], 
			"to": [ 15.5, 3.0, 13.0 ], 
			"rotationOrigin": [ 9.0, 0.0, 8.0 ],
			"faces": {
				"north": { "texture": "#woodtex", "uv": [ 6.0, 2.0, 7.0, 4.0 ] },
				"east": { "texture": "#woodtex", "uv": [ 8.0, 3.0, 9.0, 5.0 ] },
				"south": { "texture": "#woodtex", "uv": [ 3.0, 4.0, 4.0, 6.0 ] },
				"west": { "texture": "#woodtex", "uv": [ 7.5, 4.0, 8.5, 6.0 ] },
				"up": { "texture": "#null", "uv": [ 0.0, 0.0, 1.0, 1.0 ], "enabled": false },
				"down": { "texture": "#woodtex", "uv": [ 14.0, 5.0, 15.0, 6.0 ] }
			}
		},
		{
			"name": "Element",
			"from": [ 15.0, 0.0, 1.0 ], 
			"to": [ 16.0, 3.0, 3.0 ], 
			"rotationOrigin": [ 9.0, 0.0, 8.0 ],
			"faces": {
				"north": { "texture": "#woodtex", "uv": [ 7.0, 2.5, 8.0, 5.5 ] },
				"east": { "texture": "#woodtex", "uv": [ 5.5, 2.5, 7.5, 5.5 ] },
				"south": { "texture": "#woodtex", "uv": [ 4.0, 2.5, 5.0, 5.5 ] },
				"west": { "texture": "#woodtex", "uv": [ 5.0, 3.0, 7.0, 6.0 ] },
				"up": { "texture": "#null", "uv": [ 0.0, 0.0, 1.0, 2.0 ], "enabled": false },
				"down": { "texture": "#woodtex", "uv": [ 14.0, 5.0, 16.0, 6.0 ], "rotation": 90 }
			}
		},
		{
			"name": "Element",
			"from": [ 15.0, 0.0, 13.0 ], 
			"to": [ 16.0, 3.0, 15.0 ], 
			"rotationOrigin": [ 9.0, 0.0, 8.0 ],
			"faces": {
				"north": { "texture": "#woodtex", "uv": [ 4.5, 2.5, 5.5, 5.5 ] },
				"east": { "texture": "#woodtex", "uv": [ 6.0, 2.5, 8.0, 5.5 ] },
				"south": { "texture": "#woodtex", "uv": [ 5.5, 2.5, 6.5, 5.5 ] },
				"west": { "texture": "#woodtex", "uv": [ 6.5, 3.0, 8.5, 6.0 ] },
				"up": { "texture": "#null", "uv": [ 0.0, 0.0, 1.0, 2.0 ], "enabled": false },
				"down": { "texture": "#woodtex", "uv": [ 14.0, 5.0, 16.0, 6.0 ], "rotation": 90 }
			}
		},
		{
			"name": "Element",
			"from": [ 14.0, 3.0, 1.0 ], 
			"to": [ 16.0, 5.0, 15.0 ], 
			"rotationOrigin": [ 9.0, 0.0, 8.0 ],
			"faces": {
				"north": { "texture": "#woodtex", "uv": [ 0.0, 9.0, 2.0, 11.0 ] },
				"east": { "texture": "#woodtex", "uv": [ 2.0, 9.0, 16.0, 11.0 ] },
				"south": { "texture": "#woodtex", "uv": [ 14.0, 9.0, 16.0, 11.0 ] },
				"west": { "texture": "#woodtex", "uv": [ 0.0, 9.0, 14.0, 11.0 ] },
				"up": { "texture": "#woodtex", "uv": [ 0.0, 8.0, 14.0, 10.0 ], "rotation": 90 },
				"down": { "texture": "#woodtex", "uv": [ 2.0, 5.0, 16.0, 7.0 ], "rotation": 90 }
			}
		},
		{
			"name": "Element",
			"from": [ 14.0, 5.0, 1.0 ], 
			"to": [ 16.0, 15.0, 3.0 ], 
			"rotationOrigin": [ 9.0, 0.0, 8.0 ],
			"faces": {
				"north": { "texture": "#woodtex", "uv": [ 3.5, 8.0, 13.5, 10.0 ], "rotation": 90 },
				"east": { "texture": "#woodtex", "uv": [ 1.5, 13.0, 11.5, 15.0 ], "rotation": 90 },
				"south": { "texture": "#woodtex", "uv": [ 3.5, 12.5, 13.5, 14.5 ], "rotation": 90 },
				"west": { "texture": "#woodtex", "uv": [ 2.5, 12.5, 12.5, 14.5 ], "rotation": 90 },
				"up": { "texture": "#null", "uv": [ 0.0, 0.0, 2.0, 2.0 ], "enabled": false },
				"down": { "texture": "#null", "uv": [ 0.0, 0.0, 2.0, 2.0 ], "enabled": false }
			}
		},
		{
			"name": "Element",
			"from": [ 14.0, 5.0, 13.0 ], 
			"to": [ 16.0, 15.0, 15.0 ], 
			"rotationOrigin": [ 9.0, 0.0, 8.0 ],
			"faces": {
				"north": { "texture": "#woodtex", "uv": [ 1.0, 3.0, 11.0, 5.0 ], "rotation": 90 },
				"east": { "texture": "#woodtex", "uv": [ 4.0, 7.0, 14.0, 9.0 ], "rotation": 90 },
				"south": { "texture": "#woodtex", "uv": [ 1.0, 1.5, 11.0, 3.5 ], "rotation": 90 },
				"west": { "texture": "#woodtex", "uv": [ 1.0, 7.0, 11.0, 9.0 ], "rotation": 90 },
				"up": { "texture": "#null", "uv": [ 0.0, 0.0, 2.0, 2.0 ], "enabled": false },
				"down": { "texture": "#null", "uv": [ 0.0, 0.0, 2.0, 2.0 ], "enabled": false }
			}
		},
		{
			"name": "Element",
			"from": [ 14.0, 0.0, 1.0 ], 
			"to": [ 15.0, 3.0, 2.0 ], 
			"rotationOrigin": [ 9.0, 0.0, 8.0 ],
			"faces": {
				"north": { "texture": "#woodtex", "uv": [ 5.5, 2.5, 6.5, 5.5 ] },
				"east": { "texture": "#null", "uv": [ 0.0, 0.0, 1.0, 3.0 ], "enabled": false },
				"south": { "texture": "#woodtex", "uv": [ 3.0, 2.5, 4.0, 5.5 ] },
				"west": { "texture": "#woodtex", "uv": [ 3.0, 2.5, 4.0, 5.5 ] },
				"up": { "texture": "#null", "uv": [ 0.0, 0.0, 1.0, 1.0 ], "enabled": false },
				"down": { "texture": "#woodtex", "uv": [ 12.5, 5.0, 13.5, 6.0 ] }
			}
		},
		{
			"name": "Element",
			"from": [ 0.0, 15.0, 0.0 ], 
			"to": [ 16.0, 16.0, 16.0 ], 
			"rotationOrigin": [ 8.0, 0.0, 8.0 ],
			"faces": {
				"north": { "texture": "#wickertex", "uv": [ 0.0, 0.0, 16.0, 1.0 ] },
				"east": { "texture": "#wickertex", "uv": [ 0.0, 0.0, 16.0, 1.0 ] },
				"south": { "texture": "#wickertex", "uv": [ 0.0, 0.0, 16.0, 1.0 ] },
				"west": { "texture": "#wickertex", "uv": [ 0.0, 0.0, 16.0, 1.0 ] },
				"up": { "texture": "#wickertex", "uv": [ 0.0, 0.0, 16.0, 16.0 ] },
				"down": { "texture": "#wickertex", "uv": [ 0.0, 0.0, 16.0, 16.0 ] }
			}
		},
		{
			"name": "Element",
			"from": [ 16.0, 15.0, 1.0 ], 
			"to": [ 17.0, 16.0, 15.0 ], 
			"rotationOrigin": [ 24.0, 0.0, 8.0 ],
			"faces": {
				"north": { "texture": "#wickertex", "uv": [ 0.0, 0.0, 1.0, 1.0 ] },
				"east": { "texture": "#wickertex", "uv": [ 0.0, 0.0, 14.0, 1.0 ] },
				"south": { "texture": "#wickertex", "uv": [ 0.0, 0.0, 1.0, 1.0 ] },
				"west": { "texture": "#wickertex", "uv": [ 0.0, 0.0, 14.0, 1.0 ] },
				"up": { "texture": "#wickertex", "uv": [ 0.0, 0.0, 1.0, 14.0 ] },
				"down": { "texture": "#wickertex", "uv": [ 0.0, 0.0, 1.0, 14.0 ] }
			}
		},
		{
			"name": "Element",
			"from": [ -1.0, 15.0, 1.0 ], 
			"to": [ 0.0, 16.0, 15.0 ], 
			"rotationOrigin": [ 6.0, 0.0, 8.0 ],
			"faces": {
				"north": { "texture": "#wickertex", "uv": [ 0.0, 0.0, 1.0, 1.0 ] },
				"east": { "texture": "#wickertex", "uv": [ 0.0, 0.0, 14.0, 1.0 ] },
				"south": { "texture": "#wickertex", "uv": [ 0.0, 0.0, 1.0, 1.0 ] },
				"west": { "texture": "#wickertex", "uv": [ 0.0, 0.0, 14.0, 1.0 ] },
				"up": { "texture": "#wickertex", "uv": [ 0.0, 0.0, 1.0, 14.0 ] },
				"down": { "texture": "#wickertex", "uv": [ 0.0, 0.0, 1.0, 14.0 ] }
			}
		},
		{
			"name": "Element",
			"from": [ 1.0, 15.0, -1.0 ], 
			"to": [ 15.0, 16.0, 0.0 ], 
			"rotationOrigin": [ 8.0, 0.0, -8.0 ],
			"faces": {
				"north": { "texture": "#wickertex", "uv": [ 0.0, 0.0, 14.0, 1.0 ] },
				"east": { "texture": "#wickertex", "uv": [ 0.0, 0.0, 1.0, 1.0 ] },
				"south": { "texture": "#wickertex", "uv": [ 0.0, 0.0, 14.0, 1.0 ] },
				"west": { "texture": "#wickertex", "uv": [ 0.0, 0.0, 1.0, 1.0 ] },
				"up": { "texture": "#wickertex", "uv": [ 0.0, 0.0, 14.0, 1.0 ] },
				"down": { "texture": "#wickertex", "uv": [ 0.0, 0.0, 14.0, 1.0 ] }
			}
		},
		{
			"name": "Element",
			"from": [ 1.0, 15.0, 16.0 ], 
			"to": [ 15.0, 16.0, 17.0 ], 
			"rotationOrigin": [ 8.0, 0.0, 10.0 ],
			"faces": {
				"north": { "texture": "#wickertex", "uv": [ 0.0, 0.0, 14.0, 1.0 ] },
				"east": { "texture": "#wickertex", "uv": [ 0.0, 0.0, 1.0, 1.0 ] },
				"south": { "texture": "#wickertex", "uv": [ 0.0, 0.0, 14.0, 1.0 ] },
				"west": { "texture": "#wickertex", "uv": [ 0.0, 0.0, 1.0, 1.0 ] },
				"up": { "texture": "#wickertex", "uv": [ 0.0, 0.0, 14.0, 1.0 ] },
				"down": { "texture": "#wickertex", "uv": [ 0.0, 0.0, 14.0, 1.0 ] }
			}
		},
		{
			"name": "Element",
			"from": [ 1.0, 0.0, 1.0 ], 
			"to": [ 2.0, 3.0, 2.0 ], 
			"rotationOrigin": [ 7.0, 0.0, 8.0 ],
			"faces": {
				"north": { "texture": "#woodtex", "uv": [ 7.0, 2.5, 8.0, 5.5 ] },
				"east": { "texture": "#woodtex", "uv": [ 3.0, 2.5, 4.0, 5.5 ] },
				"south": { "texture": "#woodtex", "uv": [ 2.5, 2.5, 3.5, 5.5 ] },
				"west": { "texture": "#null", "uv": [ 0.0, 0.0, 1.0, 3.0 ], "enabled": false },
				"up": { "texture": "#null", "uv": [ 0.0, 0.0, 1.0, 1.0 ], "enabled": false },
				"down": { "texture": "#woodtex", "uv": [ 12.5, 5.0, 13.5, 6.0 ], "rotation": 180 }
			}
		},
		{
			"name": "Element",
			"from": [ 0.5, 6.0, 3.0 ], 
			"to": [ 1.5, 7.0, 6.0 ], 
			"rotationOrigin": [ 7.0, 0.0, 8.0 ],
			"faces": {
				"north": { "texture": "#wickertex", "uv": [ 8.5, 8.0, 9.5, 9.0 ] },
				"east": { "texture": "#wickertex", "uv": [ 4.0, 8.5, 7.0, 9.5 ] },
				"south": { "texture": "#wickertex", "uv": [ 2.5, 6.5, 3.5, 7.5 ] },
				"west": { "texture": "#wickertex", "uv": [ 9.0, 3.5, 12.0, 4.5 ] },
				"up": { "texture": "#wickertex", "uv": [ 6.5, 7.0, 9.5, 8.0 ], "rotation": 270 },
				"down": { "texture": "#wickertex", "uv": [ 1.0, 9.5, 4.0, 10.5 ], "rotation": 270 }
			}
		},
		{
			"name": "Element",
			"from": [ 0.5, 7.0, 6.0 ], 
			"to": [ 1.5, 8.0, 10.0 ], 
			"rotationOrigin": [ 7.0, 0.0, 8.0 ],
			"faces": {
				"north": { "texture": "#wickertex", "uv": [ 3.5, 7.0, 4.5, 8.0 ] },
				"east": { "texture": "#wickertex", "uv": [ 10.0, 4.0, 14.0, 5.0 ] },
				"south": { "texture": "#wickertex", "uv": [ 7.0, 6.0, 8.0, 7.0 ] },
				"west": { "texture": "#wickertex", "uv": [ 1.5, 6.0, 5.5, 7.0 ] },
				"up": { "texture": "#wickertex", "uv": [ 1.0, 3.5, 5.0, 4.5 ], "rotation": 270 },
				"down": { "texture": "#wickertex", "uv": [ 5.0, 5.5, 9.0, 6.5 ], "rotation": 270 }
			}
		},
		{
			"name": "Element",
			"from": [ 0.5, 6.0, 10.0 ], 
			"to": [ 1.5, 7.0, 13.0 ], 
			"rotationOrigin": [ 7.0, 0.0, 8.0 ],
			"faces": {
				"north": { "texture": "#wickertex", "uv": [ 3.0, 8.5, 4.0, 9.5 ] },
				"east": { "texture": "#wickertex", "uv": [ 11.0, 2.5, 14.0, 3.5 ] },
				"south": { "texture": "#wickertex", "uv": [ 0.0, 0.0, 1.0, 1.0 ] },
				"west": { "texture": "#wickertex", "uv": [ 2.5, 8.0, 5.5, 9.0 ] },
				"up": { "texture": "#wickertex", "uv": [ 2.0, 5.0, 5.0, 6.0 ], "rotation": 270 },
				"down": { "texture": "#wickertex", "uv": [ 13.0, 6.5, 16.0, 7.5 ], "rotation": 270 }
			}
		},
		{
			"name": "Element",
			"from": [ 0.5, 8.0, 10.5 ], 
			"to": [ 1.5, 9.0, 13.5 ], 
			"rotationOrigin": [ 7.0, 0.0, 8.0 ],
			"faces": {
				"north": { "texture": "#wickertex", "uv": [ 3.5, 6.5, 4.5, 7.5 ] },
				"east": { "texture": "#wickertex", "uv": [ 1.0, 6.0, 4.0, 7.0 ] },
				"south": { "texture": "#wickertex", "uv": [ 5.5, 4.0, 6.5, 5.0 ] },
				"west": { "texture": "#wickertex", "uv": [ 2.5, 4.5, 5.5, 5.5 ] },
				"up": { "texture": "#wickertex", "uv": [ 2.0, 1.5, 5.0, 2.5 ], "rotation": 270 },
				"down": { "texture": "#wickertex", "uv": [ 6.0, 4.5, 9.0, 5.5 ], "rotation": 270 }
			}
		},
		{
			"name": "Element",
			"from": [ 0.5, 8.0, 9.5 ], 
			"to": [ 1.5, 13.0, 10.5 ], 
			"rotationOrigin": [ 7.0, 0.0, 8.0 ],
			"faces": {
				"north": { "texture": "#wickertex", "uv": [ 4.0, 3.0, 5.0, 8.0 ] },
				"east": { "texture": "#wickertex", "uv": [ 4.0, 5.0, 5.0, 10.0 ] },
				"south": { "texture": "#wickertex", "uv": [ 4.0, 3.0, 5.0, 8.0 ] },
				"west": { "texture": "#wickertex", "uv": [ 3.5, 3.5, 4.5, 8.5 ] },
				"up": { "texture": "#wickertex", "uv": [ 3.0, 6.0, 4.0, 7.0 ], "rotation": 180 },
				"down": { "texture": "#wickertex", "uv": [ 6.0, 2.0, 7.0, 3.0 ], "rotation": 180 }
			}
		},
		{
			"name": "Element",
			"from": [ 0.5, 8.0, 2.5 ], 
			"to": [ 1.5, 9.0, 5.5 ], 
			"rotationOrigin": [ 7.0, 0.0, 8.0 ],
			"faces": {
				"north": { "texture": "#wickertex", "uv": [ 10.0, 9.0, 11.0, 10.0 ] },
				"east": { "texture": "#wickertex", "uv": [ 9.0, 10.5, 12.0, 11.5 ] },
				"south": { "texture": "#wickertex", "uv": [ 3.5, 9.0, 4.5, 10.0 ] },
				"west": { "texture": "#wickertex", "uv": [ 1.5, 7.5, 4.5, 8.5 ] },
				"up": { "texture": "#wickertex", "uv": [ 6.5, 4.5, 9.5, 5.5 ], "rotation": 270 },
				"down": { "texture": "#wickertex", "uv": [ 2.0, 10.0, 5.0, 11.0 ], "rotation": 270 }
			}
		},
		{
			"name": "Element",
			"from": [ 0.5, 10.0, 2.5 ], 
			"to": [ 1.5, 11.0, 5.5 ], 
			"rotationOrigin": [ 7.0, 0.0, 8.0 ],
			"faces": {
				"north": { "texture": "#wickertex", "uv": [ 9.5, 8.0, 10.5, 9.0 ] },
				"east": { "texture": "#wickertex", "uv": [ 2.0, 13.0, 5.0, 14.0 ] },
				"south": { "texture": "#wickertex", "uv": [ 11.0, 8.5, 12.0, 9.5 ] },
				"west": { "texture": "#wickertex", "uv": [ 6.0, 9.5, 9.0, 10.5 ] },
				"up": { "texture": "#wickertex", "uv": [ 7.0, 4.5, 10.0, 5.5 ], "rotation": 270 },
				"down": { "texture": "#wickertex", "uv": [ 6.0, 5.0, 9.0, 6.0 ], "rotation": 270 }
			}
		},
		{
			"name": "Element",
			"from": [ 0.5, 10.0, 10.5 ], 
			"to": [ 1.5, 11.0, 13.5 ], 
			"rotationOrigin": [ 7.0, 0.0, 8.0 ],
			"faces": {
				"north": { "texture": "#wickertex", "uv": [ 6.0, 6.0, 7.0, 7.0 ] },
				"east": { "texture": "#wickertex", "uv": [ 4.0, 5.5, 7.0, 6.5 ] },
				"south": { "texture": "#wickertex", "uv": [ 9.0, 8.5, 10.0, 9.5 ] },
				"west": { "texture": "#wickertex", "uv": [ 2.5, 4.5, 5.5, 5.5 ] },
				"up": { "texture": "#wickertex", "uv": [ 5.0, 5.0, 8.0, 6.0 ], "rotation": 270 },
				"down": { "texture": "#wickertex", "uv": [ 9.5, 4.5, 12.5, 5.5 ], "rotation": 270 }
			}
		},
		{
			"name": "Element",
			"from": [ 0.5, 8.0, 5.5 ], 
			"to": [ 1.5, 13.0, 6.5 ], 
			"rotationOrigin": [ 7.0, 0.0, 8.0 ],
			"faces": {
				"north": { "texture": "#wickertex", "uv": [ 3.0, 3.5, 4.0, 8.5 ] },
				"east": { "texture": "#wickertex", "uv": [ 4.0, 5.5, 5.0, 10.5 ] },
				"south": { "texture": "#wickertex", "uv": [ 4.0, 3.5, 5.0, 8.5 ] },
				"west": { "texture": "#wickertex", "uv": [ 3.5, 3.5, 4.5, 8.5 ] },
				"up": { "texture": "#wickertex", "uv": [ 15.0, 7.0, 16.0, 8.0 ], "rotation": 180 },
				"down": { "texture": "#wickertex", "uv": [ 13.0, 11.0, 14.0, 12.0 ], "rotation": 180 }
			}
		},
		{
			"name": "Element",
			"from": [ 0.5, 12.0, 10.5 ], 
			"to": [ 1.5, 13.0, 13.5 ], 
			"rotationOrigin": [ 7.0, 0.0, 8.0 ],
			"faces": {
				"north": { "texture": "#wickertex", "uv": [ 13.0, 4.5, 14.0, 5.5 ] },
				"east": { "texture": "#wickertex", "uv": [ 3.0, 9.0, 6.0, 10.0 ] },
				"south": { "texture": "#wickertex", "uv": [ 1.5, 5.0, 2.5, 6.0 ] },
				"west": { "texture": "#wickertex", "uv": [ 3.0, 5.5, 6.0, 6.5 ] },
				"up": { "texture": "#wickertex", "uv": [ 4.0, 2.5, 7.0, 3.5 ], "rotation": 270 },
				"down": { "texture": "#wickertex", "uv": [ 3.5, 2.5, 6.5, 3.5 ], "rotation": 270 }
			}
		},
		{
			"name": "Element",
			"from": [ 0.5, 13.0, 6.0 ], 
			"to": [ 1.5, 14.0, 10.0 ], 
			"rotationOrigin": [ 7.0, 0.0, 8.0 ],
			"faces": {
				"north": { "texture": "#wickertex", "uv": [ 8.0, 4.5, 9.0, 5.5 ] },
				"east": { "texture": "#wickertex", "uv": [ 8.5, 5.0, 12.5, 6.0 ] },
				"south": { "texture": "#wickertex", "uv": [ 0.0, 0.0, 1.0, 1.0 ] },
				"west": { "texture": "#wickertex", "uv": [ 8.0, 4.0, 12.0, 5.0 ] },
				"up": { "texture": "#wickertex", "uv": [ 8.5, 4.5, 12.5, 5.5 ], "rotation": 270 },
				"down": { "texture": "#wickertex", "uv": [ 9.0, 4.5, 13.0, 5.5 ], "rotation": 270 }
			}
		},
		{
			"name": "Element",
			"from": [ 0.5, 14.0, 10.0 ], 
			"to": [ 1.5, 15.0, 13.0 ], 
			"rotationOrigin": [ 7.0, 0.0, 8.0 ],
			"faces": {
				"north": { "texture": "#wickertex", "uv": [ 3.0, 5.0, 4.0, 6.0 ] },
				"east": { "texture": "#wickertex", "uv": [ 8.5, 8.0, 11.5, 9.0 ] },
				"south": { "texture": "#wickertex", "uv": [ 11.0, 6.0, 12.0, 7.0 ] },
				"west": { "texture": "#wickertex", "uv": [ 1.5, 6.5, 4.5, 7.5 ] },
				"up": { "texture": "#wickertex", "uv": [ 5.0, 5.0, 8.0, 6.0 ], "rotation": 270 },
				"down": { "texture": "#wickertex", "uv": [ 3.5, 3.5, 6.5, 4.5 ], "rotation": 270 }
			}
		},
		{
			"name": "Element",
			"from": [ 0.5, 14.0, 3.0 ], 
			"to": [ 1.5, 15.0, 6.0 ], 
			"rotationOrigin": [ 7.0, 0.0, 8.0 ],
			"faces": {
				"north": { "texture": "#wickertex", "uv": [ 5.5, 4.5, 6.5, 5.5 ] },
				"east": { "texture": "#wickertex", "uv": [ 3.5, 5.5, 6.5, 6.5 ] },
				"south": { "texture": "#wickertex", "uv": [ 3.5, 5.5, 4.5, 6.5 ] },
				"west": { "texture": "#wickertex", "uv": [ 2.0, 7.0, 5.0, 8.0 ] },
				"up": { "texture": "#wickertex", "uv": [ 3.5, 6.5, 6.5, 7.5 ], "rotation": 270 },
				"down": { "texture": "#wickertex", "uv": [ 4.5, 7.0, 7.5, 8.0 ], "rotation": 270 }
			}
		},
		{
			"name": "Element",
			"from": [ 0.5, 12.0, 2.5 ], 
			"to": [ 1.5, 13.0, 5.5 ], 
			"rotationOrigin": [ 7.0, 0.0, 8.0 ],
			"faces": {
				"north": { "texture": "#wickertex", "uv": [ 5.0, 6.5, 6.0, 7.5 ] },
				"east": { "texture": "#wickertex", "uv": [ 4.5, 5.5, 7.5, 6.5 ] },
				"south": { "texture": "#wickertex", "uv": [ 10.0, 6.5, 11.0, 7.5 ] },
				"west": { "texture": "#wickertex", "uv": [ 2.0, 6.0, 5.0, 7.0 ] },
				"up": { "texture": "#wickertex", "uv": [ 3.0, 4.0, 6.0, 5.0 ], "rotation": 270 },
				"down": { "texture": "#wickertex", "uv": [ 8.0, 6.0, 11.0, 7.0 ], "rotation": 270 }
			}
		},
		{
			"name": "Element",
			"from": [ 0.5, 2.0, 11.0 ], 
			"to": [ 1.5, 3.0, 12.0 ], 
			"rotationOrigin": [ 7.0, 0.0, 8.0 ],
			"faces": {
				"north": { "texture": "#woodtex", "uv": [ 7.0, 4.5, 8.0, 5.5 ] },
				"east": { "texture": "#woodtex", "uv": [ 4.5, 5.0, 5.5, 6.0 ] },
				"south": { "texture": "#woodtex", "uv": [ 6.0, 3.0, 7.0, 4.0 ] },
				"west": { "texture": "#woodtex", "uv": [ 5.0, 2.5, 6.0, 3.5 ] },
				"up": { "texture": "#null", "uv": [ 0.0, 0.0, 1.0, 1.0 ], "enabled": false },
				"down": { "texture": "#woodtex", "uv": [ 8.0, 5.0, 9.0, 6.0 ], "rotation": 180 }
			}
		},
		{
			"name": "Element",
			"from": [ 0.5, 2.0, 4.0 ], 
			"to": [ 1.5, 3.0, 5.0 ], 
			"rotationOrigin": [ 7.0, 0.0, 8.0 ],
			"faces": {
				"north": { "texture": "#null", "uv": [ 0.0, 0.0, 1.0, 1.0 ], "enabled": false },
				"east": { "texture": "#woodtex", "uv": [ 4.5, 5.0, 5.5, 6.0 ] },
				"south": { "texture": "#woodtex", "uv": [ 6.0, 3.0, 7.0, 4.0 ] },
				"west": { "texture": "#woodtex", "uv": [ 5.0, 2.5, 6.0, 3.5 ] },
				"up": { "texture": "#null", "uv": [ 0.0, 0.0, 1.0, 1.0 ], "enabled": false },
				"down": { "texture": "#woodtex", "uv": [ 8.0, 5.0, 9.0, 6.0 ], "rotation": 180 }
			}
		},
		{
			"name": "Element",
			"from": [ 0.5, 1.0, 12.0 ], 
			"to": [ 1.5, 3.0, 13.0 ], 
			"rotationOrigin": [ 7.0, 0.0, 8.0 ],
			"faces": {
				"north": { "texture": "#woodtex", "uv": [ 5.0, 3.5, 6.0, 5.5 ] },
				"east": { "texture": "#woodtex", "uv": [ 7.0, 4.0, 8.0, 6.0 ] },
				"south": { "texture": "#woodtex", "uv": [ 6.0, 2.0, 7.0, 4.0 ] },
				"west": { "texture": "#woodtex", "uv": [ 8.0, 3.0, 9.0, 5.0 ] },
				"up": { "texture": "#null", "uv": [ 0.0, 0.0, 1.0, 1.0 ], "enabled": false },
				"down": { "texture": "#woodtex", "uv": [ 14.0, 5.0, 15.0, 6.0 ], "rotation": 180 }
			}
		},
		{
			"name": "Element",
			"from": [ 0.5, 1.0, 3.0 ], 
			"to": [ 1.5, 3.0, 4.0 ], 
			"rotationOrigin": [ 7.0, 0.0, 8.0 ],
			"faces": {
				"north": { "texture": "#woodtex", "uv": [ 3.0, 4.0, 4.0, 6.0 ] },
				"east": { "texture": "#woodtex", "uv": [ 7.5, 4.0, 8.5, 6.0 ] },
				"south": { "texture": "#woodtex", "uv": [ 6.0, 2.0, 7.0, 4.0 ] },
				"west": { "texture": "#woodtex", "uv": [ 8.0, 3.0, 9.0, 5.0 ] },
				"up": { "texture": "#null", "uv": [ 0.0, 0.0, 1.0, 1.0 ], "enabled": false },
				"down": { "texture": "#woodtex", "uv": [ 14.0, 5.0, 15.0, 6.0 ], "rotation": 180 }
			}
		},
		{
			"name": "Element",
			"from": [ 0.0, 0.0, 13.0 ], 
			"to": [ 1.0, 3.0, 15.0 ], 
			"rotationOrigin": [ 7.0, 0.0, 8.0 ],
			"faces": {
				"north": { "texture": "#woodtex", "uv": [ 4.0, 2.5, 5.0, 5.5 ] },
				"east": { "texture": "#woodtex", "uv": [ 5.0, 3.0, 7.0, 6.0 ] },
				"south": { "texture": "#woodtex", "uv": [ 7.0, 2.5, 8.0, 5.5 ] },
				"west": { "texture": "#woodtex", "uv": [ 5.5, 2.5, 7.5, 5.5 ] },
				"up": { "texture": "#null", "uv": [ 0.0, 0.0, 1.0, 2.0 ], "enabled": false },
				"down": { "texture": "#woodtex", "uv": [ 14.0, 5.0, 16.0, 6.0 ], "rotation": 270 }
			}
		},
		{
			"name": "Element",
			"from": [ 0.0, 0.0, 1.0 ], 
			"to": [ 1.0, 3.0, 3.0 ], 
			"rotationOrigin": [ 7.0, 0.0, 8.0 ],
			"faces": {
				"north": { "texture": "#woodtex", "uv": [ 5.5, 2.5, 6.5, 5.5 ] },
				"east": { "texture": "#woodtex", "uv": [ 6.5, 3.0, 8.5, 6.0 ] },
				"south": { "texture": "#woodtex", "uv": [ 4.5, 2.5, 5.5, 5.5 ] },
				"west": { "texture": "#woodtex", "uv": [ 6.0, 2.5, 8.0, 5.5 ] },
				"up": { "texture": "#null", "uv": [ 0.0, 0.0, 1.0, 2.0 ], "enabled": false },
				"down": { "texture": "#woodtex", "uv": [ 14.0, 5.0, 16.0, 6.0 ], "rotation": 270 }
			}
		},
		{
			"name": "Element",
			"from": [ 1.0, 0.0, 14.0 ], 
			"to": [ 2.0, 3.0, 15.0 ], 
			"rotationOrigin": [ 8.0, 0.0, 9.0 ],
			"faces": {
				"north": { "texture": "#woodtex", "uv": [ 3.0, 2.5, 4.0, 5.5 ] },
				"east": { "texture": "#woodtex", "uv": [ 2.5, 2.5, 3.5, 5.5 ] },
				"south": { "texture": "#null", "uv": [ 0.0, 0.0, 1.0, 3.0 ], "enabled": false },
				"west": { "texture": "#woodtex", "uv": [ 7.0, 2.5, 8.0, 5.5 ] },
				"up": { "texture": "#null", "uv": [ 0.0, 0.0, 1.0, 1.0 ], "enabled": false },
				"down": { "texture": "#woodtex", "uv": [ 12.5, 5.0, 13.5, 6.0 ], "rotation": 270 }
			}
		},
		{
			"name": "Element",
			"from": [ 3.0, 6.0, 14.5 ], 
			"to": [ 6.0, 7.0, 15.5 ], 
			"rotationOrigin": [ 8.0, 0.0, 9.0 ],
			"faces": {
				"north": { "texture": "#wickertex", "uv": [ 4.0, 8.5, 7.0, 9.5 ] },
				"east": { "texture": "#wickertex", "uv": [ 2.5, 6.5, 3.5, 7.5 ] },
				"south": { "texture": "#wickertex", "uv": [ 9.0, 3.5, 12.0, 4.5 ] },
				"west": { "texture": "#wickertex", "uv": [ 8.5, 8.0, 9.5, 9.0 ] },
				"up": { "texture": "#wickertex", "uv": [ 6.5, 7.0, 9.5, 8.0 ], "rotation": 180 },
				"down": { "texture": "#wickertex", "uv": [ 1.0, 9.5, 4.0, 10.5 ] }
			}
		},
		{
			"name": "Element",
			"from": [ 6.0, 7.0, 14.5 ], 
			"to": [ 10.0, 8.0, 15.5 ], 
			"rotationOrigin": [ 8.0, 0.0, 9.0 ],
			"faces": {
				"north": { "texture": "#wickertex", "uv": [ 10.0, 4.0, 14.0, 5.0 ] },
				"east": { "texture": "#wickertex", "uv": [ 7.0, 6.0, 8.0, 7.0 ] },
				"south": { "texture": "#wickertex", "uv": [ 1.5, 6.0, 5.5, 7.0 ] },
				"west": { "texture": "#wickertex", "uv": [ 3.5, 7.0, 4.5, 8.0 ] },
				"up": { "texture": "#wickertex", "uv": [ 1.0, 3.5, 5.0, 4.5 ], "rotation": 180 },
				"down": { "texture": "#wickertex", "uv": [ 5.0, 5.5, 9.0, 6.5 ] }
			}
		},
		{
			"name": "Element",
			"from": [ 10.0, 6.0, 14.5 ], 
			"to": [ 13.0, 7.0, 15.5 ], 
			"rotationOrigin": [ 8.0, 0.0, 9.0 ],
			"faces": {
				"north": { "texture": "#wickertex", "uv": [ 11.0, 2.5, 14.0, 3.5 ] },
				"east": { "texture": "#wickertex", "uv": [ 0.0, 0.0, 1.0, 1.0 ] },
				"south": { "texture": "#wickertex", "uv": [ 2.5, 8.0, 5.5, 9.0 ] },
				"west": { "texture": "#wickertex", "uv": [ 3.0, 8.5, 4.0, 9.5 ] },
				"up": { "texture": "#wickertex", "uv": [ 2.0, 5.0, 5.0, 6.0 ], "rotation": 180 },
				"down": { "texture": "#wickertex", "uv": [ 13.0, 6.5, 16.0, 7.5 ] }
			}
		},
		{
			"name": "Element",
			"from": [ 10.5, 8.0, 14.5 ], 
			"to": [ 13.5, 9.0, 15.5 ], 
			"rotationOrigin": [ 8.0, 0.0, 9.0 ],
			"faces": {
				"north": { "texture": "#wickertex", "uv": [ 1.0, 6.0, 4.0, 7.0 ] },
				"east": { "texture": "#wickertex", "uv": [ 5.5, 4.0, 6.5, 5.0 ] },
				"south": { "texture": "#wickertex", "uv": [ 2.5, 4.5, 5.5, 5.5 ] },
				"west": { "texture": "#wickertex", "uv": [ 3.5, 6.5, 4.5, 7.5 ] },
				"up": { "texture": "#wickertex", "uv": [ 2.0, 1.5, 5.0, 2.5 ], "rotation": 180 },
				"down": { "texture": "#wickertex", "uv": [ 6.0, 4.5, 9.0, 5.5 ] }
			}
		},
		{
			"name": "Element",
			"from": [ 9.5, 8.0, 14.5 ], 
			"to": [ 10.5, 13.0, 15.5 ], 
			"rotationOrigin": [ 8.0, 0.0, 9.0 ],
			"faces": {
				"north": { "texture": "#wickertex", "uv": [ 4.0, 5.0, 5.0, 10.0 ] },
				"east": { "texture": "#wickertex", "uv": [ 4.0, 3.0, 5.0, 8.0 ] },
				"south": { "texture": "#wickertex", "uv": [ 3.5, 3.5, 4.5, 8.5 ] },
				"west": { "texture": "#wickertex", "uv": [ 4.0, 3.0, 5.0, 8.0 ] },
				"up": { "texture": "#wickertex", "uv": [ 3.0, 6.0, 4.0, 7.0 ], "rotation": 90 },
				"down": { "texture": "#wickertex", "uv": [ 6.0, 2.0, 7.0, 3.0 ], "rotation": 270 }
			}
		},
		{
			"name": "Element",
			"from": [ 2.5, 8.0, 14.5 ], 
			"to": [ 5.5, 9.0, 15.5 ], 
			"rotationOrigin": [ 8.0, 0.0, 9.0 ],
			"faces": {
				"north": { "texture": "#wickertex", "uv": [ 9.0, 10.5, 12.0, 11.5 ] },
				"east": { "texture": "#wickertex", "uv": [ 3.5, 9.0, 4.5, 10.0 ] },
				"south": { "texture": "#wickertex", "uv": [ 1.5, 7.5, 4.5, 8.5 ] },
				"west": { "texture": "#wickertex", "uv": [ 10.0, 9.0, 11.0, 10.0 ] },
				"up": { "texture": "#wickertex", "uv": [ 6.5, 4.5, 9.5, 5.5 ], "rotation": 180 },
				"down": { "texture": "#wickertex", "uv": [ 2.0, 10.0, 5.0, 11.0 ] }
			}
		},
		{
			"name": "Element",
			"from": [ 2.5, 10.0, 14.5 ], 
			"to": [ 5.5, 11.0, 15.5 ], 
			"rotationOrigin": [ 8.0, 0.0, 9.0 ],
			"faces": {
				"north": { "texture": "#wickertex", "uv": [ 2.0, 13.0, 5.0, 14.0 ] },
				"east": { "texture": "#wickertex", "uv": [ 11.0, 8.5, 12.0, 9.5 ] },
				"south": { "texture": "#wickertex", "uv": [ 6.0, 9.5, 9.0, 10.5 ] },
				"west": { "texture": "#wickertex", "uv": [ 9.5, 8.0, 10.5, 9.0 ] },
				"up": { "texture": "#wickertex", "uv": [ 7.0, 4.5, 10.0, 5.5 ], "rotation": 180 },
				"down": { "texture": "#wickertex", "uv": [ 6.0, 5.0, 9.0, 6.0 ] }
			}
		},
		{
			"name": "Element",
			"from": [ 10.5, 10.0, 14.5 ], 
			"to": [ 13.5, 11.0, 15.5 ], 
			"rotationOrigin": [ 8.0, 0.0, 9.0 ],
			"faces": {
				"north": { "texture": "#wickertex", "uv": [ 4.0, 5.5, 7.0, 6.5 ] },
				"east": { "texture": "#wickertex", "uv": [ 9.0, 8.5, 10.0, 9.5 ] },
				"south": { "texture": "#wickertex", "uv": [ 2.5, 4.5, 5.5, 5.5 ] },
				"west": { "texture": "#wickertex", "uv": [ 6.0, 6.0, 7.0, 7.0 ] },
				"up": { "texture": "#wickertex", "uv": [ 5.0, 5.0, 8.0, 6.0 ], "rotation": 180 },
				"down": { "texture": "#wickertex", "uv": [ 9.5, 4.5, 12.5, 5.5 ] }
			}
		},
		{
			"name": "Element",
			"from": [ 5.5, 8.0, 14.5 ], 
			"to": [ 6.5, 13.0, 15.5 ], 
			"rotationOrigin": [ 8.0, 0.0, 9.0 ],
			"faces": {
				"north": { "texture": "#wickertex", "uv": [ 4.0, 5.5, 5.0, 10.5 ] },
				"east": { "texture": "#wickertex", "uv": [ 4.0, 3.5, 5.0, 8.5 ] },
				"south": { "texture": "#wickertex", "uv": [ 3.5, 3.5, 4.5, 8.5 ] },
				"west": { "texture": "#wickertex", "uv": [ 3.0, 3.5, 4.0, 8.5 ] },
				"up": { "texture": "#wickertex", "uv": [ 15.0, 7.0, 16.0, 8.0 ], "rotation": 90 },
				"down": { "texture": "#wickertex", "uv": [ 13.0, 11.0, 14.0, 12.0 ], "rotation": 270 }
			}
		},
		{
			"name": "Element",
			"from": [ 10.5, 12.0, 14.5 ], 
			"to": [ 13.5, 13.0, 15.5 ], 
			"rotationOrigin": [ 8.0, 0.0, 9.0 ],
			"faces": {
				"north": { "texture": "#wickertex", "uv": [ 3.0, 9.0, 6.0, 10.0 ] },
				"east": { "texture": "#wickertex", "uv": [ 1.5, 5.0, 2.5, 6.0 ] },
				"south": { "texture": "#wickertex", "uv": [ 3.0, 5.5, 6.0, 6.5 ] },
				"west": { "texture": "#wickertex", "uv": [ 13.0, 4.5, 14.0, 5.5 ] },
				"up": { "texture": "#wickertex", "uv": [ 4.0, 2.5, 7.0, 3.5 ], "rotation": 180 },
				"down": { "texture": "#wickertex", "uv": [ 3.5, 2.5, 6.5, 3.5 ] }
			}
		},
		{
			"name": "Element",
			"from": [ 6.0, 13.0, 14.5 ], 
			"to": [ 10.0, 14.0, 15.5 ], 
			"rotationOrigin": [ 8.0, 0.0, 9.0 ],
			"faces": {
				"north": { "texture": "#wickertex", "uv": [ 8.5, 5.0, 12.5, 6.0 ] },
				"east": { "texture": "#wickertex", "uv": [ 0.0, 0.0, 1.0, 1.0 ] },
				"south": { "texture": "#wickertex", "uv": [ 8.0, 4.0, 12.0, 5.0 ] },
				"west": { "texture": "#wickertex", "uv": [ 8.0, 4.5, 9.0, 5.5 ] },
				"up": { "texture": "#wickertex", "uv": [ 8.5, 4.5, 12.5, 5.5 ], "rotation": 180 },
				"down": { "texture": "#wickertex", "uv": [ 9.0, 4.5, 13.0, 5.5 ] }
			}
		},
		{
			"name": "Element",
			"from": [ 10.0, 14.0, 14.5 ], 
			"to": [ 13.0, 15.0, 15.5 ], 
			"rotationOrigin": [ 8.0, 0.0, 9.0 ],
			"faces": {
				"north": { "texture": "#wickertex", "uv": [ 8.5, 8.0, 11.5, 9.0 ] },
				"east": { "texture": "#wickertex", "uv": [ 11.0, 6.0, 12.0, 7.0 ] },
				"south": { "texture": "#wickertex", "uv": [ 1.5, 6.5, 4.5, 7.5 ] },
				"west": { "texture": "#wickertex", "uv": [ 3.0, 5.0, 4.0, 6.0 ] },
				"up": { "texture": "#wickertex", "uv": [ 5.0, 5.0, 8.0, 6.0 ], "rotation": 180 },
				"down": { "texture": "#wickertex", "uv": [ 3.5, 3.5, 6.5, 4.5 ] }
			}
		},
		{
			"name": "Element",
			"from": [ 3.0, 14.0, 14.5 ], 
			"to": [ 6.0, 15.0, 15.5 ], 
			"rotationOrigin": [ 8.0, 0.0, 9.0 ],
			"faces": {
				"north": { "texture": "#wickertex", "uv": [ 3.5, 5.5, 6.5, 6.5 ] },
				"east": { "texture": "#wickertex", "uv": [ 3.5, 5.5, 4.5, 6.5 ] },
				"south": { "texture": "#wickertex", "uv": [ 2.0, 7.0, 5.0, 8.0 ] },
				"west": { "texture": "#wickertex", "uv": [ 5.5, 4.5, 6.5, 5.5 ] },
				"up": { "texture": "#wickertex", "uv": [ 3.5, 6.5, 6.5, 7.5 ], "rotation": 180 },
				"down": { "texture": "#wickertex", "uv": [ 4.5, 7.0, 7.5, 8.0 ] }
			}
		},
		{
			"name": "Element",
			"from": [ 2.5, 12.0, 14.5 ], 
			"to": [ 5.5, 13.0, 15.5 ], 
			"rotationOrigin": [ 8.0, 0.0, 9.0 ],
			"faces": {
				"north": { "texture": "#wickertex", "uv": [ 4.5, 5.5, 7.5, 6.5 ] },
				"east": { "texture": "#wickertex", "uv": [ 10.0, 6.5, 11.0, 7.5 ] },
				"south": { "texture": "#wickertex", "uv": [ 2.0, 6.0, 5.0, 7.0 ] },
				"west": { "texture": "#wickertex", "uv": [ 5.0, 6.5, 6.0, 7.5 ] },
				"up": { "texture": "#wickertex", "uv": [ 3.0, 4.0, 6.0, 5.0 ], "rotation": 180 },
				"down": { "texture": "#wickertex", "uv": [ 8.0, 6.0, 11.0, 7.0 ] }
			}
		},
		{
			"name": "Element",
			"from": [ 11.0, 2.0, 14.5 ], 
			"to": [ 12.0, 3.0, 15.5 ], 
			"rotationOrigin": [ 8.0, 0.0, 9.0 ],
			"faces": {
				"north": { "texture": "#woodtex", "uv": [ 4.5, 5.0, 5.5, 6.0 ] },
				"east": { "texture": "#woodtex", "uv": [ 6.0, 3.0, 7.0, 4.0 ] },
				"south": { "texture": "#woodtex", "uv": [ 5.0, 2.5, 6.0, 3.5 ] },
				"west": { "texture": "#woodtex", "uv": [ 7.0, 4.5, 8.0, 5.5 ] },
				"up": { "texture": "#null", "uv": [ 0.0, 0.0, 1.0, 1.0 ], "enabled": false },
				"down": { "texture": "#woodtex", "uv": [ 8.0, 5.0, 9.0, 6.0 ], "rotation": 270 }
			}
		},
		{
			"name": "Element",
			"from": [ 4.0, 2.0, 14.5 ], 
			"to": [ 5.0, 3.0, 15.5 ], 
			"rotationOrigin": [ 8.0, 0.0, 9.0 ],
			"faces": {
				"north": { "texture": "#woodtex", "uv": [ 4.5, 5.0, 5.5, 6.0 ] },
				"east": { "texture": "#woodtex", "uv": [ 6.0, 3.0, 7.0, 4.0 ] },
				"south": { "texture": "#woodtex", "uv": [ 5.0, 2.5, 6.0, 3.5 ] },
				"west": { "texture": "#null", "uv": [ 0.0, 0.0, 1.0, 1.0 ], "enabled": false },
				"up": { "texture": "#null", "uv": [ 0.0, 0.0, 1.0, 1.0 ], "enabled": false },
				"down": { "texture": "#woodtex", "uv": [ 8.0, 5.0, 9.0, 6.0 ], "rotation": 270 }
			}
		},
		{
			"name": "Element",
			"from": [ 12.0, 1.0, 14.5 ], 
			"to": [ 13.0, 3.0, 15.5 ], 
			"rotationOrigin": [ 8.0, 0.0, 9.0 ],
			"faces": {
				"north": { "texture": "#woodtex", "uv": [ 7.0, 4.0, 8.0, 6.0 ] },
				"east": { "texture": "#woodtex", "uv": [ 6.0, 2.0, 7.0, 4.0 ] },
				"south": { "texture": "#woodtex", "uv": [ 8.0, 3.0, 9.0, 5.0 ] },
				"west": { "texture": "#woodtex", "uv": [ 5.0, 3.5, 6.0, 5.5 ] },
				"up": { "texture": "#null", "uv": [ 0.0, 0.0, 1.0, 1.0 ], "enabled": false },
				"down": { "texture": "#woodtex", "uv": [ 14.0, 5.0, 15.0, 6.0 ], "rotation": 270 }
			}
		},
		{
			"name": "Element",
			"from": [ 3.0, 1.0, 14.5 ], 
			"to": [ 4.0, 3.0, 15.5 ], 
			"rotationOrigin": [ 8.0, 0.0, 9.0 ],
			"faces": {
				"north": { "texture": "#woodtex", "uv": [ 7.5, 4.0, 8.5, 6.0 ] },
				"east": { "texture": "#woodtex", "uv": [ 6.0, 2.0, 7.0, 4.0 ] },
				"south": { "texture": "#woodtex", "uv": [ 8.0, 3.0, 9.0, 5.0 ] },
				"west": { "texture": "#woodtex", "uv": [ 3.0, 4.0, 4.0, 6.0 ] },
				"up": { "texture": "#null", "uv": [ 0.0, 0.0, 1.0, 1.0 ], "enabled": false },
				"down": { "texture": "#woodtex", "uv": [ 14.0, 5.0, 15.0, 6.0 ], "rotation": 270 }
			}
		},
		{
			"name": "Element",
			"from": [ 13.0, 0.0, 15.0 ], 
			"to": [ 15.0, 3.0, 16.0 ], 
			"rotationOrigin": [ 8.0, 0.0, 9.0 ],
			"faces": {
				"north": { "texture": "#woodtex", "uv": [ 5.0, 3.0, 7.0, 6.0 ] },
				"east": { "texture": "#woodtex", "uv": [ 7.0, 2.5, 8.0, 5.5 ] },
				"south": { "texture": "#woodtex", "uv": [ 5.5, 2.5, 7.5, 5.5 ] },
				"west": { "texture": "#woodtex", "uv": [ 4.0, 2.5, 5.0, 5.5 ] },
				"up": { "texture": "#null", "uv": [ 0.0, 0.0, 2.0, 1.0 ], "enabled": false },
				"down": { "texture": "#woodtex", "uv": [ 14.0, 5.0, 16.0, 6.0 ] }
			}
		},
		{
			"name": "Element",
			"from": [ 1.0, 0.0, 15.0 ], 
			"to": [ 3.0, 3.0, 16.0 ], 
			"rotationOrigin": [ 8.0, 0.0, 9.0 ],
			"faces": {
				"north": { "texture": "#woodtex", "uv": [ 6.5, 3.0, 8.5, 6.0 ] },
				"east": { "texture": "#woodtex", "uv": [ 4.5, 2.5, 5.5, 5.5 ] },
				"south": { "texture": "#woodtex", "uv": [ 6.0, 2.5, 8.0, 5.5 ] },
				"west": { "texture": "#woodtex", "uv": [ 5.5, 2.5, 6.5, 5.5 ] },
				"up": { "texture": "#null", "uv": [ 0.0, 0.0, 2.0, 1.0 ], "enabled": false },
				"down": { "texture": "#woodtex", "uv": [ 14.0, 5.0, 16.0, 6.0 ] }
			}
		},
		{
			"name": "Element",
			"from": [ 1.0, 3.0, 14.0 ], 
			"to": [ 15.0, 5.0, 16.0 ], 
			"rotationOrigin": [ 8.0, 0.0, 9.0 ],
			"faces": {
				"north": { "texture": "#woodtex", "uv": [ 0.0, 9.0, 14.0, 11.0 ] },
				"east": { "texture": "#woodtex", "uv": [ 0.0, 9.0, 2.0, 11.0 ] },
				"south": { "texture": "#woodtex", "uv": [ 2.0, 9.0, 16.0, 11.0 ] },
				"west": { "texture": "#woodtex", "uv": [ 14.0, 9.0, 16.0, 11.0 ] },
				"up": { "texture": "#woodtex", "uv": [ 0.0, 8.0, 14.0, 10.0 ], "rotation": 180 },
				"down": { "texture": "#woodtex", "uv": [ 2.0, 5.0, 16.0, 6.0 ] }
			}
		},
		{
			"name": "Element",
			"from": [ 13.0, 5.0, 14.0 ], 
			"to": [ 15.0, 15.0, 16.0 ], 
			"rotationOrigin": [ 8.0, 0.0, 9.0 ],
			"faces": {
				"north": { "texture": "#woodtex", "uv": [ 2.5, 12.5, 12.5, 14.5 ], "rotation": 90 },
				"east": { "texture": "#woodtex", "uv": [ 3.5, 8.0, 13.5, 10.0 ], "rotation": 90 },
				"south": { "texture": "#woodtex", "uv": [ 1.5, 13.0, 11.5, 15.0 ], "rotation": 90 },
				"west": { "texture": "#woodtex", "uv": [ 3.5, 12.5, 13.5, 14.5 ], "rotation": 90 },
				"up": { "texture": "#null", "uv": [ 0.0, 0.0, 2.0, 2.0 ], "enabled": false },
				"down": { "texture": "#null", "uv": [ 0.0, 0.0, 2.0, 2.0 ], "enabled": false }
			}
		},
		{
			"name": "Element",
			"from": [ 1.0, 5.0, 14.0 ], 
			"to": [ 3.0, 15.0, 16.0 ], 
			"rotationOrigin": [ 8.0, 0.0, 9.0 ],
			"faces": {
				"north": { "texture": "#woodtex", "uv": [ 1.0, 7.0, 11.0, 9.0 ], "rotation": 90 },
				"east": { "texture": "#woodtex", "uv": [ 1.0, 3.0, 11.0, 5.0 ], "rotation": 90 },
				"south": { "texture": "#woodtex", "uv": [ 4.0, 7.0, 14.0, 9.0 ], "rotation": 90 },
				"west": { "texture": "#woodtex", "uv": [ 1.0, 1.5, 11.0, 3.5 ], "rotation": 90 },
				"up": { "texture": "#null", "uv": [ 0.0, 0.0, 2.0, 2.0 ], "enabled": false },
				"down": { "texture": "#null", "uv": [ 0.0, 0.0, 2.0, 2.0 ], "enabled": false }
			}
		},
		{
			"name": "Element",
			"from": [ 14.0, 0.0, 14.0 ], 
			"to": [ 15.0, 3.0, 15.0 ], 
			"rotationOrigin": [ 8.0, 0.0, 9.0 ],
			"faces": {
				"north": { "texture": "#woodtex", "uv": [ 3.0, 2.5, 4.0, 5.5 ] },
				"east": { "texture": "#woodtex", "uv": [ 5.5, 2.5, 6.5, 5.5 ] },
				"south": { "texture": "#null", "uv": [ 0.0, 0.0, 1.0, 3.0 ], "enabled": false },
				"west": { "texture": "#woodtex", "uv": [ 3.0, 2.5, 4.0, 5.5 ] },
				"up": { "texture": "#null", "uv": [ 0.0, 0.0, 1.0, 1.0 ], "enabled": false },
				"down": { "texture": "#woodtex", "uv": [ 12.5, 5.0, 13.5, 6.0 ], "rotation": 270 }
			}
		},
		{
			"name": "Element",
			"from": [ 0.0, 3.0, 1.0 ], 
			"to": [ 2.0, 5.0, 15.0 ], 
			"rotationOrigin": [ 7.0, 0.0, 8.0 ],
			"faces": {
				"north": { "texture": "#woodtex", "uv": [ 14.0, 9.0, 16.0, 11.0 ] },
				"east": { "texture": "#woodtex", "uv": [ 0.0, 9.0, 14.0, 11.0 ] },
				"south": { "texture": "#woodtex", "uv": [ 0.0, 9.0, 2.0, 11.0 ] },
				"west": { "texture": "#woodtex", "uv": [ 2.0, 9.0, 16.0, 11.0 ] },
				"up": { "texture": "#woodtex", "uv": [ 0.0, 8.0, 14.0, 10.0 ], "rotation": 270 },
				"down": { "texture": "#woodtex", "uv": [ 2.0, 5.0, 16.0, 7.0 ], "rotation": 270 }
			}
		},
		{
			"name": "Element",
			"from": [ 0.0, 5.0, 13.0 ], 
			"to": [ 2.0, 15.0, 15.0 ], 
			"rotationOrigin": [ 7.0, 0.0, 8.0 ],
			"faces": {
				"north": { "texture": "#woodtex", "uv": [ 3.5, 12.5, 13.5, 14.5 ], "rotation": 90 },
				"east": { "texture": "#woodtex", "uv": [ 2.5, 12.5, 12.5, 14.5 ], "rotation": 90 },
				"south": { "texture": "#woodtex", "uv": [ 3.5, 8.0, 13.5, 10.0 ], "rotation": 90 },
				"west": { "texture": "#woodtex", "uv": [ 1.5, 13.0, 11.5, 15.0 ], "rotation": 90 },
				"up": { "texture": "#null", "uv": [ 0.0, 0.0, 2.0, 2.0 ], "enabled": false },
				"down": { "texture": "#null", "uv": [ 0.0, 0.0, 2.0, 2.0 ], "enabled": false }
			}
		},
		{
			"name": "Element",
			"from": [ 0.0, 5.0, 1.0 ], 
			"to": [ 2.0, 15.0, 3.0 ], 
			"rotationOrigin": [ 7.0, 0.0, 8.0 ],
			"faces": {
				"north": { "texture": "#woodtex", "uv": [ 1.0, 1.5, 11.0, 3.5 ], "rotation": 90 },
				"east": { "texture": "#woodtex", "uv": [ 1.0, 7.0, 11.0, 9.0 ], "rotation": 90 },
				"south": { "texture": "#woodtex", "uv": [ 1.0, 3.0, 11.0, 5.0 ], "rotation": 90 },
				"west": { "texture": "#woodtex", "uv": [ 4.0, 7.0, 14.0, 9.0 ], "rotation": 90 },
				"up": { "texture": "#null", "uv": [ 0.0, 0.0, 2.0, 2.0 ], "enabled": false },
				"down": { "texture": "#null", "uv": [ 0.0, 0.0, 2.0, 2.0 ], "enabled": false }
			}
		},
		{
			"name": "Element",
			"from": [ 1.0, 0.0, 14.0 ], 
			"to": [ 2.0, 3.0, 15.0 ], 
			"rotationOrigin": [ 7.0, 0.0, 8.0 ],
			"faces": {
				"north": { "texture": "#woodtex", "uv": [ 3.0, 2.5, 4.0, 5.5 ] },
				"east": { "texture": "#woodtex", "uv": [ 3.0, 2.5, 4.0, 5.5 ] },
				"south": { "texture": "#woodtex", "uv": [ 5.5, 2.5, 6.5, 5.5 ] },
				"west": { "texture": "#null", "uv": [ 0.0, 0.0, 1.0, 3.0 ], "enabled": false },
				"up": { "texture": "#null", "uv": [ 0.0, 0.0, 1.0, 1.0 ], "enabled": false },
				"down": { "texture": "#woodtex", "uv": [ 12.5, 5.0, 13.5, 6.0 ], "rotation": 180 }
			}
		},
		{
			"name": "Element",
			"from": [ 14.0, 0.0, 1.0 ], 
			"to": [ 15.0, 3.0, 2.0 ], 
			"rotationOrigin": [ 8.0, 0.0, 7.0 ],
			"faces": {
				"north": { "texture": "#null", "uv": [ 0.0, 0.0, 1.0, 3.0 ], "enabled": false },
				"east": { "texture": "#woodtex", "uv": [ 7.0, 2.5, 8.0, 5.5 ] },
				"south": { "texture": "#woodtex", "uv": [ 3.0, 2.5, 4.0, 5.5 ] },
				"west": { "texture": "#woodtex", "uv": [ 2.5, 2.5, 3.5, 5.5 ] },
				"up": { "texture": "#null", "uv": [ 0.0, 0.0, 1.0, 1.0 ], "enabled": false },
				"down": { "texture": "#woodtex", "uv": [ 12.5, 5.0, 13.5, 6.0 ], "rotation": 90 }
			}
		},
		{
			"name": "Element",
			"from": [ 10.0, 6.0, 0.5 ], 
			"to": [ 13.0, 7.0, 1.5 ], 
			"rotationOrigin": [ 8.0, 0.0, 7.0 ],
			"faces": {
				"north": { "texture": "#wickertex", "uv": [ 9.0, 3.5, 12.0, 4.5 ] },
				"east": { "texture": "#wickertex", "uv": [ 8.5, 8.0, 9.5, 9.0 ] },
				"south": { "texture": "#wickertex", "uv": [ 4.0, 8.5, 7.0, 9.5 ] },
				"west": { "texture": "#wickertex", "uv": [ 2.5, 6.5, 3.5, 7.5 ] },
				"up": { "texture": "#wickertex", "uv": [ 6.5, 7.0, 9.5, 8.0 ] },
				"down": { "texture": "#wickertex", "uv": [ 1.0, 9.5, 4.0, 10.5 ], "rotation": 180 }
			}
		},
		{
			"name": "Element",
			"from": [ 6.0, 7.0, 0.5 ], 
			"to": [ 10.0, 8.0, 1.5 ], 
			"rotationOrigin": [ 8.0, 0.0, 7.0 ],
			"faces": {
				"north": { "texture": "#wickertex", "uv": [ 1.5, 6.0, 5.5, 7.0 ] },
				"east": { "texture": "#wickertex", "uv": [ 3.5, 7.0, 4.5, 8.0 ] },
				"south": { "texture": "#wickertex", "uv": [ 10.0, 4.0, 14.0, 5.0 ] },
				"west": { "texture": "#wickertex", "uv": [ 7.0, 6.0, 8.0, 7.0 ] },
				"up": { "texture": "#wickertex", "uv": [ 1.0, 3.5, 5.0, 4.5 ] },
				"down": { "texture": "#wickertex", "uv": [ 5.0, 5.5, 9.0, 6.5 ], "rotation": 180 }
			}
		},
		{
			"name": "Element",
			"from": [ 3.0, 6.0, 0.5 ], 
			"to": [ 6.0, 7.0, 1.5 ], 
			"rotationOrigin": [ 8.0, 0.0, 7.0 ],
			"faces": {
				"north": { "texture": "#wickertex", "uv": [ 2.5, 8.0, 5.5, 9.0 ] },
				"east": { "texture": "#wickertex", "uv": [ 3.0, 8.5, 4.0, 9.5 ] },
				"south": { "texture": "#wickertex", "uv": [ 11.0, 2.5, 14.0, 3.5 ] },
				"west": { "texture": "#wickertex", "uv": [ 0.0, 0.0, 1.0, 1.0 ] },
				"up": { "texture": "#wickertex", "uv": [ 2.0, 5.0, 5.0, 6.0 ] },
				"down": { "texture": "#wickertex", "uv": [ 13.0, 6.5, 16.0, 7.5 ], "rotation": 180 }
			}
		},
		{
			"name": "Element",
			"from": [ 2.5, 8.0, 0.5 ], 
			"to": [ 5.5, 9.0, 1.5 ], 
			"rotationOrigin": [ 8.0, 0.0, 7.0 ],
			"faces": {
				"north": { "texture": "#wickertex", "uv": [ 2.5, 4.5, 5.5, 5.5 ] },
				"east": { "texture": "#wickertex", "uv": [ 3.5, 6.5, 4.5, 7.5 ] },
				"south": { "texture": "#wickertex", "uv": [ 1.0, 6.0, 4.0, 7.0 ] },
				"west": { "texture": "#wickertex", "uv": [ 5.5, 4.0, 6.5, 5.0 ] },
				"up": { "texture": "#wickertex", "uv": [ 2.0, 1.5, 5.0, 2.5 ] },
				"down": { "texture": "#wickertex", "uv": [ 6.0, 4.5, 9.0, 5.5 ], "rotation": 180 }
			}
		},
		{
			"name": "Element",
			"from": [ 5.5, 8.0, 0.5 ], 
			"to": [ 6.5, 13.0, 1.5 ], 
			"rotationOrigin": [ 8.0, 0.0, 7.0 ],
			"faces": {
				"north": { "texture": "#wickertex", "uv": [ 3.5, 3.5, 4.5, 8.5 ] },
				"east": { "texture": "#wickertex", "uv": [ 4.0, 3.0, 5.0, 8.0 ] },
				"south": { "texture": "#wickertex", "uv": [ 4.0, 5.0, 5.0, 10.0 ] },
				"west": { "texture": "#wickertex", "uv": [ 4.0, 3.0, 5.0, 8.0 ] },
				"up": { "texture": "#wickertex", "uv": [ 3.0, 6.0, 4.0, 7.0 ], "rotation": 270 },
				"down": { "texture": "#wickertex", "uv": [ 6.0, 2.0, 7.0, 3.0 ], "rotation": 90 }
			}
		},
		{
			"name": "Element",
			"from": [ 10.5, 8.0, 0.5 ], 
			"to": [ 13.5, 9.0, 1.5 ], 
			"rotationOrigin": [ 8.0, 0.0, 7.0 ],
			"faces": {
				"north": { "texture": "#wickertex", "uv": [ 1.5, 7.5, 4.5, 8.5 ] },
				"east": { "texture": "#wickertex", "uv": [ 10.0, 9.0, 11.0, 10.0 ] },
				"south": { "texture": "#wickertex", "uv": [ 9.0, 10.5, 12.0, 11.5 ] },
				"west": { "texture": "#wickertex", "uv": [ 3.5, 9.0, 4.5, 10.0 ] },
				"up": { "texture": "#wickertex", "uv": [ 6.5, 4.5, 9.5, 5.5 ] },
				"down": { "texture": "#wickertex", "uv": [ 2.0, 10.0, 5.0, 11.0 ], "rotation": 180 }
			}
		},
		{
			"name": "Element",
			"from": [ 10.5, 10.0, 0.5 ], 
			"to": [ 13.5, 11.0, 1.5 ], 
			"rotationOrigin": [ 8.0, 0.0, 7.0 ],
			"faces": {
				"north": { "texture": "#wickertex", "uv": [ 6.0, 9.5, 9.0, 10.5 ] },
				"east": { "texture": "#wickertex", "uv": [ 9.5, 8.0, 10.5, 9.0 ] },
				"south": { "texture": "#wickertex", "uv": [ 2.0, 13.0, 5.0, 14.0 ] },
				"west": { "texture": "#wickertex", "uv": [ 11.0, 8.5, 12.0, 9.5 ] },
				"up": { "texture": "#wickertex", "uv": [ 7.0, 4.5, 10.0, 5.5 ] },
				"down": { "texture": "#wickertex", "uv": [ 6.0, 5.0, 9.0, 6.0 ], "rotation": 180 }
			}
		},
		{
			"name": "Element",
			"from": [ 2.5, 10.0, 0.5 ], 
			"to": [ 5.5, 11.0, 1.5 ], 
			"rotationOrigin": [ 8.0, 0.0, 7.0 ],
			"faces": {
				"north": { "texture": "#wickertex", "uv": [ 2.5, 4.5, 5.5, 5.5 ] },
				"east": { "texture": "#wickertex", "uv": [ 6.0, 6.0, 7.0, 7.0 ] },
				"south": { "texture": "#wickertex", "uv": [ 4.0, 5.5, 7.0, 6.5 ] },
				"west": { "texture": "#wickertex", "uv": [ 9.0, 8.5, 10.0, 9.5 ] },
				"up": { "texture": "#wickertex", "uv": [ 5.0, 5.0, 8.0, 6.0 ] },
				"down": { "texture": "#wickertex", "uv": [ 9.5, 4.5, 12.5, 5.5 ], "rotation": 180 }
			}
		},
		{
			"name": "Element",
			"from": [ 9.5, 8.0, 0.5 ], 
			"to": [ 10.5, 13.0, 1.5 ], 
			"rotationOrigin": [ 8.0, 0.0, 7.0 ],
			"faces": {
				"north": { "texture": "#wickertex", "uv": [ 3.5, 3.5, 4.5, 8.5 ] },
				"east": { "texture": "#wickertex", "uv": [ 3.0, 3.5, 4.0, 8.5 ] },
				"south": { "texture": "#wickertex", "uv": [ 4.0, 5.5, 5.0, 10.5 ] },
				"west": { "texture": "#wickertex", "uv": [ 4.0, 3.5, 5.0, 8.5 ] },
				"up": { "texture": "#wickertex", "uv": [ 15.0, 7.0, 16.0, 8.0 ], "rotation": 270 },
				"down": { "texture": "#wickertex", "uv": [ 13.0, 11.0, 14.0, 12.0 ], "rotation": 90 }
			}
		},
		{
			"name": "Element",
			"from": [ 2.5, 12.0, 0.5 ], 
			"to": [ 5.5, 13.0, 1.5 ], 
			"rotationOrigin": [ 8.0, 0.0, 7.0 ],
			"faces": {
				"north": { "texture": "#wickertex", "uv": [ 3.0, 5.5, 6.0, 6.5 ] },
				"east": { "texture": "#wickertex", "uv": [ 13.0, 4.5, 14.0, 5.5 ] },
				"south": { "texture": "#wickertex", "uv": [ 3.0, 9.0, 6.0, 10.0 ] },
				"west": { "texture": "#wickertex", "uv": [ 1.5, 5.0, 2.5, 6.0 ] },
				"up": { "texture": "#wickertex", "uv": [ 4.0, 2.5, 7.0, 3.5 ] },
				"down": { "texture": "#wickertex", "uv": [ 3.5, 2.5, 6.5, 3.5 ], "rotation": 180 }
			}
		},
		{
			"name": "Element",
			"from": [ 6.0, 13.0, 0.5 ], 
			"to": [ 10.0, 14.0, 1.5 ], 
			"rotationOrigin": [ 8.0, 0.0, 7.0 ],
			"faces": {
				"north": { "texture": "#wickertex", "uv": [ 8.0, 4.0, 12.0, 5.0 ] },
				"east": { "texture": "#wickertex", "uv": [ 8.0, 4.5, 9.0, 5.5 ] },
				"south": { "texture": "#wickertex", "uv": [ 8.5, 5.0, 12.5, 6.0 ] },
				"west": { "texture": "#wickertex", "uv": [ 0.0, 0.0, 1.0, 1.0 ] },
				"up": { "texture": "#wickertex", "uv": [ 8.5, 4.5, 12.5, 5.5 ] },
				"down": { "texture": "#wickertex", "uv": [ 9.0, 4.5, 13.0, 5.5 ], "rotation": 180 }
			}
		},
		{
			"name": "Element",
			"from": [ 3.0, 14.0, 0.5 ], 
			"to": [ 6.0, 15.0, 1.5 ], 
			"rotationOrigin": [ 8.0, 0.0, 7.0 ],
			"faces": {
				"north": { "texture": "#wickertex", "uv": [ 1.5, 6.5, 4.5, 7.5 ] },
				"east": { "texture": "#wickertex", "uv": [ 3.0, 5.0, 4.0, 6.0 ] },
				"south": { "texture": "#wickertex", "uv": [ 8.5, 8.0, 11.5, 9.0 ] },
				"west": { "texture": "#wickertex", "uv": [ 11.0, 6.0, 12.0, 7.0 ] },
				"up": { "texture": "#wickertex", "uv": [ 5.0, 5.0, 8.0, 6.0 ] },
				"down": { "texture": "#wickertex", "uv": [ 3.5, 3.5, 6.5, 4.5 ], "rotation": 180 }
			}
		},
		{
			"name": "Element",
			"from": [ 10.0, 14.0, 0.5 ], 
			"to": [ 13.0, 15.0, 1.5 ], 
			"rotationOrigin": [ 8.0, 0.0, 7.0 ],
			"faces": {
				"north": { "texture": "#wickertex", "uv": [ 2.0, 7.0, 5.0, 8.0 ] },
				"east": { "texture": "#wickertex", "uv": [ 5.5, 4.5, 6.5, 5.5 ] },
				"south": { "texture": "#wickertex", "uv": [ 3.5, 5.5, 6.5, 6.5 ] },
				"west": { "texture": "#wickertex", "uv": [ 3.5, 5.5, 4.5, 6.5 ] },
				"up": { "texture": "#wickertex", "uv": [ 3.5, 6.5, 6.5, 7.5 ] },
				"down": { "texture": "#wickertex", "uv": [ 4.5, 7.0, 7.5, 8.0 ], "rotation": 180 }
			}
		},
		{
			"name": "Element",
			"from": [ 10.5, 12.0, 0.5 ], 
			"to": [ 13.5, 13.0, 1.5 ], 
			"rotationOrigin": [ 8.0, 0.0, 7.0 ],
			"faces": {
				"north": { "texture": "#wickertex", "uv": [ 2.0, 6.0, 5.0, 7.0 ] },
				"east": { "texture": "#wickertex", "uv": [ 5.0, 6.5, 6.0, 7.5 ] },
				"south": { "texture": "#wickertex", "uv": [ 4.5, 5.5, 7.5, 6.5 ] },
				"west": { "texture": "#wickertex", "uv": [ 10.0, 6.5, 11.0, 7.5 ] },
				"up": { "texture": "#wickertex", "uv": [ 3.0, 4.0, 6.0, 5.0 ] },
				"down": { "texture": "#wickertex", "uv": [ 8.0, 6.0, 11.0, 7.0 ], "rotation": 180 }
			}
		},
		{
			"name": "Element",
			"from": [ 4.0, 2.0, 0.5 ], 
			"to": [ 5.0, 3.0, 1.5 ], 
			"rotationOrigin": [ 8.0, 0.0, 7.0 ],
			"faces": {
				"north": { "texture": "#woodtex", "uv": [ 5.0, 2.5, 6.0, 3.5 ] },
				"east": { "texture": "#woodtex", "uv": [ 7.0, 4.5, 8.0, 5.5 ] },
				"south": { "texture": "#woodtex", "uv": [ 4.5, 5.0, 5.5, 6.0 ] },
				"west": { "texture": "#woodtex", "uv": [ 6.0, 3.0, 7.0, 4.0 ] },
				"up": { "texture": "#null", "uv": [ 0.0, 0.0, 1.0, 1.0 ], "enabled": false },
				"down": { "texture": "#woodtex", "uv": [ 8.0, 5.0, 9.0, 6.0 ], "rotation": 90 }
			}
		},
		{
			"name": "Element",
			"from": [ 11.0, 2.0, 0.5 ], 
			"to": [ 12.0, 3.0, 1.5 ], 
			"rotationOrigin": [ 8.0, 0.0, 7.0 ],
			"faces": {
				"north": { "texture": "#woodtex", "uv": [ 5.0, 2.5, 6.0, 3.5 ] },
				"east": { "texture": "#null", "uv": [ 0.0, 0.0, 1.0, 1.0 ], "enabled": false },
				"south": { "texture": "#woodtex", "uv": [ 4.5, 5.0, 5.5, 6.0 ] },
				"west": { "texture": "#woodtex", "uv": [ 6.0, 3.0, 7.0, 4.0 ] },
				"up": { "texture": "#null", "uv": [ 0.0, 0.0, 1.0, 1.0 ], "enabled": false },
				"down": { "texture": "#woodtex", "uv": [ 8.0, 5.0, 9.0, 6.0 ], "rotation": 90 }
			}
		},
		{
			"name": "Element",
			"from": [ 3.0, 1.0, 0.5 ], 
			"to": [ 4.0, 3.0, 1.5 ], 
			"rotationOrigin": [ 8.0, 0.0, 7.0 ],
			"faces": {
				"north": { "texture": "#woodtex", "uv": [ 8.0, 3.0, 9.0, 5.0 ] },
				"east": { "texture": "#woodtex", "uv": [ 5.0, 3.5, 6.0, 5.5 ] },
				"south": { "texture": "#woodtex", "uv": [ 7.0, 4.0, 8.0, 6.0 ] },
				"west": { "texture": "#woodtex", "uv": [ 6.0, 2.0, 7.0, 4.0 ] },
				"up": { "texture": "#null", "uv": [ 0.0, 0.0, 1.0, 1.0 ], "enabled": false },
				"down": { "texture": "#woodtex", "uv": [ 14.0, 5.0, 15.0, 6.0 ], "rotation": 90 }
			}
		},
		{
			"name": "Element",
			"from": [ 12.0, 1.0, 0.5 ], 
			"to": [ 13.0, 3.0, 1.5 ], 
			"rotationOrigin": [ 8.0, 0.0, 7.0 ],
			"faces": {
				"north": { "texture": "#woodtex", "uv": [ 8.0, 3.0, 9.0, 5.0 ] },
				"east": { "texture": "#woodtex", "uv": [ 3.0, 4.0, 4.0, 6.0 ] },
				"south": { "texture": "#woodtex", "uv": [ 7.5, 4.0, 8.5, 6.0 ] },
				"west": { "texture": "#woodtex", "uv": [ 6.0, 2.0, 7.0, 4.0 ] },
				"up": { "texture": "#null", "uv": [ 0.0, 0.0, 1.0, 1.0 ], "enabled": false },
				"down": { "texture": "#woodtex", "uv": [ 14.0, 5.0, 15.0, 6.0 ], "rotation": 90 }
			}
		},
		{
			"name": "Element",
			"from": [ 1.0, 0.0, 0.0 ], 
			"to": [ 3.0, 3.0, 1.0 ], 
			"rotationOrigin": [ 8.0, 0.0, 7.0 ],
			"faces": {
				"north": { "texture": "#woodtex", "uv": [ 5.5, 2.5, 7.5, 5.5 ] },
				"east": { "texture": "#woodtex", "uv": [ 4.0, 2.5, 5.0, 5.5 ] },
				"south": { "texture": "#woodtex", "uv": [ 5.0, 3.0, 7.0, 6.0 ] },
				"west": { "texture": "#woodtex", "uv": [ 7.0, 2.5, 8.0, 5.5 ] },
				"up": { "texture": "#null", "uv": [ 0.0, 0.0, 2.0, 1.0 ], "enabled": false },
				"down": { "texture": "#woodtex", "uv": [ 14.0, 5.0, 16.0, 6.0 ], "rotation": 180 }
			}
		},
		{
			"name": "Element",
			"from": [ 13.0, 0.0, 0.0 ], 
			"to": [ 15.0, 3.0, 1.0 ], 
			"rotationOrigin": [ 8.0, 0.0, 7.0 ],
			"faces": {
				"north": { "texture": "#woodtex", "uv": [ 6.0, 2.5, 8.0, 5.5 ] },
				"east": { "texture": "#woodtex", "uv": [ 5.5, 2.5, 6.5, 5.5 ] },
				"south": { "texture": "#woodtex", "uv": [ 6.5, 3.0, 8.5, 6.0 ] },
				"west": { "texture": "#woodtex", "uv": [ 4.5, 2.5, 5.5, 5.5 ] },
				"up": { "texture": "#null", "uv": [ 0.0, 0.0, 2.0, 1.0 ], "enabled": false },
				"down": { "texture": "#woodtex", "uv": [ 14.0, 5.0, 16.0, 6.0 ], "rotation": 180 }
			}
		},
		{
			"name": "Element",
			"from": [ 1.0, 3.0, 0.0 ], 
			"to": [ 15.0, 5.0, 2.0 ], 
			"rotationOrigin": [ 8.0, 0.0, 7.0 ],
			"faces": {
				"north": { "texture": "#woodtex", "uv": [ 2.0, 9.0, 16.0, 11.0 ] },
				"east": { "texture": "#woodtex", "uv": [ 14.0, 9.0, 16.0, 11.0 ] },
				"south": { "texture": "#woodtex", "uv": [ 0.0, 9.0, 14.0, 11.0 ] },
				"west": { "texture": "#woodtex", "uv": [ 0.0, 9.0, 2.0, 11.0 ] },
				"up": { "texture": "#woodtex", "uv": [ 0.0, 8.0, 14.0, 10.0 ] },
				"down": { "texture": "#woodtex", "uv": [ 2.0, 5.0, 16.0, 7.0 ], "rotation": 180 }
			}
		},
		{
			"name": "Element",
			"from": [ 1.0, 5.0, 0.0 ], 
			"to": [ 3.0, 15.0, 2.0 ], 
			"rotationOrigin": [ 8.0, 0.0, 7.0 ],
			"faces": {
				"north": { "texture": "#woodtex", "uv": [ 1.5, 13.0, 11.5, 15.0 ], "rotation": 90 },
				"east": { "texture": "#woodtex", "uv": [ 3.5, 12.5, 13.5, 14.5 ], "rotation": 90 },
				"south": { "texture": "#woodtex", "uv": [ 2.5, 12.5, 12.5, 14.5 ], "rotation": 90 },
				"west": { "texture": "#woodtex", "uv": [ 3.5, 8.0, 13.5, 10.0 ], "rotation": 90 },
				"up": { "texture": "#null", "uv": [ 0.0, 0.0, 2.0, 2.0 ], "enabled": false },
				"down": { "texture": "#null", "uv": [ 0.0, 0.0, 2.0, 2.0 ], "enabled": false }
			}
		},
		{
			"name": "Element",
			"from": [ 13.0, 5.0, 0.0 ], 
			"to": [ 15.0, 15.0, 2.0 ], 
			"rotationOrigin": [ 8.0, 0.0, 7.0 ],
			"faces": {
				"north": { "texture": "#woodtex", "uv": [ 4.0, 7.0, 14.0, 9.0 ], "rotation": 90 },
				"east": { "texture": "#woodtex", "uv": [ 1.0, 1.5, 11.0, 3.5 ], "rotation": 90 },
				"south": { "texture": "#woodtex", "uv": [ 1.0, 7.0, 11.0, 9.0 ], "rotation": 90 },
				"west": { "texture": "#woodtex", "uv": [ 1.0, 3.0, 11.0, 5.0 ], "rotation": 90 },
				"up": { "texture": "#null", "uv": [ 0.0, 0.0, 2.0, 2.0 ], "enabled": false },
				"down": { "texture": "#null", "uv": [ 0.0, 0.0, 2.0, 2.0 ], "enabled": false }
			}
		},
		{
			"name": "Element",
			"from": [ 1.0, 0.0, 1.0 ], 
			"to": [ 2.0, 3.0, 2.0 ], 
			"rotationOrigin": [ 8.0, 0.0, 7.0 ],
			"faces": {
				"north": { "texture": "#null", "uv": [ 0.0, 0.0, 1.0, 3.0 ], "enabled": false },
				"east": { "texture": "#woodtex", "uv": [ 3.0, 2.5, 4.0, 5.5 ] },
				"south": { "texture": "#woodtex", "uv": [ 3.0, 2.5, 4.0, 5.5 ] },
				"west": { "texture": "#woodtex", "uv": [ 5.5, 2.5, 6.5, 5.5 ] },
				"up": { "texture": "#null", "uv": [ 0.0, 0.0, 1.0, 1.0 ], "enabled": false },
				"down": { "texture": "#woodtex", "uv": [ 12.5, 5.0, 13.5, 6.0 ], "rotation": 90 }
			}
		}
	]}