{
	"code": "bonemealglue",
	"maxstacksize": 32,
	"shape": { "base": "ceramos:item/resource/bonemealglue" },
	"creativeinventory": { "general": ["*"], "items": ["*"], "ceramos": ["*"] },
	"heldTpIdleAnimation": "holdbothhands",
	
	"attributes": {
		"displaycaseable": true, 
		"shelvable": true,
		"onDisplayTransform": {
			"origin": { "x": 0.5, "y": 0, "z": 0.5 },
			"scale": 0.5
		}
	},

	"materialDensity": 500,
	"guiTransform": {
		"rotation": { "x": 142, "y": 9, "z": 1 },
		"origin": { "x": 0.5, "y": 0.2, "z": 0.5 },
		"scale": 1.48
	},

	"fpHandTransform": {
		"translation": { "x": 0.0468, "y": -0.1, "z": 0 },
		"rotation": { "x": 6, "y": 49, "z": 20 }
	},

	"tpHandTransform": {
		"translation": { "x": -1.9, "y": -1.6, "z": -1.2 },
		"rotation": { "x": -25, "y": 15, "z": -92 }
	},
	
	"groundTransform": {
		"translation": { "x": 0, "y": 0.17, "z": 0 },
		"rotation": { "x": -1, "y": 0, "z": 0 },
		"origin": { "x": 0.5, "y": 0.5, "z": 0.5299 },
		"scale": 1.65
	}
}