{
  "ingredientPattern": "WF",
  "ingredients": {
    "W": {
      "type": "block",
      "code": "game:woodbucket"
    },
    "F": {
      "type": "block",
      "code": "game:wildvine-section-*",
      "quantity": 2,
      "name": "dir"
    }
  },
  "width": 1,
  "height": 2,
  "attributes": {
    "liquidContainerProps": {
      "requiresContent": { "type": "item", "code": "game:waterportion" },
      "requiresQuantity": 10
    }
  },
  "name": "vines",
  "shapeless": true,
  "output": {
    "type": "block",
    "code": "game:wildvine-end-{dir}",
    "quantity": 1
  }
}
