{
"ingredientPattern": "SC,FC,TC",
	"ingredients": {
	"F": {
		"type": "item",
		"code": "game:resin",
		"quantity": 8
	},
	"T": {
		"type": "item",
		"code": "game:flaxtwine",
		"quantity": 8
	},
		"S": {
		"type": "item",
		"code": "game:stick",
		"quantity": 1
},
		"C": {
		"type": "item",
		"code": "game:coke",
		"quantity": 8
}

	},
	"width": 2,
	"height": 3,
	"shapeless": false,
	"output": { 
		"type": "item", 
		"code": "tstools:khandle" },
	"quantity": 1
	
}
