{
"ingredientPattern": "NTN,SKS,_M_",
	"ingredients": {
	"N": {
		"type": "item",
		"code": "tstools:tstip",
		"quantity": 1
	},
	"S": {
		"type": "item",
		"code": "tstools:fixer",
		"quantity": 4
	},
		"K": {
		"type": "item",
		"code": "game:hammerhead-steel",
		"quantity": 1
},
		"M": {
		"type": "item",
		"code": "tstools:khandle",
		"quantity": 1
},
		"T": {
		"type": "item",
		"code": "game:gear-temporal",
		"quantity": 1
}
	

	},
	"width": 3,
	"height": 3,
	"shapeless": false,
	"output": { 
		"type": "item", 
		"code": "tstools:tshammer" },
	"quantity": 1
	
}
