{
	code: "landforms",
	"variants": 
	[
		{
			"code":  "largeislands",
			"comment": "lots of water, large island and a few tiny islands",
			"hexcolor": "#79E02E",
			"weight": 9,
			"terrainOctaves":          [  0, 0, 0, 0.2, 0.3, 0,  0.9, 0.25, 0],
			"terrainOctaveThresholds": [  0,    0,     0,   0.1,   0.1, 0,0.4, 0.15, 0],
			"terrainYKeyPositions":    [0.3, 0.33, 0.4 , 0.433, 0.455, 0.460, 0.5, 0.65],
			"terrainYKeyThresholds":   [1, 0.66, 0.53, 0.368, 0.288, 0.240, 0.078, 0.000]
		},
		{
			"code":  "realisticflatlands",
			"comment": "Very large scale flat lands",
			"hexcolor": "#79E02E",
			"weight": 4,
			"terrainOctaves":          [0.6, 0.5, 0.35, 0.35, 0, 0.075, 0.05, 0.05, 0.05],
			"terrainOctaveThresholds": [0.45, 0.4, 0.25, 0.25, 0.02, 0.02, 0.03, 0.03, 0.05],
			"terrainYKeyPositions":    [0.410, 0.518],
			"terrainYKeyThresholds":   [1.000, 0.000]
		},
		{
			"code":  "realisticmountains-ledged",
			"comment": "Very large scale mountains with ledges",
			"hexcolor": "#79E02E",
			"weight": 4,
			"terrainOctaves":          [1, 1, 0.95, 0.7, 0.5, 0.3, 0.15, 0.15, 0.1],
			"terrainOctaveThresholds": [0.4, 0.3, 0.4, 0.4, 0.2, 0.05, 0.05, 0.03, 0.03],
			"terrainYKeyPositions":    [0.345, 0.396, 0.428, 0.433, 0.468, 0.475, 0.656, 0.661, 0.718, 0.900],
			"terrainYKeyThresholds":   [1.000, 0.710, 0.650, 0.584, 0.557, 0.524, 0.342, 0.287, 0.145, 0.000]
		},
		{
			"code":  "realisticmountains-quintupleledged",
			"comment": "Very large scale mountains with ledges",
			"hexcolor": "#79E02E",
			"weight": 2,
			"terrainOctaves":          [0.2, 0.2, 0.2, 0.2, 0.02, 0.05, 0.05, 0.05, 0.05],
			"terrainOctaveThresholds": [0.05, 0.05, 0.05, 0.05, 0.01, 0.01, 0.03, 0.03, 0.05],
			"terrainYKeyPositions":    [0.345, 0.396, 0.428, 0.433, 0.468, 0.475, 0.513, 0.518, 0.586, 0.646, 0.651, 0.718, 0.797, 0.803, 0.882, 0.890, 0.963],
			"terrainYKeyThresholds":   [1.000, 0.710, 0.650, 0.584, 0.557, 0.524, 0.479, 0.410, 0.410, 0.362, 0.287, 0.290, 0.208, 0.127, 0.130, 0.055, 0.000]
		},	
		{
			"code":  "steppedsinkholes",
			"comment": "Stepped sink holes",
			"hexcolor": "#AAAA00",
			"weight": 1.5,
			"terrainOctaves":          [0, 0, 0, 0.15, 0.3, 0.9, 0.9, 0.85, 0.1],
			"terrainOctaveThresholds": [0, 0, 0, 0.2, 0.3, 0.5, 0.5, 0.4, 0.5],
			"terrainYKeyPositions":    [0.431, 0.436, 0.457, 0.462, 0.484, 0.489, 0.513, 0.518, 0.525],
			"terrainYKeyThresholds":   [0.999, 0.814, 0.816, 0.761, 0.760, 0.719, 0.718, 0.688, 0.000],
			"mutations": [
				{
					"code":  "steppedsinkhold-cavemut",
					"comment": "Cave mutation",
					"chance": 0.15,
					"hexcolor": "#AAAA00",
						"terrainYKeyPositions":    [0.399, 0.419, 0.427, 0.437, 0.457, 0.462, 0.484, 0.489, 0.513, 0.518, 0.525],
						"terrainYKeyThresholds":   [1.000, 0.816, 0.035, 0.808, 0.816, 0.761, 0.760, 0.719, 0.718, 0.688, 0.000]
					}
			]
		},
		{
			"code":  "islandchess",
			"comment": "checkboard of land and water",
			"hexcolor": "#79E02E",
			"weight": 6,
			"minTemp": -4,
			"minRain": 120,
			"useClimateMap": true,
			"terrainOctaves":          [0, 0, 0, 0, 0, 0,  0, 0, 0.3, 0.7],
			"terrainOctaveThresholds": [0, 0, 0, 0,   0,   0,0, 0.1, 0.3],
			"terrainYKeyPositions":    [0.410, 0.445],
			"terrainYKeyThresholds":   [1.000, 0.000]
		},
		{
			"code":  "needledflatlands",
			"comment": "Flat lands with very thin small hills",
			"hexcolor": "#79E02E",
			"weight": 3,
			"terrainOctaves":          [1, 1, 0.8, 0.5, 0.4, 0.2,  0.1, 0.3, 0.25],
			"terrainOctaveThresholds": [0.3, 0.25, 0.15, 0.15,   0.05,   0.05,0.1, 0.2, 0.1],
			"terrainYKeyPositions":    [0.476, 0.490, 0.545, 0.559],
			"terrainYKeyThresholds":   [1.000, 0.261, 0.167, 0.000]
		},
		{
			"code":  "Realistic mountains",
			"comment": "Very large scale mountains",
			"hexcolor": "#84A878",
			"weight": 2,
			"terrainOctaves":          [1, 1, 1, 1, 1, 0.1, 0.1, 0.1, 0.1],
			"terrainOctaveThresholds": [0.2, 0.2, 0.2, 0.1, 0.1, 0.1, 0.03, 0.03, 0.05],
			"terrainYKeyPositions":    [0.345, 0.405, 1.000],
			"terrainYKeyThresholds":   [1.000, 0.593, 0.000]
		},
		{
			"code":  "siberiansinkholes",
			"comment": "Siberian sink holes",
			"hexcolor": "#AAAA00",
			"weight": 1.5,
			"terrainOctaves":          [0, 0, 0, 0, 0, 1, 1, 1, 1],
			"terrainOctaveThresholds": [0, 0, 0, 0, 0, 0.5, 0.5, 0.5, 0.5],
			"terrainYKeyPositions":    [0.335, 0.468, 0.525, 0.545],
			"terrainYKeyThresholds":   [1.000, 0.978, 0.692, 0.000]
		},
		{
			"code":  "shallowmillionstepmountains",
			"comment": "More shallow Million steps mountain",
			"hexcolor": "#333333",
			"weight": 4,
			"terrainOctaves":          [0, 0, 0, 0, 1, 0, 0, 0.5, 0.2],
			"terrainOctaveThresholds": [0, 0, 0, 0, 0.45, 0, 0, 0.2, 0.1],
			"terrainYKeyPositions":    [0.418, 0.449, 0.474, 0.502, 0.507, 0.526, 0.539, 0.556, 0.563, 0.583, 0.589, 0.605, 0.610, 0.623, 0.630, 0.647, 0.652, 0.669],
			"terrainYKeyThresholds":   [1.000, 0.493, 0.439, 0.430, 0.397, 0.395, 0.360, 0.359, 0.319, 0.314, 0.287, 0.284, 0.257, 0.255, 0.224, 0.220, 0.187, 0.000]
		},
		{
			"code":  "millionstepmountains",
			"comment": "Million steps mountain",
			"hexcolor": "#333333",
			"weight": 2,
			"terrainOctaves":          [0, 0, 0, 0, 0.92, 0.045, 0.1, 0.35, 0.25],
			"terrainOctaveThresholds": [0, 0, 0, 0, 0.4, 0.2, 0.1, 0.25, 0.5],
			"terrainYKeyPositions":    [0.413, 0.498, 0.547, 0.552, 0.582, 0.592, 0.620, 0.630, 0.657, 0.665, 0.687, 0.692, 0.715, 0.722, 0.733, 0.74, 0.75, 0.78, 0.8],
			"terrainYKeyThresholds":   [1.000, 0.532, 0.530, 0.482, 0.480, 0.442, 0.442, 0.402, 0.402, 0.370, 0.370, 0.340, 0.340, 0.307, 0.303, 0.220, 0.20, 0.007, 0.000]
		},
		{
			"code":  "roughflatlands",
			"comment": "Rough near sea level flat lands",
			"hexcolor": "#333333",
			"weight": 8,
			"terrainOctaves":          [0, 0, 0, 0, 0.9, 0.1, 0.1, 0.5, 0.1],
			"terrainOctaveThresholds": [0, 0, 0, 0, 0.6, 0.2, 0.2, 0.1, 0.1],
			"terrainYKeyPositions":    [0.438, 0.500, 0.600],
			"terrainYKeyThresholds":   [1.000, 0.267, 0.000]
		},
		{
			"code":  "roughlabyrinth",
			"comment": "Rough labyrinth lands",
			"hexcolor": "#A9810F",
			"weight": 10,
			"terrainOctaves":          [1, 1, 1, 1, 1, 1, 1, 1, 0.5],
			"terrainOctaveThresholds": [0.8, 0.7, 0.7, 0.5, 0.5, 0.6, 0.6, 0.6, 0.2],
			"terrainYKeyPositions":    [0.3, 0.43, 0.45, 0.51],
			"terrainYKeyThresholds":   [1,    0.95, 0.4, 0],
		},
		{
			"code":  "supersmoothills",
			"comment": "Super Smooth hills",
			"hexcolor": "#333333",
			"weight": 3,
			"terrainOctaves":          [0, 0, 0, 0, 1, 0, 0.4, 0, 0.1],
			"terrainOctaveThresholds": [0, 0, 0, 0, 0.5, 0, 0.1, 0, 0.05],
			"terrainYKeyPositions":    [0.3, 0.43, 0.5, 0.6],
			"terrainYKeyThresholds":   [1,    1, 0.4, 0]
		},	
		{
			"code":  "largelake",
			"comment": "Just water :P",
			"hexcolor": "#0000FF",
			"weight": 4,
			"minTemp": 0,
			"maxTemp": 50,
			"useClimateMap": true,
			"terrainOctaves":          [0, 0, 0, 0, 0.6, 0.1, 0.25, 0.3, 0.6],
			"terrainOctaveThresholds": [0, 0, 0, 0, 0.5,   0.1,    0.15,   0.15,   0.5],
			
			"terrainYKeyPositions":    [0.2, 0.36,  0.4, 0.43],
			"terrainYKeyThresholds":   [1,    1,  0.6,  0]
		},	
		{
			"code":  "cold mountain range",
			"comment": "",
			"hexcolor": "#000099",
			"weight": 10000,
			"minTemp": -20,
			"maxTemp": -19.5,
			"useClimateMap": true,
			"terrainOctaves":          [0, 0, 0, 0.98,   0.99, 0.95, 0.95, 0.6, 0.2],
			"terrainOctaveThresholds": [0, 0, 0, 0.5, 0.5, 0.5,   0.4,   0.2, 0.05],
			"terrainYKeyPositions":    [0.3,  0.42, 0.50, 0.6, 0.7, 0.8, 0.85, 0.9],
			"terrainYKeyThresholds":   [1,  1.00, 0.96, 0.95, 1.0, 0.2, 0.05, 0]
		},
		{
			"code":  "humongous mountain",
			"comment": "humongous mountains with caverns in them",
			"hexcolor": "#5BC184",
			"weight": 1.5,
			"terrainOctaves":          [0, 0, 0, 0.6,   0.6, 0.5, 0.45, 0.45, 0.15],
			"terrainOctaveThresholds": [0, 0, 0, 0.5, 0.5, 0.4,   0.4,   0.4, 0.1],
			"terrainYKeyPositions":    [0.300, 0.330, 0.370, 0.420, 0.430, 0.500, 0.600, 0.700, 1.000],
			"terrainYKeyThresholds":   [1.000, 1.000, 0.870, 0.840, 0.700, 0.940, 1.000, 1.000, 0.000],
			"mutations": [
				{
					"chance": 0.25,
					"code":  "humongous mountain, cavernless",
					"hexcolor": "#79E02E",
					"terrainYKeyPositions":    [0.300, 0.330, 0.600, 1.000],
					"terrainYKeyThresholds":   [1.000, 1.000, 1.000, 0.000]
				}
			]
		},
		{
			"code":  "hillplateu",
			"comment": "high plateu with hills on top",
			"hexcolor": "#5BC184",
			"weight": 1.5,
			"terrainOctaves":          [0, 1, 1, 0.98,   0.95, 0.3, 0.25, 0.35, 0.2],
			"terrainOctaveThresholds": [0, 0.5, 0.4, 0.5, 0.3, 0.2,   0.3,   0.25, 0.15],
			"terrainYKeyPositions":    [0.432, 0.611, 0.712, 0.735, 0.79],
			"terrainYKeyThresholds":   [1.000, 0.952, 0.660, 0.45, 0.000]
		},
		{
			"code":  "smallshallowislands",
			"comment": "Small shallow islands with very small hills and lots of water",
			"hexcolor": "#79E02E",
			"weight": 16,
			"terrainOctaves":          [  0, 0, 0, 0, 0.6, 0.25,  0.25, 0.25, 0.2],
			"terrainOctaveThresholds": [  0, 0, 0,   0, 0.3,  0.02, 0.1, 0.25, 0.3],
			"terrainYKeyPositions":    [0.250, 0.360, 0.400, 0.430, 0.440, 0.497],
			"terrainYKeyThresholds":   [1.000, 1.000, 0.800, 0.400, 0.150, 0.000]
		},
		{
			"code":  "shallowislands",
			"comment": "Medium sized shallow islands with small bumps and lots of water",
			"hexcolor": "#79E02E",
			"weight": 15,
			"terrainOctaves":          [  0, 0, 0, 0.2, 0.5, 0.1,  0.25, 0.3, 0.4],
			"terrainOctaveThresholds": [  0, 0, 0,   0.05, 0.4,  0.02, 0.02, 0.1, 0.25],
			"terrainYKeyPositions":    [0.250, 0.360, 0.410, 0.430, 0.440, 0.471, 0.497, 0.540],
			"terrainYKeyThresholds":   [1.000, 1.000, 0.805, 0.300, 0.192, 0.105, 0.016, 0.000]
		},
		{
			"code":  "cliffy rolling hills",
			"comment": "cliffy rolling hills",
			"hexcolor": "#5BC184",
			"weight": 1.5,
			"terrainOctaves":          [0.9, 0.81, 0.729, 0.6561, 0, 0, 0.5, 0.3, 0.1],
			"terrainOctaveThresholds": [  0.3,    0.2,     0.35,      0.25, 0, 0,   0.2,   0.1, 0.05],
			"terrainYKeyPositions":    [0.3, 0.43, 0.45, 0.74, 0.75],
			"terrainYKeyThresholds":   [1,    1,  0.8,  0.2, 0]
		},
		{
			"code":  "superflatrarebumps",
			"comment": "very flat lands with occasional bumps",
			"hexcolor": "#79E02E",
			"weight": 15,
			"terrainOctaves":          [  0.01, 0.02, 0.02, 0.2, 0.3, 0.3,  0.5, 0.15, 0.22],
			"terrainOctaveThresholds": [  0.2,    0.2,     0.3,   0.075,   0.125, 0.1,0.25, 0.35, 0.3],
			"terrainYKeyPositions":    [0.34, 0.4, 0.43 ,0.47, 0.55, 0.65],
			"terrainYKeyThresholds":   [1,    0.425, 0.3, 0.24, 0.14, 0.0]
		},
		{
			"code":  "flatmanybumps",
			"comment": "Flat land with many bumps",
			"hexcolor": "#5BC184",
			"weight": 18,
			"terrainOctaves": [0, 0, 0, 0, 0.59049, 0.531441, 0.4, 0.55, 0.2],
			"terrainOctaveThresholds": [  0,    0,     0,   0,   0.25, 0.15, 0.1, 0.15, 0.1],
			"terrainYKeyPositions":    [0.3, 0.4, 0.43, 0.55],
			"terrainYKeyThresholds": [1,      1, 0.6, 0],
			"mutations": [
					{
						"chance": 0.3,
						"code":  "rollinghillssubstract",
						"hexcolor": "#79E02E",
						"terrainYKeyPositions":    [0.3, 0.4, 0.43, 0.45],
						"terrainYKeyThresholds": [1,      1, 0.7, 0],
					}
			]
		},
		{
			"code":  "veryflatmanybumps",
			"comment": "Very flat land with many bumps",
			"hexcolor": "#5BC184",
			"weight": 13,
			"terrainOctaves": [0, 0, 0, 0, 0.25, 0.20, 0.1, 0.15, 0.10],
			"terrainOctaveThresholds": [  0,    0,     0,   0,   0.1, 0.5, 0.02, 0.05, 0.1],
			"terrainYKeyPositions":    [0.300, 0.400, 0.430, 0.51],
			"terrainYKeyThresholds":   [1.000, 1.000, 0.850, 0.000],
			"mutations": [
					{
						"chance": 0.3,
						"code":  "rollinghillssubstract",
						"hexcolor": "#79E02E",
						"terrainYKeyPositions":    [0.3, 0.4, 0.43, 0.45],
						"terrainYKeyThresholds": [1,      1, 0.8, 0],
					}
			]
		},
		{
			"code":  "singlestep near-sea level flat grasslands",
			"comment": "near-sea level flat grasslands with a single step",
			"hexcolor": "#79E02E",
			"weight": 4,
			"terrainOctaves":          [  1, 0.81, 0.729, 0.5, 0.3, 0,  1, 0.25, 0],
			"terrainOctaveThresholds": [  0.6,    0.4,     0.3,   0.1, 0.1, 0,0.4, 0.1, 0],
			"terrainYKeyPositions":    [0.4, 0.44, 0.5, 0.52,   0.6, 0.7],
			"terrainYKeyThresholds":   [1,    0.6, 0.5, 0.445,  0.15, 0.0]
		},
		{
			"code":  "rollinghills",
			"comment": "near sealevel rolling hills",
			"hexcolor": "#5BC184",
			"weight": 2,
			"terrainOctaves": [0.9, 0.81, 0.725, 0.65, 0.6, 0.5, 0.2, 0.2, 0.1],
			"terrainOctaveThresholds": [  0.5,    0.4,     0.3,   0.2,   0.2, 0.2, 0.05, 0.2, 0.2],
			"terrainYKeyPositions":    [0.3, 0.41, 0.42, 0.5, 0.65],
			"terrainYKeyThresholds": [1,      1, 0.8, 0.75, 0]
		},
		{
			"code":  "lowrollinghills",
			"comment": "near sealevel low rolling hills",
			"hexcolor": "#5BC184",
			"weight": 15,
			"terrainOctaves": [0.9, 0.81, 0.729, 0.6561, 0.59049, 0.531441, 0.2, 0.4, 0],
			"terrainOctaveThresholds": [  0.5,    0.4,     0.3,   0.2,   0.2, 0.2, 0.05, 0.1, 0],
			"terrainYKeyPositions":    [0.3, 0.41, 0.43, 0.55],
			"terrainYKeyThresholds": [1,      1, 0.8, 0],
			"mutations": [
					{
						"chance": 0.15,
						"code":  "rollinghillssubstract",
						"hexcolor": "#79E02E",
						"terrainYKeyPositions":    [0.3, 0.41, 0.43, 0.45],
						"terrainYKeyThresholds": [0.2,      0.2, 0.2, 0],
					}
			]
		},
		{
			"code":  "cliffislands",
			"comment": "Islands with tall cliffs",
			"hexcolor": "#5BC184",
			"weight": 6,
			"terrainOctaves": [0.95, 0.4, 0.8, 0.65, 0.3, 0.85, 0.35, 0.3, 0.25],
			"terrainOctaveThresholds": [  0.2,    0.15,     0.15,   0.25,   0.3, 0.35, 0.35, 0.35, 0.45],
			"terrainYKeyPositions":    [0.300, 0.410, 0.432, 0.440, 0.498, 0.547, 0.650],
			"terrainYKeyThresholds":   [1.000, 1.000, 0.432, 0.402, 0.35, 0.25, 0.000],
			"mutations": [
				{
					"chance": 0.4,
					"code":  "sharp cliff islands",
					"hexcolor": "#79E02E",
		
					"terrainOctaves": [0.9, 0.81, 0.729, 0.6561, 0.59049, 0.531441, 0.7, 0.3, 0.4],
				}
			]
		},
		{
			"code":  "bumplands",
			"comment": "flat with small and big bumps",
			"hexcolor": "#5BC184",
			"weight": 16,
			"terrainOctaves":          [0, 0, 0, 0, 0, 1.0, 0.15, 0.2, 0.15],
			"terrainOctaveThresholds": [0, 0, 0, 0, 0, 0.4, 0.05, 0.1, 0.2],
			"terrainYKeyPositions":    [0.35, 0.43, 0.45, 0.55, 0.65, 0.75, 0.76],
			"terrainYKeyThresholds":   [1,  0.7, 0.55, 0.33 ,0.22, 0.02, 0]
		},
		{
			"code":  "roundclifflandshilly",
			"comment": "round clifflands (more hilly, less easily traversable)",
			"hexcolor": "#5BC184",
			"weight": 4,
			"terrainOctaves":          [0, 0, 0, 0, 0.3, 1.0, 0, 0.2, 0],
			"terrainOctaveThresholds": [0, 0, 0, 0, 0.1, 0.4, 0, 0.1, 0],
			"terrainYKeyPositions":    [0.3, 0.42, 0.43, 0.45, 0.7, 0.75, 0.76],
			"terrainYKeyThresholds":   [1,  0.9, 0.7, 0.5, 0.2, 0.02, 0]
		},
		{
			"code":  "sparsecliffyswamplands",
			"comment": "Swamp lands with sparse short 2-stepped cliffs",
			"hexcolor": "#5BC184",
			"weight": 6,
			"terrainOctaves":          [0, 0.1, 0.2, 0.3, 0.85, 0.35, 0.35, 0.25, 0.1],
			"terrainOctaveThresholds": [0, 0.05, 0.05, 0.05, 0.15, 0.4, 0.2, 0.3, 0.2],
			"terrainYKeyPositions":    [0.254, 0.401, 0.430, 0.446, 0.465, 0.470, 0.488, 0.498, 0.521],
			"terrainYKeyThresholds":   [1.000, 0.990, 0.682, 0.303, 0.297, 0.225, 0.222, 0.170, 0.000]
		},
		{
			"code":  "densecliffyswamplands",
			"comment": "Swamp lands with dense tall cliffs",
			"hexcolor": "#5BC184",
			"weight": 5,
			"terrainOctaves":          [0, 0.1, 0.25, 0.35, 0.95, 0.45, 0.4, 0.5, 0],
			"terrainOctaveThresholds": [0, 0.01, 0.01, 0.025, 0.05, 0.1, 0.1, 0.1, 0],
			"terrainYKeyPositions":    [0.3, 0.42, 0.43, 0.45, 0.7, 0.75],
			"terrainYKeyThresholds":   [1,  0.9, 0.7, 0.4, 0.1, 0]
		},
		{
			"code":  "deep water step mountains",
			"comment": "Step mountains in deep water",
			"hexcolor": "#84A878",
			"weight": 1,
			"terrainOctaves": [0, 0.81, 0.729, 0.6561, 0.59049, 0.531441, 0.4, 0.2, 0],
			"terrainYKeyPositions":  [0.15, 0.45,   0.5,   0.6, 0.62,  0.68,  0.7],
			"terrainYKeyThresholds": [1,  0.65,  0.39,   0.2, 0.2,   0.05, 0.0],
		},
		{
			"code":  "step mountains",
			"comment": "Raised terrain with mountains that have several steps in them",
			"hexcolor": "#84A878",
			"weight": 1,
			"terrainOctaves": [0, 0.81, 0.729, 0.6561, 0.2, 0.531441, 0.4, 0.2, 0],
			"terrainYKeyPositions":  [0.3, 0.43,   0.5,   0.6, 0.62,  0.68,  0.7,  0.8, 0.84, 0.9],
			"terrainYKeyThresholds": [1,  0.98,  0.61,   0.4, 0.35,   0.29, 0.22, 0.08, 0.06, 0.0],
		},
		{
			"code":  "flathillvalley",
			"comment": "Flat lands with occasional hills and valleys",
			"hexcolor": "#84A878",
			"weight": 10,
			"terrainOctaves":          [0, 0, 0, 0, 0.2, 0.2,   1, 0.5, 0.3],
			"terrainOctaveThresholds": [0, 0, 0, 0.3, 0.3, 0.3, 0.3, 0.3, 0.2],
			"terrainYKeyPositions":    [0.443, 0.463, 0.508, 0.548, 0.556, 0.598, 0.699, 0.730],
			"terrainYKeyThresholds":   [1.000, 0.573, 0.373, 0.300, 0.272, 0.230, 0.110, 0.000]
		},
		{
			"code":  "hillsflatsandislands",
			"comment": "A colorful mix of flats, hillgroups and islands",
			"hexcolor": "#84A878",
			"weight": 18,
			"terrainOctaves": [0.2, 0.41, 0.3, 0.4, 0.4, 0.2, 0.15, 0.15, 0.15],
			"terrainOctaveThresholds": [0.01, 0.02, 0.05, 0.5, 0.1, 0.1, 0.3, 0.15, 0.15, 0.2],
			"terrainYKeyPositions":    [0.36, 0.415, 0.438, 0.459, 0.548, 0.575, 0.6, 0.65, 0.7],
			"terrainYKeyThresholds":   [1.000, 0.770, 0.517, 0.287, 0.197, 0.117, 0.04, 0.025, 0.000]
		},
		{
			"code":  "smallsealevelplateus",
			"comment": "Small many near sea level plateus",
			"hexcolor": "#84A878",
			"weight": 5,
			"terrainOctaves":          [0, 0, 0, 0.25, 0.3, 0.6, 0.5, 0.5, 0.15],
			"terrainOctaveThresholds": [0, 0, 0, 0.1, 0.15, 0.3, 0.4, 0.4, 0.1],
			"terrainYKeyPositions":  [0.2, 0.4, 0.43, 0.45, 0.455, 0.495, 0.505, 0.525, 0.535],
			"terrainYKeyThresholds": [1,   1,    1, 0.63, 0.27, 0.27, 0.09, 0.09, 0],
		},
		{
			"code":  "mediumseapillars",
			"comment": "medium stepped pillars in the sea",
			"hexcolor": "#79E02E",
			"weight": 3,
			"terrainOctaves":          [0, 0, 0, 0, 0, 0.2, 0.85, 0.7, 0.2],
			"terrainOctaveThresholds": [0, 0, 0, 0, 0,   0.05, 0.3,   0.3, 0.15],
			"terrainYKeyPositions":    [0.25, 0.365, 0.43, 0.46, 0.51, 0.52, 0.56, 0.57, 0.65],
			"terrainYKeyThresholds":   [1,    1,  0.35, 0.25, 0.19, 0.14, 0.12, 0.075, 0]
		},
		{
			"code":  "mediumlandpillars",
			"comment": "medium stepped pillars on flat land",
			"hexcolor": "#79E02E",
			"weight": 4,
			"terrainOctaves":          [0, 0, 0, 0.1, 0.15, 0.35, 0.7, 0.5, 0.2],
			"terrainOctaveThresholds": [0, 0, 0, 0, 0.05, 0.1, 0.45, 0.3, 0.2],
			"terrainYKeyPositions":    [0.3, 0.435, 0.45, 0.5, 0.54, 0.55, 0.59, 0.6, 0.64, 0.66],
			"terrainYKeyThresholds":   [1,    1, 0.5, 0.25, 0.18, 0.15, 0.12, 0.1, 0.1, 0]
		},
		{
			"code":  "marsh",
			"comment": "very flat lands with small rough hills",
			"hexcolor": "#79E02E",
			"weight": 13,
			"terrainOctaves":          [  0, 0, 0, 0, 0.2, 0.2,  0.8, 0.5, 0.1],
			"terrainOctaveThresholds": [  0, 0, 0, 0, 0, 0.05 ,0.4, 0.1, 0.1],
			"terrainYKeyPositions":    [0.37, 0.39, 0.41, 0.425, 0.43, 0.44, 0.51, 0.56],
			"terrainYKeyThresholds":   [1, 0.7, 0.6, 0.47, 0.39, 0.28, 0.16, 0],
		},
		{
			"code":  "bumpy marsh",
			"comment": "Near sea lavel lakes with small round hills",
			"hexcolor": "#79E02E",
			"weight": 5,
			"terrainOctaves":          [0, 0, 0, 0.1, 0.2, 0.2,  0.8, 0.5, 0.15],
			"terrainOctaveThresholds": [0, 0, 0, 0,   0.1,   0.05 ,0.4, 0.1, 0.1],
			"terrainYKeyPositions":    [0.34, 0.39, 0.41, 0.425, 0.43, 0.44, 0.51, 0.56],
			"terrainYKeyThresholds":   [1, 0.7, 0.6, 0.47, 0.39, 0.28, 0.16, 0],
		},
		{
			"code":  "flatmarsh",
			"comment": "very flat lands with rare small bumps",
			"hexcolor": "#79E02E",
			"weight": 9,
			"terrainOctaves":          [  0.01, 0.01, 0.02, 0.05, 0.2, 0.2,  0.6, 0.5, 0.12],
			"terrainOctaveThresholds": [  0.1, 0.15, 0.15, 0.2, 0.15, 0.2 , 0.35, 0.3, 0.1],
			"terrainYKeyPositions":    [0.33, 0.41, 0.44, 0.48, 0.51, 0.56, 0.57],
			"terrainYKeyThresholds":   [1,   0.66, 0.42, 0.35, 0.23, 0.12, 0]
		},
		{
			"code":  "deathmarsh",
			"comment": "some strange pool here",
			"hexcolor": "#79E02E",
			"weight": 3,
			"terrainOctaves":          [  0, 0, 0, 0, 0.2, 0.2,  0.7, 0.5, 0.1],
			"terrainOctaveThresholds": [  0, 0, 0, 0, 0.1, 0.1, 0.45, 0.1, 0.05],
			"terrainYKeyPositions":    [0.25, 0.39, 0.41, 0.425, 0.43, 0.44, 0.51, 0.6],
			"terrainYKeyThresholds":   [1, 0.7, 0.6, 0.43, 0.35, 0.28, 0.16, 0],
			"mutations": [
				{
					"chance": 0.5,
					"code":  "deathmarsh hill",
					"hexcolor": "#79E02E",
		
					"terrainOctaves":          [  0, 0, 0, 0, 0.2, 0.2,  0.55, 0.35, 0.1],
					"terrainOctaveThresholds": [  0, 0, 0, 0, 0.15, 0.15,0.35, 0.3, 0.1],
					"terrainYKeyPositions":    [0.25, 0.39, 0.41, 0.43, 0.44, 0.45, 0.51, 0.625],
					"terrainYKeyThresholds":   [1, 0.7, 0.55, 0.46, 0.33, 0.17, 0.1, 0],
				}
			]
		},
	]
}
