[
  {
    "code": "dyecloth",
    "sealHours": 8,
    "ingredients": [
      { "type": "item", "code": "game:dye-*", "name": "color", "litres": 4, "consumelitres": 4, "allowedVariants": ["orange", "black", "red", "blue", "green", "yellow", "white", "gray", "purple", "pink"] },
      { "type": "item", "code": "hideandfabric:cloth-cotton-mordant" }
    ],
    "output": { "type": "item", "code": "hideandfabric:cloth-cotton-{color}" }
  },
  {
    "code": "dyecloth",
    "sealHours": 8,
    "ingredients": [
      { "type": "item", "code": "game:dye-*", "name": "color", "litres": 4, "consumelitres": 4, "allowedVariants": ["orange", "black", "red", "blue", "green", "yellow", "white", "gray", "purple", "pink"] },
      { "type": "item", "code": "hideandfabric:cloth-wool-mordant" }
    ],
    "output": { "type": "item", "code": "hideandfabric:cloth-wool-{color}" }
  },
  {
    "code": "dyecloth",
    "sealHours": 8,
    "ingredients": [
      { "type": "item", "code": "game:dye-woad", "name": "color", "litres": 2, "consumelitres": 2 },
      { "type": "item", "code": "hideandfabric:cloth-*-plain", "name": "fabric", "allowedVariants": [ "cotton", "wool" ] }
    ],
    "output": { "type": "item", "code": "hideandfabric:cloth-{fabric}-blue" }
  },
  {
    "code": "dyecloth",
    "sealHours": 8,
    "ingredients": [
      { "type": "item", "code": "game:dye-woad", "name": "color", "litres": 2, "consumelitres": 2 },
      { "type": "item", "code": "hideandfabric:cloth-*-mordant", "name": "fabric", "allowedVariants": [ "cotton", "wool" ] }
    ],
    "output": { "type": "item", "code": "hideandfabric:cloth-{fabric}-blue" }
  }
]
