{
  "code": "betterbloomerychimney",
  "class": "Block",
  "behaviors": [{ "name": "UnstableFalling" }, { "name": "Unplaceable" }],

  "attributes": {
    "handbook": {
      "groupBy": ["betterbloomeries-*"]
    }
  },
  "variantgroups": [
    {
      "code": "tier",
      "states": ["tier1", "tier2", "tier3"]
    }
  ],
  "shape": { "base": "game:block/clay/bloomery/chimney" },
  "blockmaterial": "Ceramic",
  "creativeinventory": {
    "general": ["*"],
    "construction": ["*"],
    "betterbloomeries": ["*"]
  },
  "replaceable": 400,
  "resistance": 2,
  "maxStackSize": 1,
  "lightAbsorption": 99,
  "textureWidht": 32,
  "textureHeight": 32,
  "textures": {
    "all": { "base": "block/clay/{tier}/chimney" }
  },
  "sounds": {
    "walk": "game:walk/stone",
    "byTool": {
      "Pickaxe": {
        "hit": "game:block/rock-hit-pickaxe",
        "break": "game:block/rock-break-pickaxe"
      }
    }
  },
  "heldTpIdleAnimation": "holdbothhandslarge",
  "heldTpUseAnimation": "twohandplaceblock",
  "tpHandTransform": {
    "translation": {
      "x": -1.2,
      "y": -1.1,
      "z": -0.8
    },
    "rotation": {
      "x": -2,
      "y": 25,
      "z": -78
    },
    "scale": 0.37
  },
  "collisionbox": {
    "x1": 0.0625,
    "y1": 0,
    "z1": 0.0625,
    "x2": 0.9375,
    "y2": 0.625,
    "z2": 0.9375
  },
  "selectionbox": {
    "x1": 0.0625,
    "y1": 0,
    "z1": 0.0625,
    "x2": 0.9375,
    "y2": 0.625,
    "z2": 0.9375
  },
  "sideopaque": {
    "all": false
  },
  "sidesolid": {
    "all": false
  },
  "dropsByType": {
    "*-tier1": [
      {
        "type": "item",
        "code": "game:refractorybrick-fired-tier1",
        "quantity": {
          "avg": 3,
          "var": 1
        }
      }
    ],
    "*-tier2": [
      {
        "type": "item",
        "code": "game:refractorybrick-fired-tier2",
        "quantity": {
          "avg": 3.5,
          "var": 0.5
        }
      }
    ],
    "*-tier3": [
      {
        "type": "item",
        "code": "game:refractorybrick-fired-tier3",
        "quantity": {
          "avg": 4,
          "var": 0
        }
      }
    ]
  }
}
