[

{
	ingredientPattern: "XA",
	ingredients: {
		"A": { type: "item", code: "antler-large"},
		"X": { type: "item", code: "game:axe-*", isTool: true}
	},
	width: 2,
	height: 1,
	output: { type: "item", code: "tine-antler", quantity: 8 }
},

{
	ingredientPattern: "XA",
	ingredients: {
		"A": { type: "item", code: "antler-albino"},
		"X": { type: "item", code: "game:axe-*", isTool: true}
	},
	width: 2,
	height: 1,
	output: { type: "item", code: "tine-albantler", quantity: 8 }
},
{
	ingredientPattern: "XA",
	ingredients: {
		"A": { type: "item", code: "antler-albino"},
		"X": { type: "item", code: "game:knife-*", isTool: true}
	},
	width: 2,
	height: 1,
	output: { type: "item", code: "antlerpickaxe-albantler" }
},
{
	ingredientPattern: "XA",
	ingredients: {
		"A": { type: "item", code: "antler-large"},
		"X": { type: "item", code: "game:knife-*", isTool: true}
	},
	width: 2,
	height: 1,
	output: { type: "item", code: "antlerpickaxe-antler" }
},

{
	ingredientPattern: "XA",
	ingredients: {
		"A": { type: "item", code: "tine-*"},
		"X": { type: "item", code: "game:knife-*", isTool: true}
	},
	width: 2,
	height: 1,
	output: { type: "item", code: "game:knifeblade-antler" }
},

{
	ingredientPattern: "T	S",
	ingredients: {
		"T": { type: "item", code: "game:knifeblade-antler"},
		"S": { type: "item", code: "game:stick" }
	},
	width: 1,
	height: 2,
	output: { type: "item", code: "game:knife-antler" }
},

{
	ingredientPattern: "T	B",
	ingredients: {
		"T": { type: "item", code: "game:knifeblade-antler"},
		"B": { type: "item", code: "game:bone" }
	},
	width: 1,
	height: 2,
	output: { type: "item", code: "game:knife-bone-antler" }
},

{
	ingredientPattern: "X	A",
	ingredients: {
		"A": { type: "item", code: "tine-*"},
		"X": { type: "item", code: "game:knife-*", isTool: true}
	},
	width: 1,
	height: 2,
	output: { type: "item", code: "game:arrowhead-antler", quantity: 4  }
},

{
	ingredientPattern: "H	S	F",
	ingredients: {
		"H": { type: "item", code: "game:arrowhead-antler"},
		"S": { type: "item", code: "game:stick" },
		"F": { type: "item", code: "game:feather" }
	},
	width: 1,
	height: 3,
	output: { type: "item", code: "game:arrow-antler", quantity: 1  }
}


]