[

{
	ingredientPattern: "PPP,PHP,APA",
	ingredients: {
		"P": { type: "item", code: "game:plank-oak", quantity: 1 },
		"H": { type: "item", code: "game:hide-pelt-large",  quantity: 1 },
		"A": { type: "item", code: "antler-large", quantity: 1 },
	},
	width: 3,
	height: 3,
	output: { type: "block", code: "deermount-north", quantity: 1  }
},



{
	ingredientPattern: "A_A,PPP,_P_",
	ingredients: {
		"P": { type: "item", code: "game:plank-oak", quantity: 1 },
		"A": { type: "item", code: "antler-large", quantity: 1 },
	},
	width: 3,
	height: 3,
	output: { type: "block", code: "antlermount-north", quantity: 1  }
},

{
	ingredientPattern: "PPP,PHP,APA",
	ingredients: {
		"P": { type: "item", code: "game:plank-baldcypress", quantity: 1 },
		"H": { type: "item", code: "game:hide-pelt-large",  quantity: 1 },
		"A": { type: "item", code: "antler-albino", quantity: 1 },
	},
	width: 3,
	height: 3,
	output: { type: "block", code: "albdeermount-north", quantity: 1  }
},



{
	ingredientPattern: "A_A,PPP,_P_",
	ingredients: {
		"P": { type: "item", code: "game:plank-baldcypress", quantity: 1 },
		"A": { type: "item", code: "antler-albino", quantity: 1 },
	},
	width: 3,
	height: 3,
	output: { type: "block", code: "albantlermount-north", quantity: 1  }
}

]