[

{
	ingredientPattern: "TD",
	ingredients: {
		"T": { type: "block", code: "hidepillow-*"},
		"D": { type: "item", code: "game:fruit-blueberry", quantity: 2}
	},
	width: 2,
	height: 1,
	output: { type: "block", code: "hidepillow-blue", quantity: 2  }
},

{
	ingredientPattern: "TD",
	ingredients: {
		"T": { type: "block", code: "hidepillow-*"},
		"D": { type: "item", code: "game:fruit-redcurrant", quantity: 2}
	},
	width: 2,
	height: 1,
	output: { type: "block", code: "hidepillow-red", quantity: 2  }
},

{
	ingredientPattern: "TD",
	ingredients: {
		"T": { type: "block", code: "hidepillow-*"},
		"D": { type: "item", code: "game:charcoal", quantity: 2}
	},
	width: 2,
	height: 1,
	output: { type: "block", code: "hidepillow-black", quantity: 2  }
},

{
	ingredientPattern: "TD",
	ingredients: {
		"T": { type: "block", code: "hidepillow-*"},
		"D": { type: "item", code: "game:fruit-whitecurrant", quantity: 2}
	},
	width: 2,
	height: 1,
	output: { type: "block", code: "hidepillow-white", quantity: 2  }
	
},

{
	ingredientPattern: "TD",
	ingredients: {
		"T": { type: "block", code: "hidepillow-*"},
		"D": { type: "item", code: "game:fruit-blackcurrant", quantity: 2}
	},
	width: 2,
	height: 1,
	output: { type: "block", code: "hidepillow-dark", quantity: 2  }
}




]