{
	"editor": {
		"allAngles": true,
		"entityTextureMode": false
	},
	"textureWidth": 16,
	"textureHeight": 16,
	"textureSizes": {
		"shoes-fur": [16,16]
	},
	"textures": {
		"shoes-fur": "entity/humanoid/seraphclothes/foot/harehide-boots-gold-leather"
	},
	"elements": [
		{
			"name": "shoe R",
			"stepParentName": "LowerFootR",
			"from": [ 3.7, -0.1, 2.7 ], 
			"to": [ 7.9, 6.4, 5.9 ], 
			"rotationOrigin": [ 3.9, -0.1, 2.9 ],
			"rotationY": 180.0,
			"faces": {
				"north": { "texture": "#shoes-fur", "uv": [ 3.0, 9.5, 7.0, 16.0 ] },
				"east": { "texture": "#shoes-fur", "uv": [ 7.5, 9.5, 10.5, 16.0 ] },
				"south": { "texture": "#shoes-fur", "uv": [ 3.0, 9.5, 7.0, 16.0 ] },
				"west": { "texture": "#shoes-fur", "uv": [ 4.0, 9.5, 7.0, 16.0 ] },
				"up": { "texture": "#shoes-fur", "uv": [ 4.0, 0.0, 7.0, 4.0 ], "rotation": 90 },
				"down": { "texture": "#shoes-fur", "uv": [ 0.0, 0.0, 3.0, 4.0 ], "rotation": 90 }
			},
			"children": [
				{
					"name": "N fold 1",
					"from": [ 0.0, 6.5, 0.0 ], 
					"to": [ 4.2, 7.5, 0.2 ], 
					"rotationOrigin": [ 0.0, 6.5, 0.2 ],
					"rotationX": -18.0,
					"faces": {
						"north": { "texture": "#shoes-fur", "uv": [ 3.0, 8.5, 7.0, 9.5 ] },
						"east": { "texture": "#shoes-fur", "uv": [ 3.0, 8.5, 3.5, 9.5 ] },
						"south": { "texture": "#shoes-fur", "uv": [ 9.5, 2.0, 13.5, 3.0 ] },
						"west": { "texture": "#shoes-fur", "uv": [ 6.5, 8.5, 7.0, 9.5 ] },
						"up": { "texture": "#shoes-fur", "uv": [ 3.0, 8.5, 7.0, 9.0 ], "rotation": 180 },
						"down": { "texture": "#shoes-fur", "uv": [ 4.5, 0.0, 8.5, 0.5 ] }
					}
				},
				{
					"name": "S fold 1",
					"from": [ 0.0, 6.5, 3.0 ], 
					"to": [ 4.2, 7.5, 3.2 ], 
					"rotationOrigin": [ 0.0, 6.5, 3.0 ],
					"rotationX": 18.0,
					"faces": {
						"north": { "texture": "#shoes-fur", "uv": [ 9.5, 2.5, 13.5, 3.5 ] },
						"east": { "texture": "#shoes-fur", "uv": [ 13.5, 8.5, 14.0, 9.5 ] },
						"south": { "texture": "#shoes-fur", "uv": [ 3.0, 8.5, 7.0, 9.5 ] },
						"west": { "texture": "#shoes-fur", "uv": [ 10.0, 8.5, 10.5, 9.5 ] },
						"up": { "texture": "#shoes-fur", "uv": [ 3.0, 8.5, 7.0, 9.0 ] },
						"down": { "texture": "#shoes-fur", "uv": [ 0.0, 0.0, 4.0, 0.5 ] }
					}
				},
				{
					"name": "back fold 1",
					"from": [ 4.0, 6.5, 0.0 ], 
					"to": [ 4.2, 7.5, 3.2 ], 
					"rotationOrigin": [ 4.0, 6.5, 0.0 ],
					"rotationZ": -18.0,
					"faces": {
						"north": { "texture": "#shoes-fur", "uv": [ 2.5, 8.5, 3.0, 9.5 ] },
						"east": { "texture": "#shoes-fur", "uv": [ 7.5, 8.5, 10.5, 9.5 ] },
						"south": { "texture": "#shoes-fur", "uv": [ 0.0, 8.5, 0.5, 9.5 ] },
						"west": { "texture": "#shoes-fur", "uv": [ 7.5, 0.0, 10.5, 1.0 ] },
						"up": { "texture": "#shoes-fur", "uv": [ 7.5, 8.5, 10.5, 9.0 ], "rotation": 270 },
						"down": { "texture": "#shoes-fur", "uv": [ 0.0, 0.0, 0.5, 3.0 ] }
					}
				},
				{
					"name": "front fold 1",
					"from": [ 0.0, 6.5, 0.0 ], 
					"to": [ 0.2, 7.5, 3.2 ], 
					"rotationOrigin": [ 0.2, 6.5, 0.0 ],
					"rotationZ": 18.0,
					"faces": {
						"north": { "texture": "#shoes-fur", "uv": [ 7.0, 8.5, 7.5, 9.5 ] },
						"east": { "texture": "#shoes-fur", "uv": [ 7.5, 1.0, 10.5, 2.0 ] },
						"south": { "texture": "#shoes-fur", "uv": [ 10.0, 9.0, 10.5, 10.0 ] },
						"west": { "texture": "#shoes-fur", "uv": [ 4.5, 8.5, 7.5, 9.5 ] },
						"up": { "texture": "#shoes-fur", "uv": [ 4.0, 8.5, 7.0, 9.0 ], "rotation": 90 },
						"down": { "texture": "#shoes-fur", "uv": [ 0.0, 0.0, 0.5, 3.0 ] }
					}
				},
				{
					"name": "RLace1",
					"from": [ 4.1, 3.0, 0.6 ], 
					"to": [ 4.45, 3.5, 2.9 ], 
					"rotationOrigin": [ 4.33, 3.25, 0.9 ],
					"rotationX": -30.0,
					"faces": {
						"north": { "texture": "#shoes-fur", "uv": [ 4.0, 0.0, 4.5, 0.5 ] },
						"east": { "texture": "#shoes-fur", "uv": [ 4.0, 0.0, 6.0, 0.5 ] },
						"south": { "texture": "#shoes-fur", "uv": [ 4.0, 0.0, 4.5, 0.5 ] },
						"west": { "texture": "#shoes-fur", "uv": [ 4.0, 0.0, 6.0, 0.5 ] },
						"up": { "texture": "#shoes-fur", "uv": [ 4.0, 0.0, 4.5, 2.0 ] },
						"down": { "texture": "#shoes-fur", "uv": [ 4.0, 0.0, 4.5, 2.0 ] }
					},
					"children": [
						{
							"name": "RLace2",
							"from": [ 0.0, 0.666, 0.5 ], 
							"to": [ 0.35, 1.166, 2.8 ], 
							"rotationOrigin": [ 0.23, 1.116, 0.8 ],
							"rotationX": 60.0,
							"faces": {
								"north": { "texture": "#shoes-fur", "uv": [ 4.0, 0.0, 4.5, 0.5 ] },
								"east": { "texture": "#shoes-fur", "uv": [ 4.0, 0.0, 6.0, 0.5 ] },
								"south": { "texture": "#shoes-fur", "uv": [ 4.0, 0.0, 4.5, 0.5 ] },
								"west": { "texture": "#shoes-fur", "uv": [ 4.0, 0.0, 6.0, 0.5 ] },
								"up": { "texture": "#shoes-fur", "uv": [ 4.0, 0.0, 4.5, 2.0 ] },
								"down": { "texture": "#shoes-fur", "uv": [ 4.0, 0.0, 4.5, 2.0 ] }
							}
						},
						{
							"name": "RLace3",
							"from": [ 0.0, 1.299, 0.75 ], 
							"to": [ 0.35, 1.799, 3.05 ], 
							"rotationOrigin": [ 0.23, 1.549, 1.05 ],
							"faces": {
								"north": { "texture": "#shoes-fur", "uv": [ 4.0, 0.0, 4.5, 0.5 ] },
								"east": { "texture": "#shoes-fur", "uv": [ 4.0, 0.0, 6.0, 0.5 ] },
								"south": { "texture": "#shoes-fur", "uv": [ 4.0, 0.0, 4.5, 0.5 ] },
								"west": { "texture": "#shoes-fur", "uv": [ 4.0, 0.0, 6.0, 0.5 ] },
								"up": { "texture": "#shoes-fur", "uv": [ 4.0, 0.0, 4.5, 2.0 ] },
								"down": { "texture": "#shoes-fur", "uv": [ 4.0, 0.0, 4.5, 2.0 ] }
							}
						},
						{
							"name": "RLace4",
							"from": [ 0.0, 1.9651, 1.25 ], 
							"to": [ 0.35, 2.4651, 3.55 ], 
							"rotationOrigin": [ 0.23, 2.4151, 1.55 ],
							"rotationX": 60.0,
							"faces": {
								"north": { "texture": "#shoes-fur", "uv": [ 4.0, 0.0, 4.5, 0.5 ] },
								"east": { "texture": "#shoes-fur", "uv": [ 4.0, 0.0, 6.0, 0.5 ] },
								"south": { "texture": "#shoes-fur", "uv": [ 4.0, 0.0, 4.5, 0.5 ] },
								"west": { "texture": "#shoes-fur", "uv": [ 4.0, 0.0, 6.0, 0.5 ] },
								"up": { "texture": "#shoes-fur", "uv": [ 4.0, 0.0, 4.5, 2.0 ] },
								"down": { "texture": "#shoes-fur", "uv": [ 4.0, 0.0, 4.5, 2.0 ] }
							}
						},
						{
							"name": "RLace20",
							"from": [ 0.0, 2.5981, 1.5 ], 
							"to": [ 0.35, 3.0981, 3.8 ], 
							"rotationOrigin": [ 0.23, 2.8481, 1.8 ],
							"rotationY": 8.0,
							"faces": {
								"north": { "texture": "#shoes-fur", "uv": [ 4.0, 0.0, 4.5, 0.5 ] },
								"east": { "texture": "#shoes-fur", "uv": [ 4.0, 0.0, 6.0, 0.5 ] },
								"south": { "texture": "#shoes-fur", "uv": [ 4.0, 0.0, 4.5, 0.5 ] },
								"west": { "texture": "#shoes-fur", "uv": [ 4.0, 0.0, 6.0, 0.5 ] },
								"up": { "texture": "#shoes-fur", "uv": [ 4.0, 0.0, 4.5, 2.0 ] },
								"down": { "texture": "#shoes-fur", "uv": [ 4.0, 0.0, 4.5, 2.0 ] }
							}
						},
						{
							"name": "RLace21",
							"from": [ 0.2, 3.2641, 2.0 ], 
							"to": [ 0.55, 3.7641, 4.3 ], 
							"rotationOrigin": [ 0.23, 3.7141, 2.3 ],
							"rotationX": 60.0,
							"rotationY": -8.0,
							"faces": {
								"north": { "texture": "#shoes-fur", "uv": [ 4.0, 0.0, 4.5, 0.5 ] },
								"east": { "texture": "#shoes-fur", "uv": [ 4.0, 0.0, 6.0, 0.5 ] },
								"south": { "texture": "#shoes-fur", "uv": [ 4.0, 0.0, 4.5, 0.5 ] },
								"west": { "texture": "#shoes-fur", "uv": [ 4.0, 0.0, 6.0, 0.5 ] },
								"up": { "texture": "#shoes-fur", "uv": [ 4.0, 0.0, 4.5, 2.0 ] },
								"down": { "texture": "#shoes-fur", "uv": [ 4.0, 0.0, 4.5, 2.0 ] }
							}
						}
					]
				}
			]
		},
		{
			"name": "shoe L",
			"stepParentName": "LowerFootL",
			"from": [ 3.7, -0.1, 2.7 ], 
			"to": [ 7.9, 6.4, 5.9 ], 
			"rotationOrigin": [ 3.9, -0.1, 2.9 ],
			"rotationY": 180.0,
			"faces": {
				"north": { "texture": "#shoes-fur", "uv": [ 0.0, 9.5, 4.0, 16.0 ] },
				"east": { "texture": "#shoes-fur", "uv": [ 7.5, 9.5, 10.5, 16.0 ] },
				"south": { "texture": "#shoes-fur", "uv": [ 3.0, 9.5, 7.0, 16.0 ] },
				"west": { "texture": "#shoes-fur", "uv": [ 4.0, 9.5, 7.0, 16.0 ] },
				"up": { "texture": "#shoes-fur", "uv": [ 4.0, 0.0, 7.0, 4.0 ], "rotation": 90 },
				"down": { "texture": "#shoes-fur", "uv": [ 0.0, 0.0, 3.0, 4.0 ], "rotation": 90 }
			},
			"children": [
				{
					"name": "N fold 2",
					"from": [ 0.0, 6.5, 0.0 ], 
					"to": [ 4.2, 7.5, 0.2 ], 
					"rotationOrigin": [ 0.0, 6.5, 0.2 ],
					"rotationX": -18.0,
					"faces": {
						"north": { "texture": "#shoes-fur", "uv": [ 0.0, 8.5, 4.0, 9.5 ] },
						"east": { "texture": "#shoes-fur", "uv": [ 0.0, 8.5, 0.5, 9.5 ] },
						"south": { "texture": "#shoes-fur", "uv": [ 10.0, 2.0, 14.0, 3.0 ] },
						"west": { "texture": "#shoes-fur", "uv": [ 3.5, 8.5, 4.0, 9.5 ] },
						"up": { "texture": "#shoes-fur", "uv": [ 0.0, 8.5, 4.0, 9.0 ], "rotation": 180 },
						"down": { "texture": "#shoes-fur", "uv": [ 0.0, 0.0, 4.0, 0.5 ] }
					}
				},
				{
					"name": "back fold 2",
					"from": [ 4.0, 6.5, 0.0 ], 
					"to": [ 4.2, 7.5, 3.2 ], 
					"rotationOrigin": [ 4.0, 6.5, 0.0 ],
					"rotationZ": -18.0,
					"faces": {
						"north": { "texture": "#shoes-fur", "uv": [ 13.5, 8.5, 14.0, 9.5 ] },
						"east": { "texture": "#shoes-fur", "uv": [ 7.5, 8.5, 10.5, 9.5 ] },
						"south": { "texture": "#shoes-fur", "uv": [ 11.0, 8.5, 11.5, 9.5 ] },
						"west": { "texture": "#shoes-fur", "uv": [ 8.5, 1.0, 11.5, 2.0 ] },
						"up": { "texture": "#shoes-fur", "uv": [ 7.5, 8.5, 10.5, 9.0 ], "rotation": 270 },
						"down": { "texture": "#shoes-fur", "uv": [ 0.0, 0.0, 0.5, 3.0 ] }
					}
				},
				{
					"name": "front fold 2",
					"from": [ 0.0, 6.5, 0.0 ], 
					"to": [ 0.2, 7.5, 3.2 ], 
					"rotationOrigin": [ 0.2, 6.5, 0.0 ],
					"rotationZ": 18.0,
					"faces": {
						"north": { "texture": "#shoes-fur", "uv": [ 4.0, 8.5, 4.5, 9.5 ] },
						"east": { "texture": "#shoes-fur", "uv": [ 7.5, 1.0, 10.5, 2.0 ] },
						"south": { "texture": "#shoes-fur", "uv": [ 6.5, 8.5, 7.0, 9.5 ] },
						"west": { "texture": "#shoes-fur", "uv": [ 4.0, 8.5, 7.0, 9.5 ] },
						"up": { "texture": "#shoes-fur", "uv": [ 4.0, 8.5, 7.0, 9.0 ], "rotation": 90 },
						"down": { "texture": "#shoes-fur", "uv": [ 0.0, 0.0, 0.5, 3.0 ] }
					}
				},
				{
					"name": "S fold 2",
					"from": [ 0.0, 6.5, 3.0 ], 
					"to": [ 4.2, 7.5, 3.2 ], 
					"rotationOrigin": [ 0.0, 6.5, 3.0 ],
					"rotationX": 18.0,
					"faces": {
						"north": { "texture": "#shoes-fur", "uv": [ 9.5, 2.0, 13.5, 3.0 ] },
						"east": { "texture": "#shoes-fur", "uv": [ 10.5, 8.5, 11.0, 9.5 ] },
						"south": { "texture": "#shoes-fur", "uv": [ 3.0, 8.5, 7.0, 9.5 ] },
						"west": { "texture": "#shoes-fur", "uv": [ 7.0, 8.5, 7.5, 9.5 ] },
						"up": { "texture": "#shoes-fur", "uv": [ 3.0, 8.5, 7.0, 9.0 ] },
						"down": { "texture": "#shoes-fur", "uv": [ 0.0, 0.0, 4.0, 0.5 ] }
					}
				},
				{
					"name": "LLace17",
					"from": [ 4.1, 3.0, 0.6 ], 
					"to": [ 4.45, 3.5, 2.9 ], 
					"rotationOrigin": [ 4.33, 3.25, 0.9 ],
					"rotationX": -30.0,
					"faces": {
						"north": { "texture": "#shoes-fur", "uv": [ 4.0, 0.0, 4.5, 0.5 ] },
						"east": { "texture": "#shoes-fur", "uv": [ 4.0, 0.0, 6.0, 0.5 ] },
						"south": { "texture": "#shoes-fur", "uv": [ 4.0, 0.0, 4.5, 0.5 ] },
						"west": { "texture": "#shoes-fur", "uv": [ 4.0, 0.0, 6.0, 0.5 ] },
						"up": { "texture": "#shoes-fur", "uv": [ 4.0, 0.0, 4.5, 2.0 ] },
						"down": { "texture": "#shoes-fur", "uv": [ 4.0, 0.0, 4.5, 2.0 ] }
					},
					"children": [
						{
							"name": "LLace18",
							"from": [ 0.0, 0.666, 0.5 ], 
							"to": [ 0.35, 1.166, 2.8 ], 
							"rotationOrigin": [ 0.23, 1.116, 0.8 ],
							"rotationX": 60.0,
							"faces": {
								"north": { "texture": "#shoes-fur", "uv": [ 4.0, 0.0, 4.5, 0.5 ] },
								"east": { "texture": "#shoes-fur", "uv": [ 4.0, 0.0, 6.0, 0.5 ] },
								"south": { "texture": "#shoes-fur", "uv": [ 4.0, 0.0, 4.5, 0.5 ] },
								"west": { "texture": "#shoes-fur", "uv": [ 4.0, 0.0, 6.0, 0.5 ] },
								"up": { "texture": "#shoes-fur", "uv": [ 4.0, 0.0, 4.5, 2.0 ] },
								"down": { "texture": "#shoes-fur", "uv": [ 4.0, 0.0, 4.5, 2.0 ] }
							}
						},
						{
							"name": "LLace19",
							"from": [ 0.0, 1.299, 0.75 ], 
							"to": [ 0.35, 1.799, 3.05 ], 
							"rotationOrigin": [ 0.23, 1.549, 1.05 ],
							"faces": {
								"north": { "texture": "#shoes-fur", "uv": [ 4.0, 0.0, 4.5, 0.5 ] },
								"east": { "texture": "#shoes-fur", "uv": [ 4.0, 0.0, 6.0, 0.5 ] },
								"south": { "texture": "#shoes-fur", "uv": [ 4.0, 0.0, 4.5, 0.5 ] },
								"west": { "texture": "#shoes-fur", "uv": [ 4.0, 0.0, 6.0, 0.5 ] },
								"up": { "texture": "#shoes-fur", "uv": [ 4.0, 0.0, 4.5, 2.0 ] },
								"down": { "texture": "#shoes-fur", "uv": [ 4.0, 0.0, 4.5, 2.0 ] }
							}
						},
						{
							"name": "LLace22",
							"from": [ 0.0, 1.9651, 1.25 ], 
							"to": [ 0.35, 2.4651, 3.55 ], 
							"rotationOrigin": [ 0.23, 2.4151, 1.55 ],
							"rotationX": 60.0,
							"faces": {
								"north": { "texture": "#shoes-fur", "uv": [ 4.0, 0.0, 4.5, 0.5 ] },
								"east": { "texture": "#shoes-fur", "uv": [ 4.0, 0.0, 6.0, 0.5 ] },
								"south": { "texture": "#shoes-fur", "uv": [ 4.0, 0.0, 4.5, 0.5 ] },
								"west": { "texture": "#shoes-fur", "uv": [ 4.0, 0.0, 6.0, 0.5 ] },
								"up": { "texture": "#shoes-fur", "uv": [ 4.0, 0.0, 4.5, 2.0 ] },
								"down": { "texture": "#shoes-fur", "uv": [ 4.0, 0.0, 4.5, 2.0 ] }
							}
						},
						{
							"name": "LLace23",
							"from": [ 0.0, 2.5981, 1.5 ], 
							"to": [ 0.35, 3.0981, 3.8 ], 
							"rotationOrigin": [ 0.23, 2.8481, 1.8 ],
							"rotationY": 8.0,
							"faces": {
								"north": { "texture": "#shoes-fur", "uv": [ 4.0, 0.0, 4.5, 0.5 ] },
								"east": { "texture": "#shoes-fur", "uv": [ 4.0, 0.0, 6.0, 0.5 ] },
								"south": { "texture": "#shoes-fur", "uv": [ 4.0, 0.0, 4.5, 0.5 ] },
								"west": { "texture": "#shoes-fur", "uv": [ 4.0, 0.0, 6.0, 0.5 ] },
								"up": { "texture": "#shoes-fur", "uv": [ 4.0, 0.0, 4.5, 2.0 ] },
								"down": { "texture": "#shoes-fur", "uv": [ 4.0, 0.0, 4.5, 2.0 ] }
							}
						},
						{
							"name": "LLace24",
							"from": [ 0.2, 3.2641, 2.0 ], 
							"to": [ 0.55, 3.7641, 4.3 ], 
							"rotationOrigin": [ 0.23, 3.7141, 2.3 ],
							"rotationX": 60.0,
							"rotationY": -8.0,
							"faces": {
								"north": { "texture": "#shoes-fur", "uv": [ 4.0, 0.0, 4.5, 0.5 ] },
								"east": { "texture": "#shoes-fur", "uv": [ 4.0, 0.0, 6.0, 0.5 ] },
								"south": { "texture": "#shoes-fur", "uv": [ 4.0, 0.0, 4.5, 0.5 ] },
								"west": { "texture": "#shoes-fur", "uv": [ 4.0, 0.0, 6.0, 0.5 ] },
								"up": { "texture": "#shoes-fur", "uv": [ 4.0, 0.0, 4.5, 2.0 ] },
								"down": { "texture": "#shoes-fur", "uv": [ 4.0, 0.0, 4.5, 2.0 ] }
							}
						}
					]
				}
			]
		}
	]}