[
  {
    "op": "replace",
    "path": "/crushingPropsByType",
    "value": {
      "nugget-cassiterite": {
        "crushedStack": {
          "type": "item",
          "code": "game:crushed-cassiterite"
        },
	"quantity": { "avg": 0.33 },
        "hardnessTier": 2
      },
      "nugget-chromite": {
        "crushedStack": {
          "type": "item",
          "code": "game:crushed-chromite"
        },
	"quantity": { "avg": 0.33 },
        "hardnessTier": 2
      },
      "nugget-nativecopper": {
        "crushedStack": {
          "type": "item",
          "code": "em:crushed-metal-copper",
          "stacksize": 1
        },
        "hardnessTier": 2
      },
      "nugget-cupronickel": {
        "crushedStack": {
          "type": "item",
          "code": "em:crushed-ore-cupronickel",
          "stacksize": 1
        },
        "hardnessTier": 2
      },
      "nugget-galena": {
        "crushedStack": {
          "type": "item",
          "code": "em:crushed-ore-galena",
          "stacksize": 1
        },
        "hardnessTier": 2
      },
      "nugget-hematite": {
        "crushedStack": {
          "type": "item",
          "code": "em:crushed-ore-hematite",
          "stacksize": 1
        },
        "hardnessTier": 4
      },
      "nugget-ilmenite": {
        "crushedStack": {
          "type": "item",
          "code": "game:crushed-ilmenite"
        },
	"quantity": { "avg": 0.33 },
        "hardnessTier": 4
      },
      "nugget-limonite": {
        "crushedStack": {
          "type": "item",
          "code": "em:crushed-ore-limonite",
          "stacksize": 1
        },
        "hardnessTier": 2
      },
      "nugget-magnetite": {
        "crushedStack": {
          "type": "item",
          "code": "em:crushed-ore-magnetite",
          "stacksize": 1
        },
        "hardnessTier": 4
      },
      "nugget-malachite": {
        "crushedStack": {
          "type": "item",
          "code": "em:crushed-ore-malachite",
          "stacksize": 1
        },
        "hardnessTier": 2
      },
      "nugget-pentlandite": {
        "crushedStack": {
          "type": "item",
          "code": "em:crushed-ore-pentlandite",
          "stacksize": 1
        },
        "hardnessTier": 2
      },
      "nugget-rhodochrosite": {
        "crushedStack": {
          "type": "item",
          "code": "em:crushed-ore-rhodochrosite",
          "stacksize": 1
        },
        "hardnessTier": 2
      },
      "nugget-nativegold": {
        "crushedStack": {
          "type": "item",
          "code": "em:crushed-metal-gold",
          "stacksize": 1
        },
        "hardnessTier": 1
      },
      "nugget-lead": {
        "crushedStack": {
          "type": "item",
          "code": "em:crushed-metal-lead",
          "stacksize": 1
        },
        "hardnessTier": 1
      },
      "nugget-silver": {
        "crushedStack": {
          "type": "item",
          "code": "em:crushed-metal-silver",
          "stacksize": 1
        },
        "hardnessTier": 1
      },
      "nugget-tin": {
        "crushedStack": {
          "type": "item",
          "code": "em:crushed-metal-tin",
          "stacksize": 1
        },
        "hardnessTier": 1
      },
      "nugget-titanium": {
        "crushedStack": {
          "type": "item",
          "code": "em:crushed-metal-titanium",
          "stacksize": 1
        },
        "hardnessTier": 4
      },
      "nugget-uranium": {
        "crushedStack": {
          "type": "item",
          "code": "em:crushed-metal-uranium",
          "stacksize": 1
        },
        "hardnessTier": 4
      },
      "nugget-sphalerite": {
        "crushedStack": {
          "type": "item",
          "code": "em:crushed-ore-sphalerite",
          "stacksize": 1
        },
        "hardnessTier": 1
      }
    },
    "file": "game:itemtypes/resource/nugget.json",
    "side": "Server"
  },
  {
    "op": "add",
    "path": "/attributes/pigmentByType",
    "value": {
	"*-chromite": {
	  "name": "Chromite brown",
	  "color": { "red": 45, "green": 23, "blue": 18 }
	}
    },
    "file": "game:itemtypes/resource/nugget.json",
    "side": "Server"
  }
]
