[
  {
    "op": "add",
    "path": "/crushingPropsByType",
    "value": {
      "metalbit-copper": {
        "crushedStack": {
          "type": "item",
          "code": "em:crushed-metal-copper",
          "stacksize": 1
        },
        "hardnessTier": 2
      },
      "metalbit-cupronickel": {
        "crushedStack": {
          "type": "item",
          "code": "em:crushed-ore-cupronickel",
          "stacksize": 1
        },
        "hardnessTier": 2
      },
      "metalbit-electrum": {
        "crushedStack": {
          "type": "item",
          "code": "em:crushed-ore-electrum",
          "stacksize": 1
        },
        "hardnessTier": 1
      },
      "metalbit-gold": {
        "crushedStack": {
          "type": "item",
          "code": "em:crushed-metal-gold",
          "stacksize": 1
        },
        "hardnessTier": 1
      },
      "metalbit-lead": {
        "crushedStack": {
          "type": "item",
          "code": "em:crushed-metal-lead",
          "stacksize": 1
        },
        "hardnessTier": 1
      },
      "metalbit-silver": {
        "crushedStack": {
          "type": "item",
          "code": "em:crushed-metal-silver",
          "stacksize": 1
        },
        "hardnessTier": 1
      },
      "metalbit-tin": {
        "crushedStack": {
          "type": "item",
          "code": "em:crushed-metal-tin",
          "stacksize": 1
        },
        "hardnessTier": 1
      },
      "metalbit-titanium": {
        "crushedStack": {
          "type": "item",
          "code": "em:crushed-metal-titanium",
          "stacksize": 1
        },
        "hardnessTier": 4
      },
      "metalbit-uranium": {
        "crushedStack": {
          "type": "item",
          "code": "em:crushed-metal-uranium",
          "stacksize": 1
        },
        "hardnessTier": 4
      },
      "metalbit-zinc": {
        "crushedStack": {
          "type": "item",
          "code": "em:crushed-metal-zinc",
          "stacksize": 1
        },
        "hardnessTier": 1
      }
    },
    "file": "game:itemtypes/resource/metalbit.json",
    "side": "Server"
  },
  {
    "op": "add",
    "path": "/combustiblePropsByType/*-electrum",
    "value": {
	"meltingPoint": 1010,
	"meltingDuration": 30,
	"smeltedRatio": 20,
	"smeltedStack": { "type": "item", "code": "game:ingot-electrum" }
    },
    "file": "game:itemtypes/resource/metalbit.json",
    "side": "Server"
  },
  {
    "op": "add",
    "path": "/combustiblePropsByType/*-cupronickel",
    "value": {
	"meltingPoint": 1171,
	"meltingDuration": 30,
	"smeltedRatio": 20,
	"smeltedStack": { "type": "item", "code": "game:ingot-cupronickel" }
    },
    "file": "game:itemtypes/resource/metalbit.json",
    "side": "Server"
  }
]
