{
	"editor": {
		"allAngles": false,
		"entityTextureMode": false
	},
	"textureWidth": 16,
	"textureHeight": 16,
	"textureSizes": {
	},
	"textures": {
		"foliage": "block/plant/crop/bellpepper/normal3-1",
		"normal2": "block/plant/crop/bellpepper/normal3-2",
		"normal3": "block/plant/crop/bellpepper/normal3-3"
	},
	"elements": [
		{
			"name": "origin",
			"from": [ 0.0, 0.0, 0.0 ], 
			"to": [ 0.0, 0.0, 0.0 ], 
			"rotationOrigin": [ 8.0, 0.0, 8.0 ],
			"faces": {
				"north": { "texture": "#null", "uv": [ 0.0, 0.0, 0.5, 0.5 ], "enabled": false },
				"east": { "texture": "#null", "uv": [ 0.0, 0.0, 0.5, 0.5 ], "enabled": false },
				"south": { "texture": "#null", "uv": [ 0.0, 0.0, 0.5, 0.5 ], "enabled": false },
				"west": { "texture": "#null", "uv": [ 0.0, 0.0, 0.5, 0.5 ], "enabled": false },
				"up": { "texture": "#null", "uv": [ 0.0, 0.0, 0.5, 0.5 ], "enabled": false },
				"down": { "texture": "#null", "uv": [ 0.0, 0.0, 0.5, 0.5 ], "enabled": false }
			},
			"children": [
				{
					"name": "face 1",
					"from": [ -4.0, 0.0, 8.0 ], 
					"to": [ 20.0, 48.0, 8.0 ], 
					"shade": false,
					"rotationOrigin": [ 8.0, 0.0, 8.0 ],
					"rotationY": -75.0,
					"faces": {
						"north": { "texture": "#foliage", "uv": [ 0.0, 0.0, 16.0, 16.0 ], "autoUv": false },
						"east": { "texture": "#foliage", "uv": [ 0.0, 0.0, 0.3333, 48.0 ], "enabled": false },
						"south": { "texture": "#foliage", "uv": [ 0.0, 0.0, 24.0, 48.0 ], "enabled": false },
						"west": { "texture": "#foliage", "uv": [ 0.0, 0.0, 0.3333, 48.0 ], "enabled": false },
						"up": { "texture": "#foliage", "uv": [ 0.0, 0.0, 24.0, 0.1667 ], "enabled": false },
						"down": { "texture": "#foliage", "uv": [ 0.0, 0.0, 24.0, 0.1667 ], "enabled": false }
					}
				},
				{
					"name": "face 2",
					"from": [ -4.0, 0.0, 8.0 ], 
					"to": [ 20.0, 48.0, 8.0 ], 
					"shade": false,
					"rotationOrigin": [ 8.0, 0.0, 8.0 ],
					"rotationY": -22.0,
					"faces": {
						"north": { "texture": "#normal2", "uv": [ 0.0, 0.0, 16.0, 16.0 ], "autoUv": false },
						"east": { "texture": "#foliage", "uv": [ 0.0, 0.0, 0.3333, 48.0 ], "enabled": false },
						"south": { "texture": "#foliage", "uv": [ 0.0, 0.0, 24.0, 48.0 ], "enabled": false },
						"west": { "texture": "#foliage", "uv": [ 0.0, 0.0, 0.3333, 48.0 ], "enabled": false },
						"up": { "texture": "#foliage", "uv": [ 0.0, 0.0, 24.0, 0.1667 ], "enabled": false },
						"down": { "texture": "#foliage", "uv": [ 0.0, 0.0, 24.0, 0.1667 ], "enabled": false }
					}
				},
				{
					"name": "face 63",
					"from": [ -4.0, 0.0, 8.0 ], 
					"to": [ 20.0, 48.0, 8.0 ], 
					"shade": false,
					"rotationOrigin": [ 8.0, 0.0, 8.0 ],
					"rotationY": -135.0,
					"faces": {
						"north": { "texture": "#normal3", "uv": [ 0.0, 0.0, 16.0, 16.0 ], "autoUv": false },
						"east": { "texture": "#foliage", "uv": [ 0.0, 0.0, 0.3333, 48.0 ], "enabled": false },
						"south": { "texture": "#foliage", "uv": [ 0.0, 0.0, 24.0, 48.0 ], "enabled": false },
						"west": { "texture": "#foliage", "uv": [ 0.0, 0.0, 0.3333, 48.0 ], "enabled": false },
						"up": { "texture": "#foliage", "uv": [ 0.0, 0.0, 24.0, 0.1667 ], "enabled": false },
						"down": { "texture": "#foliage", "uv": [ 0.0, 0.0, 24.0, 0.1667 ], "enabled": false }
					}
				}
			]
		}
	]}