{
	"editor": {
		"allAngles": false,
		"entityTextureMode": false
	},
	"textureWidth": 16,
	"textureHeight": 16,
	"textureSizes": {
	},
	"textures": {
		"foliage4": "block/plant/crop/bellpepper/foliage5and4",
		"normal4-3": "block/plant/crop/bellpepper/normal4-3",
		"normal4-2": "block/plant/crop/bellpepper/normal4-2",
		"foliage42": "block/plant/crop/bellpepper/normal4-1",
		"leaves1": "block/plant/crop/bellpepper/foliage5and4"
	},
	"elements": [
		{
			"name": "origin",
			"from": [ 0.0, 0.0, 0.0 ], 
			"to": [ 0.0, 0.0, 0.0 ], 
			"rotationOrigin": [ 8.0, 0.0, 8.0 ],
			"faces": {
				"north": { "texture": "#null", "uv": [ 0.0, 0.0, 0.5, 0.5 ], "enabled": false },
				"east": { "texture": "#null", "uv": [ 0.0, 0.0, 0.5, 0.5 ], "enabled": false },
				"south": { "texture": "#null", "uv": [ 0.0, 0.0, 0.5, 0.5 ], "enabled": false },
				"west": { "texture": "#null", "uv": [ 0.0, 0.0, 0.5, 0.5 ], "enabled": false },
				"up": { "texture": "#null", "uv": [ 0.0, 0.0, 0.5, 0.5 ], "enabled": false },
				"down": { "texture": "#null", "uv": [ 0.0, 0.0, 0.5, 0.5 ], "enabled": false }
			},
			"children": [
				{
					"name": "face 1",
					"from": [ -4.0, 0.0, 8.0 ], 
					"to": [ 20.0, 48.0, 8.0 ], 
					"shade": false,
					"rotationOrigin": [ 8.0, 0.0, 8.0 ],
					"rotationY": -75.0,
					"faces": {
						"north": { "texture": "#foliage42", "uv": [ 0.0, 0.0, 16.0, 16.0 ], "autoUv": false },
						"east": { "texture": "#foliage42", "uv": [ 0.0, 0.0, 0.3333, 48.0 ], "enabled": false },
						"south": { "texture": "#foliage42", "uv": [ 0.0, 0.0, 24.0, 48.0 ], "enabled": false },
						"west": { "texture": "#foliage42", "uv": [ 0.0, 0.0, 0.3333, 48.0 ], "enabled": false },
						"up": { "texture": "#foliage42", "uv": [ 0.0, 0.0, 24.0, 0.1667 ], "enabled": false },
						"down": { "texture": "#foliage42", "uv": [ 0.0, 0.0, 24.0, 0.1667 ], "enabled": false }
					}
				},
				{
					"name": "face 2",
					"from": [ -4.0, 0.0, 8.0 ], 
					"to": [ 20.0, 48.0, 8.0 ], 
					"shade": false,
					"rotationOrigin": [ 8.0, 0.0, 8.0 ],
					"rotationY": -22.0,
					"faces": {
						"north": { "texture": "#normal4-2", "uv": [ 0.0, 0.0, 16.0, 16.0 ], "autoUv": false },
						"east": { "texture": "#foliage42", "uv": [ 0.0, 0.0, 0.3333, 48.0 ], "enabled": false },
						"south": { "texture": "#foliage42", "uv": [ 0.0, 0.0, 24.0, 48.0 ], "enabled": false },
						"west": { "texture": "#foliage42", "uv": [ 0.0, 0.0, 0.3333, 48.0 ], "enabled": false },
						"up": { "texture": "#foliage42", "uv": [ 0.0, 0.0, 24.0, 0.1667 ], "enabled": false },
						"down": { "texture": "#foliage42", "uv": [ 0.0, 0.0, 24.0, 0.1667 ], "enabled": false }
					}
				},
				{
					"name": "face 3",
					"from": [ 0.2, 2.5, 8.0 ], 
					"to": [ 16.2, 18.5, 8.0 ], 
					"shade": false,
					"rotationOrigin": [ 8.2, 2.5, 8.0 ],
					"rotationX": 67.5,
					"rotationY": 10.0,
					"faces": {
						"north": { "texture": "#leaves1", "uv": [ 0.0, 0.0, 16.0, 16.0 ], "autoUv": false },
						"east": { "texture": "#foliage4", "uv": [ 0.0, 0.0, 0.3333, 16.0 ], "enabled": false },
						"south": { "texture": "#foliage4", "uv": [ 0.0, 0.0, 16.0, 16.0 ], "enabled": false },
						"west": { "texture": "#foliage4", "uv": [ 0.0, 0.0, 0.3333, 16.0 ], "enabled": false },
						"up": { "texture": "#foliage4", "uv": [ 0.0, 0.0, 16.0, 0.3333 ], "enabled": false },
						"down": { "texture": "#foliage4", "uv": [ 0.0, 0.0, 16.0, 0.3333 ], "enabled": false }
					}
				},
				{
					"name": "face 7",
					"from": [ -0.3, 2.5, 8.2 ], 
					"to": [ 15.7, 18.5, 8.2 ], 
					"shade": false,
					"rotationOrigin": [ 7.7, 2.5, 8.2 ],
					"rotationX": -67.5,
					"rotationY": -135.0,
					"rotationZ": -45.0,
					"faces": {
						"north": { "texture": "#foliage4", "uv": [ 0.0, 0.0, 16.0, 16.0 ], "autoUv": false },
						"east": { "texture": "#foliage4", "uv": [ 0.0, 0.0, 0.3333, 16.0 ], "enabled": false },
						"south": { "texture": "#foliage4", "uv": [ 0.0, 0.0, 16.0, 16.0 ], "enabled": false },
						"west": { "texture": "#foliage4", "uv": [ 0.0, 0.0, 0.3333, 16.0 ], "enabled": false },
						"up": { "texture": "#foliage4", "uv": [ 0.0, 0.0, 16.0, 0.3333 ], "enabled": false },
						"down": { "texture": "#foliage4", "uv": [ 0.0, 0.0, 16.0, 0.3333 ], "enabled": false }
					}
				},
				{
					"name": "face 63",
					"from": [ -4.0, 0.0, 8.0 ], 
					"to": [ 20.0, 48.0, 8.0 ], 
					"shade": false,
					"rotationOrigin": [ 8.0, 0.0, 8.0 ],
					"rotationY": -135.0,
					"faces": {
						"north": { "texture": "#normal4-3", "uv": [ 0.0, 0.0, 16.0, 16.0 ], "autoUv": false },
						"east": { "texture": "#foliage42", "uv": [ 0.0, 0.0, 0.3333, 48.0 ], "enabled": false },
						"south": { "texture": "#foliage42", "uv": [ 0.0, 0.0, 24.0, 48.0 ], "enabled": false },
						"west": { "texture": "#foliage42", "uv": [ 0.0, 0.0, 0.3333, 48.0 ], "enabled": false },
						"up": { "texture": "#foliage42", "uv": [ 0.0, 0.0, 24.0, 0.1667 ], "enabled": false },
						"down": { "texture": "#foliage42", "uv": [ 0.0, 0.0, 24.0, 0.1667 ], "enabled": false }
					}
				}
			]
		}
	]}