{
	"editor": {
		"allAngles": false,
		"entityTextureMode": false
	},
	"textureWidth": 16,
	"textureHeight": 16,
	"textureSizes": {
	},
	"textures": {
		"bulb": "block/plant/crop/bellpepper/bulb"
	},
	"elements": [
		{
			"name": "origin",
			"from": [ -8.7, -8.0, -8.8 ], 
			"to": [ -8.7, -8.0, -8.8 ], 
			"rotationOrigin": [ -0.1, 0.1, -0.1 ],
			"rotationY": 180.0,
			"faces": {
				"north": { "texture": "#null", "uv": [ 0.0, 0.0, 0.5, 0.5 ], "enabled": false },
				"east": { "texture": "#null", "uv": [ 0.0, 0.0, 0.5, 0.5 ], "enabled": false },
				"south": { "texture": "#null", "uv": [ 0.0, 0.0, 0.5, 0.5 ], "enabled": false },
				"west": { "texture": "#null", "uv": [ 0.0, 0.0, 0.5, 0.5 ], "enabled": false },
				"up": { "texture": "#null", "uv": [ 0.0, 0.0, 0.5, 0.5 ], "enabled": false },
				"down": { "texture": "#null", "uv": [ 0.0, 0.0, 0.5, 0.5 ], "enabled": false }
			},
			"children": [
				{
					"name": "stage1",
					"from": [ 8.2, 6.6, 8.6 ], 
					"to": [ 8.8, 7.2, 9.2 ], 
					"rotationOrigin": [ 8.7, 8.7, 8.6 ],
					"rotationX": 3.0,
					"faces": {
						"north": { "texture": "#bulb", "uv": [ 9.0, 9.5, 9.5, 10.0 ] },
						"east": { "texture": "#bulb", "uv": [ 14.0, 13.0, 14.5, 13.5 ] },
						"south": { "texture": "#bulb", "uv": [ 15.0, 11.0, 15.5, 11.5 ] },
						"west": { "texture": "#bulb", "uv": [ 11.0, 11.0, 11.5, 11.5 ] },
						"up": { "texture": "#bulb", "uv": [ 12.0, 10.5, 12.5, 11.0 ] },
						"down": { "texture": "#bulb", "uv": [ 14.0, 10.5, 14.5, 11.0 ] }
					},
					"children": [
						{
							"name": "stem 1",
							"from": [ 0.1, 0.5, 0.2 ], 
							"to": [ 0.5, 1.5, 0.6 ], 
							"rotationOrigin": [ 0.3, 0.5, 0.4 ],
							"rotationX": -25.0,
							"rotationZ": 1.0,
							"faces": {
								"north": { "texture": "#bulb", "uv": [ 10.5, 8.0, 11.0, 9.0 ] },
								"east": { "texture": "#bulb", "uv": [ 9.5, 8.0, 10.0, 9.0 ] },
								"south": { "texture": "#bulb", "uv": [ 10.5, 8.0, 11.0, 9.0 ] },
								"west": { "texture": "#bulb", "uv": [ 13.0, 8.0, 13.5, 9.0 ] },
								"up": { "texture": "#bulb", "uv": [ 13.0, 8.0, 13.5, 8.5 ] },
								"down": { "texture": "#bulb", "uv": [ 4.0, 11.5, 4.5, 12.0 ], "enabled": false }
							}
						}
					]
				},
				{
					"name": "stage2",
					"from": [ 8.0, 6.6, 8.5 ], 
					"to": [ 9.0, 7.6, 9.5 ], 
					"rotationOrigin": [ 8.5, 8.5, 8.3 ],
					"rotationX": 3.0,
					"faces": {
						"north": { "texture": "#bulb", "uv": [ 9.0, 9.5, 10.0, 10.5 ] },
						"east": { "texture": "#bulb", "uv": [ 14.0, 13.0, 15.0, 14.0 ] },
						"south": { "texture": "#bulb", "uv": [ 15.0, 11.0, 16.0, 12.0 ] },
						"west": { "texture": "#bulb", "uv": [ 11.0, 11.0, 12.0, 12.0 ] },
						"up": { "texture": "#bulb", "uv": [ 12.0, 10.5, 13.0, 11.5 ] },
						"down": { "texture": "#bulb", "uv": [ 14.0, 10.5, 15.0, 11.5 ] }
					},
					"children": [
						{
							"name": "stem 1",
							"from": [ 0.3, 0.5, 0.3 ], 
							"to": [ 0.7, 1.5, 0.7 ], 
							"rotationOrigin": [ 0.5, 0.5, 0.5 ],
							"rotationX": -25.0,
							"rotationZ": 1.0,
							"faces": {
								"north": { "texture": "#bulb", "uv": [ 10.5, 8.0, 11.0, 9.0 ] },
								"east": { "texture": "#bulb", "uv": [ 9.5, 8.0, 10.0, 9.0 ] },
								"south": { "texture": "#bulb", "uv": [ 10.5, 8.0, 11.0, 9.0 ] },
								"west": { "texture": "#bulb", "uv": [ 13.0, 8.0, 13.5, 9.0 ] },
								"up": { "texture": "#bulb", "uv": [ 13.0, 8.0, 13.5, 8.5 ] },
								"down": { "texture": "#bulb", "uv": [ 4.0, 11.5, 4.5, 12.0 ], "enabled": false }
							}
						}
					]
				},
				{
					"name": "stage3",
					"from": [ 8.0, 6.6, 8.5 ], 
					"to": [ 9.0, 7.6, 9.5 ], 
					"rotationOrigin": [ 8.5, 8.5, 8.3 ],
					"rotationX": 3.0,
					"faces": {
						"north": { "texture": "#bulb", "uv": [ 9.0, 9.5, 10.0, 10.5 ] },
						"east": { "texture": "#bulb", "uv": [ 14.0, 13.0, 15.0, 14.0 ] },
						"south": { "texture": "#bulb", "uv": [ 15.0, 11.0, 16.0, 12.0 ] },
						"west": { "texture": "#bulb", "uv": [ 11.0, 11.0, 12.0, 12.0 ] },
						"up": { "texture": "#bulb", "uv": [ 12.0, 10.5, 13.0, 11.5 ] },
						"down": { "texture": "#bulb", "uv": [ 14.0, 10.5, 15.0, 11.5 ] }
					},
					"children": [
						{
							"name": "side 1",
							"from": [ -0.6, -0.2, 0.6 ], 
							"to": [ 0.4, 0.8, 1.6 ], 
							"rotationOrigin": [ 0.4, 2.3, 0.6 ],
							"rotationX": 10.000000370993861,
							"rotationY": 1.0,
							"rotationZ": 10.000000370993861,
							"faces": {
								"north": { "texture": "#bulb", "uv": [ 14.5, 12.0, 15.5, 13.0 ] },
								"east": { "texture": "#bulb", "uv": [ 9.0, 12.5, 10.0, 13.5 ] },
								"south": { "texture": "#bulb", "uv": [ 13.5, 11.5, 14.5, 12.5 ] },
								"west": { "texture": "#bulb", "uv": [ 14.5, 9.0, 15.5, 10.0 ] },
								"up": { "texture": "#bulb", "uv": [ 13.0, 11.0, 14.0, 12.0 ] },
								"down": { "texture": "#bulb", "uv": [ 10.0, 11.5, 11.0, 12.5 ] }
							}
						},
						{
							"name": "side 2",
							"from": [ 0.6, -0.1, 0.6 ], 
							"to": [ 1.6, 0.9, 1.6 ], 
							"rotationOrigin": [ 0.6, 2.4, 0.6 ],
							"rotationX": 10.000000370993861,
							"rotationZ": -10.000000370993861,
							"faces": {
								"north": { "texture": "#bulb", "uv": [ 12.0, 10.5, 13.0, 11.5 ] },
								"east": { "texture": "#bulb", "uv": [ 11.0, 11.5, 12.0, 12.5 ] },
								"south": { "texture": "#bulb", "uv": [ 15.0, 11.5, 16.0, 12.5 ] },
								"west": { "texture": "#bulb", "uv": [ 11.5, 12.5, 12.5, 13.5 ] },
								"up": { "texture": "#bulb", "uv": [ 14.0, 10.5, 15.0, 11.5 ] },
								"down": { "texture": "#bulb", "uv": [ 14.5, 10.5, 15.5, 11.5 ] }
							}
						},
						{
							"name": "side 3",
							"from": [ 0.6, -0.2, -0.6 ], 
							"to": [ 1.6, 0.8, 0.4 ], 
							"rotationOrigin": [ 0.6, 2.3, 0.4 ],
							"rotationX": -10.000000370993861,
							"rotationY": 1.0,
							"rotationZ": -10.000000370993861,
							"faces": {
								"north": { "texture": "#bulb", "uv": [ 12.5, 9.0, 13.5, 10.0 ] },
								"east": { "texture": "#bulb", "uv": [ 14.0, 11.0, 15.0, 12.0 ] },
								"south": { "texture": "#bulb", "uv": [ 13.5, 9.5, 14.5, 10.5 ] },
								"west": { "texture": "#bulb", "uv": [ 12.0, 13.0, 13.0, 14.0 ] },
								"up": { "texture": "#bulb", "uv": [ 11.0, 14.0, 12.0, 15.0 ] },
								"down": { "texture": "#bulb", "uv": [ 12.5, 10.0, 13.5, 11.0 ] }
							}
						},
						{
							"name": "side 4",
							"from": [ -0.6, -0.1, -0.6 ], 
							"to": [ 0.4, 0.9, 0.4 ], 
							"rotationOrigin": [ 0.4, 2.4, 0.4 ],
							"rotationX": -10.000000370993861,
							"rotationY": 1.067216999217635E-7,
							"rotationZ": 10.000000370993861,
							"faces": {
								"north": { "texture": "#bulb", "uv": [ 13.0, 9.0, 14.0, 10.0 ] },
								"east": { "texture": "#bulb", "uv": [ 15.0, 12.5, 16.0, 13.5 ] },
								"south": { "texture": "#bulb", "uv": [ 9.0, 9.5, 10.0, 10.5 ] },
								"west": { "texture": "#bulb", "uv": [ 10.0, 12.5, 11.0, 13.5 ] },
								"up": { "texture": "#bulb", "uv": [ 14.0, 10.5, 15.0, 11.5 ] },
								"down": { "texture": "#bulb", "uv": [ 13.0, 12.0, 14.0, 13.0 ] }
							}
						},
						{
							"name": "stem 1",
							"from": [ 0.3, 0.5, 0.3 ], 
							"to": [ 0.7, 1.5, 0.7 ], 
							"rotationOrigin": [ 0.5, 0.5, 0.5 ],
							"rotationX": -25.0,
							"rotationZ": 1.0,
							"faces": {
								"north": { "texture": "#bulb", "uv": [ 10.5, 8.0, 11.0, 9.0 ] },
								"east": { "texture": "#bulb", "uv": [ 9.5, 8.0, 10.0, 9.0 ] },
								"south": { "texture": "#bulb", "uv": [ 10.5, 8.0, 11.0, 9.0 ] },
								"west": { "texture": "#bulb", "uv": [ 13.0, 8.0, 13.5, 9.0 ] },
								"up": { "texture": "#bulb", "uv": [ 13.0, 8.0, 13.5, 8.5 ] },
								"down": { "texture": "#bulb", "uv": [ 4.0, 11.5, 4.5, 12.0 ], "enabled": false }
							}
						}
					]
				},
				{
					"name": "stage4",
					"from": [ 8.0, 5.2, 8.7 ], 
					"to": [ 9.0, 7.2, 9.7 ], 
					"rotationOrigin": [ 8.5, 7.3, 8.7 ],
					"rotationX": 3.0,
					"faces": {
						"north": { "texture": "#bulb", "uv": [ 9.0, 9.5, 10.0, 11.5 ] },
						"east": { "texture": "#bulb", "uv": [ 14.0, 13.0, 15.0, 15.0 ] },
						"south": { "texture": "#bulb", "uv": [ 15.0, 11.0, 16.0, 13.0 ] },
						"west": { "texture": "#bulb", "uv": [ 11.0, 11.0, 12.0, 13.0 ] },
						"up": { "texture": "#bulb", "uv": [ 12.0, 10.5, 13.0, 11.5 ] },
						"down": { "texture": "#bulb", "uv": [ 14.0, 10.5, 15.0, 11.5 ] }
					},
					"children": [
						{
							"name": "side 1",
							"from": [ -0.8, -0.2, 0.7 ], 
							"to": [ 0.2, 2.3, 1.7 ], 
							"rotationOrigin": [ 0.2, 2.3, 0.7 ],
							"rotationX": 10.000000370993861,
							"rotationY": 1.0,
							"rotationZ": 10.000000370993861,
							"faces": {
								"north": { "texture": "#bulb", "uv": [ 14.5, 12.0, 15.5, 14.5 ] },
								"east": { "texture": "#bulb", "uv": [ 9.0, 12.5, 10.0, 15.0 ] },
								"south": { "texture": "#bulb", "uv": [ 13.5, 11.5, 14.5, 14.0 ] },
								"west": { "texture": "#bulb", "uv": [ 14.5, 9.0, 15.5, 11.5 ] },
								"up": { "texture": "#bulb", "uv": [ 13.0, 11.0, 14.0, 12.0 ] },
								"down": { "texture": "#bulb", "uv": [ 10.0, 11.5, 11.0, 12.5 ] }
							}
						},
						{
							"name": "side 2",
							"from": [ 0.8, -0.2, 0.7 ], 
							"to": [ 1.8, 2.3, 1.7 ], 
							"rotationOrigin": [ 0.8, 2.3, 0.7 ],
							"rotationX": 10.000000370993861,
							"rotationZ": -10.000000370993861,
							"faces": {
								"north": { "texture": "#bulb", "uv": [ 12.0, 10.5, 13.0, 13.0 ] },
								"east": { "texture": "#bulb", "uv": [ 11.0, 11.5, 12.0, 14.0 ] },
								"south": { "texture": "#bulb", "uv": [ 15.0, 11.5, 16.0, 14.0 ] },
								"west": { "texture": "#bulb", "uv": [ 11.5, 12.5, 12.5, 15.0 ] },
								"up": { "texture": "#bulb", "uv": [ 14.0, 10.5, 15.0, 11.5 ] },
								"down": { "texture": "#bulb", "uv": [ 14.5, 10.5, 15.5, 11.5 ] }
							}
						},
						{
							"name": "side 3",
							"from": [ 0.8, -0.2, -0.8 ], 
							"to": [ 1.8, 2.3, 0.2 ], 
							"rotationOrigin": [ 0.8, 2.3, 0.2 ],
							"rotationX": -10.000000370993861,
							"rotationY": 1.0,
							"rotationZ": -10.000000370993861,
							"faces": {
								"north": { "texture": "#bulb", "uv": [ 12.5, 9.0, 13.5, 11.5 ] },
								"east": { "texture": "#bulb", "uv": [ 14.0, 11.0, 15.0, 13.5 ] },
								"south": { "texture": "#bulb", "uv": [ 13.5, 9.5, 14.5, 12.0 ] },
								"west": { "texture": "#bulb", "uv": [ 12.0, 13.0, 13.0, 15.5 ] },
								"up": { "texture": "#bulb", "uv": [ 11.0, 14.0, 12.0, 15.0 ] },
								"down": { "texture": "#bulb", "uv": [ 12.5, 10.0, 13.5, 11.0 ] }
							}
						},
						{
							"name": "side 4",
							"from": [ -0.7, -0.2, -0.8 ], 
							"to": [ 0.3, 2.3, 0.2 ], 
							"rotationOrigin": [ 0.3, 2.3, 0.2 ],
							"rotationX": -10.000000370993861,
							"rotationZ": 10.000000370993861,
							"faces": {
								"north": { "texture": "#bulb", "uv": [ 13.0, 9.0, 14.0, 11.5 ] },
								"east": { "texture": "#bulb", "uv": [ 15.0, 12.5, 16.0, 15.0 ] },
								"south": { "texture": "#bulb", "uv": [ 9.0, 9.5, 10.0, 12.0 ] },
								"west": { "texture": "#bulb", "uv": [ 10.0, 12.5, 11.0, 15.0 ] },
								"up": { "texture": "#bulb", "uv": [ 14.0, 10.5, 15.0, 11.5 ] },
								"down": { "texture": "#bulb", "uv": [ 13.0, 12.0, 14.0, 13.0 ] }
							}
						},
						{
							"name": "stem 1",
							"from": [ 0.3, 1.5, 0.3 ], 
							"to": [ 0.7, 3.0, 0.7 ], 
							"rotationOrigin": [ 0.5, 1.5, 0.5 ],
							"rotationX": -25.0,
							"rotationZ": 1.0,
							"faces": {
								"north": { "texture": "#bulb", "uv": [ 10.5, 8.0, 11.0, 9.5 ] },
								"east": { "texture": "#bulb", "uv": [ 9.5, 8.0, 10.0, 9.5 ] },
								"south": { "texture": "#bulb", "uv": [ 10.5, 8.0, 11.0, 9.5 ] },
								"west": { "texture": "#bulb", "uv": [ 13.0, 8.0, 13.5, 9.5 ] },
								"up": { "texture": "#bulb", "uv": [ 13.0, 8.0, 13.5, 8.5 ] },
								"down": { "texture": "#bulb", "uv": [ 4.0, 11.5, 4.5, 12.0 ], "enabled": false }
							}
						}
					]
				},
				{
					"name": "stage5",
					"from": [ 8.0, 5.2, 8.7 ], 
					"to": [ 9.0, 7.2, 9.7 ], 
					"rotationOrigin": [ 8.5, 7.3, 8.7 ],
					"rotationX": 3.0,
					"faces": {
						"north": { "texture": "#bulb", "uv": [ 1.5, 3.5, 2.5, 5.5 ] },
						"east": { "texture": "#bulb", "uv": [ 1.5, 3.0, 2.5, 5.0 ] },
						"south": { "texture": "#bulb", "uv": [ 6.0, 3.5, 7.0, 5.5 ] },
						"west": { "texture": "#bulb", "uv": [ 2.5, 3.0, 3.5, 5.0 ] },
						"up": { "texture": "#bulb", "uv": [ 6.0, 1.0, 7.0, 2.0 ] },
						"down": { "texture": "#bulb", "uv": [ 5.5, 4.0, 6.5, 5.0 ] }
					},
					"children": [
						{
							"name": "side 1",
							"from": [ -0.8, -0.2, 0.7 ], 
							"to": [ 0.2, 2.3, 1.7 ], 
							"rotationOrigin": [ 0.2, 2.3, 0.7 ],
							"rotationX": 10.000000370993861,
							"rotationY": 1.0,
							"rotationZ": 10.000000370993861,
							"faces": {
								"north": { "texture": "#bulb", "uv": [ 4.5, 2.5, 5.5, 5.0 ] },
								"east": { "texture": "#bulb", "uv": [ 5.0, 2.5, 6.0, 5.0 ] },
								"south": { "texture": "#bulb", "uv": [ 3.0, 2.5, 4.0, 5.0 ] },
								"west": { "texture": "#bulb", "uv": [ 6.0, 2.5, 7.0, 5.0 ] },
								"up": { "texture": "#bulb", "uv": [ 2.0, 2.5, 3.0, 3.5 ] },
								"down": { "texture": "#bulb", "uv": [ 3.5, 3.5, 4.5, 4.5 ] }
							}
						},
						{
							"name": "side 2",
							"from": [ 0.8, -0.2, 0.7 ], 
							"to": [ 1.8, 2.3, 1.7 ], 
							"rotationOrigin": [ 0.8, 2.3, 0.7 ],
							"rotationX": 10.000000370993861,
							"rotationZ": -10.000000370993861,
							"faces": {
								"north": { "texture": "#bulb", "uv": [ 5.0, 2.5, 6.0, 5.0 ] },
								"east": { "texture": "#bulb", "uv": [ 1.0, 4.0, 2.0, 6.5 ] },
								"south": { "texture": "#bulb", "uv": [ 5.0, 3.0, 6.0, 5.5 ] },
								"west": { "texture": "#bulb", "uv": [ 1.5, 3.0, 2.5, 5.5 ] },
								"up": { "texture": "#bulb", "uv": [ 3.0, 2.0, 4.0, 3.0 ] },
								"down": { "texture": "#bulb", "uv": [ 4.0, 3.5, 5.0, 4.5 ] }
							}
						},
						{
							"name": "side 3",
							"from": [ 0.8, -0.2, -0.8 ], 
							"to": [ 1.8, 2.3, 0.2 ], 
							"rotationOrigin": [ 0.8, 2.3, 0.2 ],
							"rotationX": -10.000000370993861,
							"rotationY": 1.0,
							"rotationZ": -10.000000370993861,
							"faces": {
								"north": { "texture": "#bulb", "uv": [ 2.5, 2.5, 3.5, 5.0 ] },
								"east": { "texture": "#bulb", "uv": [ 4.0, 3.0, 5.0, 5.5 ] },
								"south": { "texture": "#bulb", "uv": [ 1.0, 3.5, 2.0, 6.0 ] },
								"west": { "texture": "#bulb", "uv": [ 6.0, 3.0, 7.0, 5.5 ] },
								"up": { "texture": "#bulb", "uv": [ 4.5, 4.5, 5.5, 5.5 ] },
								"down": { "texture": "#bulb", "uv": [ 3.0, 4.5, 4.0, 5.5 ] }
							}
						},
						{
							"name": "side 4",
							"from": [ -0.7, -0.2, -0.8 ], 
							"to": [ 0.3, 2.3, 0.2 ], 
							"rotationOrigin": [ 0.3, 2.3, 0.2 ],
							"rotationX": -10.000000370993861,
							"rotationY": 1.067216999217635E-7,
							"rotationZ": 10.000000370993861,
							"faces": {
								"north": { "texture": "#bulb", "uv": [ 1.0, 2.5, 2.0, 5.0 ] },
								"east": { "texture": "#bulb", "uv": [ 6.5, 4.0, 7.5, 6.5 ] },
								"south": { "texture": "#bulb", "uv": [ 6.5, 3.0, 7.5, 5.5 ] },
								"west": { "texture": "#bulb", "uv": [ 2.0, 4.5, 3.0, 7.0 ] },
								"up": { "texture": "#bulb", "uv": [ 5.0, 4.5, 6.0, 5.5 ] },
								"down": { "texture": "#bulb", "uv": [ 1.5, 3.0, 2.5, 4.0 ] }
							}
						},
						{
							"name": "stem 1",
							"from": [ 0.3, 1.5, 0.3 ], 
							"to": [ 0.7, 3.0, 0.7 ], 
							"rotationOrigin": [ 0.5, 1.5, 0.5 ],
							"rotationX": -25.0,
							"rotationZ": 1.0,
							"faces": {
								"north": { "texture": "#bulb", "uv": [ 6.0, 0.0, 6.5, 1.5 ] },
								"east": { "texture": "#bulb", "uv": [ 7.0, 0.0, 7.5, 1.5 ] },
								"south": { "texture": "#bulb", "uv": [ 2.0, 0.0, 2.5, 1.5 ] },
								"west": { "texture": "#bulb", "uv": [ 3.0, 0.0, 3.5, 1.5 ] },
								"up": { "texture": "#bulb", "uv": [ 7.0, 0.0, 7.5, 0.5 ] },
								"down": { "texture": "#bulb", "uv": [ 4.0, 11.5, 4.5, 12.0 ], "enabled": false }
							}
						}
					]
				},
				{
					"name": "stage6",
					"from": [ 8.0, 5.15, 8.65 ], 
					"to": [ 9.0, 7.15, 9.65 ], 
					"rotationOrigin": [ 8.5, 7.3, 8.6 ],
					"rotationX": 3.0,
					"faces": {
						"north": { "texture": "#bulb", "uv": [ 12.5, 3.5, 13.5, 5.5 ] },
						"east": { "texture": "#bulb", "uv": [ 11.5, 2.0, 12.5, 4.0 ] },
						"south": { "texture": "#bulb", "uv": [ 10.5, 2.0, 11.5, 4.0 ] },
						"west": { "texture": "#bulb", "uv": [ 11.0, 3.5, 12.0, 5.5 ] },
						"up": { "texture": "#bulb", "uv": [ 10.5, 3.0, 11.5, 4.0 ] },
						"down": { "texture": "#bulb", "uv": [ 14.5, 4.5, 15.5, 5.5 ] }
					},
					"children": [
						{
							"name": "side 1",
							"from": [ -0.7, -0.2, 0.6 ], 
							"to": [ 0.3, 2.3, 1.6 ], 
							"rotationOrigin": [ 0.3, 2.3, 0.6 ],
							"rotationX": 10.000000370993861,
							"rotationY": 1.0,
							"rotationZ": 10.000000370993861,
							"faces": {
								"north": { "texture": "#bulb", "uv": [ 10.0, 2.5, 11.0, 5.0 ] },
								"east": { "texture": "#bulb", "uv": [ 9.0, 3.5, 10.0, 6.0 ] },
								"south": { "texture": "#bulb", "uv": [ 11.0, 2.5, 12.0, 5.0 ] },
								"west": { "texture": "#bulb", "uv": [ 10.0, 5.0, 11.0, 7.5 ] },
								"up": { "texture": "#bulb", "uv": [ 11.5, 2.5, 12.5, 3.5 ] },
								"down": { "texture": "#bulb", "uv": [ 10.0, 4.5, 11.0, 5.5 ] }
							}
						},
						{
							"name": "side 2",
							"from": [ 0.7, -0.2, 0.6 ], 
							"to": [ 1.7, 2.3, 1.6 ], 
							"rotationOrigin": [ 0.7, 2.3, 0.6 ],
							"rotationX": 10.000000370993861,
							"rotationZ": -10.000000370993861,
							"faces": {
								"north": { "texture": "#bulb", "uv": [ 12.0, 3.0, 13.0, 5.5 ] },
								"east": { "texture": "#bulb", "uv": [ 11.5, 4.0, 12.5, 6.5 ] },
								"south": { "texture": "#bulb", "uv": [ 13.5, 3.5, 14.5, 6.0 ] },
								"west": { "texture": "#bulb", "uv": [ 10.5, 3.0, 11.5, 5.5 ] },
								"up": { "texture": "#bulb", "uv": [ 9.5, 4.0, 10.5, 5.0 ] },
								"down": { "texture": "#bulb", "uv": [ 9.5, 3.5, 10.5, 4.5 ] }
							}
						},
						{
							"name": "side 3",
							"from": [ 0.7, -0.2, -0.7 ], 
							"to": [ 1.7, 2.3, 0.3 ], 
							"rotationOrigin": [ 0.7, 2.3, 0.3 ],
							"rotationX": -10.000000370993861,
							"rotationY": 1.0,
							"rotationZ": -10.000000370993861,
							"faces": {
								"north": { "texture": "#bulb", "uv": [ 9.0, 4.5, 10.0, 7.0 ] },
								"east": { "texture": "#bulb", "uv": [ 14.5, 5.5, 15.5, 8.0 ] },
								"south": { "texture": "#bulb", "uv": [ 11.0, 2.0, 12.0, 4.5 ] },
								"west": { "texture": "#bulb", "uv": [ 10.5, 5.0, 11.5, 7.5 ] },
								"up": { "texture": "#bulb", "uv": [ 11.5, 7.0, 12.5, 8.0 ] },
								"down": { "texture": "#bulb", "uv": [ 11.0, 3.5, 12.0, 4.5 ] }
							}
						},
						{
							"name": "side 4",
							"from": [ -0.6, -0.2, -0.7 ], 
							"to": [ 0.4, 2.3, 0.3 ], 
							"rotationOrigin": [ 0.4, 2.3, 0.3 ],
							"rotationX": -10.000000370993861,
							"rotationZ": 10.000000370993861,
							"faces": {
								"north": { "texture": "#bulb", "uv": [ 9.5, 3.0, 10.5, 5.5 ] },
								"east": { "texture": "#bulb", "uv": [ 12.5, 3.5, 13.5, 6.0 ] },
								"south": { "texture": "#bulb", "uv": [ 10.0, 3.5, 11.0, 6.0 ] },
								"west": { "texture": "#bulb", "uv": [ 10.5, 2.0, 11.5, 4.5 ] },
								"up": { "texture": "#bulb", "uv": [ 12.5, 4.0, 13.5, 5.0 ] },
								"down": { "texture": "#bulb", "uv": [ 9.5, 4.5, 10.5, 5.5 ] }
							}
						},
						{
							"name": "stem 1",
							"from": [ 0.3, 1.5, 0.3 ], 
							"to": [ 0.7, 3.0, 0.7 ], 
							"rotationOrigin": [ 0.5, 1.5, 0.5 ],
							"rotationX": -25.0,
							"rotationZ": 1.0,
							"faces": {
								"north": { "texture": "#bulb", "uv": [ 10.5, 1.0, 11.0, 2.5 ] },
								"east": { "texture": "#bulb", "uv": [ 10.0, 1.0, 10.5, 2.5 ] },
								"south": { "texture": "#bulb", "uv": [ 10.5, 1.0, 11.0, 2.5 ] },
								"west": { "texture": "#bulb", "uv": [ 13.0, 1.5, 13.5, 3.0 ] },
								"up": { "texture": "#bulb", "uv": [ 11.0, 1.5, 11.5, 2.0 ] },
								"down": { "texture": "#bulb", "uv": [ 4.0, 11.5, 4.5, 12.0 ], "enabled": false }
							}
						}
					]
				}
			]
		}
	]}