{
	"editor": {
		"allAngles": false,
		"entityTextureMode": false
	},
	"textureWidth": 16,
	"textureHeight": 16,
	"textureSizes": {
	},
	"textures": {
		"bulb": "block/plant/crop/bellpepper/bulb"
	},
	"elements": [
		{
			"name": "origin",
			"from": [ -7.6, -11.0, -6.5 ], 
			"to": [ -7.6, -11.0, -6.5 ], 
			"rotationOrigin": [ 8.0, 0.0, 8.0 ],
			"faces": {
				"north": { "texture": "#null", "uv": [ 0.0, 0.0, 0.5, 0.5 ], "enabled": false },
				"east": { "texture": "#null", "uv": [ 0.0, 0.0, 0.5, 0.5 ], "enabled": false },
				"south": { "texture": "#null", "uv": [ 0.0, 0.0, 0.5, 0.5 ], "enabled": false },
				"west": { "texture": "#null", "uv": [ 0.0, 0.0, 0.5, 0.5 ], "enabled": false },
				"up": { "texture": "#null", "uv": [ 0.0, 0.0, 0.5, 0.5 ], "enabled": false },
				"down": { "texture": "#null", "uv": [ 0.0, 0.0, 0.5, 0.5 ], "enabled": false }
			},
			"children": [
				{
					"name": "stage1",
					"from": [ 7.1, 9.8, 6.1 ], 
					"to": [ 7.7, 10.4, 6.7 ], 
					"rotationOrigin": [ 7.6, 11.4, 6.1 ],
					"rotationX": 3.0,
					"rotationY": 3.0,
					"faces": {
						"north": { "texture": "#bulb", "uv": [ 10.5, 11.5, 11.0, 12.0 ] },
						"east": { "texture": "#bulb", "uv": [ 13.5, 11.5, 14.0, 12.0 ] },
						"south": { "texture": "#bulb", "uv": [ 15.0, 10.5, 15.5, 11.0 ] },
						"west": { "texture": "#bulb", "uv": [ 12.5, 10.0, 13.0, 10.5 ] },
						"up": { "texture": "#bulb", "uv": [ 11.0, 11.0, 11.5, 11.5 ] },
						"down": { "texture": "#bulb", "uv": [ 8.5, 13.0, 9.0, 13.5 ] }
					},
					"children": [
						{
							"name": "stem 31",
							"from": [ 0.1, 0.4, 0.1 ], 
							"to": [ 0.5, 1.4, 0.5 ], 
							"rotationOrigin": [ 0.3, 0.4, 0.3 ],
							"rotationX": 21.0,
							"rotationZ": -10.0,
							"faces": {
								"north": { "texture": "#bulb", "uv": [ 9.5, 8.0, 10.0, 9.0 ] },
								"east": { "texture": "#bulb", "uv": [ 14.5, 8.0, 15.0, 9.0 ] },
								"south": { "texture": "#bulb", "uv": [ 15.5, 8.0, 16.0, 9.0 ] },
								"west": { "texture": "#bulb", "uv": [ 12.5, 8.0, 13.0, 9.0 ] },
								"up": { "texture": "#bulb", "uv": [ 9.5, 8.0, 10.0, 8.5 ] },
								"down": { "texture": "#bulb", "uv": [ 4.0, 11.5, 4.5, 12.0 ], "enabled": false }
							}
						}
					]
				},
				{
					"name": "stage2",
					"from": [ 7.0, 8.8, 5.8 ], 
					"to": [ 8.0, 10.3, 6.8 ], 
					"rotationOrigin": [ 7.4, 10.7, 5.6 ],
					"rotationX": 3.0,
					"rotationY": 3.0,
					"faces": {
						"north": { "texture": "#bulb", "uv": [ 10.5, 11.5, 11.5, 13.0 ] },
						"east": { "texture": "#bulb", "uv": [ 13.5, 11.5, 14.5, 13.0 ] },
						"south": { "texture": "#bulb", "uv": [ 15.0, 10.5, 16.0, 12.0 ] },
						"west": { "texture": "#bulb", "uv": [ 12.5, 10.0, 13.5, 11.5 ] },
						"up": { "texture": "#bulb", "uv": [ 11.0, 11.0, 12.0, 12.0 ] },
						"down": { "texture": "#bulb", "uv": [ 8.5, 13.0, 9.5, 14.0 ] }
					},
					"children": [
						{
							"name": "stem 31",
							"from": [ 0.3, 1.3, 0.3 ], 
							"to": [ 0.7, 2.3, 0.7 ], 
							"rotationOrigin": [ 0.5, 1.3, 0.5 ],
							"rotationX": 21.0,
							"rotationZ": -10.0,
							"faces": {
								"north": { "texture": "#bulb", "uv": [ 9.5, 8.0, 10.0, 9.0 ] },
								"east": { "texture": "#bulb", "uv": [ 14.5, 8.0, 15.0, 9.0 ] },
								"south": { "texture": "#bulb", "uv": [ 15.5, 8.0, 16.0, 9.0 ] },
								"west": { "texture": "#bulb", "uv": [ 12.5, 8.0, 13.0, 9.0 ] },
								"up": { "texture": "#bulb", "uv": [ 9.5, 8.0, 10.0, 8.5 ] },
								"down": { "texture": "#bulb", "uv": [ 4.0, 11.5, 4.5, 12.0 ], "enabled": false }
							}
						}
					]
				},
				{
					"name": "stage3",
					"from": [ 7.0, 8.8, 5.8 ], 
					"to": [ 8.0, 10.3, 6.8 ], 
					"rotationOrigin": [ 7.4, 10.7, 5.6 ],
					"rotationX": 3.0,
					"rotationY": 3.0,
					"faces": {
						"north": { "texture": "#bulb", "uv": [ 10.5, 11.5, 11.5, 13.0 ] },
						"east": { "texture": "#bulb", "uv": [ 13.5, 11.5, 14.5, 13.0 ] },
						"south": { "texture": "#bulb", "uv": [ 15.0, 10.5, 16.0, 12.0 ] },
						"west": { "texture": "#bulb", "uv": [ 12.5, 10.0, 13.5, 11.5 ] },
						"up": { "texture": "#bulb", "uv": [ 11.0, 11.0, 12.0, 12.0 ] },
						"down": { "texture": "#bulb", "uv": [ 8.5, 13.0, 9.5, 14.0 ] }
					},
					"children": [
						{
							"name": "side 27",
							"from": [ -0.8, -0.2, 0.7 ], 
							"to": [ 0.2, 1.3, 1.7 ], 
							"rotationOrigin": [ 0.2, 2.3, 0.7 ],
							"rotationX": 10.000000370993861,
							"rotationY": 1.0,
							"rotationZ": 10.000000370993861,
							"faces": {
								"north": { "texture": "#bulb", "uv": [ 10.0, 9.0, 11.0, 10.5 ] },
								"east": { "texture": "#bulb", "uv": [ 14.0, 12.0, 15.0, 13.5 ] },
								"south": { "texture": "#bulb", "uv": [ 9.5, 11.0, 10.5, 12.5 ] },
								"west": { "texture": "#bulb", "uv": [ 12.5, 13.5, 13.5, 15.0 ] },
								"up": { "texture": "#bulb", "uv": [ 9.0, 11.5, 10.0, 12.5 ] },
								"down": { "texture": "#bulb", "uv": [ 10.5, 10.0, 11.5, 11.0 ] }
							}
						},
						{
							"name": "side 28",
							"from": [ 0.8, -0.2, 0.7 ], 
							"to": [ 1.8, 1.3, 1.7 ], 
							"rotationOrigin": [ 0.8, 2.3, 0.7 ],
							"rotationX": 10.000000370993861,
							"rotationZ": -10.000000370993861,
							"faces": {
								"north": { "texture": "#bulb", "uv": [ 14.0, 10.0, 15.0, 11.5 ] },
								"east": { "texture": "#bulb", "uv": [ 11.0, 13.0, 12.0, 14.5 ] },
								"south": { "texture": "#bulb", "uv": [ 14.5, 10.5, 15.5, 12.0 ] },
								"west": { "texture": "#bulb", "uv": [ 15.0, 11.5, 16.0, 13.0 ] },
								"up": { "texture": "#bulb", "uv": [ 14.5, 13.0, 15.5, 14.0 ] },
								"down": { "texture": "#bulb", "uv": [ 11.5, 14.0, 12.5, 15.0 ] }
							}
						},
						{
							"name": "side 29",
							"from": [ 0.8, -0.2, -0.8 ], 
							"to": [ 1.8, 1.3, 0.2 ], 
							"rotationOrigin": [ 0.8, 2.3, 0.2 ],
							"rotationX": -10.000000370993861,
							"rotationY": 1.0,
							"rotationZ": -10.000000370993861,
							"faces": {
								"north": { "texture": "#bulb", "uv": [ 10.5, 10.5, 11.5, 12.0 ] },
								"east": { "texture": "#bulb", "uv": [ 13.0, 10.0, 14.0, 11.5 ] },
								"south": { "texture": "#bulb", "uv": [ 11.5, 9.0, 12.5, 10.5 ] },
								"west": { "texture": "#bulb", "uv": [ 11.0, 12.5, 12.0, 14.0 ] },
								"up": { "texture": "#bulb", "uv": [ 11.5, 14.5, 12.5, 15.5 ] },
								"down": { "texture": "#bulb", "uv": [ 10.5, 10.0, 11.5, 11.0 ] }
							}
						},
						{
							"name": "side 30",
							"from": [ -0.7, -0.2, -0.8 ], 
							"to": [ 0.3, 1.3, 0.2 ], 
							"rotationOrigin": [ 0.3, 2.3, 0.2 ],
							"rotationX": -10.000000370993861,
							"rotationZ": 10.000000370993861,
							"faces": {
								"north": { "texture": "#bulb", "uv": [ 11.0, 8.5, 12.0, 10.0 ] },
								"east": { "texture": "#bulb", "uv": [ 12.0, 13.0, 13.0, 14.5 ] },
								"south": { "texture": "#bulb", "uv": [ 13.0, 10.0, 14.0, 11.5 ] },
								"west": { "texture": "#bulb", "uv": [ 12.0, 11.0, 13.0, 12.5 ] },
								"up": { "texture": "#bulb", "uv": [ 9.5, 11.0, 10.5, 12.0 ] },
								"down": { "texture": "#bulb", "uv": [ 13.5, 10.5, 14.5, 11.5 ] }
							}
						},
						{
							"name": "stem 31",
							"from": [ 0.3, 1.3, 0.3 ], 
							"to": [ 0.7, 2.3, 0.7 ], 
							"rotationOrigin": [ 0.5, 1.3, 0.5 ],
							"rotationX": 21.0,
							"rotationZ": -10.0,
							"faces": {
								"north": { "texture": "#bulb", "uv": [ 9.5, 8.0, 10.0, 9.0 ] },
								"east": { "texture": "#bulb", "uv": [ 14.5, 8.0, 15.0, 9.0 ] },
								"south": { "texture": "#bulb", "uv": [ 15.5, 8.0, 16.0, 9.0 ] },
								"west": { "texture": "#bulb", "uv": [ 12.5, 8.0, 13.0, 9.0 ] },
								"up": { "texture": "#bulb", "uv": [ 9.5, 8.0, 10.0, 8.5 ] },
								"down": { "texture": "#bulb", "uv": [ 4.0, 11.5, 4.5, 12.0 ], "enabled": false }
							}
						}
					]
				},
				{
					"name": "stage4",
					"from": [ 6.9, 8.2, 5.6 ], 
					"to": [ 7.9, 10.2, 6.6 ], 
					"rotationOrigin": [ 7.4, 10.3, 5.6 ],
					"rotationX": 3.0,
					"rotationY": 3.0,
					"faces": {
						"north": { "texture": "#bulb", "uv": [ 10.5, 11.5, 11.5, 13.5 ] },
						"east": { "texture": "#bulb", "uv": [ 13.5, 11.5, 14.5, 13.5 ] },
						"south": { "texture": "#bulb", "uv": [ 15.0, 10.5, 16.0, 12.5 ] },
						"west": { "texture": "#bulb", "uv": [ 12.5, 10.0, 13.5, 12.0 ] },
						"up": { "texture": "#bulb", "uv": [ 11.0, 11.0, 12.0, 12.0 ] },
						"down": { "texture": "#bulb", "uv": [ 8.5, 13.0, 9.5, 14.0 ] }
					},
					"children": [
						{
							"name": "side 27",
							"from": [ -0.8, -0.2, 0.7 ], 
							"to": [ 0.2, 2.3, 1.7 ], 
							"rotationOrigin": [ 0.2, 2.3, 0.7 ],
							"rotationX": 10.000000370993861,
							"rotationY": 1.0,
							"rotationZ": 10.000000370993861,
							"faces": {
								"north": { "texture": "#bulb", "uv": [ 10.0, 9.0, 11.0, 11.5 ] },
								"east": { "texture": "#bulb", "uv": [ 14.0, 12.0, 15.0, 14.5 ] },
								"south": { "texture": "#bulb", "uv": [ 9.5, 11.0, 10.5, 13.5 ] },
								"west": { "texture": "#bulb", "uv": [ 12.5, 13.5, 13.5, 16.0 ] },
								"up": { "texture": "#bulb", "uv": [ 9.0, 11.5, 10.0, 12.5 ] },
								"down": { "texture": "#bulb", "uv": [ 10.5, 10.0, 11.5, 11.0 ] }
							}
						},
						{
							"name": "side 28",
							"from": [ 0.8, -0.2, 0.7 ], 
							"to": [ 1.8, 2.3, 1.7 ], 
							"rotationOrigin": [ 0.8, 2.3, 0.7 ],
							"rotationX": 10.000000370993861,
							"rotationZ": -10.000000370993861,
							"faces": {
								"north": { "texture": "#bulb", "uv": [ 14.0, 10.0, 15.0, 12.5 ] },
								"east": { "texture": "#bulb", "uv": [ 11.0, 13.0, 12.0, 15.5 ] },
								"south": { "texture": "#bulb", "uv": [ 14.5, 10.5, 15.5, 13.0 ] },
								"west": { "texture": "#bulb", "uv": [ 15.0, 11.5, 16.0, 14.0 ] },
								"up": { "texture": "#bulb", "uv": [ 14.5, 13.0, 15.5, 14.0 ] },
								"down": { "texture": "#bulb", "uv": [ 11.5, 14.0, 12.5, 15.0 ] }
							}
						},
						{
							"name": "side 29",
							"from": [ 0.8, -0.2, -0.8 ], 
							"to": [ 1.8, 2.3, 0.2 ], 
							"rotationOrigin": [ 0.8, 2.3, 0.2 ],
							"rotationX": -10.000000370993861,
							"rotationY": 1.0,
							"rotationZ": -10.000000370993861,
							"faces": {
								"north": { "texture": "#bulb", "uv": [ 10.5, 10.5, 11.5, 13.0 ] },
								"east": { "texture": "#bulb", "uv": [ 13.0, 10.0, 14.0, 12.5 ] },
								"south": { "texture": "#bulb", "uv": [ 11.5, 9.0, 12.5, 11.5 ] },
								"west": { "texture": "#bulb", "uv": [ 11.0, 12.5, 12.0, 15.0 ] },
								"up": { "texture": "#bulb", "uv": [ 11.5, 14.5, 12.5, 15.5 ] },
								"down": { "texture": "#bulb", "uv": [ 10.5, 10.0, 11.5, 11.0 ] }
							}
						},
						{
							"name": "side 30",
							"from": [ -0.7, -0.2, -0.8 ], 
							"to": [ 0.3, 2.3, 0.2 ], 
							"rotationOrigin": [ 0.3, 2.3, 0.2 ],
							"rotationX": -10.000000370993861,
							"rotationZ": 10.000000370993861,
							"faces": {
								"north": { "texture": "#bulb", "uv": [ 11.0, 8.5, 12.0, 11.0 ] },
								"east": { "texture": "#bulb", "uv": [ 12.0, 13.0, 13.0, 15.5 ] },
								"south": { "texture": "#bulb", "uv": [ 13.0, 10.0, 14.0, 12.5 ] },
								"west": { "texture": "#bulb", "uv": [ 12.0, 11.0, 13.0, 13.5 ] },
								"up": { "texture": "#bulb", "uv": [ 9.5, 11.0, 10.5, 12.0 ] },
								"down": { "texture": "#bulb", "uv": [ 13.5, 10.5, 14.5, 11.5 ] }
							}
						},
						{
							"name": "stem 31",
							"from": [ 0.3, 1.5, 0.3 ], 
							"to": [ 0.7, 3.0, 0.7 ], 
							"rotationOrigin": [ 0.5, 1.5, 0.5 ],
							"rotationX": 21.0,
							"rotationZ": -10.0,
							"faces": {
								"north": { "texture": "#bulb", "uv": [ 9.5, 8.0, 10.0, 9.5 ] },
								"east": { "texture": "#bulb", "uv": [ 14.5, 8.0, 15.0, 9.5 ] },
								"south": { "texture": "#bulb", "uv": [ 15.5, 8.0, 16.0, 9.5 ] },
								"west": { "texture": "#bulb", "uv": [ 12.5, 8.0, 13.0, 9.5 ] },
								"up": { "texture": "#bulb", "uv": [ 9.5, 8.0, 10.0, 8.5 ] },
								"down": { "texture": "#bulb", "uv": [ 4.0, 11.5, 4.5, 12.0 ], "enabled": false }
							}
						}
					]
				},
				{
					"name": "stage5",
					"from": [ 6.9, 8.2, 5.6 ], 
					"to": [ 7.9, 10.2, 6.6 ], 
					"rotationOrigin": [ 7.4, 10.3, 5.6 ],
					"rotationX": 3.0,
					"rotationY": 3.0,
					"faces": {
						"north": { "texture": "#bulb", "uv": [ 1.0, 5.0, 2.0, 7.0 ] },
						"east": { "texture": "#bulb", "uv": [ 3.0, 3.5, 4.0, 5.5 ] },
						"south": { "texture": "#bulb", "uv": [ 1.0, 2.5, 2.0, 4.5 ] },
						"west": { "texture": "#bulb", "uv": [ 3.5, 3.0, 4.5, 5.0 ] },
						"up": { "texture": "#bulb", "uv": [ 3.0, 2.0, 4.0, 3.0 ] },
						"down": { "texture": "#bulb", "uv": [ 4.0, 4.0, 5.0, 5.0 ] }
					},
					"children": [
						{
							"name": "side 27",
							"from": [ -0.8, -0.2, 0.7 ], 
							"to": [ 0.2, 2.3, 1.7 ], 
							"rotationOrigin": [ 0.2, 2.3, 0.7 ],
							"rotationX": 10.000000370993861,
							"rotationY": 1.0,
							"rotationZ": 10.000000370993861,
							"faces": {
								"north": { "texture": "#bulb", "uv": [ 3.5, 4.0, 4.5, 6.5 ] },
								"east": { "texture": "#bulb", "uv": [ 6.5, 4.0, 7.5, 6.5 ] },
								"south": { "texture": "#bulb", "uv": [ 1.0, 3.5, 2.0, 6.0 ] },
								"west": { "texture": "#bulb", "uv": [ 5.5, 5.0, 6.5, 7.5 ] },
								"up": { "texture": "#bulb", "uv": [ 3.0, 2.5, 4.0, 3.5 ] },
								"down": { "texture": "#bulb", "uv": [ 1.5, 4.0, 2.5, 5.0 ] }
							}
						},
						{
							"name": "side 28",
							"from": [ 0.8, -0.2, 0.7 ], 
							"to": [ 1.8, 2.3, 1.7 ], 
							"rotationOrigin": [ 0.8, 2.3, 0.7 ],
							"rotationX": 10.000000370993861,
							"rotationZ": -10.000000370993861,
							"faces": {
								"north": { "texture": "#bulb", "uv": [ 5.0, 3.0, 6.0, 5.5 ] },
								"east": { "texture": "#bulb", "uv": [ 1.0, 3.5, 2.0, 6.0 ] },
								"south": { "texture": "#bulb", "uv": [ 0.5, 3.5, 1.5, 6.0 ] },
								"west": { "texture": "#bulb", "uv": [ 4.5, 3.0, 5.5, 5.5 ] },
								"up": { "texture": "#bulb", "uv": [ 4.5, 2.5, 5.5, 3.5 ] },
								"down": { "texture": "#bulb", "uv": [ 1.5, 5.5, 2.5, 6.5 ] }
							}
						},
						{
							"name": "side 29",
							"from": [ 0.8, -0.2, -0.8 ], 
							"to": [ 1.8, 2.3, 0.2 ], 
							"rotationOrigin": [ 0.8, 2.3, 0.2 ],
							"rotationX": -10.000000370993861,
							"rotationY": 1.0,
							"rotationZ": -10.000000370993861,
							"faces": {
								"north": { "texture": "#bulb", "uv": [ 2.0, 5.0, 3.0, 7.5 ] },
								"east": { "texture": "#bulb", "uv": [ 3.5, 4.0, 4.5, 6.5 ] },
								"south": { "texture": "#bulb", "uv": [ 4.5, 3.5, 5.5, 6.0 ] },
								"west": { "texture": "#bulb", "uv": [ 4.0, 3.5, 5.0, 6.0 ] },
								"up": { "texture": "#bulb", "uv": [ 0.5, 3.0, 1.5, 4.0 ] },
								"down": { "texture": "#bulb", "uv": [ 4.5, 5.5, 5.5, 6.5 ] }
							}
						},
						{
							"name": "side 30",
							"from": [ -0.7, -0.2, -0.8 ], 
							"to": [ 0.3, 2.3, 0.2 ], 
							"rotationOrigin": [ 0.3, 2.3, 0.2 ],
							"rotationX": -10.000000370993861,
							"rotationZ": 10.000000370993861,
							"faces": {
								"north": { "texture": "#bulb", "uv": [ 3.0, 2.5, 4.0, 5.0 ] },
								"east": { "texture": "#bulb", "uv": [ 5.0, 4.0, 6.0, 6.5 ] },
								"south": { "texture": "#bulb", "uv": [ 5.0, 3.5, 6.0, 6.0 ] },
								"west": { "texture": "#bulb", "uv": [ 3.5, 3.5, 4.5, 6.0 ] },
								"up": { "texture": "#bulb", "uv": [ 4.5, 2.5, 5.5, 3.5 ] },
								"down": { "texture": "#bulb", "uv": [ 4.5, 4.5, 5.5, 5.5 ] }
							}
						},
						{
							"name": "stem 31",
							"from": [ 0.3, 1.5, 0.3 ], 
							"to": [ 0.7, 3.0, 0.7 ], 
							"rotationOrigin": [ 0.5, 1.5, 0.5 ],
							"rotationX": 21.0,
							"rotationZ": -10.0,
							"faces": {
								"north": { "texture": "#bulb", "uv": [ 1.5, 0.0, 2.0, 1.5 ] },
								"east": { "texture": "#bulb", "uv": [ 7.0, 0.0, 7.5, 1.5 ] },
								"south": { "texture": "#bulb", "uv": [ 3.0, 0.0, 3.5, 1.5 ] },
								"west": { "texture": "#bulb", "uv": [ 3.5, 0.0, 4.0, 1.5 ] },
								"up": { "texture": "#bulb", "uv": [ 6.5, 0.0, 7.0, 0.5 ] },
								"down": { "texture": "#bulb", "uv": [ 4.0, 11.5, 4.5, 12.0 ], "enabled": false }
							}
						}
					]
				},
				{
					"name": "stage6",
					"from": [ 6.9, 8.2, 5.6 ], 
					"to": [ 7.9, 10.2, 6.6 ], 
					"rotationOrigin": [ 7.4, 10.3, 5.6 ],
					"rotationX": 3.0,
					"rotationY": 3.0,
					"faces": {
						"north": { "texture": "#bulb", "uv": [ 9.0, 2.5, 10.0, 4.5 ] },
						"east": { "texture": "#bulb", "uv": [ 13.0, 2.5, 14.0, 4.5 ] },
						"south": { "texture": "#bulb", "uv": [ 10.0, 1.0, 11.0, 3.0 ] },
						"west": { "texture": "#bulb", "uv": [ 9.5, 5.0, 10.5, 7.0 ] },
						"up": { "texture": "#bulb", "uv": [ 8.0, 4.5, 9.0, 5.5 ] },
						"down": { "texture": "#bulb", "uv": [ 11.5, 4.0, 12.5, 5.0 ] }
					},
					"children": [
						{
							"name": "side 27",
							"from": [ -0.6, -0.2, 0.5 ], 
							"to": [ 0.4, 2.3, 1.5 ], 
							"rotationOrigin": [ 0.4, 2.3, 0.5 ],
							"rotationX": 10.000000370993861,
							"rotationY": 1.0,
							"rotationZ": 10.000000370993861,
							"faces": {
								"north": { "texture": "#bulb", "uv": [ 12.0, 4.5, 13.0, 7.0 ] },
								"east": { "texture": "#bulb", "uv": [ 10.0, 1.0, 11.0, 3.5 ] },
								"south": { "texture": "#bulb", "uv": [ 11.0, 2.5, 12.0, 5.0 ] },
								"west": { "texture": "#bulb", "uv": [ 13.0, 4.5, 14.0, 7.0 ] },
								"up": { "texture": "#bulb", "uv": [ 10.0, 2.5, 11.0, 3.5 ] },
								"down": { "texture": "#bulb", "uv": [ 11.5, 2.5, 12.5, 3.5 ] }
							}
						},
						{
							"name": "side 28",
							"from": [ 0.6, -0.2, 0.5 ], 
							"to": [ 1.6, 2.3, 1.5 ], 
							"rotationOrigin": [ 0.6, 2.3, 0.5 ],
							"rotationX": 10.000000370993861,
							"rotationZ": -10.000000370993861,
							"faces": {
								"north": { "texture": "#bulb", "uv": [ 10.5, 5.0, 11.5, 7.5 ] },
								"east": { "texture": "#bulb", "uv": [ 14.0, 5.5, 15.0, 8.0 ] },
								"south": { "texture": "#bulb", "uv": [ 15.0, 5.0, 16.0, 7.5 ] },
								"west": { "texture": "#bulb", "uv": [ 9.5, 5.5, 10.5, 8.0 ] },
								"up": { "texture": "#bulb", "uv": [ 10.0, 3.5, 11.0, 4.5 ] },
								"down": { "texture": "#bulb", "uv": [ 10.5, 5.5, 11.5, 6.5 ] }
							}
						},
						{
							"name": "side 29",
							"from": [ 0.6, -0.2, -0.6 ], 
							"to": [ 1.6, 2.3, 0.4 ], 
							"rotationOrigin": [ 0.6, 2.3, 0.4 ],
							"rotationX": -10.000000370993861,
							"rotationY": 1.0,
							"rotationZ": -10.000000370993861,
							"faces": {
								"north": { "texture": "#bulb", "uv": [ 13.0, 5.5, 14.0, 8.0 ] },
								"east": { "texture": "#bulb", "uv": [ 14.5, 4.0, 15.5, 6.5 ] },
								"south": { "texture": "#bulb", "uv": [ 11.5, 2.0, 12.5, 4.5 ] },
								"west": { "texture": "#bulb", "uv": [ 15.0, 4.0, 16.0, 6.5 ] },
								"up": { "texture": "#bulb", "uv": [ 12.5, 2.0, 13.5, 3.0 ] },
								"down": { "texture": "#bulb", "uv": [ 10.5, 3.0, 11.5, 4.0 ] }
							}
						},
						{
							"name": "side 30",
							"from": [ -0.5, -0.2, -0.6 ], 
							"to": [ 0.5, 2.3, 0.4 ], 
							"rotationOrigin": [ 0.5, 2.3, 0.4 ],
							"rotationX": -10.000000370993861,
							"rotationZ": 10.000000370993861,
							"faces": {
								"north": { "texture": "#bulb", "uv": [ 11.0, 2.5, 12.0, 5.0 ] },
								"east": { "texture": "#bulb", "uv": [ 13.0, 3.5, 14.0, 6.0 ] },
								"south": { "texture": "#bulb", "uv": [ 11.0, 1.5, 12.0, 4.0 ] },
								"west": { "texture": "#bulb", "uv": [ 12.5, 2.5, 13.5, 5.0 ] },
								"up": { "texture": "#bulb", "uv": [ 11.0, 2.0, 12.0, 3.0 ] },
								"down": { "texture": "#bulb", "uv": [ 14.0, 2.5, 15.0, 3.5 ] }
							}
						},
						{
							"name": "stem 31",
							"from": [ 0.3, 1.5, 0.3 ], 
							"to": [ 0.7, 3.0, 0.7 ], 
							"rotationOrigin": [ 0.5, 1.5, 0.5 ],
							"rotationX": 21.0,
							"rotationZ": -10.0,
							"faces": {
								"north": { "texture": "#bulb", "uv": [ 1.5, 0.0, 2.0, 1.5 ] },
								"east": { "texture": "#bulb", "uv": [ 7.0, 0.0, 7.5, 1.5 ] },
								"south": { "texture": "#bulb", "uv": [ 3.0, 0.0, 3.5, 1.5 ] },
								"west": { "texture": "#bulb", "uv": [ 3.5, 0.0, 4.0, 1.5 ] },
								"up": { "texture": "#bulb", "uv": [ 6.5, 0.0, 7.0, 0.5 ] },
								"down": { "texture": "#bulb", "uv": [ 4.0, 11.5, 4.5, 12.0 ], "enabled": false }
							}
						}
					]
				}
			]
		}
	]}