{
	"editor": {
		"allAngles": false,
		"entityTextureMode": false
	},
	"textureWidth": 16,
	"textureHeight": 16,
	"textureSizes": {
	},
	"textures": {
		"bulb": "block/plant/crop/bellpepper/bulb"
	},
	"elements": [
		{
			"name": "origin",
			"from": [ -5.5, -9.0, -8.1 ], 
			"to": [ -5.5, -9.0, -8.1 ], 
			"rotationOrigin": [ 0.0, 0.0, 0.0 ],
			"rotationY": -90.0,
			"faces": {
				"north": { "texture": "#null", "uv": [ 0.0, 0.0, 0.5, 0.5 ], "enabled": false },
				"east": { "texture": "#null", "uv": [ 0.0, 0.0, 0.5, 0.5 ], "enabled": false },
				"south": { "texture": "#null", "uv": [ 0.0, 0.0, 0.5, 0.5 ], "enabled": false },
				"west": { "texture": "#null", "uv": [ 0.0, 0.0, 0.5, 0.5 ], "enabled": false },
				"up": { "texture": "#null", "uv": [ 0.0, 0.0, 0.5, 0.5 ], "enabled": false },
				"down": { "texture": "#null", "uv": [ 0.0, 0.0, 0.5, 0.5 ], "enabled": false }
			},
			"children": [
				{
					"name": "stage1",
					"from": [ 5.0, 7.8, 7.7 ], 
					"to": [ 5.6, 8.4, 8.3 ], 
					"rotationOrigin": [ 5.5, 9.9, 7.7 ],
					"faces": {
						"north": { "texture": "#bulb", "uv": [ 11.0, 11.0, 11.5, 11.5 ] },
						"east": { "texture": "#bulb", "uv": [ 10.5, 11.5, 11.0, 12.0 ] },
						"south": { "texture": "#bulb", "uv": [ 11.0, 9.5, 11.5, 10.0 ] },
						"west": { "texture": "#bulb", "uv": [ 12.5, 11.5, 13.0, 12.0 ] },
						"up": { "texture": "#bulb", "uv": [ 13.0, 13.0, 13.5, 13.5 ] },
						"down": { "texture": "#bulb", "uv": [ 9.5, 15.0, 10.0, 15.5 ] }
					},
					"children": [
						{
							"name": "stem 25",
							"from": [ 0.1, 0.3, 0.1 ], 
							"to": [ 0.5, 1.3, 0.5 ], 
							"rotationOrigin": [ 0.3, 0.3, 0.3 ],
							"rotationZ": -17.0,
							"faces": {
								"north": { "texture": "#bulb", "uv": [ 10.0, 8.0, 10.5, 9.0 ] },
								"east": { "texture": "#bulb", "uv": [ 12.5, 8.0, 13.0, 9.0 ] },
								"south": { "texture": "#bulb", "uv": [ 10.0, 8.0, 10.5, 9.0 ] },
								"west": { "texture": "#bulb", "uv": [ 12.0, 8.0, 12.5, 9.0 ] },
								"up": { "texture": "#bulb", "uv": [ 10.0, 8.0, 10.5, 8.5 ] },
								"down": { "texture": "#bulb", "uv": [ 4.0, 11.5, 4.5, 12.0 ], "enabled": false }
							}
						}
					]
				},
				{
					"name": "stage2",
					"from": [ 4.7, 7.0, 7.6 ], 
					"to": [ 5.7, 8.5, 8.6 ], 
					"rotationOrigin": [ 5.0, 9.1, 7.6 ],
					"faces": {
						"north": { "texture": "#bulb", "uv": [ 11.0, 11.0, 12.0, 12.5 ] },
						"east": { "texture": "#bulb", "uv": [ 10.5, 11.5, 11.5, 13.0 ] },
						"south": { "texture": "#bulb", "uv": [ 11.0, 9.5, 12.0, 11.0 ] },
						"west": { "texture": "#bulb", "uv": [ 12.5, 11.5, 13.5, 13.0 ] },
						"up": { "texture": "#bulb", "uv": [ 13.0, 13.0, 14.0, 14.0 ] },
						"down": { "texture": "#bulb", "uv": [ 9.5, 15.0, 10.5, 16.0 ] }
					},
					"children": [
						{
							"name": "stem 25",
							"from": [ 0.3, 1.1, 0.3 ], 
							"to": [ 0.7, 2.1, 0.7 ], 
							"rotationOrigin": [ 0.5, 1.1, 0.5 ],
							"rotationX": -6.0,
							"rotationZ": -23.0,
							"faces": {
								"north": { "texture": "#bulb", "uv": [ 10.0, 8.0, 10.5, 9.0 ] },
								"east": { "texture": "#bulb", "uv": [ 12.5, 8.0, 13.0, 9.0 ] },
								"south": { "texture": "#bulb", "uv": [ 10.0, 8.0, 10.5, 9.0 ] },
								"west": { "texture": "#bulb", "uv": [ 12.0, 8.0, 12.5, 9.0 ] },
								"up": { "texture": "#bulb", "uv": [ 10.0, 8.0, 10.5, 8.5 ] },
								"down": { "texture": "#bulb", "uv": [ 4.0, 11.5, 4.5, 12.0 ], "enabled": false }
							}
						}
					]
				},
				{
					"name": "stage3",
					"from": [ 4.7, 7.0, 7.6 ], 
					"to": [ 5.7, 8.0, 8.6 ], 
					"rotationOrigin": [ 5.0, 9.1, 7.6 ],
					"faces": {
						"north": { "texture": "#bulb", "uv": [ 11.0, 11.0, 12.0, 12.0 ] },
						"east": { "texture": "#bulb", "uv": [ 10.5, 11.5, 11.5, 12.5 ] },
						"south": { "texture": "#bulb", "uv": [ 11.0, 9.5, 12.0, 10.5 ] },
						"west": { "texture": "#bulb", "uv": [ 12.5, 11.5, 13.5, 12.5 ] },
						"up": { "texture": "#bulb", "uv": [ 13.0, 13.0, 14.0, 14.0 ] },
						"down": { "texture": "#bulb", "uv": [ 9.5, 15.0, 10.5, 16.0 ] }
					},
					"children": [
						{
							"name": "side 21",
							"from": [ -0.9, -0.2, 0.8 ], 
							"to": [ 0.1, 1.3, 1.8 ], 
							"rotationOrigin": [ 0.1, 2.3, 0.8 ],
							"rotationX": 13.0,
							"rotationY": 1.0,
							"rotationZ": 13.0,
							"faces": {
								"north": { "texture": "#bulb", "uv": [ 11.0, 13.5, 12.0, 15.0 ] },
								"east": { "texture": "#bulb", "uv": [ 14.0, 12.5, 15.0, 14.0 ] },
								"south": { "texture": "#bulb", "uv": [ 9.0, 9.5, 10.0, 11.0 ] },
								"west": { "texture": "#bulb", "uv": [ 12.0, 10.5, 13.0, 12.0 ] },
								"up": { "texture": "#bulb", "uv": [ 9.0, 10.0, 10.0, 11.0 ] },
								"down": { "texture": "#bulb", "uv": [ 13.5, 10.0, 14.5, 11.0 ] }
							}
						},
						{
							"name": "side 22",
							"from": [ 0.9, -0.2, 0.8 ], 
							"to": [ 1.9, 1.3, 1.8 ], 
							"rotationOrigin": [ 0.9, 2.3, 0.8 ],
							"rotationX": 13.0,
							"rotationY": 1.067216999217635E-7,
							"rotationZ": -13.0,
							"faces": {
								"north": { "texture": "#bulb", "uv": [ 9.5, 8.5, 10.5, 10.0 ] },
								"east": { "texture": "#bulb", "uv": [ 14.5, 12.5, 15.5, 14.0 ] },
								"south": { "texture": "#bulb", "uv": [ 11.5, 10.0, 12.5, 11.5 ] },
								"west": { "texture": "#bulb", "uv": [ 11.0, 10.0, 12.0, 11.5 ] },
								"up": { "texture": "#bulb", "uv": [ 9.5, 12.0, 10.5, 13.0 ] },
								"down": { "texture": "#bulb", "uv": [ 10.5, 10.5, 11.5, 11.5 ] }
							}
						},
						{
							"name": "side 23",
							"from": [ 0.9, -0.2, -0.9 ], 
							"to": [ 1.9, 1.3, 0.1 ], 
							"rotationOrigin": [ 0.9, 2.3, 0.1 ],
							"rotationX": -13.0,
							"rotationY": 1.0,
							"rotationZ": -13.0,
							"faces": {
								"north": { "texture": "#bulb", "uv": [ 9.0, 10.5, 10.0, 12.0 ] },
								"east": { "texture": "#bulb", "uv": [ 10.0, 12.5, 11.0, 14.0 ] },
								"south": { "texture": "#bulb", "uv": [ 15.0, 10.5, 16.0, 12.0 ] },
								"west": { "texture": "#bulb", "uv": [ 13.5, 10.0, 14.5, 11.5 ] },
								"up": { "texture": "#bulb", "uv": [ 10.5, 10.0, 11.5, 11.0 ] },
								"down": { "texture": "#bulb", "uv": [ 10.5, 10.0, 11.5, 11.0 ] }
							}
						},
						{
							"name": "side 24",
							"from": [ -0.8, -0.2, -0.9 ], 
							"to": [ 0.2, 1.3, 0.1 ], 
							"rotationOrigin": [ 0.2, 2.3, 0.1 ],
							"rotationX": -13.0,
							"rotationY": 1.067216999217635E-7,
							"rotationZ": 13.0,
							"faces": {
								"north": { "texture": "#bulb", "uv": [ 13.5, 11.0, 14.5, 12.5 ] },
								"east": { "texture": "#bulb", "uv": [ 10.0, 13.0, 11.0, 14.5 ] },
								"south": { "texture": "#bulb", "uv": [ 14.5, 10.0, 15.5, 11.5 ] },
								"west": { "texture": "#bulb", "uv": [ 11.0, 13.5, 12.0, 15.0 ] },
								"up": { "texture": "#bulb", "uv": [ 8.5, 14.0, 9.5, 15.0 ] },
								"down": { "texture": "#bulb", "uv": [ 11.5, 9.5, 12.5, 10.5 ] }
							}
						},
						{
							"name": "stem 25",
							"from": [ 0.3, 1.1, 0.3 ], 
							"to": [ 0.7, 2.1, 0.7 ], 
							"rotationOrigin": [ 0.5, 1.1, 0.5 ],
							"rotationX": -6.0,
							"rotationZ": -23.0,
							"faces": {
								"north": { "texture": "#bulb", "uv": [ 10.0, 8.0, 10.5, 9.0 ] },
								"east": { "texture": "#bulb", "uv": [ 12.5, 8.0, 13.0, 9.0 ] },
								"south": { "texture": "#bulb", "uv": [ 10.0, 8.0, 10.5, 9.0 ] },
								"west": { "texture": "#bulb", "uv": [ 12.0, 8.0, 12.5, 9.0 ] },
								"up": { "texture": "#bulb", "uv": [ 10.0, 8.0, 10.5, 8.5 ] },
								"down": { "texture": "#bulb", "uv": [ 4.0, 11.5, 4.5, 12.0 ], "enabled": false }
							}
						}
					]
				},
				{
					"name": "stage4",
					"from": [ 4.5, 6.5, 7.6 ], 
					"to": [ 5.5, 8.1, 8.6 ], 
					"rotationOrigin": [ 5.0, 8.6, 7.6 ],
					"faces": {
						"north": { "texture": "#bulb", "uv": [ 11.0, 11.0, 12.0, 12.5 ] },
						"east": { "texture": "#bulb", "uv": [ 10.5, 11.5, 11.5, 13.0 ] },
						"south": { "texture": "#bulb", "uv": [ 11.0, 9.5, 12.0, 11.0 ] },
						"west": { "texture": "#bulb", "uv": [ 12.5, 11.5, 13.5, 13.0 ] },
						"up": { "texture": "#bulb", "uv": [ 13.0, 13.0, 14.0, 14.0 ] },
						"down": { "texture": "#bulb", "uv": [ 9.5, 15.0, 10.5, 16.0 ] }
					},
					"children": [
						{
							"name": "side 21",
							"from": [ -0.9, -0.2, 0.8 ], 
							"to": [ 0.1, 1.8, 1.8 ], 
							"rotationOrigin": [ 0.1, 2.3, 0.8 ],
							"rotationX": 13.0,
							"rotationY": 1.0,
							"rotationZ": 13.0,
							"faces": {
								"north": { "texture": "#bulb", "uv": [ 11.0, 13.5, 12.0, 15.5 ] },
								"east": { "texture": "#bulb", "uv": [ 14.0, 12.5, 15.0, 14.5 ] },
								"south": { "texture": "#bulb", "uv": [ 9.0, 9.5, 10.0, 11.5 ] },
								"west": { "texture": "#bulb", "uv": [ 12.0, 10.5, 13.0, 12.5 ] },
								"up": { "texture": "#bulb", "uv": [ 9.0, 10.0, 10.0, 11.0 ] },
								"down": { "texture": "#bulb", "uv": [ 13.5, 10.0, 14.5, 11.0 ] }
							}
						},
						{
							"name": "side 22",
							"from": [ 0.9, -0.2, 0.8 ], 
							"to": [ 1.9, 1.8, 1.8 ], 
							"rotationOrigin": [ 0.9, 2.3, 0.8 ],
							"rotationX": 13.0,
							"rotationY": 1.067216999217635E-7,
							"rotationZ": -13.0,
							"faces": {
								"north": { "texture": "#bulb", "uv": [ 9.5, 8.5, 10.5, 10.5 ] },
								"east": { "texture": "#bulb", "uv": [ 14.5, 12.5, 15.5, 14.5 ] },
								"south": { "texture": "#bulb", "uv": [ 11.5, 10.0, 12.5, 12.0 ] },
								"west": { "texture": "#bulb", "uv": [ 11.0, 10.0, 12.0, 12.0 ] },
								"up": { "texture": "#bulb", "uv": [ 9.5, 12.0, 10.5, 13.0 ] },
								"down": { "texture": "#bulb", "uv": [ 10.5, 10.5, 11.5, 11.5 ] }
							}
						},
						{
							"name": "side 23",
							"from": [ 0.9, -0.2, -0.9 ], 
							"to": [ 1.9, 1.8, 0.1 ], 
							"rotationOrigin": [ 0.9, 2.3, 0.1 ],
							"rotationX": -13.0,
							"rotationY": 1.0,
							"rotationZ": -13.0,
							"faces": {
								"north": { "texture": "#bulb", "uv": [ 9.0, 10.5, 10.0, 12.5 ] },
								"east": { "texture": "#bulb", "uv": [ 10.0, 12.5, 11.0, 14.5 ] },
								"south": { "texture": "#bulb", "uv": [ 15.0, 10.5, 16.0, 12.5 ] },
								"west": { "texture": "#bulb", "uv": [ 13.5, 10.0, 14.5, 12.0 ] },
								"up": { "texture": "#bulb", "uv": [ 10.5, 10.0, 11.5, 11.0 ] },
								"down": { "texture": "#bulb", "uv": [ 10.5, 10.0, 11.5, 11.0 ] }
							}
						},
						{
							"name": "side 24",
							"from": [ -0.8, -0.2, -0.9 ], 
							"to": [ 0.2, 1.8, 0.1 ], 
							"rotationOrigin": [ 0.2, 2.3, 0.1 ],
							"rotationX": -13.0,
							"rotationY": 1.067216999217635E-7,
							"rotationZ": 13.0,
							"faces": {
								"north": { "texture": "#bulb", "uv": [ 13.5, 11.0, 14.5, 13.0 ] },
								"east": { "texture": "#bulb", "uv": [ 10.0, 13.0, 11.0, 15.0 ] },
								"south": { "texture": "#bulb", "uv": [ 14.5, 10.0, 15.5, 12.0 ] },
								"west": { "texture": "#bulb", "uv": [ 11.0, 13.5, 12.0, 15.5 ] },
								"up": { "texture": "#bulb", "uv": [ 8.5, 14.0, 9.5, 15.0 ] },
								"down": { "texture": "#bulb", "uv": [ 11.5, 9.5, 12.5, 10.5 ] }
							}
						},
						{
							"name": "stem 25",
							"from": [ 0.3, 1.1, 0.3 ], 
							"to": [ 0.7, 2.6, 0.7 ], 
							"rotationOrigin": [ 0.5, 1.1, 0.5 ],
							"rotationX": -6.0,
							"rotationZ": -23.0,
							"faces": {
								"north": { "texture": "#bulb", "uv": [ 10.0, 8.0, 10.5, 9.5 ] },
								"east": { "texture": "#bulb", "uv": [ 12.5, 8.0, 13.0, 9.5 ] },
								"south": { "texture": "#bulb", "uv": [ 10.0, 8.0, 10.5, 9.5 ] },
								"west": { "texture": "#bulb", "uv": [ 12.0, 8.0, 12.5, 9.5 ] },
								"up": { "texture": "#bulb", "uv": [ 10.0, 8.0, 10.5, 8.5 ] },
								"down": { "texture": "#bulb", "uv": [ 4.0, 11.5, 4.5, 12.0 ], "enabled": false }
							}
						}
					]
				},
				{
					"name": "stage5",
					"from": [ 4.5, 6.5, 7.6 ], 
					"to": [ 5.5, 8.1, 8.6 ], 
					"rotationOrigin": [ 5.0, 8.6, 7.6 ],
					"faces": {
						"north": { "texture": "#bulb", "uv": [ 3.5, 3.5, 4.5, 5.0 ] },
						"east": { "texture": "#bulb", "uv": [ 2.5, 4.5, 3.5, 6.0 ] },
						"south": { "texture": "#bulb", "uv": [ 3.0, 3.0, 4.0, 4.5 ] },
						"west": { "texture": "#bulb", "uv": [ 2.0, 3.5, 3.0, 5.0 ] },
						"up": { "texture": "#bulb", "uv": [ 5.0, 1.0, 6.0, 2.0 ] },
						"down": { "texture": "#bulb", "uv": [ 2.0, 6.5, 3.0, 7.5 ] }
					},
					"children": [
						{
							"name": "side 21",
							"from": [ -0.9, -0.2, 0.8 ], 
							"to": [ 0.1, 1.8, 1.8 ], 
							"rotationOrigin": [ 0.1, 2.3, 0.8 ],
							"rotationX": 13.0,
							"rotationY": 1.0,
							"rotationZ": 13.0,
							"faces": {
								"north": { "texture": "#bulb", "uv": [ 5.0, 3.0, 6.0, 5.0 ] },
								"east": { "texture": "#bulb", "uv": [ 6.0, 5.0, 7.0, 7.0 ] },
								"south": { "texture": "#bulb", "uv": [ 1.0, 3.0, 2.0, 5.0 ] },
								"west": { "texture": "#bulb", "uv": [ 5.5, 2.5, 6.5, 4.5 ] },
								"up": { "texture": "#bulb", "uv": [ 5.0, 3.0, 6.0, 4.0 ] },
								"down": { "texture": "#bulb", "uv": [ 5.5, 2.5, 6.5, 3.5 ] }
							}
						},
						{
							"name": "side 22",
							"from": [ 0.9, -0.2, 0.8 ], 
							"to": [ 1.9, 1.8, 1.8 ], 
							"rotationOrigin": [ 0.9, 2.3, 0.8 ],
							"rotationX": 13.0,
							"rotationY": 1.067216999217635E-7,
							"rotationZ": -13.0,
							"faces": {
								"north": { "texture": "#bulb", "uv": [ 1.5, 3.0, 2.5, 5.0 ] },
								"east": { "texture": "#bulb", "uv": [ 2.5, 2.0, 3.5, 4.0 ] },
								"south": { "texture": "#bulb", "uv": [ 4.5, 2.5, 5.5, 4.5 ] },
								"west": { "texture": "#bulb", "uv": [ 0.5, 2.5, 1.5, 4.5 ] },
								"up": { "texture": "#bulb", "uv": [ 4.0, 3.0, 5.0, 4.0 ] },
								"down": { "texture": "#bulb", "uv": [ 3.5, 4.0, 4.5, 5.0 ] }
							}
						},
						{
							"name": "side 23",
							"from": [ 0.9, -0.2, -0.9 ], 
							"to": [ 1.9, 1.8, 0.1 ], 
							"rotationOrigin": [ 0.9, 2.3, 0.1 ],
							"rotationX": -13.0,
							"rotationY": 1.0,
							"rotationZ": -13.0,
							"faces": {
								"north": { "texture": "#bulb", "uv": [ 6.0, 4.5, 7.0, 6.5 ] },
								"east": { "texture": "#bulb", "uv": [ 5.0, 3.5, 6.0, 5.5 ] },
								"south": { "texture": "#bulb", "uv": [ 6.5, 3.0, 7.5, 5.0 ] },
								"west": { "texture": "#bulb", "uv": [ 1.5, 4.5, 2.5, 6.5 ] },
								"up": { "texture": "#bulb", "uv": [ 3.0, 2.0, 4.0, 3.0 ] },
								"down": { "texture": "#bulb", "uv": [ 5.0, 4.0, 6.0, 5.0 ] }
							}
						},
						{
							"name": "side 24",
							"from": [ -0.8, -0.2, -0.9 ], 
							"to": [ 0.2, 1.8, 0.1 ], 
							"rotationOrigin": [ 0.2, 2.3, 0.1 ],
							"rotationX": -13.0,
							"rotationY": 1.067216999217635E-7,
							"rotationZ": 13.0,
							"faces": {
								"north": { "texture": "#bulb", "uv": [ 4.0, 2.5, 5.0, 4.5 ] },
								"east": { "texture": "#bulb", "uv": [ 3.5, 3.5, 4.5, 5.5 ] },
								"south": { "texture": "#bulb", "uv": [ 2.0, 3.0, 3.0, 5.0 ] },
								"west": { "texture": "#bulb", "uv": [ 1.0, 3.0, 2.0, 5.0 ] },
								"up": { "texture": "#bulb", "uv": [ 3.0, 2.5, 4.0, 3.5 ] },
								"down": { "texture": "#bulb", "uv": [ 4.0, 4.0, 5.0, 5.0 ] }
							}
						},
						{
							"name": "stem 25",
							"from": [ 0.3, 1.1, 0.3 ], 
							"to": [ 0.7, 2.6, 0.7 ], 
							"rotationOrigin": [ 0.5, 1.1, 0.5 ],
							"rotationX": -6.0,
							"rotationZ": -23.0,
							"faces": {
								"north": { "texture": "#bulb", "uv": [ 6.0, 0.0, 6.5, 1.5 ] },
								"east": { "texture": "#bulb", "uv": [ 3.5, 0.0, 4.0, 1.5 ] },
								"south": { "texture": "#bulb", "uv": [ 0.5, 0.0, 1.0, 1.5 ] },
								"west": { "texture": "#bulb", "uv": [ 5.5, 0.0, 6.0, 1.5 ] },
								"up": { "texture": "#bulb", "uv": [ 4.0, 0.0, 4.5, 0.5 ] },
								"down": { "texture": "#bulb", "uv": [ 4.0, 11.5, 4.5, 12.0 ], "enabled": false }
							}
						}
					]
				},
				{
					"name": "stage6",
					"from": [ 4.3, 9.4, 8.2 ], 
					"to": [ 5.3, 11.0, 9.2 ], 
					"rotationOrigin": [ 4.3, 9.4, 8.2 ],
					"rotationX": -81.0,
					"rotationY": -9.0,
					"rotationZ": -46.0,
					"faces": {
						"north": { "texture": "#bulb", "uv": [ 12.0, 2.5, 13.0, 4.0 ] },
						"east": { "texture": "#bulb", "uv": [ 10.0, 2.5, 11.0, 4.0 ] },
						"south": { "texture": "#bulb", "uv": [ 11.0, 3.0, 12.0, 4.5 ] },
						"west": { "texture": "#bulb", "uv": [ 10.5, 3.0, 11.5, 4.5 ] },
						"up": { "texture": "#bulb", "uv": [ 11.0, 2.5, 12.0, 3.5 ] },
						"down": { "texture": "#bulb", "uv": [ 13.0, 2.5, 14.0, 3.5 ] }
					},
					"children": [
						{
							"name": "side 21",
							"from": [ -0.9, -0.2, 0.6 ], 
							"to": [ 0.1, 1.8, 1.6 ], 
							"rotationOrigin": [ 0.1, 2.3, 0.6 ],
							"rotationX": 13.0,
							"rotationY": 1.0,
							"rotationZ": 13.0,
							"faces": {
								"north": { "texture": "#bulb", "uv": [ 11.0, 2.0, 12.0, 4.0 ] },
								"east": { "texture": "#bulb", "uv": [ 6.0, 5.0, 7.0, 7.0 ] },
								"south": { "texture": "#bulb", "uv": [ 10.5, 3.0, 11.5, 5.0 ] },
								"west": { "texture": "#bulb", "uv": [ 5.5, 2.5, 6.5, 4.5 ] },
								"up": { "texture": "#bulb", "uv": [ 11.0, 3.0, 12.0, 4.0 ] },
								"down": { "texture": "#bulb", "uv": [ 14.5, 6.5, 15.5, 7.5 ] }
							}
						},
						{
							"name": "side 22",
							"from": [ 0.9, -0.2, 0.6 ], 
							"to": [ 1.9, 1.8, 1.6 ], 
							"rotationOrigin": [ 0.9, 2.3, 0.6 ],
							"rotationX": 13.0,
							"rotationY": 1.067216999217635E-7,
							"rotationZ": -13.0,
							"faces": {
								"north": { "texture": "#bulb", "uv": [ 12.5, 2.5, 13.5, 4.5 ] },
								"east": { "texture": "#bulb", "uv": [ 12.0, 4.5, 13.0, 6.5 ] },
								"south": { "texture": "#bulb", "uv": [ 11.0, 2.5, 12.0, 4.5 ] },
								"west": { "texture": "#bulb", "uv": [ 10.0, 2.5, 11.0, 4.5 ] },
								"up": { "texture": "#bulb", "uv": [ 11.0, 3.0, 12.0, 4.0 ] },
								"down": { "texture": "#bulb", "uv": [ 9.0, 6.5, 10.0, 7.5 ] }
							}
						},
						{
							"name": "side 23",
							"from": [ 1.0, -0.2, -0.9 ], 
							"to": [ 2.0, 1.8, 0.1 ], 
							"rotationOrigin": [ 1.0, 2.3, 0.1 ],
							"rotationX": -13.0,
							"rotationY": 1.0,
							"rotationZ": -13.0,
							"faces": {
								"north": { "texture": "#bulb", "uv": [ 10.0, 5.0, 11.0, 7.0 ] },
								"east": { "texture": "#bulb", "uv": [ 15.0, 6.0, 16.0, 8.0 ] },
								"south": { "texture": "#bulb", "uv": [ 14.5, 5.5, 15.5, 7.5 ] },
								"west": { "texture": "#bulb", "uv": [ 9.5, 6.0, 10.5, 8.0 ] },
								"up": { "texture": "#bulb", "uv": [ 10.5, 5.0, 11.5, 6.0 ] },
								"down": { "texture": "#bulb", "uv": [ 12.0, 5.5, 13.0, 6.5 ] }
							}
						},
						{
							"name": "side 24",
							"from": [ -0.9, -0.2, -0.9 ], 
							"to": [ 0.1, 1.8, 0.1 ], 
							"rotationOrigin": [ 0.1, 2.3, 0.1 ],
							"rotationX": -13.0,
							"rotationY": 1.067216999217635E-7,
							"rotationZ": 13.0,
							"faces": {
								"north": { "texture": "#bulb", "uv": [ 13.5, 5.0, 14.5, 7.0 ] },
								"east": { "texture": "#bulb", "uv": [ 14.0, 4.5, 15.0, 6.5 ] },
								"south": { "texture": "#bulb", "uv": [ 14.5, 5.5, 15.5, 7.5 ] },
								"west": { "texture": "#bulb", "uv": [ 14.5, 6.0, 15.5, 8.0 ] },
								"up": { "texture": "#bulb", "uv": [ 14.0, 5.5, 15.0, 6.5 ] },
								"down": { "texture": "#bulb", "uv": [ 11.0, 6.0, 12.0, 7.0 ] }
							}
						},
						{
							"name": "stem 25",
							"from": [ 0.4, 1.0, 0.4 ], 
							"to": [ 0.8, 2.5, 0.8 ], 
							"rotationOrigin": [ 0.6, 1.0, 0.6 ],
							"rotationX": -20.0,
							"faces": {
								"north": { "texture": "#bulb", "uv": [ 10.5, 1.5, 11.0, 3.0 ] },
								"east": { "texture": "#bulb", "uv": [ 10.5, 1.5, 11.0, 3.0 ] },
								"south": { "texture": "#bulb", "uv": [ 10.5, 1.0, 11.0, 2.5 ] },
								"west": { "texture": "#bulb", "uv": [ 9.5, 1.5, 10.0, 3.0 ] },
								"up": { "texture": "#bulb", "uv": [ 10.5, 1.0, 11.0, 1.5 ] },
								"down": { "texture": "#bulb", "uv": [ 4.0, 11.5, 4.5, 12.0 ], "enabled": false }
							}
						}
					]
				}
			]
		}
	]}