{
	"editor": {
		"allAngles": false,
		"entityTextureMode": false
	},
	"textureWidth": 16,
	"textureHeight": 16,
	"textureSizes": {
	},
	"textures": {
		"bulb": "block/plant/crop/bellpepper/bulb"
	},
	"elements": [
		{
			"name": "origin",
			"from": [ -9.0, -13.5, -24.9 ], 
			"to": [ -9.0, -13.5, -24.9 ], 
			"rotationOrigin": [ 8.1, -1.0, -8.8 ],
			"rotationY": 90.0,
			"faces": {
				"north": { "texture": "#null", "uv": [ 0.0, 0.0, 0.5, 0.5 ], "enabled": false },
				"east": { "texture": "#null", "uv": [ 0.0, 0.0, 0.5, 0.5 ], "enabled": false },
				"south": { "texture": "#null", "uv": [ 0.0, 0.0, 0.5, 0.5 ], "enabled": false },
				"west": { "texture": "#null", "uv": [ 0.0, 0.0, 0.5, 0.5 ], "enabled": false },
				"up": { "texture": "#null", "uv": [ 0.0, 0.0, 0.5, 0.5 ], "enabled": false },
				"down": { "texture": "#null", "uv": [ 0.0, 0.0, 0.5, 0.5 ], "enabled": false }
			},
			"children": [
				{
					"name": "stage2",
					"from": [ 8.32, 11.4, 7.57 ], 
					"to": [ 9.32, 12.9, 8.57 ], 
					"rotationOrigin": [ 8.8, 13.5, 7.6 ],
					"faces": {
						"north": { "texture": "#bulb", "uv": [ 12.0, 9.5, 13.0, 11.0 ] },
						"east": { "texture": "#bulb", "uv": [ 12.0, 11.5, 13.0, 13.0 ] },
						"south": { "texture": "#bulb", "uv": [ 9.5, 10.5, 10.5, 12.0 ] },
						"west": { "texture": "#bulb", "uv": [ 12.0, 10.5, 13.0, 12.0 ] },
						"up": { "texture": "#bulb", "uv": [ 12.5, 9.5, 13.5, 10.5 ] },
						"down": { "texture": "#bulb", "uv": [ 9.5, 11.0, 10.5, 12.0 ] }
					},
					"children": [
						{
							"name": "stem 49",
							"from": [ 0.3, 1.3, 0.3 ], 
							"to": [ 0.7, 2.3, 0.7 ], 
							"rotationOrigin": [ 0.5, 1.3, 0.5 ],
							"rotationX": -6.0,
							"rotationZ": 34.0,
							"faces": {
								"north": { "texture": "#bulb", "uv": [ 9.5, 8.0, 10.0, 9.0 ] },
								"east": { "texture": "#bulb", "uv": [ 8.0, 8.0, 8.5, 9.0 ] },
								"south": { "texture": "#bulb", "uv": [ 14.0, 8.0, 14.5, 9.0 ] },
								"west": { "texture": "#bulb", "uv": [ 11.5, 8.0, 12.0, 9.0 ] },
								"up": { "texture": "#bulb", "uv": [ 10.0, 8.0, 10.5, 8.5 ] },
								"down": { "texture": "#bulb", "uv": [ 4.0, 11.5, 4.5, 12.0 ], "enabled": false }
							}
						}
					]
				},
				{
					"name": "stage3",
					"from": [ 8.6, 11.1, 7.6 ], 
					"to": [ 9.6, 12.7, 8.6 ], 
					"rotationOrigin": [ 9.1, 13.2, 7.6 ],
					"faces": {
						"north": { "texture": "#bulb", "uv": [ 12.0, 9.5, 13.0, 11.0 ] },
						"east": { "texture": "#bulb", "uv": [ 12.0, 11.5, 13.0, 13.0 ] },
						"south": { "texture": "#bulb", "uv": [ 9.5, 10.5, 10.5, 12.0 ] },
						"west": { "texture": "#bulb", "uv": [ 12.0, 10.5, 13.0, 12.0 ] },
						"up": { "texture": "#bulb", "uv": [ 12.5, 9.5, 13.5, 10.5 ] },
						"down": { "texture": "#bulb", "uv": [ 9.5, 11.0, 10.5, 12.0 ] }
					},
					"children": [
						{
							"name": "side 45",
							"from": [ -0.8, -0.2, 0.7 ], 
							"to": [ 0.2, 1.8, 1.7 ], 
							"rotationOrigin": [ 0.2, 2.3, 0.7 ],
							"rotationX": 13.0,
							"rotationY": 1.0,
							"rotationZ": 13.0,
							"faces": {
								"north": { "texture": "#bulb", "uv": [ 10.0, 12.5, 11.0, 14.5 ] },
								"east": { "texture": "#bulb", "uv": [ 13.5, 13.5, 14.5, 15.5 ] },
								"south": { "texture": "#bulb", "uv": [ 10.0, 10.5, 11.0, 12.5 ] },
								"west": { "texture": "#bulb", "uv": [ 13.5, 11.5, 14.5, 13.5 ] },
								"up": { "texture": "#bulb", "uv": [ 11.0, 12.5, 12.0, 13.5 ] },
								"down": { "texture": "#bulb", "uv": [ 12.5, 10.5, 13.5, 11.5 ] }
							}
						},
						{
							"name": "side 46",
							"from": [ 0.8, -0.2, 0.7 ], 
							"to": [ 1.8, 1.8, 1.7 ], 
							"rotationOrigin": [ 0.8, 2.3, 0.7 ],
							"rotationX": 13.0,
							"rotationZ": -13.0,
							"faces": {
								"north": { "texture": "#bulb", "uv": [ 10.0, 9.5, 11.0, 11.5 ] },
								"east": { "texture": "#bulb", "uv": [ 10.0, 9.0, 11.0, 11.0 ] },
								"south": { "texture": "#bulb", "uv": [ 14.0, 9.0, 15.0, 11.0 ] },
								"west": { "texture": "#bulb", "uv": [ 12.5, 11.0, 13.5, 13.0 ] },
								"up": { "texture": "#bulb", "uv": [ 10.5, 11.5, 11.5, 12.5 ] },
								"down": { "texture": "#bulb", "uv": [ 13.0, 11.0, 14.0, 12.0 ] }
							}
						},
						{
							"name": "side 47",
							"from": [ 0.8, -0.2, -0.8 ], 
							"to": [ 1.8, 1.8, 0.2 ], 
							"rotationOrigin": [ 0.8, 2.3, 0.2 ],
							"rotationX": -13.0,
							"rotationY": 1.0,
							"rotationZ": -13.0,
							"faces": {
								"north": { "texture": "#bulb", "uv": [ 11.0, 9.0, 12.0, 11.0 ] },
								"east": { "texture": "#bulb", "uv": [ 15.0, 13.0, 16.0, 15.0 ] },
								"south": { "texture": "#bulb", "uv": [ 8.0, 12.5, 9.0, 14.5 ] },
								"west": { "texture": "#bulb", "uv": [ 11.0, 12.0, 12.0, 14.0 ] },
								"up": { "texture": "#bulb", "uv": [ 9.0, 11.0, 10.0, 12.0 ] },
								"down": { "texture": "#bulb", "uv": [ 14.0, 11.5, 15.0, 12.5 ] }
							}
						},
						{
							"name": "side 48",
							"from": [ -0.7, -0.2, -0.8 ], 
							"to": [ 0.3, 1.8, 0.2 ], 
							"rotationOrigin": [ 0.3, 2.3, 0.2 ],
							"rotationX": -13.0,
							"rotationZ": 13.0,
							"faces": {
								"north": { "texture": "#bulb", "uv": [ 9.0, 10.0, 10.0, 12.0 ] },
								"east": { "texture": "#bulb", "uv": [ 12.0, 9.0, 13.0, 11.0 ] },
								"south": { "texture": "#bulb", "uv": [ 11.5, 11.5, 12.5, 13.5 ] },
								"west": { "texture": "#bulb", "uv": [ 14.0, 12.5, 15.0, 14.5 ] },
								"up": { "texture": "#bulb", "uv": [ 11.0, 11.5, 12.0, 12.5 ] },
								"down": { "texture": "#bulb", "uv": [ 11.5, 13.0, 12.5, 14.0 ] }
							}
						},
						{
							"name": "stem 49",
							"from": [ 0.3, 1.2, 0.3 ], 
							"to": [ 0.7, 2.7, 0.7 ], 
							"rotationOrigin": [ 0.5, 1.2, 0.5 ],
							"rotationX": -6.0,
							"rotationZ": 34.0,
							"faces": {
								"north": { "texture": "#bulb", "uv": [ 9.5, 8.0, 10.0, 9.5 ] },
								"east": { "texture": "#bulb", "uv": [ 8.0, 8.0, 8.5, 9.5 ] },
								"south": { "texture": "#bulb", "uv": [ 14.0, 8.0, 14.5, 9.5 ] },
								"west": { "texture": "#bulb", "uv": [ 11.5, 8.0, 12.0, 9.5 ] },
								"up": { "texture": "#bulb", "uv": [ 10.0, 8.0, 10.5, 8.5 ] },
								"down": { "texture": "#bulb", "uv": [ 4.0, 11.5, 4.5, 12.0 ], "enabled": false }
							}
						}
					]
				},
				{
					"name": "stage4",
					"from": [ 8.6, 11.1, 7.6 ], 
					"to": [ 9.6, 12.7, 8.6 ], 
					"rotationOrigin": [ 9.1, 13.2, 7.6 ],
					"faces": {
						"north": { "texture": "#bulb", "uv": [ 3.0, 3.5, 4.0, 5.0 ] },
						"east": { "texture": "#bulb", "uv": [ 4.0, 6.5, 5.0, 8.0 ] },
						"south": { "texture": "#bulb", "uv": [ 2.5, 3.5, 3.5, 5.0 ] },
						"west": { "texture": "#bulb", "uv": [ 4.0, 2.5, 5.0, 4.0 ] },
						"up": { "texture": "#bulb", "uv": [ 4.5, 1.0, 5.5, 2.0 ] },
						"down": { "texture": "#bulb", "uv": [ 4.0, 5.5, 5.0, 6.5 ] }
					},
					"children": [
						{
							"name": "side 45",
							"from": [ -0.8, -0.2, 0.7 ], 
							"to": [ 0.2, 1.8, 1.7 ], 
							"rotationOrigin": [ 0.2, 2.3, 0.7 ],
							"rotationX": 13.0,
							"rotationY": 1.0,
							"rotationZ": 13.0,
							"faces": {
								"north": { "texture": "#bulb", "uv": [ 1.5, 1.5, 2.5, 3.5 ] },
								"east": { "texture": "#bulb", "uv": [ 4.0, 1.5, 5.0, 3.5 ] },
								"south": { "texture": "#bulb", "uv": [ 5.5, 1.5, 6.5, 3.5 ] },
								"west": { "texture": "#bulb", "uv": [ 4.0, 1.0, 5.0, 3.0 ] },
								"up": { "texture": "#bulb", "uv": [ 4.0, 1.0, 5.0, 2.0 ] },
								"down": { "texture": "#bulb", "uv": [ 3.5, 3.5, 4.5, 4.5 ] }
							}
						},
						{
							"name": "side 46",
							"from": [ 0.8, -0.2, 0.7 ], 
							"to": [ 1.8, 1.8, 1.7 ], 
							"rotationOrigin": [ 0.8, 2.3, 0.7 ],
							"rotationX": 13.0,
							"rotationY": 1.067216999217635E-7,
							"rotationZ": -13.0,
							"faces": {
								"north": { "texture": "#bulb", "uv": [ 3.5, 1.5, 4.5, 3.5 ] },
								"east": { "texture": "#bulb", "uv": [ 4.5, 1.0, 5.5, 3.0 ] },
								"south": { "texture": "#bulb", "uv": [ 5.0, 1.5, 6.0, 3.5 ] },
								"west": { "texture": "#bulb", "uv": [ 1.0, 1.5, 2.0, 3.5 ] },
								"up": { "texture": "#bulb", "uv": [ 0.5, 1.0, 1.5, 2.0 ] },
								"down": { "texture": "#bulb", "uv": [ 4.0, 3.0, 5.0, 4.0 ] }
							}
						},
						{
							"name": "side 47",
							"from": [ 0.8, -0.2, -0.8 ], 
							"to": [ 1.8, 1.8, 0.2 ], 
							"rotationOrigin": [ 0.8, 2.3, 0.2 ],
							"rotationX": -13.0,
							"rotationY": 1.0,
							"rotationZ": -13.0,
							"faces": {
								"north": { "texture": "#bulb", "uv": [ 2.0, 1.5, 3.0, 3.5 ] },
								"east": { "texture": "#bulb", "uv": [ 2.0, 1.0, 3.0, 3.0 ] },
								"south": { "texture": "#bulb", "uv": [ 3.5, 1.5, 4.5, 3.5 ] },
								"west": { "texture": "#bulb", "uv": [ 6.0, 1.5, 7.0, 3.5 ] },
								"up": { "texture": "#bulb", "uv": [ 3.5, 1.0, 4.5, 2.0 ] },
								"down": { "texture": "#bulb", "uv": [ 4.5, 4.0, 5.5, 5.0 ] }
							}
						},
						{
							"name": "side 48",
							"from": [ -0.7, -0.2, -0.8 ], 
							"to": [ 0.3, 1.8, 0.2 ], 
							"rotationOrigin": [ 0.3, 2.3, 0.2 ],
							"rotationX": -13.0,
							"rotationZ": 13.0,
							"faces": {
								"north": { "texture": "#bulb", "uv": [ 4.0, 1.0, 5.0, 3.0 ] },
								"east": { "texture": "#bulb", "uv": [ 6.0, 1.0, 7.0, 3.0 ] },
								"south": { "texture": "#bulb", "uv": [ 6.5, 0.5, 7.5, 2.5 ] },
								"west": { "texture": "#bulb", "uv": [ 5.0, 1.0, 6.0, 3.0 ] },
								"up": { "texture": "#bulb", "uv": [ 6.0, 0.5, 7.0, 1.5 ] },
								"down": { "texture": "#bulb", "uv": [ 0.5, 6.0, 1.5, 7.0 ] }
							}
						},
						{
							"name": "stem 49",
							"from": [ 0.3, 1.2, 0.3 ], 
							"to": [ 0.7, 2.7, 0.7 ], 
							"rotationOrigin": [ 0.5, 1.2, 0.5 ],
							"rotationX": -6.0,
							"rotationZ": 34.0,
							"faces": {
								"north": { "texture": "#bulb", "uv": [ 6.0, 0.0, 6.5, 1.5 ] },
								"east": { "texture": "#bulb", "uv": [ 9.5, 0.0, 10.0, 1.5 ] },
								"south": { "texture": "#bulb", "uv": [ 2.0, 0.0, 2.5, 1.5 ] },
								"west": { "texture": "#bulb", "uv": [ 12.0, 0.0, 12.5, 1.5 ] },
								"up": { "texture": "#bulb", "uv": [ 8.5, 0.0, 9.0, 0.5 ] },
								"down": { "texture": "#bulb", "uv": [ 4.0, 11.5, 4.5, 12.0 ], "enabled": false }
							}
						}
					]
				},
				{
					"name": "stage5",
					"from": [ 8.6, 11.1, 7.6 ], 
					"to": [ 9.6, 12.7, 8.6 ], 
					"rotationOrigin": [ 9.1, 13.2, 7.6 ],
					"faces": {
						"north": { "texture": "#bulb", "uv": [ 3.0, 3.5, 4.0, 5.0 ] },
						"east": { "texture": "#bulb", "uv": [ 4.0, 6.5, 5.0, 8.0 ] },
						"south": { "texture": "#bulb", "uv": [ 2.5, 3.5, 3.5, 5.0 ] },
						"west": { "texture": "#bulb", "uv": [ 4.0, 2.5, 5.0, 4.0 ] },
						"up": { "texture": "#bulb", "uv": [ 4.5, 1.0, 5.5, 2.0 ] },
						"down": { "texture": "#bulb", "uv": [ 4.0, 5.5, 5.0, 6.5 ] }
					},
					"children": [
						{
							"name": "side 45",
							"from": [ -0.8, -0.2, 0.7 ], 
							"to": [ 0.2, 1.8, 1.7 ], 
							"rotationOrigin": [ 0.2, 2.3, 0.7 ],
							"rotationX": 13.0,
							"rotationY": 1.0,
							"rotationZ": 13.0,
							"faces": {
								"north": { "texture": "#bulb", "uv": [ 1.5, 3.5, 2.5, 5.5 ] },
								"east": { "texture": "#bulb", "uv": [ 4.0, 3.5, 5.0, 5.5 ] },
								"south": { "texture": "#bulb", "uv": [ 5.5, 3.5, 6.5, 5.5 ] },
								"west": { "texture": "#bulb", "uv": [ 4.0, 3.0, 5.0, 5.0 ] },
								"up": { "texture": "#bulb", "uv": [ 4.0, 3.0, 5.0, 4.0 ] },
								"down": { "texture": "#bulb", "uv": [ 3.5, 4.5, 4.5, 5.5 ] }
							}
						},
						{
							"name": "side 46",
							"from": [ 0.8, -0.2, 0.7 ], 
							"to": [ 1.8, 1.8, 1.7 ], 
							"rotationOrigin": [ 0.8, 2.3, 0.7 ],
							"rotationX": 13.0,
							"rotationY": 1.067216999217635E-7,
							"rotationZ": -13.0,
							"faces": {
								"north": { "texture": "#bulb", "uv": [ 3.5, 3.0, 4.5, 5.0 ] },
								"east": { "texture": "#bulb", "uv": [ 4.5, 2.5, 5.5, 4.5 ] },
								"south": { "texture": "#bulb", "uv": [ 5.0, 3.0, 6.0, 5.0 ] },
								"west": { "texture": "#bulb", "uv": [ 1.0, 3.0, 2.0, 5.0 ] },
								"up": { "texture": "#bulb", "uv": [ 0.5, 2.5, 1.5, 3.5 ] },
								"down": { "texture": "#bulb", "uv": [ 4.0, 3.0, 5.0, 4.0 ] }
							}
						},
						{
							"name": "side 47",
							"from": [ 0.8, -0.2, -0.8 ], 
							"to": [ 1.8, 1.8, 0.2 ], 
							"rotationOrigin": [ 0.8, 2.3, 0.2 ],
							"rotationX": -13.0,
							"rotationY": 1.0,
							"rotationZ": -13.0,
							"faces": {
								"north": { "texture": "#bulb", "uv": [ 2.0, 3.5, 3.0, 5.5 ] },
								"east": { "texture": "#bulb", "uv": [ 2.0, 2.0, 3.0, 4.0 ] },
								"south": { "texture": "#bulb", "uv": [ 3.5, 2.5, 4.5, 4.5 ] },
								"west": { "texture": "#bulb", "uv": [ 6.0, 2.5, 7.0, 4.5 ] },
								"up": { "texture": "#bulb", "uv": [ 3.5, 2.0, 4.5, 3.0 ] },
								"down": { "texture": "#bulb", "uv": [ 4.5, 4.0, 5.5, 5.0 ] }
							}
						},
						{
							"name": "side 48",
							"from": [ -0.7, -0.2, -0.8 ], 
							"to": [ 0.3, 1.8, 0.2 ], 
							"rotationOrigin": [ 0.3, 2.3, 0.2 ],
							"rotationX": -13.0,
							"rotationZ": 13.0,
							"faces": {
								"north": { "texture": "#bulb", "uv": [ 4.0, 1.5, 5.0, 3.5 ] },
								"east": { "texture": "#bulb", "uv": [ 6.0, 2.0, 7.0, 4.0 ] },
								"south": { "texture": "#bulb", "uv": [ 6.5, 1.5, 7.5, 3.5 ] },
								"west": { "texture": "#bulb", "uv": [ 5.0, 2.0, 6.0, 4.0 ] },
								"up": { "texture": "#bulb", "uv": [ 6.0, 1.5, 7.0, 2.5 ] },
								"down": { "texture": "#bulb", "uv": [ 0.5, 6.0, 1.5, 7.0 ] }
							}
						},
						{
							"name": "stem 49",
							"from": [ 0.3, 1.2, 0.3 ], 
							"to": [ 0.7, 2.7, 0.7 ], 
							"rotationOrigin": [ 0.5, 1.2, 0.5 ],
							"rotationX": -6.0,
							"rotationZ": 34.0,
							"faces": {
								"north": { "texture": "#bulb", "uv": [ 6.0, 0.0, 6.5, 1.5 ] },
								"east": { "texture": "#bulb", "uv": [ 9.5, 0.0, 10.0, 1.5 ] },
								"south": { "texture": "#bulb", "uv": [ 2.0, 0.0, 2.5, 1.5 ] },
								"west": { "texture": "#bulb", "uv": [ 12.0, 0.0, 12.5, 1.5 ] },
								"up": { "texture": "#bulb", "uv": [ 8.5, 0.0, 9.0, 0.5 ] },
								"down": { "texture": "#bulb", "uv": [ 4.0, 11.5, 4.5, 12.0 ], "enabled": false }
							}
						}
					]
				},
				{
					"name": "stage6",
					"from": [ 7.6, 12.1, 6.7 ], 
					"to": [ 8.6, 13.7, 7.7 ], 
					"rotationOrigin": [ 8.1, 14.2, 6.7 ],
					"rotationX": -78.0,
					"rotationY": 2.0,
					"rotationZ": 16.0,
					"faces": {
						"north": { "texture": "#bulb", "uv": [ 10.0, 4.0, 11.0, 5.5 ] },
						"east": { "texture": "#bulb", "uv": [ 10.0, 4.0, 11.0, 5.5 ] },
						"south": { "texture": "#bulb", "uv": [ 10.0, 5.5, 11.0, 7.0 ] },
						"west": { "texture": "#bulb", "uv": [ 9.5, 4.5, 10.5, 6.0 ] },
						"up": { "texture": "#bulb", "uv": [ 10.5, 4.5, 11.5, 5.5 ] },
						"down": { "texture": "#bulb", "uv": [ 11.5, 5.5, 12.5, 6.5 ] }
					},
					"children": [
						{
							"name": "side 45",
							"from": [ -0.8, -0.2, 0.6 ], 
							"to": [ 0.2, 1.8, 1.6 ], 
							"rotationOrigin": [ 0.2, 2.3, 0.6 ],
							"rotationX": 13.0,
							"rotationY": 1.0,
							"rotationZ": 13.0,
							"faces": {
								"north": { "texture": "#bulb", "uv": [ 14.5, 5.5, 15.5, 7.5 ] },
								"east": { "texture": "#bulb", "uv": [ 15.0, 6.0, 16.0, 8.0 ] },
								"south": { "texture": "#bulb", "uv": [ 15.0, 6.0, 16.0, 8.0 ] },
								"west": { "texture": "#bulb", "uv": [ 14.5, 6.0, 15.5, 8.0 ] },
								"up": { "texture": "#bulb", "uv": [ 14.0, 7.0, 15.0, 8.0 ] },
								"down": { "texture": "#bulb", "uv": [ 15.0, 7.0, 16.0, 8.0 ] }
							}
						},
						{
							"name": "side 46",
							"from": [ 0.8, -0.2, 0.6 ], 
							"to": [ 1.8, 1.8, 1.6 ], 
							"rotationOrigin": [ 0.8, 2.3, 0.6 ],
							"rotationX": 13.0,
							"rotationZ": -13.0,
							"faces": {
								"north": { "texture": "#bulb", "uv": [ 10.5, 4.0, 11.5, 6.0 ] },
								"east": { "texture": "#bulb", "uv": [ 9.0, 6.0, 10.0, 8.0 ] },
								"south": { "texture": "#bulb", "uv": [ 9.5, 5.5, 10.5, 7.5 ] },
								"west": { "texture": "#bulb", "uv": [ 9.5, 6.0, 10.5, 8.0 ] },
								"up": { "texture": "#bulb", "uv": [ 8.0, 5.0, 9.0, 6.0 ] },
								"down": { "texture": "#bulb", "uv": [ 9.0, 6.0, 10.0, 7.0 ] }
							}
						},
						{
							"name": "side 47",
							"from": [ 0.8, -0.2, -0.7 ], 
							"to": [ 1.8, 1.8, 0.3 ], 
							"rotationOrigin": [ 0.8, 2.3, 0.3 ],
							"rotationX": -13.0,
							"rotationY": 1.0,
							"rotationZ": -13.0,
							"faces": {
								"north": { "texture": "#bulb", "uv": [ 10.5, 2.0, 11.5, 4.0 ] },
								"east": { "texture": "#bulb", "uv": [ 12.5, 3.5, 13.5, 5.5 ] },
								"south": { "texture": "#bulb", "uv": [ 12.0, 2.5, 13.0, 4.5 ] },
								"west": { "texture": "#bulb", "uv": [ 12.5, 4.5, 13.5, 6.5 ] },
								"up": { "texture": "#bulb", "uv": [ 13.5, 4.5, 14.5, 5.5 ] },
								"down": { "texture": "#bulb", "uv": [ 13.0, 4.5, 14.0, 5.5 ] }
							}
						},
						{
							"name": "side 48",
							"from": [ -0.7, -0.2, -0.7 ], 
							"to": [ 0.3, 1.8, 0.3 ], 
							"rotationOrigin": [ 0.3, 2.3, 0.3 ],
							"rotationX": -13.0,
							"rotationZ": 13.0,
							"faces": {
								"north": { "texture": "#bulb", "uv": [ 12.0, 3.0, 13.0, 5.0 ] },
								"east": { "texture": "#bulb", "uv": [ 10.0, 2.0, 11.0, 4.0 ] },
								"south": { "texture": "#bulb", "uv": [ 13.0, 3.5, 14.0, 5.5 ] },
								"west": { "texture": "#bulb", "uv": [ 11.5, 4.0, 12.5, 6.0 ] },
								"up": { "texture": "#bulb", "uv": [ 9.0, 2.0, 10.0, 3.0 ] },
								"down": { "texture": "#bulb", "uv": [ 11.0, 4.5, 12.0, 5.5 ] }
							}
						},
						{
							"name": "stem 49",
							"from": [ 0.3, 1.2, 0.3 ], 
							"to": [ 0.7, 2.7, 0.7 ], 
							"rotationOrigin": [ 0.5, 1.2, 0.5 ],
							"rotationX": -23.0,
							"rotationZ": 11.0,
							"faces": {
								"north": { "texture": "#bulb", "uv": [ 9.5, 1.0, 10.0, 2.5 ] },
								"east": { "texture": "#bulb", "uv": [ 10.5, 1.0, 11.0, 2.5 ] },
								"south": { "texture": "#bulb", "uv": [ 13.0, 1.5, 13.5, 3.0 ] },
								"west": { "texture": "#bulb", "uv": [ 10.5, 1.0, 11.0, 2.5 ] },
								"up": { "texture": "#bulb", "uv": [ 10.5, 1.5, 11.0, 2.0 ] },
								"down": { "texture": "#bulb", "uv": [ 4.0, 11.5, 4.5, 12.0 ], "enabled": false }
							}
						}
					]
				},
				{
					"name": "stage1",
					"from": [ 8.35, 12.35, 7.72 ], 
					"to": [ 8.95, 12.95, 8.32 ], 
					"rotationOrigin": [ 8.8, 14.4, 7.7 ],
					"faces": {
						"north": { "texture": "#bulb", "uv": [ 12.0, 9.5, 12.5, 10.0 ] },
						"east": { "texture": "#bulb", "uv": [ 12.0, 11.5, 12.5, 12.0 ] },
						"south": { "texture": "#bulb", "uv": [ 9.5, 10.5, 10.0, 11.0 ] },
						"west": { "texture": "#bulb", "uv": [ 12.0, 10.5, 12.5, 11.0 ] },
						"up": { "texture": "#bulb", "uv": [ 12.5, 9.5, 13.0, 10.0 ] },
						"down": { "texture": "#bulb", "uv": [ 9.5, 11.0, 10.0, 11.5 ] }
					},
					"children": [
						{
							"name": "stem 29",
							"from": [ 0.3, 0.35, 0.15 ], 
							"to": [ 0.7, 1.35, 0.55 ], 
							"rotationOrigin": [ 0.5, 0.3, 0.3 ],
							"rotationX": -6.0,
							"rotationZ": 34.0,
							"faces": {
								"north": { "texture": "#bulb", "uv": [ 9.5, 8.0, 10.0, 9.0 ] },
								"east": { "texture": "#bulb", "uv": [ 8.0, 8.0, 8.5, 9.0 ] },
								"south": { "texture": "#bulb", "uv": [ 14.0, 8.0, 14.5, 9.0 ] },
								"west": { "texture": "#bulb", "uv": [ 11.5, 8.0, 12.0, 9.0 ] },
								"up": { "texture": "#bulb", "uv": [ 10.0, 8.0, 10.5, 8.5 ] },
								"down": { "texture": "#bulb", "uv": [ 4.0, 11.5, 4.5, 12.0 ], "enabled": false }
							}
						}
					]
				}
			]
		}
	]}