[
  {
    "ingredient": {
      "type": "item",
      "code": "game:ingot-*",
      "name": "metal",
      "allowedVariants": [
        "bismuth",
        "bismuthbronze",
        "blackbronze",
        "brass",
        "chromium",
        "copper",
        "gold",
        "iron",
        "meteoriciron",
        "lead",
        "molybdochalkos",
        "platinum",
        "rhodium",
        "silver",
        "stainlesssteel",
        "steel",
        "tin",
        "tinbronze",
        "titanium",
        "zinc"
      ]
    },
    "pattern": [
      [
        "_##_##_##_",
        "##########",
        "##########",
        "_##_##_##_",
        "_##_##_##_",
        "_##_##_##_",
        "##########",
        "##########",
        "_##_##_##_"
      ]
    ],
    "output": {
      "type": "block",
      "code": "metalfence-{metal}-ew-free",
      "quantity": 4
    }
  }
]