{
	"ingredient": {
		"type": "item",
		"code": "game:clay-*",
		"name": "type",
		"allowedVariants": [ "blue", "fire" ]
	},

	"pattern": [
		[
			"##############",
			"##############",
			"##############",
			"##############",
			"##############",
			"##############",
			"##############",
			"##############",
			"##############",
			"##############",
			"##############",
			"##############",
			"##############",
			"##############"
		],
		[
			"##############",
			"##############",
			"##############",
			"####___#######",
			"##______######",
			"##_______#####",
			"#_________####",
			"#_________####",
			"#_________####",
			"#__________###",
			"##___________#",
			"##_###########",
			"##############",
			"##############"
		]
	],

	"name": "Paxelhead Mold",
	"output": {
		"type": "block",
		"code": "paxel:toolmold-raw-paxel"
	}

}