{
	"editor": {
		"allAngles": false,
		"entityTextureMode": false
	},
	"textureWidth": 16,
	"textureHeight": 16,
	"textureSizes": {
	},
	"textures": {
		"cottonplant": "item/resource/cottonplant"
	},
	"elements": [
		{
			"name": "Cube2",
			"from": [ -0.25, 0.75, 2.0 ], 
			"to": [ 0.25, 1.25, 5.0 ], 
			"rotationOrigin": [ 0.0, 1.0, 2.0 ],
			"faces": {
				"north": { "texture": "#cottonplant", "uv": [ 0.0, 14.0, 2.0, 16.0 ], "enabled": false, "autoUv": false },
				"east": { "texture": "#cottonplant", "uv": [ 0.0, 14.0, 8.0, 15.0 ], "autoUv": false },
				"south": { "texture": "#cottonplant", "uv": [ 0.0, 14.0, 2.0, 16.0 ], "autoUv": false },
				"west": { "texture": "#cottonplant", "uv": [ 0.0, 14.0, 8.0, 15.0 ], "autoUv": false },
				"up": { "texture": "#cottonplant", "uv": [ 0.0, 14.0, 8.0, 15.0 ], "rotation": 90, "autoUv": false },
				"down": { "texture": "#cottonplant", "uv": [ 0.0, 14.0, 8.0, 15.0 ], "rotation": 90, "autoUv": false }
			},
			"children": [
				{
					"name": "Cube1",
					"from": [ -1.4, -1.0, -2.0 ], 
					"to": [ 1.9, 1.7, 0.0 ], 
					"rotationOrigin": [ 0.5, 0.35, -2.0 ],
					"faces": {
						"north": { "texture": "#cottonplant", "uv": [ 0.0, 0.0, 5.5, 4.5 ], "autoUv": false },
						"east": { "texture": "#cottonplant", "uv": [ 5.5, 0.0, 9.0, 4.5 ], "autoUv": false, "windMode": [-1,-1,-1,-1] },
						"south": { "texture": "#cottonplant", "uv": [ 9.0, 0.0, 14.5, 4.5 ], "autoUv": false },
						"west": { "texture": "#cottonplant", "uv": [ 5.5, 0.0, 9.0, 4.5 ], "autoUv": false },
						"up": { "texture": "#cottonplant", "uv": [ 0.0, 4.5, 5.5, 8.0 ], "autoUv": false },
						"down": { "texture": "#cottonplant", "uv": [ 0.0, 4.5, 5.5, 8.0 ], "autoUv": false }
					}
				},
				{
					"name": "Cube3",
					"from": [ -0.75, 0.25, 0.0 ], 
					"to": [ 1.75, 2.75, 0.25 ], 
					"rotationOrigin": [ 0.5, 0.5, 0.0 ],
					"faces": {
						"north": { "texture": "#cottonplant", "uv": [ 0.0, 0.0, 2.5, 2.5 ], "enabled": false },
						"east": { "texture": "#cottonplant", "uv": [ 0.0, 0.0, 0.5, 2.5 ], "enabled": false },
						"south": { "texture": "#cottonplant", "uv": [ 0.5, 9.0, 4.5, 13.0 ], "rotation": 180, "autoUv": false },
						"west": { "texture": "#cottonplant", "uv": [ 0.0, 0.0, 0.5, 2.5 ], "enabled": false },
						"up": { "texture": "#cottonplant", "uv": [ 0.0, 0.0, 2.5, 0.5 ], "enabled": false },
						"down": { "texture": "#cottonplant", "uv": [ 0.0, 0.0, 2.5, 0.5 ], "enabled": false, "windMode": [-1,-1,-1,-1] }
					}
				},
				{
					"name": "Cube4",
					"from": [ -0.75, 0.5, 0.0 ], 
					"to": [ 1.75, 3.0, 0.25 ], 
					"rotationOrigin": [ 0.5, 0.5, 0.0 ],
					"rotationZ": 120.0,
					"faces": {
						"north": { "texture": "#cottonplant", "uv": [ 0.0, 0.0, 2.5, 2.5 ], "enabled": false },
						"east": { "texture": "#cottonplant", "uv": [ 0.0, 0.0, 0.5, 2.5 ], "enabled": false },
						"south": { "texture": "#cottonplant", "uv": [ 0.5, 9.0, 4.5, 13.0 ], "rotation": 180, "autoUv": false },
						"west": { "texture": "#cottonplant", "uv": [ 0.0, 0.0, 0.5, 2.5 ], "enabled": false },
						"up": { "texture": "#cottonplant", "uv": [ 0.0, 0.0, 2.5, 0.5 ], "enabled": false },
						"down": { "texture": "#cottonplant", "uv": [ 0.0, 0.0, 2.5, 0.5 ], "enabled": false }
					}
				},
				{
					"name": "Cube5",
					"from": [ -0.75, 0.5, 0.0 ], 
					"to": [ 1.75, 3.0, 0.25 ], 
					"rotationOrigin": [ 0.5, 0.5, 0.0 ],
					"rotationZ": -120.0,
					"faces": {
						"north": { "texture": "#cottonplant", "uv": [ 0.0, 0.0, 2.5, 2.5 ], "enabled": false },
						"east": { "texture": "#cottonplant", "uv": [ 0.0, 0.0, 0.5, 2.5 ], "enabled": false },
						"south": { "texture": "#cottonplant", "uv": [ 0.5, 9.0, 4.5, 13.0 ], "rotation": 180, "autoUv": false },
						"west": { "texture": "#cottonplant", "uv": [ 0.0, 0.0, 0.5, 2.5 ], "enabled": false },
						"up": { "texture": "#cottonplant", "uv": [ 0.0, 0.0, 2.5, 0.5 ], "enabled": false },
						"down": { "texture": "#cottonplant", "uv": [ 0.0, 0.0, 2.5, 0.5 ], "enabled": false }
					}
				}
			]
		}
	]}