[
  {
    "op": "add",
    "path": "/attributesByType/*-coppertool/stacks/-",
    "value": {
      "type": "item",
      "code": "paxel:paxel-obsidian",
      "chance": 25
    },
    "file": "game:itemtypes/meta/stackrandomizer.json",
    "side": "Server",
    "condition": {
      "when": "PaxelLootFromRuinsEnabled",
      "isValue": "true"
    }
  },
  {
    "op": "add",
    "path": "/attributesByType/*-coppertool/stacks/-",
    "value": {
      "type": "item",
      "code": "paxel:paxel-copper",
      "chance": 0.6
    },
    "file": "game:itemtypes/meta/stackrandomizer.json",
    "side": "Server",
    "condition": {
      "when": "PaxelLootFromRuinsEnabled",
      "isValue": "true"
    }
  }
]
