{
	"editor": {
		"allAngles": false,
		"entityTextureMode": false
	},
	"textureWidth": 64,
	"textureHeight": 64,
	"textureSizes": {
	},
	"textures": {
		"ewe": "entity/land/domesticsheep/sheep-domestic-female-white"
	},
	"elements": [
		{
			"name": "Body",
			"from": [ 0.0, 8.0, 3.0 ], 
			"to": [ 17.0, 17.0, 13.0 ], 
			"rotationOrigin": [ 9.0, 12.0, 8.0 ],
			"faces": {
				"north": { "texture": "#ewe", "uv": [ 0.0, 9.0, 9.0, 26.0 ], "rotation": 270 },
				"east": { "texture": "#ewe", "uv": [ 9.0, 0.0, 19.0, 9.0 ], "rotation": 180 },
				"south": { "texture": "#ewe", "uv": [ 19.0, 9.0, 28.0, 26.0 ], "rotation": 90 },
				"west": { "texture": "#ewe", "uv": [ 9.0, 26.0, 19.0, 35.0 ] },
				"up": { "texture": "#ewe", "uv": [ 9.0, 9.0, 19.0, 26.0 ], "rotation": 90 },
				"down": { "texture": "#ewe", "uv": [ 28.0, 9.0, 38.0, 26.0 ], "rotation": 270 }
			},
			"children": [
				{
					"name": "neck",
					"from": [ -2.3, -0.1, 2.5 ], 
					"to": [ 4.7, 4.9, 7.5 ], 
					"rotationOrigin": [ 3.7, 3.9, 5.0 ],
					"rotationZ": -69.0,
					"faces": {
						"north": { "texture": "#ewe", "uv": [ 54.0, 6.0, 59.0, 13.0 ], "rotation": 90 },
						"east": { "texture": "#ewe", "uv": [ 49.0, 15.0, 54.0, 20.0 ], "rotation": 180, "enabled": false },
						"south": { "texture": "#ewe", "uv": [ 44.0, 6.0, 49.0, 13.0 ], "rotation": 270 },
						"west": { "texture": "#ewe", "uv": [ 49.0, 1.0, 54.0, 6.0 ] },
						"up": { "texture": "#ewe", "uv": [ 59.0, 6.0, 64.0, 13.0 ], "rotation": 90 },
						"down": { "texture": "#ewe", "uv": [ 49.0, 6.0, 54.0, 13.0 ], "rotation": 90 }
					},
					"children": [
						{
							"name": "head",
							"from": [ -2.9, 2.2, -0.5 ], 
							"to": [ 2.1, 7.2, 5.5 ], 
							"rotationOrigin": [ 0.4, 3.2, 2.5 ],
							"rotationZ": 83.0,
							"faces": {
								"north": { "texture": "#ewe", "uv": [ 38.0, 29.0, 43.0, 34.0 ] },
								"east": { "texture": "#ewe", "uv": [ 54.0, 29.0, 60.0, 34.0 ] },
								"south": { "texture": "#ewe", "uv": [ 49.0, 29.0, 54.0, 34.0 ] },
								"west": { "texture": "#ewe", "uv": [ 43.0, 29.0, 49.0, 34.0 ] },
								"up": { "texture": "#ewe", "uv": [ 43.0, 24.0, 49.0, 29.0 ], "rotation": 90 },
								"down": { "texture": "#ewe", "uv": [ 43.0, 34.0, 49.0, 39.0 ], "rotation": 90 }
							},
							"children": [
								{
									"name": "mouth up",
									"from": [ -3.2, 1.2, 1.0 ], 
									"to": [ 2.8, 4.2, 5.0 ], 
									"rotationOrigin": [ 0.8, 2.2, 0.0 ],
									"rotationZ": 28.0,
									"faces": {
										"north": { "texture": "#ewe", "uv": [ 50.0, 16.0, 53.0, 22.0 ], "rotation": 270 },
										"east": { "texture": "#ewe", "uv": [ 53.0, 13.0, 57.0, 16.0 ], "rotation": 180, "enabled": false },
										"south": { "texture": "#ewe", "uv": [ 57.0, 16.0, 60.0, 22.0 ], "rotation": 90 },
										"west": { "texture": "#ewe", "uv": [ 53.0, 22.0, 57.0, 25.0 ] },
										"up": { "texture": "#ewe", "uv": [ 53.0, 16.0, 57.0, 22.0 ], "rotation": 90 },
										"down": { "texture": "#ewe", "uv": [ 60.0, 16.0, 64.0, 22.0 ], "rotation": 270 }
									}
								},
								{
									"name": "mouth down",
									"from": [ -1.7, 0.3, 0.99 ], 
									"to": [ 3.3, 1.3, 5.01 ], 
									"rotationOrigin": [ 2.3, 0.3, 3.0 ],
									"rotationZ": 17.0,
									"faces": {
										"north": { "texture": "#ewe", "uv": [ 39.0, 17.0, 40.0, 22.0 ], "rotation": 270 },
										"east": { "texture": "#ewe", "uv": [ 40.0, 16.0, 44.0, 17.0 ], "rotation": 180, "enabled": false },
										"south": { "texture": "#ewe", "uv": [ 44.0, 17.0, 45.0, 22.0 ], "rotation": 90 },
										"west": { "texture": "#ewe", "uv": [ 40.0, 22.0, 44.0, 23.0 ] },
										"up": { "texture": "#ewe", "uv": [ 40.0, 17.0, 44.0, 22.0 ], "rotation": 90 },
										"down": { "texture": "#ewe", "uv": [ 45.0, 17.0, 49.0, 22.0 ], "rotation": 270 }
									}
								},
								{
									"name": "R ear",
									"from": [ 2.8, 2.8, -2.2 ], 
									"to": [ 3.8, 4.8, 0.8 ], 
									"rotationOrigin": [ 3.3, 3.8, 0.8 ],
									"rotationY": -30.0,
									"rotationZ": 35.0,
									"faces": {
										"north": { "texture": "#ewe", "uv": [ 20.0, 30.0, 21.0, 32.0 ] },
										"east": { "texture": "#ewe", "uv": [ 25.0, 30.0, 28.0, 32.0 ] },
										"south": { "texture": "#ewe", "uv": [ 24.0, 30.0, 25.0, 32.0 ], "enabled": false },
										"west": { "texture": "#ewe", "uv": [ 21.0, 30.0, 24.0, 32.0 ] },
										"up": { "texture": "#ewe", "uv": [ 21.0, 29.0, 24.0, 30.0 ], "rotation": 90 },
										"down": { "texture": "#ewe", "uv": [ 21.0, 32.0, 24.0, 33.0 ], "rotation": 90 }
									}
								},
								{
									"name": "L ear",
									"from": [ 2.3, 2.8, 2.2 ], 
									"to": [ 3.3, 4.8, 5.2 ], 
									"rotationOrigin": [ 2.8, 3.8, 5.2 ],
									"rotationY": -135.0,
									"rotationZ": -30.0,
									"faces": {
										"north": { "texture": "#ewe", "uv": [ 32.0, 30.0, 33.0, 32.0 ] },
										"east": { "texture": "#ewe", "uv": [ 29.0, 30.0, 32.0, 32.0 ] },
										"south": { "texture": "#ewe", "uv": [ 28.0, 30.0, 29.0, 32.0 ], "enabled": false },
										"west": { "texture": "#ewe", "uv": [ 33.0, 30.0, 36.0, 32.0 ] },
										"up": { "texture": "#ewe", "uv": [ 29.0, 29.0, 32.0, 30.0 ], "rotation": 270 },
										"down": { "texture": "#ewe", "uv": [ 29.0, 32.0, 32.0, 33.0 ], "rotation": 270 }
									}
								}
							]
						}
					],
					"attachmentpoints": [
						{
							"code": "rope",
							"posX": "2.0","posY": "3.0","posZ": "2.5",
							"rotationX": "0.0","rotationY": "0.0","rotationZ": "0.0"
						}
					]
				},
				{
					"name": "R front leg",
					"from": [ 2.0, -2.0, 1.0 ], 
					"to": [ 5.0, 3.0, 4.0 ], 
					"rotationOrigin": [ 3.5, 3.0, 2.5 ],
					"faces": {
						"north": { "texture": "#ewe", "uv": [ 38.0, 40.0, 41.0, 45.0 ] },
						"east": { "texture": "#ewe", "uv": [ 47.0, 40.0, 50.0, 45.0 ] },
						"south": { "texture": "#ewe", "uv": [ 44.0, 40.0, 47.0, 45.0 ] },
						"west": { "texture": "#ewe", "uv": [ 41.0, 40.0, 44.0, 45.0 ] },
						"up": { "texture": "#ewe", "uv": [ 41.0, 37.0, 44.0, 40.0 ], "rotation": 90, "enabled": false },
						"down": { "texture": "#ewe", "uv": [ 41.0, 46.0, 44.0, 49.0 ], "rotation": 90 }
					},
					"children": [
						{
							"name": "R front foot",
							"from": [ 0.1, -6.0, 0.1 ], 
							"to": [ 2.9, 1.0, 2.9 ], 
							"rotationOrigin": [ 1.6, 1.0, 1.6 ],
							"faces": {
								"north": { "texture": "#ewe", "uv": [ 39.0, 53.0, 41.5, 60.0 ] },
								"east": { "texture": "#ewe", "uv": [ 46.5, 53.0, 49.0, 60.0 ] },
								"south": { "texture": "#ewe", "uv": [ 44.0, 53.0, 46.5, 60.0 ] },
								"west": { "texture": "#ewe", "uv": [ 41.5, 53.0, 44.0, 60.0 ] },
								"up": { "texture": "#ewe", "uv": [ 41.5, 50.0, 44.0, 52.5 ], "rotation": 90 },
								"down": { "texture": "#ewe", "uv": [ 41.5, 61.0, 44.0, 63.5 ], "rotation": 90 }
							}
						}
					]
				},
				{
					"name": "L front leg",
					"from": [ 2.0, -2.0, 6.0 ], 
					"to": [ 5.0, 3.0, 9.0 ], 
					"rotationOrigin": [ 3.5, 3.0, 7.5 ],
					"faces": {
						"north": { "texture": "#ewe", "uv": [ 51.0, 40.0, 54.0, 45.0 ] },
						"east": { "texture": "#ewe", "uv": [ 60.0, 40.0, 63.0, 45.0 ] },
						"south": { "texture": "#ewe", "uv": [ 57.0, 40.0, 60.0, 45.0 ] },
						"west": { "texture": "#ewe", "uv": [ 54.0, 40.0, 57.0, 45.0 ] },
						"up": { "texture": "#ewe", "uv": [ 54.0, 37.0, 57.0, 40.0 ], "rotation": 90, "enabled": false },
						"down": { "texture": "#ewe", "uv": [ 54.0, 46.0, 57.0, 49.0 ], "rotation": 90 }
					},
					"children": [
						{
							"name": "L front foot",
							"from": [ 0.1, -6.0, 0.1 ], 
							"to": [ 2.9, 1.0, 2.9 ], 
							"rotationOrigin": [ 1.6, 1.0, 1.6 ],
							"faces": {
								"north": { "texture": "#ewe", "uv": [ 52.0, 53.0, 54.5, 60.0 ] },
								"east": { "texture": "#ewe", "uv": [ 59.5, 53.0, 62.0, 60.0 ] },
								"south": { "texture": "#ewe", "uv": [ 57.0, 53.0, 59.5, 60.0 ] },
								"west": { "texture": "#ewe", "uv": [ 54.5, 53.0, 57.0, 60.0 ] },
								"up": { "texture": "#ewe", "uv": [ 54.5, 50.0, 57.0, 52.5 ], "rotation": 90 },
								"down": { "texture": "#ewe", "uv": [ 54.5, 61.0, 57.0, 63.5 ], "rotation": 90 }
							}
						}
					]
				},
				{
					"name": "R back leg",
					"from": [ 12.0, -1.0, 0.3 ], 
					"to": [ 16.0, 6.0, 3.8 ], 
					"rotationOrigin": [ 14.0, 5.0, 2.3 ],
					"rotationZ": 10.0,
					"faces": {
						"north": { "texture": "#ewe", "uv": [ 1.0, 36.0, 5.0, 43.0 ] },
						"east": { "texture": "#ewe", "uv": [ 13.0, 36.0, 16.5, 43.0 ] },
						"south": { "texture": "#ewe", "uv": [ 9.0, 36.0, 13.0, 43.0 ] },
						"west": { "texture": "#ewe", "uv": [ 5.0, 36.0, 8.5, 43.0 ] },
						"up": { "texture": "#ewe", "uv": [ 6.0, 9.0, 9.5, 13.0 ], "rotation": 90 },
						"down": { "texture": "#ewe", "uv": [ 5.0, 44.0, 8.5, 48.0 ], "rotation": 90 }
					},
					"children": [
						{
							"name": "R back foot",
							"from": [ 0.8, -7.2, 0.6 ], 
							"to": [ 3.6, 1.8, 3.4 ], 
							"rotationOrigin": [ 2.3, 1.8, 2.1 ],
							"rotationZ": -10.0,
							"faces": {
								"north": { "texture": "#ewe", "uv": [ 7.0, 51.0, 9.5, 60.0 ] },
								"east": { "texture": "#ewe", "uv": [ 14.5, 51.0, 17.0, 60.0 ] },
								"south": { "texture": "#ewe", "uv": [ 12.0, 51.0, 14.5, 60.0 ] },
								"west": { "texture": "#ewe", "uv": [ 9.5, 51.0, 12.0, 60.0 ] },
								"up": { "texture": "#ewe", "uv": [ 9.5, 48.0, 12.0, 50.5 ], "rotation": 90 },
								"down": { "texture": "#ewe", "uv": [ 9.5, 61.0, 12.0, 63.5 ], "rotation": 90 }
							}
						}
					]
				},
				{
					"name": "L back leg",
					"from": [ 12.0, -1.0, 6.2 ], 
					"to": [ 16.0, 6.0, 9.7 ], 
					"rotationOrigin": [ 14.0, 5.0, 2.2 ],
					"rotationZ": 10.0,
					"faces": {
						"north": { "texture": "#ewe", "uv": [ 19.0, 36.0, 23.0, 43.0 ] },
						"east": { "texture": "#ewe", "uv": [ 31.0, 36.0, 34.5, 43.0 ] },
						"south": { "texture": "#ewe", "uv": [ 27.0, 36.0, 31.0, 43.0 ] },
						"west": { "texture": "#ewe", "uv": [ 23.0, 36.0, 26.5, 43.0 ] },
						"up": { "texture": "#ewe", "uv": [ 6.0, 9.0, 9.5, 13.0 ], "rotation": 90 },
						"down": { "texture": "#ewe", "uv": [ 23.0, 44.0, 26.5, 48.0 ], "rotation": 90 }
					},
					"children": [
						{
							"name": "L back foot",
							"from": [ 0.8, -7.2, 0.1 ], 
							"to": [ 3.6, 1.8, 2.9 ], 
							"rotationOrigin": [ 2.3, 1.8, 1.6 ],
							"rotationZ": -10.0,
							"faces": {
								"north": { "texture": "#ewe", "uv": [ 25.0, 51.0, 27.5, 60.0 ] },
								"east": { "texture": "#ewe", "uv": [ 32.5, 51.0, 35.0, 60.0 ] },
								"south": { "texture": "#ewe", "uv": [ 30.0, 51.0, 32.5, 60.0 ] },
								"west": { "texture": "#ewe", "uv": [ 27.5, 51.0, 30.0, 60.0 ] },
								"up": { "texture": "#ewe", "uv": [ 27.5, 48.0, 30.0, 50.5 ], "rotation": 90 },
								"down": { "texture": "#ewe", "uv": [ 27.5, 61.0, 30.0, 63.5 ], "rotation": 90 }
							}
						}
					]
				},
				{
					"name": "tail",
					"from": [ 16.1, 6.5, 4.0 ], 
					"to": [ 19.1, 8.5, 6.0 ], 
					"rotationOrigin": [ 16.1, 7.5, 5.0 ],
					"rotationZ": -50.0,
					"faces": {
						"north": { "texture": "#ewe", "uv": [ 0.0, 3.0, 2.0, 6.0 ], "rotation": 270 },
						"east": { "texture": "#ewe", "uv": [ 2.0, 1.0, 4.0, 3.0 ], "rotation": 180 },
						"south": { "texture": "#ewe", "uv": [ 4.0, 3.0, 6.0, 6.0 ], "rotation": 90 },
						"west": { "texture": "#ewe", "uv": [ 2.0, 6.0, 4.0, 8.0 ], "enabled": false },
						"up": { "texture": "#ewe", "uv": [ 2.0, 3.0, 4.0, 6.0 ], "rotation": 90 },
						"down": { "texture": "#ewe", "uv": [ 6.0, 3.0, 8.0, 6.0 ], "rotation": 270 }
					},
					"children": [
						{
							"name": "tail21",
							"from": [ 2.1, -0.3, 0.0 ], 
							"to": [ 6.1, 1.7, 2.0 ], 
							"rotationOrigin": [ 3.1, 0.7, 1.0 ],
							"rotationZ": -35.0,
							"faces": {
								"north": { "texture": "#ewe", "uv": [ 0.0, 3.0, 2.0, 7.0 ], "rotation": 270 },
								"east": { "texture": "#ewe", "uv": [ 2.0, 1.0, 4.0, 3.0 ], "rotation": 180 },
								"south": { "texture": "#ewe", "uv": [ 4.0, 3.0, 6.0, 7.0 ], "rotation": 90 },
								"west": { "texture": "#ewe", "uv": [ 2.0, 6.0, 4.0, 8.0 ], "enabled": false },
								"up": { "texture": "#ewe", "uv": [ 2.0, 3.0, 4.0, 7.0 ], "rotation": 90 },
								"down": { "texture": "#ewe", "uv": [ 6.0, 3.0, 8.0, 7.0 ], "rotation": 270 }
							}
						}
					]
				}
			],
			"attachmentpoints": [
				{
					"code": "Center",
					"posX": "8.0","posY": "5.0","posZ": "5.0",
					"rotationX": "0.0","rotationY": "0.0","rotationZ": "0.0"
				}
			]
		}
	],
	"animations": [
		{
			"name": "Walk",
			"code": "walk",
			"quantityframes": 90,
			"onActivityStopped": "EaseOut",
			"onAnimationEnd": "Repeat",
			"keyframes": [
				{
					"frame": 0,
					"elements": {
						"Body": { "offsetX": 0.0, "offsetY": 0.0, "offsetZ": 0.0, "rotationX": -2.0, "rotationY": -1.0, "rotationZ": -2.0 },
						"neck": { "offsetX": 0.0, "offsetY": 0.0, "offsetZ": 0.0, "rotationX": 2.0, "rotationY": 0.0, "rotationZ": 3.0 },
						"head": { "offsetX": 0.0, "offsetY": 0.0, "offsetZ": 0.0, "rotationX": 0.0, "rotationY": 0.0, "rotationZ": -3.0 },
						"R ear": { "offsetX": 0.0, "offsetY": 0.0, "offsetZ": 0.0, "rotationX": 0.0, "rotationY": 0.0, "rotationZ": 0.0 },
						"L ear": { "offsetX": 0.0, "offsetY": 0.0, "offsetZ": 0.0, "rotationX": 0.0, "rotationY": 0.0, "rotationZ": 0.0 },
						"R front leg": { "offsetX": 0.0, "offsetY": 0.0, "offsetZ": 0.0, "rotationX": 2.0, "rotationY": 0.0, "rotationZ": 8.0 },
						"R front foot": { "offsetX": 0.0, "offsetY": 0.0, "offsetZ": 0.0, "rotationX": 0.0, "rotationY": 0.0, "rotationZ": 0.0 },
						"L front leg": { "offsetX": -0.5, "offsetY": -0.5, "offsetZ": 0.0, "rotationX": 0.0, "rotationY": 1.0, "rotationZ": -33.0 },
						"L front foot": { "offsetX": 0.0, "offsetY": 0.0, "offsetZ": 0.0, "rotationX": 0.0, "rotationY": 0.0, "rotationZ": 39.0 },
						"R back leg": { "offsetX": -1.0, "offsetY": 1.0, "offsetZ": 0.0, "rotationX": 2.0, "rotationY": 0.0, "rotationZ": 11.0 },
						"R back foot": { "offsetX": 0.0, "offsetY": 0.0, "offsetZ": 0.0, "rotationX": 0.0, "rotationY": 0.0, "rotationZ": -30.0 },
						"L back leg": { "offsetX": 0.0, "offsetY": 0.0, "offsetZ": 0.0, "rotationX": 0.0, "rotationY": 2.0, "rotationZ": 8.0 },
						"L back foot": { "offsetX": 0.0, "offsetY": 0.0, "offsetZ": 0.0, "rotationX": 0.0, "rotationY": 0.0, "rotationZ": 0.0 },
						"tail": { "offsetX": 0.0, "offsetY": 0.0, "offsetZ": 0.0, "rotationX": 0.0, "rotationY": 0.0, "rotationZ": 0.0 }
					}
				},
				{
					"frame": 15,
					"elements": {
						"Body": { "offsetX": 0.0, "offsetY": 0.0, "offsetZ": 0.0, "rotationX": 2.0, "rotationY": -1.0, "rotationZ": 2.0 },
						"neck": { "offsetX": 0.0, "offsetY": 0.0, "offsetZ": 0.0, "rotationX": -2.0, "rotationY": 0.0, "rotationZ": 9.0 },
						"head": { "offsetX": 0.0, "offsetY": 0.0, "offsetZ": 0.0, "rotationX": 0.0, "rotationY": 0.0, "rotationZ": -14.0 },
						"R ear": { "offsetX": 0.0, "offsetY": 0.0, "offsetZ": 0.0, "rotationX": -8.0, "rotationY": -14.0, "rotationZ": 0.0 },
						"L ear": { "offsetX": 0.0, "offsetY": 0.0, "offsetZ": 0.0, "rotationX": 8.0, "rotationY": 14.0, "rotationZ": 0.0 },
						"R front leg": { "offsetX": 0.0, "offsetY": -0.5, "offsetZ": 0.0, "rotationX": 0.0, "rotationY": 0.0, "rotationZ": 14.0 },
						"R front foot": { "offsetX": 0.0, "offsetY": 0.0, "offsetZ": 0.0, "rotationX": 0.0, "rotationY": 0.0, "rotationZ": 0.0 },
						"L front leg": { "offsetX": -1.0, "offsetY": -1.0, "offsetZ": 0.0, "rotationX": -2.0, "rotationY": 1.0, "rotationZ": -17.0 },
						"L front foot": { "offsetX": 0.0, "offsetY": 0.0, "offsetZ": 0.0, "rotationX": 0.0, "rotationY": 0.0, "rotationZ": -6.0 },
						"R back leg": { "offsetX": -2.0, "offsetY": -0.5, "offsetZ": 0.0, "rotationX": 0.0, "rotationY": 0.0, "rotationZ": 8.0 },
						"R back foot": { "offsetX": 0.0, "offsetY": 0.0, "offsetZ": 0.0, "rotationX": 0.0, "rotationY": 0.0, "rotationZ": -33.0 },
						"L back leg": { "offsetX": 0.5, "offsetY": -1.5, "offsetZ": 0.0, "rotationX": -2.0, "rotationY": 1.0, "rotationZ": 14.0 },
						"L back foot": { "offsetX": 0.0, "offsetY": 0.0, "offsetZ": 0.0, "rotationX": 0.0, "rotationY": 0.0, "rotationZ": -2.0 },
						"tail": { "offsetX": 0.0, "offsetY": 0.0, "offsetZ": 0.0, "rotationX": 0.0, "rotationY": 0.0, "rotationZ": 19.0 }
					}
				},
				{
					"frame": 30,
					"elements": {
						"Body": { "offsetX": 0.0, "offsetY": 0.0, "offsetZ": 0.0, "rotationX": 0.0, "rotationY": 0.0, "rotationZ": 0.0 },
						"neck": { "offsetX": 0.0, "offsetY": 0.0, "offsetZ": 0.0, "rotationX": -2.0, "rotationY": 0.0, "rotationZ": 6.0 },
						"head": { "offsetX": 0.0, "offsetY": 0.0, "offsetZ": 0.0, "rotationX": 0.0, "rotationY": 0.0, "rotationZ": -8.0 },
						"R front leg": { "offsetX": 0.0, "offsetY": 0.0, "offsetZ": 0.0, "rotationX": 0.0, "rotationY": 0.0, "rotationZ": -8.0 },
						"R front foot": { "offsetX": 0.0, "offsetY": 0.0, "offsetZ": 0.0, "rotationX": 0.0, "rotationY": 0.0, "rotationZ": 30.0 },
						"L front leg": { "offsetX": -1.0, "offsetY": 0.0, "offsetZ": 0.0, "rotationX": 0.0, "rotationY": 0.0, "rotationZ": -6.0 },
						"L front foot": { "offsetX": 0.0, "offsetY": 0.0, "offsetZ": 0.0, "rotationX": 0.0, "rotationY": 0.0, "rotationZ": -6.0 },
						"L back leg": { "offsetX": 0.0, "offsetY": -1.0, "offsetZ": 0.0, "rotationX": 0.0, "rotationY": 0.0, "rotationZ": 17.0 },
						"L back foot": { "offsetX": 0.0, "offsetY": 0.0, "offsetZ": 0.0, "rotationX": 0.0, "rotationY": 0.0, "rotationZ": -19.0 },
						"tail": { "offsetX": 0.0, "offsetY": 0.0, "offsetZ": 0.0, "rotationX": 0.0, "rotationY": 0.0, "rotationZ": 11.0 }
					}
				},
				{
					"frame": 45,
					"elements": {
						"Body": { "offsetX": 0.0, "offsetY": 0.0, "offsetZ": 0.0, "rotationX": 2.0, "rotationY": 1.0, "rotationZ": -2.0 },
						"neck": { "offsetX": 0.0, "offsetY": 0.0, "offsetZ": 0.0, "rotationX": -2.0, "rotationY": 0.0, "rotationZ": 3.0 },
						"head": { "offsetX": 0.0, "offsetY": 0.0, "offsetZ": 0.0, "rotationX": 0.0, "rotationY": 0.0, "rotationZ": -3.0 },
						"R ear": { "offsetX": 0.0, "offsetY": 0.0, "offsetZ": 0.0, "rotationX": 0.0, "rotationY": 0.0, "rotationZ": 0.0 },
						"L ear": { "offsetX": 0.0, "offsetY": 0.0, "offsetZ": 0.0, "rotationX": 0.0, "rotationY": 0.0, "rotationZ": 0.0 },
						"R front leg": { "offsetX": -0.5, "offsetY": -0.5, "offsetZ": 0.0, "rotationX": 0.0, "rotationY": -1.0, "rotationZ": -33.0 },
						"R front foot": { "offsetX": 0.0, "offsetY": 0.0, "offsetZ": 0.0, "rotationX": 0.0, "rotationY": 0.0, "rotationZ": 39.0 },
						"L front leg": { "offsetX": -1.0, "offsetY": 0.0, "offsetZ": 0.0, "rotationX": -2.0, "rotationY": 0.0, "rotationZ": 8.0 },
						"L front foot": { "offsetX": 0.0, "offsetY": 0.0, "offsetZ": 0.0, "rotationX": 0.0, "rotationY": 0.0, "rotationZ": 0.0 },
						"R back leg": { "offsetX": 0.0, "offsetY": 0.0, "offsetZ": 0.0, "rotationX": 0.0, "rotationY": -2.0, "rotationZ": 8.0 },
						"R back foot": { "offsetX": 0.0, "offsetY": 0.0, "offsetZ": 0.0, "rotationX": 0.0, "rotationY": 0.0, "rotationZ": 0.0 },
						"L back leg": { "offsetX": -1.0, "offsetY": 1.0, "offsetZ": 0.0, "rotationX": -2.0, "rotationY": 0.0, "rotationZ": 11.0 },
						"L back foot": { "offsetX": 0.0, "offsetY": 0.0, "offsetZ": 0.0, "rotationX": 0.0, "rotationY": 0.0, "rotationZ": -30.0 },
						"tail": { "offsetX": 0.0, "offsetY": 0.0, "offsetZ": 0.0, "rotationX": 0.0, "rotationY": 0.0, "rotationZ": 0.0 }
					}
				},
				{
					"frame": 60,
					"elements": {
						"Body": { "offsetX": 0.0, "offsetY": 0.0, "offsetZ": 0.0, "rotationX": -2.0, "rotationY": 1.0, "rotationZ": 2.0 },
						"neck": { "offsetX": 0.0, "offsetY": 0.0, "offsetZ": 0.0, "rotationX": 2.0, "rotationY": 0.0, "rotationZ": 9.0 },
						"head": { "offsetX": 0.0, "offsetY": 0.0, "offsetZ": 0.0, "rotationX": 0.0, "rotationY": 0.0, "rotationZ": -14.0 },
						"R ear": { "offsetX": 0.0, "offsetY": 0.0, "offsetZ": 0.0, "rotationX": -8.0, "rotationY": -14.0, "rotationZ": 0.0 },
						"L ear": { "offsetX": 0.0, "offsetY": 0.0, "offsetZ": 0.0, "rotationX": 8.0, "rotationY": 14.0, "rotationZ": 0.0 },
						"R front leg": { "offsetX": 0.0, "offsetY": -0.5, "offsetZ": 0.0, "rotationX": 2.0, "rotationY": -1.0, "rotationZ": -17.0 },
						"R front foot": { "offsetX": 0.0, "offsetY": 0.0, "offsetZ": 0.0, "rotationX": 0.0, "rotationY": 0.0, "rotationZ": -6.0 },
						"L front leg": { "offsetX": 0.0, "offsetY": -0.5, "offsetZ": 0.0, "rotationX": 0.0, "rotationY": 0.0, "rotationZ": 14.0 },
						"L front foot": { "offsetX": 0.0, "offsetY": 0.0, "offsetZ": 0.0, "rotationX": 0.0, "rotationY": 0.0, "rotationZ": 0.0 },
						"R back leg": { "offsetX": 0.5, "offsetY": -1.5, "offsetZ": 0.0, "rotationX": 2.0, "rotationY": -1.0, "rotationZ": 14.0 },
						"R back foot": { "offsetX": 0.0, "offsetY": 0.0, "offsetZ": 0.0, "rotationX": 0.0, "rotationY": 0.0, "rotationZ": -2.0 },
						"L back leg": { "offsetX": -2.0, "offsetY": -1.0, "offsetZ": 0.0, "rotationX": 0.0, "rotationY": 0.0, "rotationZ": 8.0 },
						"L back foot": { "offsetX": 0.0, "offsetY": 0.0, "offsetZ": 0.0, "rotationX": 0.0, "rotationY": 0.0, "rotationZ": -33.0 },
						"tail": { "offsetX": 0.0, "offsetY": 0.0, "offsetZ": 0.0, "rotationX": 0.0, "rotationY": 0.0, "rotationZ": 14.0 }
					}
				},
				{
					"frame": 75,
					"elements": {
						"Body": { "offsetX": 0.0, "offsetY": 0.0, "offsetZ": 0.0, "rotationX": 0.0, "rotationY": 0.0, "rotationZ": 0.0 },
						"neck": { "offsetX": 0.0, "offsetY": 0.0, "offsetZ": 0.0, "rotationX": 2.0, "rotationY": 0.0, "rotationZ": 6.0 },
						"head": { "offsetX": 0.0, "offsetY": 0.0, "offsetZ": 0.0, "rotationX": 0.0, "rotationY": 0.0, "rotationZ": -8.0 },
						"R front leg": { "offsetX": -1.0, "offsetY": 0.0, "offsetZ": 0.0, "rotationX": 0.0, "rotationY": 0.0, "rotationZ": -6.0 },
						"R front foot": { "offsetX": 0.0, "offsetY": 0.0, "offsetZ": 0.0, "rotationX": 0.0, "rotationY": 0.0, "rotationZ": -6.0 },
						"L front leg": { "offsetX": 0.0, "offsetY": 0.0, "offsetZ": 0.0, "rotationX": 0.0, "rotationY": 0.0, "rotationZ": -8.0 },
						"L front foot": { "offsetX": 0.0, "offsetY": 0.0, "offsetZ": 0.0, "rotationX": 0.0, "rotationY": 0.0, "rotationZ": 30.0 },
						"R back leg": { "offsetX": 0.0, "offsetY": -1.0, "offsetZ": 0.0, "rotationX": 0.0, "rotationY": 0.0, "rotationZ": 17.0 },
						"R back foot": { "offsetX": 0.0, "offsetY": 0.0, "offsetZ": 0.0, "rotationX": 0.0, "rotationY": 0.0, "rotationZ": -19.0 },
						"tail": { "offsetX": 0.0, "offsetY": 0.0, "offsetZ": 0.0, "rotationX": 0.0, "rotationY": 0.0, "rotationZ": 11.0 }
					}
				}
			]
		},

		{
			"name": "Run",
			"code": "run",
			"quantityframes": 60,
			"onActivityStopped": "EaseOut",
			"onAnimationEnd": "Repeat",
			"keyframes": [
				{
					"frame": 0,
					"elements": {
						"Body": { "offsetX": 4.0, "offsetY": -1.0, "offsetZ": 0.0, "rotationX": 0.0, "rotationY": 0.0, "rotationZ": -12.0 },
						"neck": { "offsetX": 0.0, "offsetY": 0.0, "offsetZ": 0.0, "rotationX": 0.0, "rotationY": 0.0, "rotationZ": 22.0 },
						"head": { "offsetX": 0.0, "offsetY": 0.0, "offsetZ": 0.0, "rotationX": 0.0, "rotationY": 0.0, "rotationZ": -17.0 },
						"R ear": { "offsetX": 0.0, "offsetY": 0.0, "offsetZ": 0.0, "rotationX": 0.0, "rotationY": 0.0, "rotationZ": 0.0 },
						"L ear": { "offsetX": 0.0, "offsetY": 0.0, "offsetZ": 0.0, "rotationX": 0.0, "rotationY": 0.0, "rotationZ": 0.0 },
						"R front leg": { "offsetX": 0.0, "offsetY": 0.0, "offsetZ": 0.0, "rotationX": 0.0, "rotationY": 0.0, "rotationZ": -13.0 },
						"R front foot": { "offsetX": 0.0, "offsetY": 0.0, "offsetZ": 0.0, "rotationX": 0.0, "rotationY": 0.0, "rotationZ": 30.0 },
						"L front leg": { "offsetX": 0.0, "offsetY": 0.0, "offsetZ": 0.0, "rotationX": 0.0, "rotationY": 0.0, "rotationZ": -13.0 },
						"L front foot": { "offsetX": 0.0, "offsetY": 0.0, "offsetZ": 0.0, "rotationX": 0.0, "rotationY": 0.0, "rotationZ": 11.0 },
						"R back leg": { "offsetX": 0.0, "offsetY": 1.0, "offsetZ": 0.0, "rotationX": 0.0, "rotationY": 0.0, "rotationZ": 39.0 },
						"R back foot": { "offsetX": 0.0, "offsetY": 0.0, "offsetZ": 0.0, "rotationX": 0.0, "rotationY": 0.0, "rotationZ": -44.0 },
						"L back leg": { "offsetX": 0.0, "offsetY": 1.5, "offsetZ": 0.0, "rotationX": 0.0, "rotationY": 0.0, "rotationZ": 19.0 },
						"L back foot": { "offsetX": 0.0, "offsetY": 0.0, "offsetZ": 0.0, "rotationX": 0.0, "rotationY": 0.0, "rotationZ": -36.0 },
						"tail": { "offsetX": 0.0, "offsetY": 0.0, "offsetZ": 0.0, "rotationX": 0.0, "rotationY": 0.0, "rotationZ": 19.0 }
					}
				},
				{
					"frame": 15,
					"elements": {
						"Body": { "offsetX": -2.0, "offsetY": 0.0, "offsetZ": 0.0, "rotationX": 0.0, "rotationY": 0.0, "rotationZ": -6.0 },
						"neck": { "offsetX": 0.0, "offsetY": 0.0, "offsetZ": 0.0, "rotationX": 0.0, "rotationY": 0.0, "rotationZ": 22.0 },
						"head": { "offsetX": 0.0, "offsetY": 0.0, "offsetZ": 0.0, "rotationX": 0.0, "rotationY": 0.0, "rotationZ": -25.0 },
						"R ear": { "offsetX": 0.0, "offsetY": 0.0, "offsetZ": 0.0, "rotationX": -30.0, "rotationY": -14.0, "rotationZ": -22.0 },
						"L ear": { "offsetX": 0.0, "offsetY": 0.0, "offsetZ": 0.0, "rotationX": 30.0, "rotationY": 14.0, "rotationZ": -22.0 },
						"R front leg": { "offsetX": 0.0, "offsetY": 0.0, "offsetZ": 0.0, "rotationX": 0.0, "rotationY": 0.0, "rotationZ": 30.0 },
						"R front foot": { "offsetX": 0.0, "offsetY": 0.0, "offsetZ": 0.0, "rotationX": 0.0, "rotationY": 0.0, "rotationZ": 50.0 },
						"L front leg": { "offsetX": 0.0, "offsetY": 0.0, "offsetZ": 0.0, "rotationX": 0.0, "rotationY": 0.0, "rotationZ": 17.0 },
						"L front foot": { "offsetX": 0.0, "offsetY": 0.0, "offsetZ": 0.0, "rotationX": 0.0, "rotationY": 0.0, "rotationZ": 28.0 },
						"R back leg": { "offsetX": 0.0, "offsetY": 0.0, "offsetZ": 0.0, "rotationX": 0.0, "rotationY": 0.0, "rotationZ": 42.0 },
						"R back foot": { "offsetX": 0.0, "offsetY": 0.0, "offsetZ": 0.0, "rotationX": 0.0, "rotationY": 0.0, "rotationZ": -6.0 },
						"L back leg": { "offsetX": 0.0, "offsetY": 0.0, "offsetZ": 0.0, "rotationX": 0.0, "rotationY": 0.0, "rotationZ": 30.0 },
						"L back foot": { "offsetX": 0.0, "offsetY": 0.0, "offsetZ": 0.0, "rotationX": 0.0, "rotationY": 0.0, "rotationZ": -11.0 },
						"tail": { "offsetX": 0.0, "offsetY": 0.0, "offsetZ": 0.0, "rotationX": 0.0, "rotationY": 0.0, "rotationZ": 0.0 }
					}
				},
				{
					"frame": 30,
					"elements": {
						"Body": { "offsetX": -3.0, "offsetY": 0.0, "offsetZ": 0.0, "rotationX": 0.0, "rotationY": 0.0, "rotationZ": 0.0 },
						"neck": { "offsetX": 0.0, "offsetY": 0.0, "offsetZ": 0.0, "rotationX": 0.0, "rotationY": 0.0, "rotationZ": 30.0 },
						"head": { "offsetX": 0.0, "offsetY": 0.0, "offsetZ": 0.0, "rotationX": 0.0, "rotationY": 0.0, "rotationZ": -19.0 },
						"R front leg": { "offsetX": 0.0, "offsetY": 0.0, "offsetZ": 0.0, "rotationX": 0.0, "rotationY": 0.0, "rotationZ": -47.0 },
						"R front foot": { "offsetX": 0.0, "offsetY": 0.0, "offsetZ": 0.0, "rotationX": 0.0, "rotationY": 0.0, "rotationZ": 80.0 },
						"L front leg": { "offsetX": 0.0, "offsetY": 0.0, "offsetZ": 0.0, "rotationX": 0.0, "rotationY": 0.0, "rotationZ": -8.0 },
						"L front foot": { "offsetX": 0.0, "offsetY": 0.0, "offsetZ": 0.0, "rotationX": 0.0, "rotationY": 0.0, "rotationZ": 61.0 },
						"R back leg": { "offsetX": 0.0, "offsetY": 1.0, "offsetZ": 0.0, "rotationX": 0.0, "rotationY": 0.0, "rotationZ": 28.0 },
						"R back foot": { "offsetX": 0.0, "offsetY": 0.0, "offsetZ": 0.0, "rotationX": 0.0, "rotationY": 0.0, "rotationZ": -61.0 },
						"L back leg": { "offsetX": 0.0, "offsetY": 1.0, "offsetZ": 0.0, "rotationX": 0.0, "rotationY": 0.0, "rotationZ": 36.0 },
						"L back foot": { "offsetX": 0.0, "offsetY": 0.0, "offsetZ": 0.0, "rotationX": 0.0, "rotationY": 0.0, "rotationZ": -55.0 },
						"tail": { "offsetX": 0.0, "offsetY": 0.0, "offsetZ": 0.0, "rotationX": 0.0, "rotationY": 0.0, "rotationZ": 17.0 }
					}
				},
				{
					"frame": 45,
					"elements": {
						"Body": { "offsetX": -3.0, "offsetY": -1.0, "offsetZ": 0.0, "rotationX": 0.0, "rotationY": 0.0, "rotationZ": 0.0 },
						"neck": { "offsetX": 0.0, "offsetY": 0.0, "offsetZ": 0.0, "rotationX": 0.0, "rotationY": 0.0, "rotationZ": 28.0 },
						"head": { "offsetX": 0.0, "offsetY": 0.0, "offsetZ": 0.0, "rotationX": 0.0, "rotationY": 0.0, "rotationZ": -11.0 },
						"R front leg": { "offsetX": 0.0, "offsetY": -1.0, "offsetZ": 0.0, "rotationX": 0.0, "rotationY": 0.0, "rotationZ": -53.0 },
						"R front foot": { "offsetX": 0.0, "offsetY": 0.0, "offsetZ": 0.0, "rotationX": 0.0, "rotationY": 0.0, "rotationZ": 17.0 },
						"L front leg": { "offsetX": 0.0, "offsetY": 0.0, "offsetZ": 0.0, "rotationX": 0.0, "rotationY": 0.0, "rotationZ": -47.0 },
						"L front foot": { "offsetX": 0.0, "offsetY": 0.0, "offsetZ": 0.0, "rotationX": 0.0, "rotationY": 0.0, "rotationZ": 28.0 },
						"R back leg": { "offsetX": 0.0, "offsetY": 0.0, "offsetZ": 0.0, "rotationX": 0.0, "rotationY": 0.0, "rotationZ": -17.0 },
						"R back foot": { "offsetX": 0.0, "offsetY": 0.0, "offsetZ": 0.0, "rotationX": 0.0, "rotationY": 0.0, "rotationZ": -30.0 },
						"L back leg": { "offsetX": 0.0, "offsetY": 0.0, "offsetZ": 0.0, "rotationX": 0.0, "rotationY": 0.0, "rotationZ": 8.0 },
						"L back foot": { "offsetX": 0.0, "offsetY": 0.0, "offsetZ": 0.0, "rotationX": 0.0, "rotationY": 0.0, "rotationZ": -36.0 },
						"tail": { "offsetX": 0.0, "offsetY": 0.0, "offsetZ": 0.0, "rotationX": 0.0, "rotationY": 0.0, "rotationZ": 8.0 }
					}
				}
			]
		},

		{
			"name": "Idle",
			"code": "idle",
			"quantityframes": 80,
			"onActivityStopped": "EaseOut",
			"onAnimationEnd": "Repeat",
			"keyframes": [
				{
					"frame": 0,
					"elements": {
						"Body": { "offsetX": 0.0, "offsetY": 0.0, "offsetZ": 0.0, "rotationX": 0.0, "rotationY": 0.0, "rotationZ": 0.0 },
						"neck": { "offsetX": 0.0, "offsetY": 0.0, "offsetZ": 0.0, "rotationX": 0.0, "rotationY": 0.0, "rotationZ": 0.0 },
						"head": { "offsetX": 0.0, "offsetY": 0.0, "offsetZ": 0.0, "rotationX": 0.0, "rotationY": 0.0, "rotationZ": 0.0 },
						"R front leg": { "offsetX": 0.0, "offsetY": 0.0, "offsetZ": 0.0, "rotationX": 0.0, "rotationY": 0.0, "rotationZ": 0.0 },
						"R front foot": { "offsetX": 0.0, "offsetY": 0.0, "offsetZ": 0.0, "rotationX": 0.0, "rotationY": 0.0, "rotationZ": 0.0 },
						"L front leg": { "offsetX": 0.0, "offsetY": 0.0, "offsetZ": 0.0, "rotationX": 0.0, "rotationY": 0.0, "rotationZ": 0.0 },
						"L front foot": { "offsetX": 0.0, "offsetY": 0.0, "offsetZ": 0.0, "rotationX": 0.0, "rotationY": 0.0, "rotationZ": 0.0 },
						"R back leg": { "offsetX": 0.0, "offsetY": 0.0, "offsetZ": 0.0, "rotationX": 0.0, "rotationY": 0.0, "rotationZ": 0.0 },
						"R back foot": { "offsetX": 0.0, "offsetY": 0.0, "offsetZ": 0.0, "rotationX": 0.0, "rotationY": 0.0, "rotationZ": 0.0 },
						"L back leg": { "offsetX": 0.0, "offsetY": 0.0, "offsetZ": 0.0, "rotationX": 0.0, "rotationY": 0.0, "rotationZ": 0.0 },
						"L back foot": { "offsetX": 0.0, "offsetY": 0.0, "offsetZ": 0.0, "rotationX": 0.0, "rotationY": 0.0, "rotationZ": 0.0 },
						"tail": { "offsetX": 0.0, "offsetY": 0.0, "offsetZ": 0.0, "rotationX": 0.0, "rotationY": 0.0, "rotationZ": 0.0 }
					}
				},
				{
					"frame": 40,
					"elements": {
						"Body": { "offsetX": 0.0, "offsetY": 0.0, "offsetZ": 0.0, "rotationX": 0.0, "rotationY": 0.0, "rotationZ": -1.0 },
						"neck": { "offsetX": 0.0, "offsetY": 0.0, "offsetZ": 0.0, "rotationX": 0.0, "rotationY": 0.0, "rotationZ": -1.0 },
						"head": { "offsetX": 0.0, "offsetY": 0.0, "offsetZ": 0.0, "rotationX": 0.0, "rotationY": 0.0, "rotationZ": 3.0 },
						"R front leg": { "offsetX": 0.0, "offsetY": 0.0, "offsetZ": 0.0, "rotationX": 0.0, "rotationY": 0.0, "rotationZ": 2.0 },
						"R front foot": { "offsetX": 0.0, "offsetY": 0.0, "offsetZ": 0.0, "rotationX": 0.0, "rotationY": 0.0, "rotationZ": 0.0 },
						"L front leg": { "offsetX": 0.0, "offsetY": 0.0, "offsetZ": 0.0, "rotationX": 0.0, "rotationY": 0.0, "rotationZ": 2.0 },
						"L front foot": { "offsetX": 0.0, "offsetY": 0.0, "offsetZ": 0.0, "rotationX": 0.0, "rotationY": 0.0, "rotationZ": 0.0 },
						"R back leg": { "offsetX": 0.0, "offsetY": 0.0, "offsetZ": 0.0, "rotationX": 0.0, "rotationY": 0.0, "rotationZ": 2.0 },
						"R back foot": { "offsetX": 0.0, "offsetY": 0.0, "offsetZ": 0.0, "rotationX": 0.0, "rotationY": 0.0, "rotationZ": 0.0 },
						"L back leg": { "offsetX": 0.0, "offsetY": 0.0, "offsetZ": 0.0, "rotationX": 0.0, "rotationY": 0.0, "rotationZ": 2.0 },
						"L back foot": { "offsetX": 0.0, "offsetY": 0.0, "offsetZ": 0.0, "rotationX": 0.0, "rotationY": 0.0, "rotationZ": 0.0 },
						"tail": { "offsetX": 0.0, "offsetY": 0.0, "offsetZ": 0.0, "rotationX": 0.0, "rotationY": 0.0, "rotationZ": 6.0 }
					}
				}
			]
		},

		{
			"name": "Death",
			"code": "death",
			"quantityframes": 90,
			"onActivityStopped": "Stop",
			"onAnimationEnd": "Hold",
			"keyframes": [
				{
					"frame": 0,
					"elements": {
						"Body": { "offsetX": 0.0, "offsetY": 0.0, "offsetZ": 0.0, "rotationX": 0.0, "rotationY": 0.0, "rotationZ": 0.0 },
						"neck": { "offsetX": 0.0, "offsetY": 0.0, "offsetZ": 0.0, "rotationX": 0.0, "rotationY": 0.0, "rotationZ": 0.0 },
						"head": { "offsetX": 0.0, "offsetY": 0.0, "offsetZ": 0.0, "rotationX": 0.0, "rotationY": 0.0, "rotationZ": 0.0 },
						"R ear": { "offsetX": 0.0, "offsetY": 0.0, "offsetZ": 0.0, "rotationX": 0.0, "rotationY": 0.0, "rotationZ": 0.0 },
						"L ear": { "offsetX": 0.0, "offsetY": 0.0, "offsetZ": 0.0, "rotationX": 0.0, "rotationY": 0.0, "rotationZ": 0.0 },
						"R front leg": { "offsetX": 0.0, "offsetY": 0.0, "offsetZ": 0.0, "rotationX": 0.0, "rotationY": 0.0, "rotationZ": 0.0 },
						"R front foot": { "offsetX": 0.0, "offsetY": 0.0, "offsetZ": 0.0, "rotationX": 0.0, "rotationY": 0.0, "rotationZ": 0.0 },
						"L front leg": { "offsetX": 0.0, "offsetY": 0.0, "offsetZ": 0.0, "rotationX": 0.0, "rotationY": 0.0, "rotationZ": 0.0 },
						"L front foot": { "offsetX": 0.0, "offsetY": 0.0, "offsetZ": 0.0, "rotationX": 0.0, "rotationY": 0.0, "rotationZ": 0.0 },
						"R back leg": { "offsetX": 0.0, "offsetY": 0.0, "offsetZ": 0.0, "rotationX": 0.0, "rotationY": 0.0, "rotationZ": 0.0 },
						"R back foot": { "offsetX": 0.0, "offsetY": 0.0, "offsetZ": 0.0, "rotationX": 0.0, "rotationY": 0.0, "rotationZ": 0.0 },
						"L back leg": { "offsetX": 0.0, "offsetY": 0.0, "offsetZ": 0.0, "rotationX": 0.0, "rotationY": 0.0, "rotationZ": 0.0 },
						"L back foot": { "offsetX": 0.0, "offsetY": 0.0, "offsetZ": 0.0, "rotationX": 0.0, "rotationY": 0.0, "rotationZ": 0.0 },
						"tail": { "offsetX": 0.0, "offsetY": 0.0, "offsetZ": 0.0, "rotationX": 0.0, "rotationY": 0.0, "rotationZ": 0.0 }
					}
				},
				{
					"frame": 8,
					"elements": {
						"Body": { "offsetX": 3.0, "offsetY": 1.0, "offsetZ": 0.0, "rotationX": -2.0, "rotationY": -2.0, "rotationZ": 6.0 },
						"neck": { "offsetX": 0.0, "offsetY": 0.0, "offsetZ": 0.0, "rotationX": -2.0, "rotationY": 0.0, "rotationZ": -8.0 },
						"head": { "offsetX": 0.0, "offsetY": 0.0, "offsetZ": 0.0, "rotationX": 0.0, "rotationY": 2.0, "rotationZ": 8.0 },
						"R ear": { "offsetX": 0.0, "offsetY": 0.0, "offsetZ": 0.0, "rotationX": 22.0, "rotationY": -25.0, "rotationZ": 0.0 },
						"L ear": { "offsetX": 0.0, "offsetY": 0.0, "offsetZ": 0.0, "rotationX": -19.0, "rotationY": 17.0, "rotationZ": 0.0 },
						"R front leg": { "offsetX": 0.0, "offsetY": 0.0, "offsetZ": 0.0, "rotationX": 0.0, "rotationY": -8.0, "rotationZ": 19.0 },
						"R front foot": { "offsetX": 0.0, "offsetY": 0.0, "offsetZ": 0.0, "rotationX": 0.0, "rotationY": 0.0, "rotationZ": -33.0 },
						"L front leg": { "offsetX": 0.0, "offsetY": 0.0, "offsetZ": 0.0, "rotationX": 0.0, "rotationY": 8.0, "rotationZ": 2.0 },
						"L front foot": { "offsetX": 0.0, "offsetY": 0.0, "offsetZ": 0.0, "rotationX": 0.0, "rotationY": 0.0, "rotationZ": -22.0 },
						"R back leg": { "offsetX": 0.0, "offsetY": 0.0, "offsetZ": 0.0, "rotationX": 0.0, "rotationY": 0.0, "rotationZ": -3.0 },
						"R back foot": { "offsetX": 0.0, "offsetY": 0.0, "offsetZ": 0.0, "rotationX": 0.0, "rotationY": 0.0, "rotationZ": -14.0 },
						"L back leg": { "offsetX": 0.0, "offsetY": 0.0, "offsetZ": 0.0, "rotationX": 0.0, "rotationY": 0.0, "rotationZ": 2.0 },
						"L back foot": { "offsetX": 0.0, "offsetY": 0.0, "offsetZ": 0.0, "rotationX": 0.0, "rotationY": 0.0, "rotationZ": -8.0 },
						"tail": { "offsetX": 0.0, "offsetY": 0.0, "offsetZ": 0.0, "rotationX": 0.0, "rotationY": 0.0, "rotationZ": 64.0 }
					}
				},
				{
					"frame": 30,
					"elements": {
						"Body": { "offsetX": 6.0, "offsetY": -5.0, "offsetZ": 0.0, "rotationX": -8.0, "rotationY": -2.0, "rotationZ": 0.0 },
						"neck": { "offsetX": 0.0, "offsetY": 3.0, "offsetZ": 0.0, "rotationX": -11.0, "rotationY": -11.0, "rotationZ": 85.0 },
						"head": { "offsetX": 0.0, "offsetY": 0.0, "offsetZ": 0.0, "rotationX": -11.0, "rotationY": 6.0, "rotationZ": -39.0 },
						"R ear": { "offsetX": 0.0, "offsetY": 0.0, "offsetZ": 0.0, "rotationX": 22.0, "rotationY": -25.0, "rotationZ": 0.0 },
						"L ear": { "offsetX": 0.0, "offsetY": 0.0, "offsetZ": 0.0, "rotationX": -19.0, "rotationY": 17.0, "rotationZ": 0.0 },
						"R front leg": { "offsetX": 0.0, "offsetY": 1.0, "offsetZ": 0.0, "rotationX": -4.0, "rotationY": -8.0, "rotationZ": 30.0 },
						"R front foot": { "offsetX": 0.0, "offsetY": 0.0, "offsetZ": 0.0, "rotationX": 0.0, "rotationY": 0.0, "rotationZ": -89.0 },
						"L front leg": { "offsetX": 0.0, "offsetY": 0.0, "offsetZ": 0.0, "rotationX": -4.0, "rotationY": 8.0, "rotationZ": 36.0 },
						"L front foot": { "offsetX": 0.0, "offsetY": 0.0, "offsetZ": 0.0, "rotationX": 0.0, "rotationY": 0.0, "rotationZ": -86.0 },
						"R back leg": { "offsetX": 0.0, "offsetY": 1.0, "offsetZ": 0.0, "rotationX": 4.0, "rotationY": -4.0, "rotationZ": 17.0 },
						"R back foot": { "offsetX": 0.0, "offsetY": 0.0, "offsetZ": 0.0, "rotationX": 0.0, "rotationY": 0.0, "rotationZ": -72.0 },
						"L back leg": { "offsetX": 0.0, "offsetY": 1.0, "offsetZ": 0.0, "rotationX": -8.0, "rotationY": 4.0, "rotationZ": 14.0 },
						"L back foot": { "offsetX": 0.0, "offsetY": 0.0, "offsetZ": 0.0, "rotationX": 0.0, "rotationY": 0.0, "rotationZ": -53.0 },
						"tail": { "offsetX": 0.0, "offsetY": 0.0, "offsetZ": 0.0, "rotationX": 0.0, "rotationY": 0.0, "rotationZ": 33.0 }
					}
				},
				{
					"frame": 50,
					"elements": {
						"Body": { "offsetX": 7.0, "offsetY": -6.0, "offsetZ": 0.0, "rotationX": -8.0, "rotationY": -2.0, "rotationZ": 0.0 },
						"neck": { "offsetX": 0.0, "offsetY": 3.0, "offsetZ": 0.0, "rotationX": -19.0, "rotationY": -17.0, "rotationZ": 94.0 },
						"head": { "offsetX": 0.0, "offsetY": 0.0, "offsetZ": 0.0, "rotationX": -22.0, "rotationY": 11.0, "rotationZ": -55.0 },
						"R ear": { "offsetX": 0.0, "offsetY": 0.0, "offsetZ": 0.0, "rotationX": 22.0, "rotationY": -25.0, "rotationZ": 0.0 },
						"L ear": { "offsetX": 0.0, "offsetY": 0.0, "offsetZ": 0.0, "rotationX": -19.0, "rotationY": 17.0, "rotationZ": 0.0 },
						"R front leg": { "offsetX": 0.0, "offsetY": 1.0, "offsetZ": 0.0, "rotationX": -4.0, "rotationY": -8.0, "rotationZ": 11.0 },
						"R front foot": { "offsetX": 0.0, "offsetY": 0.0, "offsetZ": 0.0, "rotationX": 0.0, "rotationY": 0.0, "rotationZ": -89.0 },
						"L front leg": { "offsetX": 0.0, "offsetY": 0.0, "offsetZ": 0.0, "rotationX": -4.0, "rotationY": 8.0, "rotationZ": 8.0 },
						"L front foot": { "offsetX": 0.0, "offsetY": 0.0, "offsetZ": 0.0, "rotationX": 0.0, "rotationY": 0.0, "rotationZ": -86.0 },
						"R back leg": { "offsetX": 0.0, "offsetY": 1.0, "offsetZ": 0.0, "rotationX": 4.0, "rotationY": -4.0, "rotationZ": 11.0 },
						"R back foot": { "offsetX": 0.0, "offsetY": 0.0, "offsetZ": 0.0, "rotationX": 0.0, "rotationY": 0.0, "rotationZ": -72.0 },
						"L back leg": { "offsetX": 0.0, "offsetY": 1.0, "offsetZ": 0.0, "rotationX": -8.0, "rotationY": 4.0, "rotationZ": 0.0 },
						"L back foot": { "offsetX": 0.0, "offsetY": 0.0, "offsetZ": 0.0, "rotationX": 0.0, "rotationY": 0.0, "rotationZ": -53.0 },
						"tail": { "offsetX": 0.0, "offsetY": 0.0, "offsetZ": 0.0, "rotationX": 0.0, "rotationY": 0.0, "rotationZ": 0.0 }
					}
				},
				{
					"frame": 89,
					"elements": {
						"Body": { "offsetX": 7.0, "offsetY": -6.0, "offsetZ": 0.0, "rotationX": -8.0, "rotationY": -2.0, "rotationZ": 0.0 },
						"neck": { "offsetX": 0.0, "offsetY": 3.0, "offsetZ": 0.0, "rotationX": -19.0, "rotationY": -17.0, "rotationZ": 94.0 },
						"head": { "offsetX": 0.0, "offsetY": 0.0, "offsetZ": 0.0, "rotationX": -22.0, "rotationY": 11.0, "rotationZ": -55.0 },
						"R ear": { "offsetX": 0.0, "offsetY": 0.0, "offsetZ": 0.0, "rotationX": 22.0, "rotationY": -25.0, "rotationZ": 0.0 },
						"L ear": { "offsetX": 0.0, "offsetY": 0.0, "offsetZ": 0.0, "rotationX": -19.0, "rotationY": 17.0, "rotationZ": 0.0 },
						"R front leg": { "offsetX": 0.0, "offsetY": 1.0, "offsetZ": 0.0, "rotationX": -4.0, "rotationY": -8.0, "rotationZ": 11.0 },
						"R front foot": { "offsetX": 0.0, "offsetY": 0.0, "offsetZ": 0.0, "rotationX": 0.0, "rotationY": 0.0, "rotationZ": -89.0 },
						"L front leg": { "offsetX": 0.0, "offsetY": 0.0, "offsetZ": 0.0, "rotationX": -4.0, "rotationY": 8.0, "rotationZ": 8.0 },
						"L front foot": { "offsetX": 0.0, "offsetY": 0.0, "offsetZ": 0.0, "rotationX": 0.0, "rotationY": 0.0, "rotationZ": -86.0 },
						"R back leg": { "offsetX": 0.0, "offsetY": 1.0, "offsetZ": 0.0, "rotationX": 4.0, "rotationY": -4.0, "rotationZ": 11.0 },
						"R back foot": { "offsetX": 0.0, "offsetY": 0.0, "offsetZ": 0.0, "rotationX": 0.0, "rotationY": 0.0, "rotationZ": -72.0 },
						"L back leg": { "offsetX": 0.0, "offsetY": 1.0, "offsetZ": 0.0, "rotationX": -8.0, "rotationY": 4.0, "rotationZ": 0.0 },
						"L back foot": { "offsetX": 0.0, "offsetY": 0.0, "offsetZ": 0.0, "rotationX": 0.0, "rotationY": 0.0, "rotationZ": -53.0 },
						"tail": { "offsetX": 0.0, "offsetY": 0.0, "offsetZ": 0.0, "rotationX": 0.0, "rotationY": 0.0, "rotationZ": 0.0 }
					}
				}
			]
		},

		{
			"name": "Attack",
			"code": "attack",
			"quantityframes": 75,
			"onActivityStopped": "Stop",
			"onAnimationEnd": "Stop",
			"keyframes": [
				{
					"frame": 0,
					"elements": {
						"Body": { "offsetX": 0.0, "offsetY": 0.0, "offsetZ": 0.0, "rotationX": 0.0, "rotationY": 0.0, "rotationZ": 0.0 },
						"neck": { "offsetX": 0.0, "offsetY": 0.0, "offsetZ": 0.0, "rotationX": 0.0, "rotationY": 0.0, "rotationZ": 0.0 },
						"head": { "offsetX": 0.0, "offsetY": 0.0, "offsetZ": 0.0, "rotationX": 0.0, "rotationY": 0.0, "rotationZ": 0.0 },
						"R ear": { "offsetX": 0.0, "offsetY": 0.0, "offsetZ": 0.0, "rotationX": 0.0, "rotationY": 0.0, "rotationZ": 0.0 },
						"L ear": { "offsetX": 0.0, "offsetY": 0.0, "offsetZ": 0.0, "rotationX": 0.0, "rotationY": 0.0, "rotationZ": 0.0 },
						"R front leg": { "offsetX": 0.0, "offsetY": 0.0, "offsetZ": 0.0, "rotationX": 0.0, "rotationY": 0.0, "rotationZ": 0.0 },
						"R front foot": { "offsetX": 0.0, "offsetY": 0.0, "offsetZ": 0.0, "rotationX": 0.0, "rotationY": 0.0, "rotationZ": 0.0 },
						"L front leg": { "offsetX": 0.0, "offsetY": 0.0, "offsetZ": 0.0, "rotationX": 0.0, "rotationY": 0.0, "rotationZ": 0.0 },
						"L front foot": { "offsetX": 0.0, "offsetY": 0.0, "offsetZ": 0.0, "rotationX": 0.0, "rotationY": 0.0, "rotationZ": 0.0 },
						"R back leg": { "offsetX": 0.0, "offsetY": 0.0, "offsetZ": 0.0, "rotationX": 0.0, "rotationY": 0.0, "rotationZ": 0.0 },
						"R back foot": { "offsetX": 0.0, "offsetY": 0.0, "offsetZ": 0.0, "rotationX": 0.0, "rotationY": 0.0, "rotationZ": 0.0 },
						"L back leg": { "offsetX": 0.0, "offsetY": 0.0, "offsetZ": 0.0, "rotationX": 0.0, "rotationY": 0.0, "rotationZ": 0.0 },
						"L back foot": { "offsetX": 0.0, "offsetY": 0.0, "offsetZ": 0.0, "rotationX": 0.0, "rotationY": 0.0, "rotationZ": 0.0 }
					}
				},
				{
					"frame": 7,
					"elements": {
						"Body": {  },
						"L front leg": { "offsetX": 0.0, "offsetY": 2.0, "offsetZ": 0.0 },
						"R back leg": {  },
						"R back foot": { "offsetX": 0.0, "offsetY": 1.0, "offsetZ": 0.0 }
					}
				},
				{
					"frame": 15,
					"elements": {
						"Body": {  },
						"L front leg": { "rotationX": 0.0, "rotationY": 0.0, "rotationZ": -10.0 },
						"R front leg": { "rotationX": 0.0, "rotationY": 0.0, "rotationZ": -16.0 },
						"R back leg": {  },
						"R back foot": { "offsetX": 0.0, "offsetY": 0.0, "offsetZ": 0.0, "rotationX": 0.0, "rotationY": 0.0, "rotationZ": 5.0 },
						"L back leg": { "offsetX": 0.0, "offsetY": 0.0, "offsetZ": 0.0, "rotationX": 0.0, "rotationY": 0.0, "rotationZ": -10.0 }
					}
				},
				{
					"frame": 22,
					"elements": {
						"Body": {  },
						"R front leg": { "offsetX": 0.0, "offsetY": 3.0, "offsetZ": 0.0 },
						"L back leg": { "offsetX": 0.0, "offsetY": 1.0, "offsetZ": 0.0 }
					}
				},
				{
					"frame": 30,
					"elements": {
						"Body": { "offsetX": 5.0, "offsetY": -2.0, "offsetZ": 0.0, "rotationX": 0.0, "rotationY": 0.0, "rotationZ": 12.0 },
						"neck": { "offsetX": 0.0, "offsetY": 0.0, "offsetZ": 0.0, "rotationX": 0.0, "rotationY": 0.0, "rotationZ": 10.0 },
						"head": { "offsetX": 0.0, "offsetY": 0.0, "offsetZ": 0.0, "rotationX": 0.0, "rotationY": 0.0, "rotationZ": -20.0 },
						"R ear": { "offsetX": 0.0, "offsetY": 0.0, "offsetZ": 0.0, "rotationX": 0.0, "rotationY": -10.0, "rotationZ": 0.0 },
						"L ear": { "offsetX": 0.0, "offsetY": 0.0, "offsetZ": 0.0, "rotationX": 0.0, "rotationY": 10.0, "rotationZ": 0.0 },
						"R front leg": { "offsetX": 0.0, "offsetY": 1.5, "offsetZ": 0.0, "rotationX": 0.0, "rotationY": 0.0, "rotationZ": 0.0 },
						"R front foot": { "offsetX": 0.0, "offsetY": 0.0, "offsetZ": 0.0, "rotationX": 0.0, "rotationY": 0.0, "rotationZ": 5.0 },
						"L front leg": { "offsetX": 0.0, "offsetY": 1.5, "offsetZ": 0.0, "rotationX": 0.0, "rotationY": 0.0, "rotationZ": -30.0 },
						"L front foot": { "offsetX": 0.0, "offsetY": 0.0, "offsetZ": 0.0, "rotationX": 0.0, "rotationY": 0.0, "rotationZ": 10.0 },
						"R back leg": { "offsetX": 0.0, "offsetY": -0.5, "offsetZ": 0.0, "rotationX": 0.0, "rotationY": 0.0, "rotationZ": -10.0 },
						"R back foot": { "offsetX": 0.0, "offsetY": 0.0, "offsetZ": 0.0, "rotationX": 0.0, "rotationY": 0.0, "rotationZ": -5.0 },
						"L back leg": { "offsetX": 0.0, "offsetY": -1.0, "offsetZ": 0.0, "rotationX": 0.0, "rotationY": 0.0, "rotationZ": 0.0 },
						"L back foot": { "offsetX": 0.0, "offsetY": 0.0, "offsetZ": 0.0, "rotationX": 0.0, "rotationY": 0.0, "rotationZ": 0.0 }
					}
				},
				{
					"frame": 35,
					"elements": {
						"Body": {  },
						"R front leg": { "offsetX": 0.0, "offsetY": 3.0, "offsetZ": 0.0 },
						"L back leg": { "offsetX": 0.0, "offsetY": 0.5, "offsetZ": 0.0 }
					}
				},
				{
					"frame": 38,
					"elements": {
						"Body": {  },
						"neck": {  },
						"head": {  },
						"R ear": { "rotationX": -10.0, "rotationY": -20.0, "rotationZ": 0.0 },
						"L ear": { "rotationX": 10.0, "rotationY": 20.0, "rotationZ": 0.0 },
						"R front leg": { "offsetX": 0.0, "offsetY": 2.0, "offsetZ": 0.0, "rotationX": 0.0, "rotationY": 0.0, "rotationZ": -26.0 },
						"R front foot": { "offsetX": 0.0, "offsetY": 0.0, "offsetZ": 0.0, "rotationX": 0.0, "rotationY": 0.0, "rotationZ": 9.0 },
						"L front leg": { "offsetX": 0.0, "offsetY": 2.0, "offsetZ": 0.0, "rotationX": 0.0, "rotationY": 0.0, "rotationZ": -15.0 },
						"L front foot": { "offsetX": 0.0, "offsetY": 0.0, "offsetZ": 0.0, "rotationX": 0.0, "rotationY": 0.0, "rotationZ": 14.0 },
						"R back leg": { "offsetX": 0.0, "offsetY": 0.5, "offsetZ": 0.0, "rotationX": 0.0, "rotationY": 0.0, "rotationZ": 0.0 },
						"R back foot": { "offsetX": 0.0, "offsetY": 0.0, "offsetZ": 0.0, "rotationX": 0.0, "rotationY": 0.0, "rotationZ": -7.0 },
						"L back leg": { "offsetX": 0.0, "offsetY": 0.0, "offsetZ": 0.0, "rotationX": 0.0, "rotationY": 0.0, "rotationZ": -10.0 },
						"L back foot": { "offsetX": 0.0, "offsetY": 0.5, "offsetZ": 0.0, "rotationX": 0.0, "rotationY": 0.0, "rotationZ": 0.0 }
					}
				},
				{
					"frame": 42,
					"elements": {
						"Body": {  },
						"L front leg": { "offsetX": 0.0, "offsetY": 3.0, "offsetZ": 0.0 },
						"R back leg": { "offsetX": 0.0, "offsetY": 1.2, "offsetZ": 0.0 }
					}
				},
				{
					"frame": 45,
					"elements": {
						"Body": { "offsetX": -3.0, "offsetY": -1.0, "offsetZ": 0.0, "rotationX": 0.0, "rotationY": 0.0, "rotationZ": 5.0 },
						"neck": { "offsetX": 0.0, "offsetY": 0.0, "offsetZ": 0.0, "rotationX": 0.0, "rotationY": 0.0, "rotationZ": 30.0 },
						"head": { "offsetX": 0.0, "offsetY": 0.0, "offsetZ": 0.0, "rotationX": 0.0, "rotationY": 0.0, "rotationZ": 25.0 },
						"R ear": { "offsetX": 0.0, "offsetY": 0.0, "offsetZ": 0.0, "rotationX": 0.0, "rotationY": 0.0, "rotationZ": 0.0 },
						"L ear": { "offsetX": 0.0, "offsetY": 0.0, "offsetZ": 0.0, "rotationX": 0.0, "rotationY": 0.0, "rotationZ": 0.0 },
						"R front leg": { "offsetX": 0.0, "offsetY": 1.5, "offsetZ": 0.0, "rotationX": 0.0, "rotationY": 0.0, "rotationZ": -5.0 },
						"R front foot": { "offsetX": 0.0, "offsetY": 0.0, "offsetZ": 0.0, "rotationX": 0.0, "rotationY": 0.0, "rotationZ": 15.0 },
						"L front leg": { "offsetX": 0.0, "offsetY": 1.5, "offsetZ": 0.0, "rotationX": 0.0, "rotationY": 0.0, "rotationZ": -30.0 },
						"L front foot": { "offsetX": 0.0, "offsetY": 0.0, "offsetZ": 0.0, "rotationX": 0.0, "rotationY": 0.0, "rotationZ": 20.0 },
						"R back leg": { "offsetX": 0.0, "offsetY": 0.5, "offsetZ": 0.0, "rotationX": 0.0, "rotationY": 0.0, "rotationZ": -10.0 },
						"R back foot": { "offsetX": 0.0, "offsetY": 0.0, "offsetZ": 0.0, "rotationX": 0.0, "rotationY": 0.0, "rotationZ": -10.0 },
						"L back leg": { "offsetX": 0.0, "offsetY": 0.0, "offsetZ": 0.0, "rotationX": 0.0, "rotationY": 0.0, "rotationZ": 10.0 },
						"L back foot": { "offsetX": 0.0, "offsetY": 0.0, "offsetZ": 0.0, "rotationX": 0.0, "rotationY": 0.0, "rotationZ": 0.0 }
					}
				},
				{
					"frame": 50,
					"elements": {
						"Body": { "offsetX": -5.0, "offsetY": -1.0, "offsetZ": 0.0, "rotationX": 0.0, "rotationY": 0.0, "rotationZ": -10.0 },
						"neck": { "offsetX": 0.0, "offsetY": 0.0, "offsetZ": 0.0, "rotationX": 0.0, "rotationY": 0.0, "rotationZ": 20.0 },
						"head": { "offsetX": 0.0, "offsetY": 0.0, "offsetZ": 0.0, "rotationX": 0.0, "rotationY": 0.0, "rotationZ": 15.0 },
						"R ear": { "offsetX": 0.0, "offsetY": 0.0, "offsetZ": 0.0, "rotationX": 0.0, "rotationY": 0.0, "rotationZ": 0.0 },
						"L ear": { "offsetX": 0.0, "offsetY": 0.0, "offsetZ": 0.0, "rotationX": 0.0, "rotationY": 0.0, "rotationZ": 0.0 },
						"R front leg": { "offsetX": 0.0, "offsetY": -1.0, "offsetZ": 0.0, "rotationX": 0.0, "rotationY": 0.0, "rotationZ": 15.0 },
						"R front foot": { "offsetX": 0.0, "offsetY": 0.0, "offsetZ": 0.0, "rotationX": 0.0, "rotationY": 0.0, "rotationZ": 15.0 },
						"L front leg": { "offsetX": 0.0, "offsetY": -1.0, "offsetZ": 0.0, "rotationX": 0.0, "rotationY": 0.0, "rotationZ": 10.0 },
						"L front foot": { "offsetX": 0.0, "offsetY": 0.0, "offsetZ": 0.0, "rotationX": 0.0, "rotationY": 0.0, "rotationZ": 10.0 },
						"R back leg": { "offsetX": 0.0, "offsetY": 1.0, "offsetZ": 0.0, "rotationX": 0.0, "rotationY": 0.0, "rotationZ": 5.0 },
						"R back foot": { "offsetX": 0.0, "offsetY": 0.0, "offsetZ": 0.0, "rotationX": 0.0, "rotationY": 0.0, "rotationZ": 0.0 },
						"L back leg": { "offsetX": 0.0, "offsetY": 0.0, "offsetZ": 0.0, "rotationX": 0.0, "rotationY": 0.0, "rotationZ": 30.0 },
						"L back foot": { "offsetX": 0.0, "offsetY": 0.0, "offsetZ": 0.0, "rotationX": 0.0, "rotationY": 0.0, "rotationZ": 0.0 }
					}
				},
				{
					"frame": 57,
					"elements": {
						"Body": {  },
						"L front leg": { "offsetX": 0.0, "offsetY": -0.5, "offsetZ": 0.0, "rotationX": 0.0, "rotationY": 0.0, "rotationZ": 0.0 }
					}
				},
				{
					"frame": 62,
					"elements": {
						"Body": {  },
						"R back leg": { "offsetX": 0.0, "offsetY": 1.5, "offsetZ": 0.0 }
					}
				},
				{
					"frame": 65,
					"elements": {
						"Body": {  },
						"L front leg": { "offsetX": 0.0, "offsetY": 0.5, "offsetZ": 0.0 }
					}
				}
			]
		},

		{
			"name": "Eat",
			"code": "eat",
			"quantityframes": 120,
			"onActivityStopped": "Stop",
			"onAnimationEnd": "Stop",
			"keyframes": [
				{
					"frame": 0,
					"elements": {
						"Body": { "offsetX": 0.0, "offsetY": 0.0, "offsetZ": 0.0, "rotationX": 0.0, "rotationY": 0.0, "rotationZ": 0.0 },
						"neck": { "offsetX": 0.0, "offsetY": 0.0, "offsetZ": 0.0, "rotationX": 0.0, "rotationY": 0.0, "rotationZ": 0.0 },
						"head": { "offsetX": 0.0, "offsetY": 0.0, "offsetZ": 0.0, "rotationX": 0.0, "rotationY": 0.0, "rotationZ": 0.0 },
						"mouth down": { "offsetX": 0.0, "offsetY": 0.0, "offsetZ": 0.0, "rotationX": 0.0, "rotationY": 0.0, "rotationZ": 0.0 },
						"R front leg": { "offsetX": 0.0, "offsetY": 0.0, "offsetZ": 0.0, "rotationX": 0.0, "rotationY": 0.0, "rotationZ": 0.0 },
						"R front foot": { "offsetX": 0.0, "offsetY": 0.0, "offsetZ": 0.0, "rotationX": 0.0, "rotationY": 0.0, "rotationZ": 0.0 },
						"L front leg": { "offsetX": 0.0, "offsetY": 0.0, "offsetZ": 0.0, "rotationX": 0.0, "rotationY": 0.0, "rotationZ": 0.0 },
						"L front foot": { "offsetX": 0.0, "offsetY": 0.0, "offsetZ": 0.0, "rotationX": 0.0, "rotationY": 0.0, "rotationZ": 0.0 },
						"R back leg": { "offsetX": 0.0, "offsetY": 0.0, "offsetZ": 0.0, "rotationX": 0.0, "rotationY": 0.0, "rotationZ": 0.0 },
						"R back foot": { "offsetX": 0.0, "offsetY": 0.0, "offsetZ": 0.0, "rotationX": 0.0, "rotationY": 0.0, "rotationZ": 0.0 },
						"L back leg": { "offsetX": 0.0, "offsetY": 0.0, "offsetZ": 0.0, "rotationX": 0.0, "rotationY": 0.0, "rotationZ": 0.0 },
						"L back foot": { "offsetX": 0.0, "offsetY": 0.0, "offsetZ": 0.0, "rotationX": 0.0, "rotationY": 0.0, "rotationZ": 0.0 },
						"tail": { "offsetX": 0.0, "offsetY": 0.0, "offsetZ": 0.0, "rotationX": 0.0, "rotationY": 0.0, "rotationZ": 0.0 }
					}
				},
				{
					"frame": 8,
					"elements": {
						"Body": {  },
						"L back leg": { "offsetX": 0.0, "offsetY": 0.0, "offsetZ": 0.0 }
					}
				},
				{
					"frame": 17,
					"elements": {
						"Body": {  },
						"R front leg": { "offsetX": 0.0, "offsetY": 2.0, "offsetZ": 0.0 }
					}
				},
				{
					"frame": 35,
					"elements": {
						"Body": { "offsetX": 0.0, "offsetY": -1.0, "offsetZ": 0.0, "rotationX": -3.0, "rotationY": 2.0, "rotationZ": 20.0 },
						"neck": { "offsetX": 0.0, "offsetY": 0.0, "offsetZ": 0.0, "rotationX": 3.0, "rotationY": -2.0, "rotationZ": 75.0 },
						"head": { "offsetX": 0.0, "offsetY": 0.0, "offsetZ": 0.0, "rotationX": 0.0, "rotationY": 0.0, "rotationZ": -40.0 },
						"mouth down": { "offsetX": 0.0, "offsetY": 0.0, "offsetZ": 0.0, "rotationX": 0.0, "rotationY": 0.0, "rotationZ": 0.0 },
						"R front leg": { "offsetX": 0.0, "offsetY": 2.0, "offsetZ": 0.0, "rotationX": 3.0, "rotationY": 0.0, "rotationZ": 10.0 },
						"R front foot": { "offsetX": 0.0, "offsetY": 0.0, "offsetZ": 0.0, "rotationX": 0.0, "rotationY": 0.0, "rotationZ": -10.0 },
						"L front leg": { "offsetX": 0.0, "offsetY": 2.0, "offsetZ": 0.0, "rotationX": 0.0, "rotationY": 0.0, "rotationZ": -15.0 },
						"L front foot": { "offsetX": 0.0, "offsetY": 0.0, "offsetZ": 0.0, "rotationX": 0.0, "rotationY": 0.0, "rotationZ": -10.0 },
						"R back leg": { "offsetX": 0.0, "offsetY": -1.0, "offsetZ": 0.0, "rotationX": 3.0, "rotationY": 0.0, "rotationZ": -22.5 },
						"R back foot": { "offsetX": 0.0, "offsetY": 0.0, "offsetZ": 0.0, "rotationX": 0.0, "rotationY": 0.0, "rotationZ": 0.0 },
						"L back leg": { "offsetX": -1.0, "offsetY": -2.0, "offsetZ": 0.0, "rotationX": 0.0, "rotationY": 0.0, "rotationZ": 0.0 },
						"L back foot": { "offsetX": 0.0, "offsetY": 0.0, "offsetZ": 0.0, "rotationX": 0.0, "rotationY": 0.0, "rotationZ": 0.0 },
						"tail": { "offsetX": 0.0, "offsetY": 0.0, "offsetZ": 0.0, "rotationX": 0.0, "rotationY": 0.0, "rotationZ": 0.0 }
					}
				},
				{
					"frame": 45,
					"elements": {
						"Body": { "offsetX": 0.0, "offsetY": -1.0, "offsetZ": 0.0, "rotationX": -3.0, "rotationY": 2.0, "rotationZ": 22.0 },
						"neck": { "offsetX": 0.0, "offsetY": 0.0, "offsetZ": 0.0, "rotationX": 3.0, "rotationY": -2.0, "rotationZ": 80.0 },
						"head": { "offsetX": -0.5, "offsetY": 0.0, "offsetZ": 0.0, "rotationX": 0.0, "rotationY": 0.0, "rotationZ": -50.0 },
						"mouth down": { "offsetX": 0.0, "offsetY": 0.0, "offsetZ": 0.0, "rotationX": 0.0, "rotationY": 0.0, "rotationZ": 20.0 },
						"R front leg": { "offsetX": 0.0, "offsetY": 2.0, "offsetZ": 0.0, "rotationX": 3.0, "rotationY": 0.0, "rotationZ": 8.0 },
						"R front foot": { "offsetX": 0.0, "offsetY": 0.0, "offsetZ": 0.0, "rotationX": 0.0, "rotationY": 0.0, "rotationZ": -10.0 },
						"L front leg": { "offsetX": 0.0, "offsetY": 2.0, "offsetZ": 0.0, "rotationX": 0.0, "rotationY": 0.0, "rotationZ": -17.0 },
						"L front foot": { "offsetX": 0.0, "offsetY": 0.0, "offsetZ": 0.0, "rotationX": 0.0, "rotationY": 0.0, "rotationZ": -10.0 },
						"R back leg": { "offsetX": 0.0, "offsetY": -1.2, "offsetZ": 0.0, "rotationX": 3.0, "rotationY": 0.0, "rotationZ": -24.5 },
						"R back foot": { "offsetX": 0.0, "offsetY": 0.0, "offsetZ": 0.0, "rotationX": 0.0, "rotationY": 0.0, "rotationZ": 0.0 },
						"L back leg": { "offsetX": -1.0, "offsetY": -2.2, "offsetZ": 0.0, "rotationX": 0.0, "rotationY": 0.0, "rotationZ": -2.0 },
						"L back foot": { "offsetX": 0.0, "offsetY": 0.0, "offsetZ": 0.0, "rotationX": 0.0, "rotationY": 0.0, "rotationZ": 0.0 },
						"tail": { "offsetX": 0.0, "offsetY": 0.0, "offsetZ": 0.0, "rotationX": 0.0, "rotationY": 0.0, "rotationZ": 0.0 }
					}
				},
				{
					"frame": 55,
					"elements": {
						"Body": { "offsetX": 0.0, "offsetY": -1.0, "offsetZ": 0.0, "rotationX": -3.0, "rotationY": 2.0, "rotationZ": 20.0 },
						"neck": { "offsetX": 0.0, "offsetY": 0.0, "offsetZ": 0.0, "rotationX": 3.0, "rotationY": -2.0, "rotationZ": 75.0 },
						"head": { "offsetX": -1.0, "offsetY": -1.0, "offsetZ": 0.0, "rotationX": 0.0, "rotationY": 0.0, "rotationZ": -60.0 },
						"mouth down": { "offsetX": 0.0, "offsetY": 0.0, "offsetZ": 0.0, "rotationX": 0.0, "rotationY": 0.0, "rotationZ": 0.0 },
						"R front leg": { "offsetX": 0.0, "offsetY": 2.0, "offsetZ": 0.0, "rotationX": 3.0, "rotationY": 0.0, "rotationZ": 10.0 },
						"R front foot": { "offsetX": 0.0, "offsetY": 0.0, "offsetZ": 0.0, "rotationX": 0.0, "rotationY": 0.0, "rotationZ": -10.0 },
						"L front leg": { "offsetX": 0.0, "offsetY": 2.0, "offsetZ": 0.0, "rotationX": 0.0, "rotationY": 0.0, "rotationZ": -15.0 },
						"L front foot": { "offsetX": 0.0, "offsetY": 0.0, "offsetZ": 0.0, "rotationX": 0.0, "rotationY": 0.0, "rotationZ": -10.0 },
						"R back leg": { "offsetX": 0.0, "offsetY": -1.0, "offsetZ": 0.0, "rotationX": 3.0, "rotationY": 0.0, "rotationZ": -22.5 },
						"R back foot": { "offsetX": 0.0, "offsetY": 0.0, "offsetZ": 0.0, "rotationX": 0.0, "rotationY": 0.0, "rotationZ": 0.0 },
						"L back leg": { "offsetX": -1.0, "offsetY": -2.0, "offsetZ": 0.0, "rotationX": 0.0, "rotationY": 0.0, "rotationZ": 0.0 },
						"L back foot": { "offsetX": 0.0, "offsetY": 0.0, "offsetZ": 0.0, "rotationX": 0.0, "rotationY": 0.0, "rotationZ": 0.0 },
						"tail": { "offsetX": 0.0, "offsetY": 0.0, "offsetZ": 0.0, "rotationX": 0.0, "rotationY": 0.0, "rotationZ": 0.0 }
					}
				},
				{
					"frame": 63,
					"elements": {
						"Body": {  },
						"neck": {  },
						"head": {  },
						"mouth down": { "rotationX": 0.0, "rotationY": 0.0, "rotationZ": 8.0 }
					}
				},
				{
					"frame": 71,
					"elements": {
						"Body": {  },
						"neck": {  },
						"head": {  },
						"mouth down": { "rotationX": 0.0, "rotationY": 0.0, "rotationZ": 0.0 }
					}
				},
				{
					"frame": 75,
					"elements": {
						"Body": {  },
						"L back leg": { "offsetX": 0.0, "offsetY": -1.0, "offsetZ": 0.0 }
					}
				},
				{
					"frame": 79,
					"elements": {
						"Body": {  },
						"R front leg": { "offsetX": 0.0, "offsetY": 2.0, "offsetZ": 0.0 },
						"neck": {  },
						"head": {  },
						"mouth down": { "rotationX": 0.0, "rotationY": 0.0, "rotationZ": 8.0 }
					}
				},
				{
					"frame": 87,
					"elements": {
						"Body": {  },
						"neck": {  },
						"head": {  },
						"mouth down": { "rotationX": 0.0, "rotationY": 0.0, "rotationZ": 0.0 }
					}
				},
				{
					"frame": 95,
					"elements": {
						"Body": {  },
						"neck": {  },
						"head": {  },
						"mouth down": { "rotationX": 0.0, "rotationY": 0.0, "rotationZ": 8.0 }
					}
				},
				{
					"frame": 103,
					"elements": {
						"Body": {  },
						"neck": {  },
						"head": {  },
						"mouth down": { "rotationX": 0.0, "rotationY": 0.0, "rotationZ": 0.0 }
					}
				},
				{
					"frame": 110,
					"elements": {
						"Body": { "offsetX": 0.0, "offsetY": 0.0, "offsetZ": 0.0, "rotationX": 0.0, "rotationY": 0.0, "rotationZ": 0.0 },
						"neck": { "offsetX": 0.0, "offsetY": 0.0, "offsetZ": 0.0, "rotationX": 0.0, "rotationY": 0.0, "rotationZ": 0.0 },
						"head": { "offsetX": 0.0, "offsetY": 0.0, "offsetZ": 0.0, "rotationX": 0.0, "rotationY": 0.0, "rotationZ": 0.0 },
						"mouth down": { "offsetX": 0.0, "offsetY": 0.0, "offsetZ": 0.0, "rotationX": 0.0, "rotationY": 0.0, "rotationZ": 0.0 },
						"R front leg": { "offsetX": 0.0, "offsetY": 0.0, "offsetZ": 0.0, "rotationX": 0.0, "rotationY": 0.0, "rotationZ": 0.0 },
						"R front foot": { "offsetX": 0.0, "offsetY": 0.0, "offsetZ": 0.0, "rotationX": 0.0, "rotationY": 0.0, "rotationZ": 0.0 },
						"L front leg": { "offsetX": 0.0, "offsetY": 0.0, "offsetZ": 0.0, "rotationX": 0.0, "rotationY": 0.0, "rotationZ": 0.0 },
						"L front foot": { "offsetX": 0.0, "offsetY": 0.0, "offsetZ": 0.0, "rotationX": 0.0, "rotationY": 0.0, "rotationZ": 0.0 },
						"R back leg": { "offsetX": 0.0, "offsetY": 0.0, "offsetZ": 0.0, "rotationX": 0.0, "rotationY": 0.0, "rotationZ": 0.0 },
						"R back foot": { "offsetX": 0.0, "offsetY": 0.0, "offsetZ": 0.0, "rotationX": 0.0, "rotationY": 0.0, "rotationZ": 0.0 },
						"L back leg": { "offsetX": 0.0, "offsetY": 0.0, "offsetZ": 0.0, "rotationX": 0.0, "rotationY": 0.0, "rotationZ": 0.0 },
						"L back foot": { "offsetX": 0.0, "offsetY": 0.0, "offsetZ": 0.0, "rotationX": 0.0, "rotationY": 0.0, "rotationZ": 0.0 },
						"tail": { "offsetX": 0.0, "offsetY": 0.0, "offsetZ": 0.0, "rotationX": 0.0, "rotationY": 0.0, "rotationZ": 0.0 }
					}
				}
			]
		},

		{
			"name": "Look",
			"code": "look",
			"quantityframes": 160,
			"onActivityStopped": "EaseOut",
			"onAnimationEnd": "Repeat",
			"keyframes": [
				{
					"frame": 0,
					"elements": {
						"Body": { "offsetX": 0.0, "offsetY": 0.0, "offsetZ": 0.0, "rotationX": 0.0, "rotationY": 0.0, "rotationZ": 0.0 },
						"neck": { "offsetX": 0.0, "offsetY": 0.0, "offsetZ": 0.0, "rotationX": 0.0, "rotationY": 0.0, "rotationZ": 0.0 },
						"head": { "offsetX": 0.0, "offsetY": 0.0, "offsetZ": 0.0, "rotationX": 0.0, "rotationY": 0.0, "rotationZ": 0.0 },
						"R front leg": { "offsetX": 0.0, "offsetY": 0.0, "offsetZ": 0.0, "rotationX": 0.0, "rotationY": 0.0, "rotationZ": 0.0 },
						"R front foot": { "offsetX": 0.0, "offsetY": 0.0, "offsetZ": 0.0, "rotationX": 0.0, "rotationY": 0.0, "rotationZ": 0.0 },
						"L front leg": { "offsetX": 0.0, "offsetY": 0.0, "offsetZ": 0.0, "rotationX": 0.0, "rotationY": 0.0, "rotationZ": 0.0 },
						"L front foot": { "offsetX": 0.0, "offsetY": 0.0, "offsetZ": 0.0, "rotationX": 0.0, "rotationY": 0.0, "rotationZ": 0.0 },
						"R back leg": { "offsetX": 0.0, "offsetY": 0.0, "offsetZ": 0.0, "rotationX": 0.0, "rotationY": 0.0, "rotationZ": 0.0 },
						"R back foot": { "offsetX": 0.0, "offsetY": 0.0, "offsetZ": 0.0, "rotationX": 0.0, "rotationY": 0.0, "rotationZ": 0.0 },
						"L back leg": { "offsetX": 0.0, "offsetY": 0.0, "offsetZ": 0.0, "rotationX": 0.0, "rotationY": 0.0, "rotationZ": 0.0 },
						"L back foot": { "offsetX": 0.0, "offsetY": 0.0, "offsetZ": 0.0, "rotationX": 0.0, "rotationY": 0.0, "rotationZ": 0.0 },
						"tail": { "rotationX": 0.0, "rotationY": 0.0, "rotationZ": 0.0 }
					}
				},
				{
					"frame": 25,
					"elements": {
						"Body": { "offsetX": 0.0, "offsetY": 0.0, "offsetZ": 0.0, "rotationX": -2.0, "rotationY": 2.0, "rotationZ": -1.0 },
						"neck": { "offsetX": 0.0, "offsetY": 0.0, "offsetZ": 0.0, "rotationX": 3.0, "rotationY": 19.0, "rotationZ": -2.0 },
						"head": { "offsetX": 0.0, "offsetY": 0.0, "offsetZ": 0.0, "rotationX": -14.0, "rotationY": 2.0, "rotationZ": 0.0 },
						"R front leg": { "offsetX": 0.0, "offsetY": 0.0, "offsetZ": 0.0, "rotationX": 2.0, "rotationY": 0.0, "rotationZ": 1.0 },
						"R front foot": { "offsetX": 0.0, "offsetY": 0.0, "offsetZ": 0.0, "rotationX": 0.0, "rotationY": 0.0, "rotationZ": 0.0 },
						"L front leg": { "offsetX": 0.0, "offsetY": 0.0, "offsetZ": 0.0, "rotationX": 2.0, "rotationY": 0.0, "rotationZ": 1.0 },
						"L front foot": { "offsetX": 0.0, "offsetY": 0.0, "offsetZ": 0.0, "rotationX": 0.0, "rotationY": 0.0, "rotationZ": 0.0 },
						"R back leg": { "offsetX": 0.0, "offsetY": 0.0, "offsetZ": 0.0, "rotationX": 2.0, "rotationY": 0.0, "rotationZ": 1.0 },
						"R back foot": { "offsetX": 0.0, "offsetY": 0.0, "offsetZ": 0.0, "rotationX": 0.0, "rotationY": 0.0, "rotationZ": 0.0 },
						"L back leg": { "offsetX": 0.0, "offsetY": 0.0, "offsetZ": 0.0, "rotationX": 2.0, "rotationY": 0.0, "rotationZ": 1.0 },
						"L back foot": { "offsetX": 0.0, "offsetY": 0.0, "offsetZ": 0.0, "rotationX": 0.0, "rotationY": 0.0, "rotationZ": 0.0 },
						"tail": { "rotationX": 0.0, "rotationY": 0.0, "rotationZ": 0.0 }
					}
				},
				{
					"frame": 70,
					"elements": {
						"Body": { "offsetX": 0.0, "offsetY": 0.0, "offsetZ": 0.0, "rotationX": -2.0, "rotationY": 2.0, "rotationZ": 0.0 },
						"neck": { "offsetX": 0.0, "offsetY": 0.0, "offsetZ": 0.0, "rotationX": 3.0, "rotationY": 19.0, "rotationZ": -2.0 },
						"head": { "offsetX": 0.0, "offsetY": 0.0, "offsetZ": 0.0, "rotationX": -14.0, "rotationY": 2.0, "rotationZ": 0.0 },
						"R front leg": { "offsetX": 0.0, "offsetY": 0.0, "offsetZ": 0.0, "rotationX": 2.0, "rotationY": 0.0, "rotationZ": 0.0 },
						"R front foot": { "offsetX": 0.0, "offsetY": 0.0, "offsetZ": 0.0, "rotationX": 0.0, "rotationY": 0.0, "rotationZ": 0.0 },
						"L front leg": { "offsetX": 0.0, "offsetY": 0.0, "offsetZ": 0.0, "rotationX": 2.0, "rotationY": 0.0, "rotationZ": 0.0 },
						"L front foot": { "offsetX": 0.0, "offsetY": 0.0, "offsetZ": 0.0, "rotationX": 0.0, "rotationY": 0.0, "rotationZ": 0.0 },
						"R back leg": { "offsetX": 0.0, "offsetY": 0.0, "offsetZ": 0.0, "rotationX": 2.0, "rotationY": 0.0, "rotationZ": 0.0 },
						"R back foot": { "offsetX": 0.0, "offsetY": 0.0, "offsetZ": 0.0, "rotationX": 0.0, "rotationY": 0.0, "rotationZ": 0.0 },
						"L back leg": { "offsetX": 0.0, "offsetY": 0.0, "offsetZ": 0.0, "rotationX": 2.0, "rotationY": 0.0, "rotationZ": 0.0 },
						"L back foot": { "offsetX": 0.0, "offsetY": 0.0, "offsetZ": 0.0, "rotationX": 0.0, "rotationY": 0.0, "rotationZ": 0.0 },
						"tail": { "rotationX": 0.0, "rotationY": 0.0, "rotationZ": 0.0 }
					}
				},
				{
					"frame": 90,
					"elements": {
						"Body": { "offsetX": 0.0, "offsetY": 0.0, "offsetZ": 0.0, "rotationX": -3.0, "rotationY": 3.0, "rotationZ": -1.0 },
						"neck": { "offsetX": 0.0, "offsetY": 0.0, "offsetZ": 0.0, "rotationX": 2.0, "rotationY": 20.0, "rotationZ": -3.0 },
						"head": { "offsetX": 0.0, "offsetY": 0.0, "offsetZ": 0.0, "rotationX": -22.0, "rotationY": -2.0, "rotationZ": 0.0 },
						"R front leg": { "offsetX": 0.0, "offsetY": 0.0, "offsetZ": 0.0, "rotationX": 3.0, "rotationY": 0.0, "rotationZ": 1.0 },
						"R front foot": { "offsetX": 0.0, "offsetY": 0.0, "offsetZ": 0.0, "rotationX": 0.0, "rotationY": 0.0, "rotationZ": 0.0 },
						"L front leg": { "offsetX": 0.0, "offsetY": 0.0, "offsetZ": 0.0, "rotationX": 3.0, "rotationY": 0.0, "rotationZ": 1.0 },
						"L front foot": { "offsetX": 0.0, "offsetY": 0.0, "offsetZ": 0.0, "rotationX": 0.0, "rotationY": 0.0, "rotationZ": 0.0 },
						"R back leg": { "offsetX": 0.0, "offsetY": 0.0, "offsetZ": 0.0, "rotationX": 3.0, "rotationY": 0.0, "rotationZ": 1.0 },
						"R back foot": { "offsetX": 0.0, "offsetY": 0.0, "offsetZ": 0.0, "rotationX": 0.0, "rotationY": 0.0, "rotationZ": 0.0 },
						"L back leg": { "offsetX": 0.0, "offsetY": 0.0, "offsetZ": 0.0, "rotationX": 3.0, "rotationY": 0.0, "rotationZ": 1.0 },
						"L back foot": { "offsetX": 0.0, "offsetY": 0.0, "offsetZ": 0.0, "rotationX": 0.0, "rotationY": 0.0, "rotationZ": 0.0 },
						"tail": { "rotationX": 0.0, "rotationY": 0.0, "rotationZ": 0.0 }
					}
				},
				{
					"frame": 135,
					"elements": {
						"Body": { "offsetX": 0.0, "offsetY": 0.0, "offsetZ": 0.0, "rotationX": -3.0, "rotationY": 3.0, "rotationZ": 0.0 },
						"neck": { "offsetX": 0.0, "offsetY": 0.0, "offsetZ": 0.0, "rotationX": 2.0, "rotationY": 20.0, "rotationZ": -3.0 },
						"head": { "offsetX": 0.0, "offsetY": 0.0, "offsetZ": 0.0, "rotationX": -22.0, "rotationY": -2.0, "rotationZ": 0.0 },
						"R front leg": { "offsetX": 0.0, "offsetY": 0.0, "offsetZ": 0.0, "rotationX": 3.0, "rotationY": 0.0, "rotationZ": 0.0 },
						"R front foot": { "offsetX": 0.0, "offsetY": 0.0, "offsetZ": 0.0, "rotationX": 0.0, "rotationY": 0.0, "rotationZ": 0.0 },
						"L front leg": { "offsetX": 0.0, "offsetY": 0.0, "offsetZ": 0.0, "rotationX": 3.0, "rotationY": 0.0, "rotationZ": 0.0 },
						"L front foot": { "offsetX": 0.0, "offsetY": 0.0, "offsetZ": 0.0, "rotationX": 0.0, "rotationY": 0.0, "rotationZ": 0.0 },
						"R back leg": { "offsetX": 0.0, "offsetY": 0.0, "offsetZ": 0.0, "rotationX": 3.0, "rotationY": 0.0, "rotationZ": 0.0 },
						"R back foot": { "offsetX": 0.0, "offsetY": 0.0, "offsetZ": 0.0, "rotationX": 0.0, "rotationY": 0.0, "rotationZ": 0.0 },
						"L back leg": { "offsetX": 0.0, "offsetY": 0.0, "offsetZ": 0.0, "rotationX": 3.0, "rotationY": 0.0, "rotationZ": 0.0 },
						"L back foot": { "offsetX": 0.0, "offsetY": 0.0, "offsetZ": 0.0, "rotationX": 0.0, "rotationY": 0.0, "rotationZ": 0.0 },
						"tail": { "rotationX": 0.0, "rotationY": 0.0, "rotationZ": 0.0 }
					}
				}
			]
		},

		{
			"name": "Hurt",
			"code": "hurt",
			"quantityframes": 30,
			"onActivityStopped": "PlayTillEnd",
			"onAnimationEnd": "Stop",
			"keyframes": [
				{
					"frame": 0,
					"elements": {
						"Body": { "offsetX": 0.0, "offsetY": 0.0, "offsetZ": 0.0, "rotationX": 0.0, "rotationY": 0.0, "rotationZ": 0.0 },
						"neck": { "offsetX": 0.0, "offsetY": 0.0, "offsetZ": 0.0, "rotationX": 0.0, "rotationY": 0.0, "rotationZ": 0.0 },
						"head": { "offsetX": 0.0, "offsetY": 0.0, "offsetZ": 0.0, "rotationX": 0.0, "rotationY": 0.0, "rotationZ": 0.0 },
						"R front leg": { "offsetX": 0.0, "offsetY": 0.0, "offsetZ": 0.0, "rotationX": 0.0, "rotationY": 0.0, "rotationZ": 0.0 },
						"R front foot": { "offsetX": 0.0, "offsetY": 0.0, "offsetZ": 0.0, "rotationX": 0.0, "rotationY": 0.0, "rotationZ": 0.0 },
						"L front leg": { "offsetX": 0.0, "offsetY": 0.0, "offsetZ": 0.0, "rotationX": 0.0, "rotationY": 0.0, "rotationZ": 0.0 },
						"L front foot": { "offsetX": 0.0, "offsetY": 0.0, "offsetZ": 0.0, "rotationX": 0.0, "rotationY": 0.0, "rotationZ": 0.0 },
						"R back leg": { "offsetX": 0.0, "offsetY": 0.0, "offsetZ": 0.0, "rotationX": 0.0, "rotationY": 0.0, "rotationZ": 0.0 },
						"R back foot": { "offsetX": 0.0, "offsetY": 0.0, "offsetZ": 0.0, "rotationX": 0.0, "rotationY": 0.0, "rotationZ": 0.0 },
						"L back leg": { "offsetX": 0.0, "offsetY": 0.0, "offsetZ": 0.0, "rotationX": 0.0, "rotationY": 0.0, "rotationZ": 0.0 },
						"L back foot": { "offsetX": 0.0, "offsetY": 0.0, "offsetZ": 0.0, "rotationX": 0.0, "rotationY": 0.0, "rotationZ": 0.0 }
					}
				},
				{
					"frame": 6,
					"elements": {
						"Body": { "offsetX": 0.0, "offsetY": 0.0, "offsetZ": 0.0, "rotationX": 1.0, "rotationY": -5.0, "rotationZ": -10.0 },
						"neck": { "offsetX": 0.0, "offsetY": 0.0, "offsetZ": 0.0, "rotationX": -2.0, "rotationY": 2.0, "rotationZ": -5.0 },
						"head": { "offsetX": 0.0, "offsetY": 0.0, "offsetZ": 0.0, "rotationX": 0.0, "rotationY": 0.0, "rotationZ": 15.0 },
						"R front leg": { "offsetX": 0.0, "offsetY": -1.0, "offsetZ": 0.0, "rotationX": -3.0, "rotationY": 0.0, "rotationZ": 5.0 },
						"R front foot": { "offsetX": 0.0, "offsetY": 0.0, "offsetZ": 0.0, "rotationX": 0.0, "rotationY": 0.0, "rotationZ": 5.0 },
						"L front leg": { "offsetX": 0.0, "offsetY": 0.0, "offsetZ": 0.0, "rotationX": 0.0, "rotationY": 0.0, "rotationZ": -5.0 },
						"L front foot": { "offsetX": 0.0, "offsetY": 0.0, "offsetZ": 0.0, "rotationX": 0.0, "rotationY": 0.0, "rotationZ": 25.0 },
						"R back leg": { "offsetX": 0.0, "offsetY": 1.0, "offsetZ": 0.0, "rotationX": 2.0, "rotationY": 0.0, "rotationZ": 15.0 },
						"R back foot": { "offsetX": 0.0, "offsetY": 0.0, "offsetZ": 0.0, "rotationX": 0.0, "rotationY": 0.0, "rotationZ": -7.0 },
						"L back leg": { "offsetX": 0.0, "offsetY": 1.0, "offsetZ": 0.0, "rotationX": 1.0, "rotationY": 0.0, "rotationZ": 15.0 },
						"L back foot": { "offsetX": 0.0, "offsetY": 0.0, "offsetZ": 0.0, "rotationX": 0.0, "rotationY": 0.0, "rotationZ": -5.0 }
					}
				}
			]
		},

		{
			"name": "Sit",
			"code": "sit",
			"quantityframes": 30,
			"onActivityStopped": "EaseOut",
			"onAnimationEnd": "Repeat",
			"keyframes": [
				{
					"frame": 0,
					"elements": {
						"Body": { "offsetX": 0.0, "offsetY": -9.5, "offsetZ": 1.0, "rotationX": 9.0, "rotationY": 0.0, "rotationZ": 0.0 },
						"neck": { "rotationX": 0.0, "rotationY": -28.0, "rotationZ": -8.0 },
						"head": { "rotationX": 30.0, "rotationY": -8.0, "rotationZ": 8.0 },
						"R front leg": { "rotationX": 33.0, "rotationY": 8.0, "rotationZ": -53.0 },
						"R front foot": { "rotationX": 0.0, "rotationY": 0.0, "rotationZ": 138.0 },
						"L front leg": { "rotationX": 33.0, "rotationY": 8.0, "rotationZ": -53.0 },
						"L front foot": { "rotationX": 0.0, "rotationY": 0.0, "rotationZ": 141.0 },
						"R back leg": { "offsetX": 0.0, "offsetY": 1.0, "offsetZ": 0.0, "rotationX": 17.0, "rotationY": -19.0, "rotationZ": 11.0 },
						"R back foot": { "offsetX": 1.0, "offsetY": 1.0, "offsetZ": 0.0, "rotationX": 0.0, "rotationY": 0.0, "rotationZ": -91.0 },
						"L back leg": { "offsetX": 0.0, "offsetY": 1.0, "offsetZ": 0.0, "rotationX": -11.0, "rotationY": 8.0, "rotationZ": 8.0 },
						"L back foot": { "offsetX": 1.0, "offsetY": 0.0, "offsetZ": 0.0, "rotationX": 0.0, "rotationY": 0.0, "rotationZ": -94.0 }
					}
				},
				{
					"frame": 15,
					"elements": {
						"Body": { "offsetX": 0.0, "offsetY": -9.5, "offsetZ": 1.0, "rotationX": 9.0, "rotationY": 0.0, "rotationZ": -1.0 },
						"neck": { "rotationX": 0.0, "rotationY": -28.0, "rotationZ": -7.0 },
						"head": { "rotationX": 30.0, "rotationY": -8.0, "rotationZ": 8.0 },
						"R front leg": { "rotationX": 33.0, "rotationY": 9.0, "rotationZ": -51.0 },
						"R front foot": { "rotationX": 0.0, "rotationY": 0.0, "rotationZ": 137.0 },
						"L front leg": { "rotationX": 33.0, "rotationY": 8.0, "rotationZ": -50.0 },
						"L front foot": { "rotationX": 0.0, "rotationY": 0.0, "rotationZ": 139.0 },
						"R back leg": { "offsetX": 0.1, "offsetY": 1.1, "offsetZ": 0.0, "rotationX": 18.0, "rotationY": -19.0, "rotationZ": 12.0 },
						"R back foot": { "offsetX": 1.0, "offsetY": 1.0, "offsetZ": 0.0, "rotationX": 0.0, "rotationY": 0.0, "rotationZ": -91.0 },
						"L back leg": { "offsetX": 0.1, "offsetY": 1.1, "offsetZ": 0.0, "rotationX": -11.0, "rotationY": 8.0, "rotationZ": 9.0 },
						"L back foot": { "offsetX": 1.0, "offsetY": 0.0, "offsetZ": 0.0, "rotationX": 0.0, "rotationY": 0.0, "rotationZ": -94.0 }
					}
				}
			]
		},

		{
			"name": "Sleep",
			"code": "sleep",
			"quantityframes": 30,
			"onActivityStopped": "EaseOut",
			"onAnimationEnd": "Repeat",
			"keyframes": [
				{
					"frame": 0,
					"elements": {
						"Body": { "offsetX": 0.0, "offsetY": -10.0, "offsetZ": 0.0, "rotationX": 0.0, "rotationY": -5.0, "rotationZ": 5.0 },
						"neck": { "offsetX": 0.0, "offsetY": 2.0, "offsetZ": 0.0, "rotationX": 0.0, "rotationY": 5.0, "rotationZ": 72.0 },
						"head": { "offsetX": 0.0, "offsetY": -1.2, "offsetZ": 0.0, "rotationX": 0.0, "rotationY": 0.0, "rotationZ": -75.0 },
						"R front leg": { "offsetX": 1.0, "offsetY": 2.0, "offsetZ": 0.0, "rotationX": 6.0, "rotationY": 14.0, "rotationZ": 19.0 },
						"R front foot": { "rotationX": 0.0, "rotationY": 0.0, "rotationZ": -114.0 },
						"L front leg": { "offsetX": 1.0, "offsetY": 2.0, "offsetZ": 0.0, "rotationX": -6.0, "rotationY": -3.0, "rotationZ": 28.0 },
						"L front foot": { "rotationX": 0.0, "rotationY": 0.0, "rotationZ": -122.0 },
						"R back leg": { "offsetX": 0.0, "offsetY": 1.0, "offsetZ": 0.0, "rotationX": 14.0, "rotationY": -11.0, "rotationZ": 8.0 },
						"R back foot": { "offsetX": 0.8, "offsetY": 0.0, "offsetZ": 0.0, "rotationX": 0.0, "rotationY": 0.0, "rotationZ": -100.0 },
						"L back leg": { "offsetX": 0.0, "offsetY": 1.0, "offsetZ": 0.0, "rotationX": -3.0, "rotationY": 8.0, "rotationZ": 8.0 },
						"L back foot": { "offsetX": 0.8, "offsetY": 0.0, "offsetZ": 0.0, "rotationX": 0.0, "rotationY": 0.0, "rotationZ": -96.0 }
					}
				},
				{
					"frame": 15,
					"elements": {
						"Body": { "offsetX": 0.1, "offsetY": -10.0, "offsetZ": 0.0, "rotationX": 0.0, "rotationY": -5.0, "rotationZ": 4.0 },
						"neck": { "offsetX": 0.0, "offsetY": 2.0, "offsetZ": 0.0, "rotationX": 0.0, "rotationY": 5.0, "rotationZ": 73.0 },
						"head": { "offsetX": 0.0, "offsetY": -1.2, "offsetZ": 0.0, "rotationX": 0.0, "rotationY": 0.0, "rotationZ": -74.0 },
						"R front leg": { "offsetX": 1.0, "offsetY": 2.0, "offsetZ": 0.0, "rotationX": 6.0, "rotationY": 14.0, "rotationZ": 20.0 },
						"R front foot": { "rotationX": 0.0, "rotationY": 0.0, "rotationZ": -114.0 },
						"L front leg": { "offsetX": 1.0, "offsetY": 2.0, "offsetZ": 0.0, "rotationX": -6.0, "rotationY": -3.0, "rotationZ": 29.0 },
						"L front foot": { "rotationX": 0.0, "rotationY": 0.0, "rotationZ": -122.0 },
						"R back leg": { "offsetX": 0.0, "offsetY": 1.0, "offsetZ": 0.0, "rotationX": 14.0, "rotationY": -11.0, "rotationZ": 10.0 },
						"R back foot": { "offsetX": 0.8, "offsetY": 0.0, "offsetZ": 0.0, "rotationX": 0.0, "rotationY": 0.0, "rotationZ": -102.0 },
						"L back leg": { "offsetX": 0.0, "offsetY": 1.0, "offsetZ": 0.0, "rotationX": -3.0, "rotationY": 8.0, "rotationZ": 10.0 },
						"L back foot": { "offsetX": 0.8, "offsetY": 0.0, "offsetZ": 0.0, "rotationX": 0.0, "rotationY": 0.0, "rotationZ": -98.0 }
					}
				}
			]
		}
	]
}