{
	"editor": {
		"allAngles": true,
		"entityTextureMode": true
	},
	"textureWidth": 64,
	"textureHeight": 96,
	"textureSizes": {
	},
	"textures": {
		"ram": "entity/land/domesticsheep/sheep-domestic-male-white"
	},
	"elements": [
		{
			"name": "Body",
			"from": [ 0.0, 10.0, 3.0 ], 
			"to": [ 18.0, 19.0, 13.0 ], 
			"uv": [ 1.0, 1.0 ],
			"rotationOrigin": [ 9.0, 14.0, 8.0 ],
			"faces": {
				"north": { "texture": "#ram", "uv": [ 1.0, 10.0, 10.0, 28.0 ], "rotation": 270 },
				"east": { "texture": "#ram", "uv": [ 10.0, 1.0, 20.0, 10.0 ], "rotation": 180 },
				"south": { "texture": "#ram", "uv": [ 20.0, 10.0, 29.0, 28.0 ], "rotation": 90 },
				"west": { "texture": "#ram", "uv": [ 10.0, 28.0, 20.0, 37.0 ] },
				"up": { "texture": "#ram", "uv": [ 10.0, 10.0, 20.0, 28.0 ], "rotation": 90 },
				"down": { "texture": "#ram", "uv": [ 29.0, 10.0, 39.0, 28.0 ], "rotation": 270 }
			},
			"children": [
				{
					"name": "neck",
					"from": [ -4.0, 0.9, 2.5 ], 
					"to": [ 4.0, 5.9, 7.5 ], 
					"autoUnwrap": false,
					"uv": [ 41.0, 10.0 ],
					"rotationOrigin": [ 3.0, 4.9, 5.0 ],
					"rotationZ": -50.0,
					"faces": {
						"north": { "texture": "#ram", "uv": [ 46.5, 17.0, 51.5, 25.0 ], "rotation": 90 },
						"east": { "texture": "#ram", "uv": [ 47.0, 25.0, 52.0, 30.0 ], "rotation": 180, "enabled": false },
						"south": { "texture": "#ram", "uv": [ 46.5, 17.0, 51.5, 25.0 ], "rotation": 270 },
						"west": { "texture": "#ram", "uv": [ 46.5, 12.0, 51.5, 17.0 ] },
						"up": { "texture": "#ram", "uv": [ 46.5, 17.0, 51.5, 25.0 ], "rotation": 90 },
						"down": { "texture": "#ram", "uv": [ 46.5, 17.0, 51.5, 25.0 ], "rotation": 90 }
					},
					"children": [
						{
							"name": "head",
							"from": [ -2.9, 1.2, -0.5 ], 
							"to": [ 3.1, 6.2, 5.5 ], 
							"uv": [ 39.0, 28.0 ],
							"rotationOrigin": [ 0.4, 2.2, 2.5 ],
							"rotationZ": 60.0,
							"faces": {
								"north": { "texture": "#ram", "uv": [ 39.0, 34.0, 45.0, 39.0 ] },
								"east": { "texture": "#ram", "uv": [ 45.0, 34.0, 51.0, 39.0 ] },
								"south": { "texture": "#ram", "uv": [ 51.0, 34.0, 57.0, 39.0 ] },
								"west": { "texture": "#ram", "uv": [ 57.0, 34.0, 63.0, 39.0 ] },
								"up": { "texture": "#ram", "uv": [ 39.0, 28.0, 45.0, 34.0 ], "rotation": 90 },
								"down": { "texture": "#ram", "uv": [ 45.0, 28.0, 51.0, 34.0 ], "rotation": 90 }
							},
							"children": [
								{
									"name": "mouth up",
									"from": [ -3.2, 1.2, 1.0 ], 
									"to": [ 2.8, 4.2, 5.0 ], 
									"uv": [ 49.0, 1.0 ],
									"rotationOrigin": [ 0.8, 2.2, 0.0 ],
									"rotationZ": 28.0,
									"faces": {
										"north": { "texture": "#ram", "uv": [ 49.0, 1.0, 52.0, 7.0 ], "rotation": 270 },
										"east": { "texture": "#ram", "uv": [ 52.0, -2.0, 56.0, 1.0 ], "rotation": 180, "enabled": false },
										"south": { "texture": "#ram", "uv": [ 56.0, 1.0, 59.0, 7.0 ], "rotation": 90 },
										"west": { "texture": "#ram", "uv": [ 52.0, 7.0, 56.0, 10.0 ] },
										"up": { "texture": "#ram", "uv": [ 52.0, 1.0, 56.0, 7.0 ], "rotation": 90 },
										"down": { "texture": "#ram", "uv": [ 59.0, 1.0, 63.0, 7.0 ], "rotation": 270 }
									}
								},
								{
									"name": "mouth down",
									"from": [ -1.7, 0.3, 1.02 ], 
									"to": [ 3.3, 1.3, 4.98 ], 
									"uv": [ 36.0, 1.0 ],
									"rotationOrigin": [ 2.3, 0.3, 3.0 ],
									"rotationZ": 17.0,
									"faces": {
										"north": { "texture": "#ram", "uv": [ 36.0, 1.0, 37.0, 6.0 ], "rotation": 270 },
										"east": { "texture": "#ram", "uv": [ 37.0, 0.0, 40.5, 1.0 ], "rotation": 180, "enabled": false },
										"south": { "texture": "#ram", "uv": [ 41.0, 1.0, 42.0, 6.0 ], "rotation": 90 },
										"west": { "texture": "#ram", "uv": [ 37.0, 6.0, 40.5, 7.0 ] },
										"up": { "texture": "#ram", "uv": [ 37.0, 1.0, 40.5, 6.0 ], "rotation": 90 },
										"down": { "texture": "#ram", "uv": [ 42.0, 1.0, 45.5, 6.0 ], "rotation": 270 }
									}
								},
								{
									"name": "R horn base",
									"from": [ 3.1, 2.0, 0.0 ], 
									"to": [ 8.1, 5.0, 3.0 ], 
									"uv": [ 0.0, 55.0 ],
									"rotationOrigin": [ 3.1, 3.5, 1.5 ],
									"rotationX": -10.0,
									"rotationY": 39.0,
									"rotationZ": 40.0,
									"faces": {
										"north": { "texture": "#ram", "uv": [ 0.0, 58.0, 3.0, 63.0 ], "rotation": 270 },
										"east": { "texture": "#ram", "uv": [ 3.0, 55.0, 6.0, 58.0 ], "rotation": 180 },
										"south": { "texture": "#ram", "uv": [ 6.0, 58.0, 9.0, 63.0 ], "rotation": 90 },
										"west": { "texture": "#ram", "uv": [ 3.0, 63.0, 6.0, 66.0 ], "enabled": false },
										"up": { "texture": "#ram", "uv": [ 3.0, 58.0, 6.0, 63.0 ], "rotation": 90 },
										"down": { "texture": "#ram", "uv": [ 9.0, 58.0, 12.0, 63.0 ], "rotation": 270 }
									},
									"children": [
										{
											"name": " R horn 2",
											"from": [ 3.6, 0.2, 0.6 ], 
											"to": [ 6.6, 3.2, 3.6 ], 
											"uv": [ 12.0, 55.0 ],
											"rotationOrigin": [ 3.6, 1.5, 2.0 ],
											"rotationY": 30.0,
											"rotationZ": -33.0,
											"faces": {
												"north": { "texture": "#ram", "uv": [ 12.0, 58.0, 15.0, 61.0 ], "rotation": 270 },
												"east": { "texture": "#ram", "uv": [ 15.0, 55.0, 18.0, 58.0 ], "rotation": 180 },
												"south": { "texture": "#ram", "uv": [ 18.0, 58.0, 21.0, 61.0 ], "rotation": 90 },
												"west": { "texture": "#ram", "uv": [ 15.0, 61.0, 18.0, 64.0 ] },
												"up": { "texture": "#ram", "uv": [ 15.0, 58.0, 18.0, 61.0 ], "rotation": 90 },
												"down": { "texture": "#ram", "uv": [ 21.0, 58.0, 24.0, 61.0 ], "rotation": 270 }
											},
											"children": [
												{
													"name": "R horn 3",
													"from": [ 2.2, 0.7, 0.8 ], 
													"to": [ 6.2, 2.7, 2.8 ], 
													"uv": [ 24.0, 56.0 ],
													"rotationOrigin": [ 2.2, 1.7, 1.8 ],
													"rotationX": 30.0,
													"rotationY": 3.0,
													"rotationZ": -47.0,
													"faces": {
														"north": { "texture": "#ram", "uv": [ 24.0, 58.0, 26.0, 62.0 ], "rotation": 270 },
														"east": { "texture": "#ram", "uv": [ 26.0, 56.0, 28.0, 58.0 ], "rotation": 180 },
														"south": { "texture": "#ram", "uv": [ 28.0, 58.0, 30.0, 62.0 ], "rotation": 90 },
														"west": { "texture": "#ram", "uv": [ 26.0, 62.0, 28.0, 64.0 ] },
														"up": { "texture": "#ram", "uv": [ 26.0, 58.0, 28.0, 62.0 ], "rotation": 90 },
														"down": { "texture": "#ram", "uv": [ 30.0, 58.0, 32.0, 62.0 ], "rotation": 270 }
													},
													"children": [
														{
															"name": "R horn 4",
															"from": [ 2.6, -0.5, -0.3 ], 
															"to": [ 5.6, 1.5, 1.7 ], 
															"uv": [ 32.0, 56.0 ],
															"rotationOrigin": [ 3.6, 0.5, 0.7 ],
															"rotationX": 25.0,
															"rotationZ": -60.0,
															"faces": {
																"north": { "texture": "#ram", "uv": [ 32.0, 58.0, 34.0, 61.0 ], "rotation": 270 },
																"east": { "texture": "#ram", "uv": [ 34.0, 56.0, 36.0, 58.0 ], "rotation": 180 },
																"south": { "texture": "#ram", "uv": [ 36.0, 58.0, 38.0, 61.0 ], "rotation": 90 },
																"west": { "texture": "#ram", "uv": [ 34.0, 61.0, 36.0, 63.0 ] },
																"up": { "texture": "#ram", "uv": [ 34.0, 58.0, 36.0, 61.0 ], "rotation": 90 },
																"down": { "texture": "#ram", "uv": [ 38.0, 58.0, 40.0, 61.0 ], "rotation": 270 }
															},
															"children": [
																{
																	"name": "R horn 5",
																	"from": [ 2.4, 0.5, 0.5 ], 
																	"to": [ 6.4, 1.5, 1.5 ], 
																	"uv": [ 40.0, 57.0 ],
																	"rotationOrigin": [ 2.9, 1.0, 1.0 ],
																	"rotationX": 10.0,
																	"rotationZ": -30.0,
																	"faces": {
																		"north": { "texture": "#ram", "uv": [ 40.0, 58.0, 41.0, 62.0 ], "rotation": 270 },
																		"east": { "texture": "#ram", "uv": [ 41.0, 57.0, 42.0, 58.0 ], "rotation": 180 },
																		"south": { "texture": "#ram", "uv": [ 42.0, 58.0, 43.0, 62.0 ], "rotation": 90 },
																		"west": { "texture": "#ram", "uv": [ 41.0, 62.0, 42.0, 63.0 ], "enabled": false },
																		"up": { "texture": "#ram", "uv": [ 41.0, 58.0, 42.0, 62.0 ], "rotation": 90 },
																		"down": { "texture": "#ram", "uv": [ 43.0, 58.0, 44.0, 62.0 ], "rotation": 270 }
																	}
																}
															]
														}
													]
												}
											]
										}
									]
								},
								{
									"name": "L horn base20",
									"from": [ 3.1, 2.0, 3.0 ], 
									"to": [ 8.1, 5.0, 6.0 ], 
									"uv": [ 0.0, 46.0 ],
									"rotationOrigin": [ 3.1, 3.5, 4.5 ],
									"rotationX": 10.0,
									"rotationY": -39.0,
									"rotationZ": 40.0,
									"faces": {
										"north": { "texture": "#ram", "uv": [ 0.0, 49.0, 3.0, 54.0 ], "rotation": 270 },
										"east": { "texture": "#ram", "uv": [ 3.0, 46.0, 6.0, 49.0 ], "rotation": 180 },
										"south": { "texture": "#ram", "uv": [ 6.0, 49.0, 9.0, 54.0 ], "rotation": 90 },
										"west": { "texture": "#ram", "uv": [ 3.0, 54.0, 6.0, 57.0 ], "enabled": false },
										"up": { "texture": "#ram", "uv": [ 3.0, 49.0, 6.0, 54.0 ], "rotation": 90 },
										"down": { "texture": "#ram", "uv": [ 9.0, 49.0, 12.0, 54.0 ], "rotation": 270 }
									},
									"children": [
										{
											"name": "L horn 21",
											"from": [ 3.6, 0.2, -0.6 ], 
											"to": [ 6.6, 3.2, 2.4 ], 
											"uv": [ 12.0, 46.0 ],
											"rotationOrigin": [ 3.6, 1.5, 1.0 ],
											"rotationY": -30.0,
											"rotationZ": -33.0,
											"faces": {
												"north": { "texture": "#ram", "uv": [ 12.0, 49.0, 15.0, 52.0 ], "rotation": 270 },
												"east": { "texture": "#ram", "uv": [ 15.0, 46.0, 18.0, 49.0 ], "rotation": 180 },
												"south": { "texture": "#ram", "uv": [ 18.0, 49.0, 21.0, 52.0 ], "rotation": 90 },
												"west": { "texture": "#ram", "uv": [ 15.0, 52.0, 18.0, 55.0 ] },
												"up": { "texture": "#ram", "uv": [ 15.0, 49.0, 18.0, 52.0 ], "rotation": 90 },
												"down": { "texture": "#ram", "uv": [ 21.0, 49.0, 24.0, 52.0 ], "rotation": 270 }
											},
											"children": [
												{
													"name": "L horn 22",
													"from": [ 2.2, 0.7, 0.2 ], 
													"to": [ 6.2, 2.7, 2.2 ], 
													"uv": [ 24.0, 47.0 ],
													"rotationOrigin": [ 2.2, 1.7, 0.8 ],
													"rotationX": -30.0,
													"rotationY": -3.0,
													"rotationZ": -47.0,
													"faces": {
														"north": { "texture": "#ram", "uv": [ 24.0, 49.0, 26.0, 53.0 ], "rotation": 270 },
														"east": { "texture": "#ram", "uv": [ 26.0, 47.0, 28.0, 49.0 ], "rotation": 180 },
														"south": { "texture": "#ram", "uv": [ 28.0, 49.0, 30.0, 53.0 ], "rotation": 90 },
														"west": { "texture": "#ram", "uv": [ 26.0, 53.0, 28.0, 55.0 ] },
														"up": { "texture": "#ram", "uv": [ 26.0, 49.0, 28.0, 53.0 ], "rotation": 90 },
														"down": { "texture": "#ram", "uv": [ 30.0, 49.0, 32.0, 53.0 ], "rotation": 270 }
													},
													"children": [
														{
															"name": "L horn 23",
															"from": [ 3.0, -0.5, 0.3 ], 
															"to": [ 6.0, 1.5, 2.3 ], 
															"uv": [ 32.0, 47.0 ],
															"rotationOrigin": [ 3.6, 0.5, 0.7 ],
															"rotationX": -25.0,
															"rotationZ": -60.0,
															"faces": {
																"north": { "texture": "#ram", "uv": [ 32.0, 49.0, 34.0, 52.0 ], "rotation": 270 },
																"east": { "texture": "#ram", "uv": [ 34.0, 47.0, 36.0, 49.0 ], "rotation": 180 },
																"south": { "texture": "#ram", "uv": [ 36.0, 49.0, 38.0, 52.0 ], "rotation": 90 },
																"west": { "texture": "#ram", "uv": [ 34.0, 52.0, 36.0, 54.0 ] },
																"up": { "texture": "#ram", "uv": [ 34.0, 49.0, 36.0, 52.0 ], "rotation": 90 },
																"down": { "texture": "#ram", "uv": [ 38.0, 49.0, 40.0, 52.0 ], "rotation": 270 }
															},
															"children": [
																{
																	"name": "L horn 24",
																	"from": [ 2.4, 0.5, 0.5 ], 
																	"to": [ 6.4, 1.5, 1.5 ], 
																	"uv": [ 40.0, 48.0 ],
																	"rotationOrigin": [ 2.9, 1.0, 1.0 ],
																	"rotationX": -10.0,
																	"rotationZ": -30.0,
																	"faces": {
																		"north": { "texture": "#ram", "uv": [ 40.0, 49.0, 41.0, 53.0 ], "rotation": 270 },
																		"east": { "texture": "#ram", "uv": [ 41.0, 48.0, 42.0, 49.0 ], "rotation": 180 },
																		"south": { "texture": "#ram", "uv": [ 42.0, 49.0, 43.0, 53.0 ], "rotation": 90 },
																		"west": { "texture": "#ram", "uv": [ 41.0, 53.0, 42.0, 54.0 ], "enabled": false },
																		"up": { "texture": "#ram", "uv": [ 41.0, 49.0, 42.0, 53.0 ], "rotation": 90 },
																		"down": { "texture": "#ram", "uv": [ 43.0, 49.0, 44.0, 53.0 ], "rotation": 270 }
																	}
																}
															]
														}
													]
												}
											]
										}
									]
								},
								{
									"name": "R ear",
									"from": [ 2.0, 2.0, -2.0 ], 
									"to": [ 3.0, 4.0, 1.0 ], 
									"uv": [ 25.0, 32.0 ],
									"rotationOrigin": [ 2.5, 3.0, 1.0 ],
									"rotationX": 8.0,
									"rotationY": -22.0,
									"rotationZ": 22.0,
									"faces": {
										"north": { "texture": "#ram", "uv": [ 25.0, 33.0, 26.0, 35.0 ] },
										"east": { "texture": "#ram", "uv": [ 30.0, 33.0, 33.0, 35.0 ] },
										"south": { "texture": "#ram", "uv": [ 29.0, 33.0, 30.0, 35.0 ], "enabled": false },
										"west": { "texture": "#ram", "uv": [ 26.0, 33.0, 29.0, 35.0 ] },
										"up": { "texture": "#ram", "uv": [ 26.0, 32.0, 29.0, 33.0 ], "rotation": 90 },
										"down": { "texture": "#ram", "uv": [ 26.0, 35.0, 29.0, 36.0 ], "rotation": 90 }
									}
								},
								{
									"name": "L ear",
									"from": [ 2.0, 2.0, 5.0 ], 
									"to": [ 3.0, 4.0, 8.0 ], 
									"uv": [ 26.0, 37.0 ],
									"rotationOrigin": [ 2.5, 3.0, 5.0 ],
									"rotationX": -8.0,
									"rotationY": 22.0,
									"rotationZ": 22.0,
									"faces": {
										"north": { "texture": "#ram", "uv": [ 25.0, 38.0, 26.0, 40.0 ], "enabled": false },
										"east": { "texture": "#ram", "uv": [ 30.0, 38.0, 33.0, 40.0 ] },
										"south": { "texture": "#ram", "uv": [ 29.0, 38.0, 30.0, 40.0 ] },
										"west": { "texture": "#ram", "uv": [ 26.0, 38.0, 29.0, 40.0 ] },
										"up": { "texture": "#ram", "uv": [ 26.0, 37.0, 29.0, 38.0 ], "rotation": 90 },
										"down": { "texture": "#ram", "uv": [ 26.0, 40.0, 29.0, 41.0 ], "rotation": 90 }
									}
								}
							]
						}
					],
					"attachmentpoints": [
						{
							"code": "rope",
							"posX": "2.0","posY": "3.0","posZ": "2.5",
							"rotationX": "0.0","rotationY": "0.0","rotationZ": "0.0"
						}
					]
				},
				{
					"name": "R front leg",
					"from": [ 2.0, -3.0, 1.0 ], 
					"to": [ 5.0, 3.0, 4.0 ], 
					"uv": [ 36.0, 67.0 ],
					"rotationOrigin": [ 3.5, 3.0, 2.5 ],
					"faces": {
						"north": { "texture": "#ram", "uv": [ 36.0, 67.0, 39.0, 73.0 ] },
						"east": { "texture": "#ram", "uv": [ 45.0, 67.0, 48.0, 73.0 ] },
						"south": { "texture": "#ram", "uv": [ 42.0, 67.0, 45.0, 73.0 ] },
						"west": { "texture": "#ram", "uv": [ 39.0, 67.0, 42.0, 73.0 ] },
						"up": { "texture": "#ram", "uv": [ 39.0, 64.0, 42.0, 67.0 ], "rotation": 90, "enabled": false },
						"down": { "texture": "#ram", "uv": [ 39.0, 73.0, 42.0, 76.0 ], "rotation": 90 }
					},
					"children": [
						{
							"name": "R front foot",
							"from": [ 0.1, -7.0, 0.1 ], 
							"to": [ 2.9, 1.0, 2.9 ], 
							"uv": [ 36.0, 77.0 ],
							"rotationOrigin": [ 1.6, 1.0, 1.6 ],
							"faces": {
								"north": { "texture": "#ram", "uv": [ 36.0, 80.0, 38.5, 88.0 ] },
								"east": { "texture": "#ram", "uv": [ 43.5, 80.0, 46.0, 88.0 ] },
								"south": { "texture": "#ram", "uv": [ 41.0, 80.0, 43.5, 88.0 ] },
								"west": { "texture": "#ram", "uv": [ 38.5, 80.0, 41.0, 88.0 ] },
								"up": { "texture": "#ram", "uv": [ 38.5, 77.0, 41.0, 79.5 ], "rotation": 90 },
								"down": { "texture": "#ram", "uv": [ 38.5, 88.0, 41.0, 90.5 ], "rotation": 90 }
							}
						}
					]
				},
				{
					"name": "L front leg",
					"from": [ 2.0, -3.0, 6.0 ], 
					"to": [ 5.0, 3.0, 9.0 ], 
					"uv": [ 49.0, 67.0 ],
					"rotationOrigin": [ 3.5, 3.0, 7.5 ],
					"faces": {
						"north": { "texture": "#ram", "uv": [ 49.0, 67.0, 52.0, 73.0 ] },
						"east": { "texture": "#ram", "uv": [ 58.0, 67.0, 61.0, 73.0 ] },
						"south": { "texture": "#ram", "uv": [ 55.0, 67.0, 58.0, 73.0 ] },
						"west": { "texture": "#ram", "uv": [ 52.0, 67.0, 55.0, 73.0 ] },
						"up": { "texture": "#ram", "uv": [ 52.0, 64.0, 55.0, 67.0 ], "rotation": 90, "enabled": false },
						"down": { "texture": "#ram", "uv": [ 52.0, 73.0, 55.0, 76.0 ], "rotation": 90 }
					},
					"children": [
						{
							"name": "L front foot",
							"from": [ 0.1, -7.0, 0.1 ], 
							"to": [ 2.9, 1.0, 2.9 ], 
							"uv": [ 49.0, 77.0 ],
							"rotationOrigin": [ 1.6, 1.0, 1.6 ],
							"faces": {
								"north": { "texture": "#ram", "uv": [ 49.0, 80.0, 51.5, 88.0 ] },
								"east": { "texture": "#ram", "uv": [ 56.5, 80.0, 59.0, 88.0 ] },
								"south": { "texture": "#ram", "uv": [ 54.0, 80.0, 56.5, 88.0 ] },
								"west": { "texture": "#ram", "uv": [ 51.5, 80.0, 54.0, 88.0 ] },
								"up": { "texture": "#ram", "uv": [ 51.5, 77.0, 54.0, 79.5 ], "rotation": 90 },
								"down": { "texture": "#ram", "uv": [ 51.5, 88.0, 54.0, 90.5 ], "rotation": 90 }
							}
						}
					]
				},
				{
					"name": "R back leg",
					"from": [ 13.3, -2.0, -0.2 ], 
					"to": [ 17.3, 6.0, 3.8 ], 
					"uv": [ 1.0, 67.0 ],
					"rotationOrigin": [ 15.3, 5.0, 1.8 ],
					"rotationZ": 15.0,
					"faces": {
						"north": { "texture": "#ram", "uv": [ 1.0, 67.0, 5.0, 75.0 ] },
						"east": { "texture": "#ram", "uv": [ 13.0, 67.0, 17.0, 75.0 ] },
						"south": { "texture": "#ram", "uv": [ 9.0, 67.0, 13.0, 75.0 ] },
						"west": { "texture": "#ram", "uv": [ 5.0, 67.0, 9.0, 75.0 ] },
						"up": { "texture": "#ram", "uv": [ 3.0, 5.0, 7.0, 9.0 ], "rotation": 90 },
						"down": { "texture": "#ram", "uv": [ 5.0, 75.0, 9.0, 79.0 ], "rotation": 90 }
					},
					"children": [
						{
							"name": "R back foot",
							"from": [ 0.8, -8.2, 1.1 ], 
							"to": [ 3.6, 1.8, 3.9 ], 
							"uv": [ 2.0, 80.0 ],
							"rotationOrigin": [ 2.3, 1.8, 2.6 ],
							"rotationZ": -15.0,
							"faces": {
								"north": { "texture": "#ram", "uv": [ 2.0, 83.0, 4.5, 93.0 ] },
								"east": { "texture": "#ram", "uv": [ 9.5, 83.0, 12.0, 93.0 ] },
								"south": { "texture": "#ram", "uv": [ 7.0, 83.0, 9.5, 93.0 ] },
								"west": { "texture": "#ram", "uv": [ 4.5, 83.0, 7.0, 93.0 ] },
								"up": { "texture": "#ram", "uv": [ 4.5, 80.0, 7.0, 82.5 ], "rotation": 90 },
								"down": { "texture": "#ram", "uv": [ 4.5, 93.0, 7.0, 95.5 ], "rotation": 90 }
							}
						}
					]
				},
				{
					"name": "L back leg",
					"from": [ 13.3, -2.0, 6.2 ], 
					"to": [ 17.3, 6.0, 10.2 ], 
					"uv": [ 18.0, 67.0 ],
					"rotationOrigin": [ 15.3, 5.0, 2.2 ],
					"rotationZ": 15.0,
					"faces": {
						"north": { "texture": "#ram", "uv": [ 18.0, 67.0, 22.0, 75.0 ] },
						"east": { "texture": "#ram", "uv": [ 30.0, 67.0, 34.0, 75.0 ] },
						"south": { "texture": "#ram", "uv": [ 26.0, 67.0, 30.0, 75.0 ] },
						"west": { "texture": "#ram", "uv": [ 22.0, 67.0, 26.0, 75.0 ] },
						"up": { "texture": "#ram", "uv": [ 3.0, 5.0, 7.0, 9.0 ], "rotation": 90 },
						"down": { "texture": "#ram", "uv": [ 22.0, 75.0, 26.0, 79.0 ], "rotation": 90 }
					},
					"children": [
						{
							"name": "L back foot",
							"from": [ 0.8, -8.2, 0.1 ], 
							"to": [ 3.6, 1.8, 2.9 ], 
							"uv": [ 20.0, 80.0 ],
							"rotationOrigin": [ 2.3, 1.8, 1.6 ],
							"rotationZ": -15.0,
							"faces": {
								"north": { "texture": "#ram", "uv": [ 20.0, 83.0, 22.5, 93.0 ] },
								"east": { "texture": "#ram", "uv": [ 27.5, 83.0, 30.0, 93.0 ] },
								"south": { "texture": "#ram", "uv": [ 25.0, 83.0, 27.5, 93.0 ] },
								"west": { "texture": "#ram", "uv": [ 22.5, 83.0, 25.0, 93.0 ] },
								"up": { "texture": "#ram", "uv": [ 22.5, 80.0, 25.0, 82.5 ], "rotation": 90 },
								"down": { "texture": "#ram", "uv": [ 22.5, 93.0, 25.0, 95.5 ], "rotation": 90 }
							}
						}
					]
				},
				{
					"name": "tail",
					"from": [ 17.2, 6.5, 4.0 ], 
					"to": [ 20.2, 8.5, 6.0 ], 
					"autoUnwrap": false,
					"uv": [ 23.0, 1.5 ],
					"rotationOrigin": [ 17.2, 7.5, 5.0 ],
					"rotationZ": -45.0,
					"faces": {
						"north": { "texture": "#ram", "uv": [ 23.0, 4.5, 25.0, 7.5 ], "rotation": 270 },
						"east": { "texture": "#ram", "uv": [ 25.0, 4.5, 27.0, 6.5 ], "rotation": 180 },
						"south": { "texture": "#ram", "uv": [ 27.0, 4.5, 29.0, 7.5 ], "rotation": 90 },
						"west": { "texture": "#ram", "uv": [ 57.0, 50.0, 59.0, 52.0 ], "enabled": false },
						"up": { "texture": "#ram", "uv": [ 23.0, 1.5, 25.0, 4.5 ], "rotation": 90 },
						"down": { "texture": "#ram", "uv": [ 25.0, 1.5, 27.0, 4.5 ], "rotation": 270 }
					},
					"children": [
						{
							"name": "Cube1",
							"from": [ 1.6, 0.5, -0.05 ], 
							"to": [ 5.6, 2.6, 2.05 ], 
							"uv": [ 0.5, 4.0 ],
							"rotationOrigin": [ 1.6, 0.5, 0.0 ],
							"rotationZ": -40.0,
							"faces": {
								"north": { "texture": "#ram", "uv": [ 0.5, 6.0, 4.5, 8.0 ] },
								"east": { "texture": "#ram", "uv": [ 4.5, 6.0, 6.5, 8.0 ] },
								"south": { "texture": "#ram", "uv": [ 6.5, 6.0, 10.5, 8.0 ] },
								"west": { "texture": "#ram", "uv": [ 10.5, 6.0, 12.5, 8.0 ] },
								"up": { "texture": "#ram", "uv": [ 0.5, 4.0, 4.5, 6.0 ] },
								"down": { "texture": "#ram", "uv": [ 4.5, 4.0, 8.5, 6.0 ] }
							}
						}
					]
				}
			],
			"attachmentpoints": [
				{
					"code": "Center",
					"posX": "9.0","posY": "4.0","posZ": "5.0",
					"rotationX": "0.0","rotationY": "0.0","rotationZ": "0.0"
				}
			]
		}
	],
	"animations": [
		{
			"name": "Walk",
			"code": "walk",
			"quantityframes": 90,
			"onActivityStopped": "EaseOut",
			"onAnimationEnd": "Repeat",
			"keyframes": [
				{
					"frame": 0,
					"elements": {
						"Body": { "offsetX": 0.0, "offsetY": 0.0, "offsetZ": 0.0, "rotationX": -2.0, "rotationY": -1.0, "rotationZ": -2.0 },
						"neck": { "offsetX": 0.0, "offsetY": 0.0, "offsetZ": 0.0, "rotationX": 2.0, "rotationY": 0.0, "rotationZ": 3.0 },
						"head": { "offsetX": 0.0, "offsetY": 0.0, "offsetZ": 0.0, "rotationX": 0.0, "rotationY": 0.0, "rotationZ": -3.0 },
						"L ear": { "offsetX": 0.0, "offsetY": 0.0, "offsetZ": 0.0, "rotationX": 0.0, "rotationY": 0.0, "rotationZ": 0.0 },
						"R ear": { "offsetX": 0.0, "offsetY": 0.0, "offsetZ": 0.0, "rotationX": 0.0, "rotationY": 0.0, "rotationZ": 0.0 },
						"R front leg": { "offsetX": 0.0, "offsetY": 0.0, "offsetZ": 0.0, "rotationX": 2.0, "rotationY": 0.0, "rotationZ": 8.0 },
						"R front foot": { "offsetX": 0.0, "offsetY": 0.0, "offsetZ": 0.0, "rotationX": 0.0, "rotationY": 0.0, "rotationZ": 0.0 },
						"L front leg": { "offsetX": -0.5, "offsetY": -0.5, "offsetZ": 0.0, "rotationX": 0.0, "rotationY": 1.0, "rotationZ": -33.0 },
						"L front foot": { "offsetX": 0.0, "offsetY": 0.0, "offsetZ": 0.0, "rotationX": 0.0, "rotationY": 0.0, "rotationZ": 39.0 },
						"R back leg": { "offsetX": -1.0, "offsetY": 1.0, "offsetZ": 0.0, "rotationX": 2.0, "rotationY": 0.0, "rotationZ": 11.0 },
						"R back foot": { "offsetX": 0.0, "offsetY": 0.0, "offsetZ": 0.0, "rotationX": 0.0, "rotationY": 0.0, "rotationZ": -30.0 },
						"L back leg": { "offsetX": 0.0, "offsetY": 0.0, "offsetZ": 0.0, "rotationX": 0.0, "rotationY": 2.0, "rotationZ": 8.0 },
						"L back foot": { "offsetX": 0.0, "offsetY": 0.0, "offsetZ": 0.0, "rotationX": 0.0, "rotationY": 0.0, "rotationZ": 0.0 },
						"tail": { "offsetX": 0.0, "offsetY": 0.0, "offsetZ": 0.0, "rotationX": 0.0, "rotationY": 0.0, "rotationZ": 0.0 }
					}
				},
				{
					"frame": 15,
					"elements": {
						"Body": { "offsetX": 0.0, "offsetY": 0.0, "offsetZ": 0.0, "rotationX": 2.0, "rotationY": -1.0, "rotationZ": 2.0 },
						"neck": { "offsetX": 0.0, "offsetY": 0.0, "offsetZ": 0.0, "rotationX": -2.0, "rotationY": 0.0, "rotationZ": 9.0 },
						"head": { "offsetX": 0.0, "offsetY": 0.0, "offsetZ": 0.0, "rotationX": 0.0, "rotationY": 0.0, "rotationZ": -14.0 },
						"R ear": { "offsetX": 0.0, "offsetY": 0.0, "offsetZ": 0.0, "rotationX": -8.0, "rotationY": -14.0, "rotationZ": 0.0 },
						"L ear": { "offsetX": 0.0, "offsetY": 0.0, "offsetZ": 0.0, "rotationX": 8.0, "rotationY": 14.0, "rotationZ": 0.0 },
						"R front leg": { "offsetX": 0.0, "offsetY": -0.5, "offsetZ": 0.0, "rotationX": 0.0, "rotationY": 0.0, "rotationZ": 14.0 },
						"R front foot": { "offsetX": 0.0, "offsetY": 0.0, "offsetZ": 0.0, "rotationX": 0.0, "rotationY": 0.0, "rotationZ": 0.0 },
						"L front leg": { "offsetX": -1.0, "offsetY": -1.0, "offsetZ": 0.0, "rotationX": -2.0, "rotationY": 1.0, "rotationZ": -17.0 },
						"L front foot": { "offsetX": 0.0, "offsetY": 0.0, "offsetZ": 0.0, "rotationX": 0.0, "rotationY": 0.0, "rotationZ": -6.0 },
						"R back leg": { "offsetX": -2.0, "offsetY": -0.5, "offsetZ": 0.0, "rotationX": 0.0, "rotationY": 0.0, "rotationZ": 8.0 },
						"R back foot": { "offsetX": 0.0, "offsetY": 0.0, "offsetZ": 0.0, "rotationX": 0.0, "rotationY": 0.0, "rotationZ": -33.0 },
						"L back leg": { "offsetX": 0.5, "offsetY": -1.5, "offsetZ": 0.0, "rotationX": -2.0, "rotationY": 1.0, "rotationZ": 14.0 },
						"L back foot": { "offsetX": 0.0, "offsetY": 0.0, "offsetZ": 0.0, "rotationX": 0.0, "rotationY": 0.0, "rotationZ": -2.0 },
						"tail": { "offsetX": 0.0, "offsetY": 0.0, "offsetZ": 0.0, "rotationX": 0.0, "rotationY": 0.0, "rotationZ": 19.0 }
					}
				},
				{
					"frame": 30,
					"elements": {
						"Body": { "offsetX": 0.0, "offsetY": 0.0, "offsetZ": 0.0, "rotationX": 0.0, "rotationY": 0.0, "rotationZ": 0.0 },
						"neck": { "offsetX": 0.0, "offsetY": 0.0, "offsetZ": 0.0, "rotationX": -2.0, "rotationY": 0.0, "rotationZ": 6.0 },
						"head": { "offsetX": 0.0, "offsetY": 0.0, "offsetZ": 0.0, "rotationX": 0.0, "rotationY": 0.0, "rotationZ": -8.0 },
						"R front leg": { "offsetX": 0.0, "offsetY": 0.0, "offsetZ": 0.0, "rotationX": 0.0, "rotationY": 0.0, "rotationZ": -8.0 },
						"R front foot": { "offsetX": 0.0, "offsetY": 0.0, "offsetZ": 0.0, "rotationX": 0.0, "rotationY": 0.0, "rotationZ": 30.0 },
						"L front leg": { "offsetX": -1.0, "offsetY": 0.0, "offsetZ": 0.0, "rotationX": 0.0, "rotationY": 0.0, "rotationZ": -6.0 },
						"L front foot": { "offsetX": 0.0, "offsetY": 0.0, "offsetZ": 0.0, "rotationX": 0.0, "rotationY": 0.0, "rotationZ": -6.0 },
						"L back leg": { "offsetX": 0.0, "offsetY": -1.0, "offsetZ": 0.0, "rotationX": 0.0, "rotationY": 0.0, "rotationZ": 17.0 },
						"L back foot": { "offsetX": 0.0, "offsetY": 0.0, "offsetZ": 0.0, "rotationX": 0.0, "rotationY": 0.0, "rotationZ": -19.0 },
						"tail": { "offsetX": 0.0, "offsetY": 0.0, "offsetZ": 0.0, "rotationX": 0.0, "rotationY": 0.0, "rotationZ": 11.0 }
					}
				},
				{
					"frame": 45,
					"elements": {
						"Body": { "offsetX": 0.0, "offsetY": 0.0, "offsetZ": 0.0, "rotationX": 2.0, "rotationY": 1.0, "rotationZ": -2.0 },
						"neck": { "offsetX": 0.0, "offsetY": 0.0, "offsetZ": 0.0, "rotationX": -2.0, "rotationY": 0.0, "rotationZ": 3.0 },
						"head": { "offsetX": 0.0, "offsetY": 0.0, "offsetZ": 0.0, "rotationX": 0.0, "rotationY": 0.0, "rotationZ": -3.0 },
						"L ear": { "offsetX": 0.0, "offsetY": 0.0, "offsetZ": 0.0, "rotationX": 0.0, "rotationY": 0.0, "rotationZ": 0.0 },
						"R ear": { "offsetX": 0.0, "offsetY": 0.0, "offsetZ": 0.0, "rotationX": 0.0, "rotationY": 0.0, "rotationZ": 0.0 },
						"R front leg": { "offsetX": -0.5, "offsetY": -0.5, "offsetZ": 0.0, "rotationX": 0.0, "rotationY": -1.0, "rotationZ": -33.0 },
						"R front foot": { "offsetX": 0.0, "offsetY": 0.0, "offsetZ": 0.0, "rotationX": 0.0, "rotationY": 0.0, "rotationZ": 39.0 },
						"L front leg": { "offsetX": -1.0, "offsetY": 0.0, "offsetZ": 0.0, "rotationX": -2.0, "rotationY": 0.0, "rotationZ": 8.0 },
						"L front foot": { "offsetX": 0.0, "offsetY": 0.0, "offsetZ": 0.0, "rotationX": 0.0, "rotationY": 0.0, "rotationZ": 0.0 },
						"R back leg": { "offsetX": 0.0, "offsetY": 0.0, "offsetZ": 0.0, "rotationX": 0.0, "rotationY": -2.0, "rotationZ": 8.0 },
						"R back foot": { "offsetX": 0.0, "offsetY": 0.0, "offsetZ": 0.0, "rotationX": 0.0, "rotationY": 0.0, "rotationZ": 0.0 },
						"L back leg": { "offsetX": -1.0, "offsetY": 1.0, "offsetZ": 0.0, "rotationX": -2.0, "rotationY": 0.0, "rotationZ": 11.0 },
						"L back foot": { "offsetX": 0.0, "offsetY": 0.0, "offsetZ": 0.0, "rotationX": 0.0, "rotationY": 0.0, "rotationZ": -30.0 },
						"tail": { "offsetX": 0.0, "offsetY": 0.0, "offsetZ": 0.0, "rotationX": 0.0, "rotationY": 0.0, "rotationZ": 0.0 }
					}
				},
				{
					"frame": 60,
					"elements": {
						"Body": { "offsetX": 0.0, "offsetY": 0.0, "offsetZ": 0.0, "rotationX": -2.0, "rotationY": 1.0, "rotationZ": 2.0 },
						"neck": { "offsetX": 0.0, "offsetY": 0.0, "offsetZ": 0.0, "rotationX": 2.0, "rotationY": 0.0, "rotationZ": 9.0 },
						"head": { "offsetX": 0.0, "offsetY": 0.0, "offsetZ": 0.0, "rotationX": 0.0, "rotationY": 0.0, "rotationZ": -14.0 },
						"L ear": { "offsetX": 0.0, "offsetY": 0.0, "offsetZ": 0.0, "rotationX": 8.0, "rotationY": 14.0, "rotationZ": 0.0 },
						"R ear": { "offsetX": 0.0, "offsetY": 0.0, "offsetZ": 0.0, "rotationX": -8.0, "rotationY": -14.0, "rotationZ": 0.0 },
						"R front leg": { "offsetX": 0.0, "offsetY": -0.5, "offsetZ": 0.0, "rotationX": 2.0, "rotationY": -1.0, "rotationZ": -17.0 },
						"R front foot": { "offsetX": 0.0, "offsetY": 0.0, "offsetZ": 0.0, "rotationX": 0.0, "rotationY": 0.0, "rotationZ": -6.0 },
						"L front leg": { "offsetX": 0.0, "offsetY": -0.5, "offsetZ": 0.0, "rotationX": 0.0, "rotationY": 0.0, "rotationZ": 14.0 },
						"L front foot": { "offsetX": 0.0, "offsetY": 0.0, "offsetZ": 0.0, "rotationX": 0.0, "rotationY": 0.0, "rotationZ": 0.0 },
						"R back leg": { "offsetX": 0.5, "offsetY": -1.5, "offsetZ": 0.0, "rotationX": 2.0, "rotationY": -1.0, "rotationZ": 14.0 },
						"R back foot": { "offsetX": 0.0, "offsetY": 0.0, "offsetZ": 0.0, "rotationX": 0.0, "rotationY": 0.0, "rotationZ": -2.0 },
						"L back leg": { "offsetX": -2.0, "offsetY": -1.0, "offsetZ": 0.0, "rotationX": 0.0, "rotationY": 0.0, "rotationZ": 8.0 },
						"L back foot": { "offsetX": 0.0, "offsetY": 0.0, "offsetZ": 0.0, "rotationX": 0.0, "rotationY": 0.0, "rotationZ": -33.0 },
						"tail": { "offsetX": 0.0, "offsetY": 0.0, "offsetZ": 0.0, "rotationX": 0.0, "rotationY": 0.0, "rotationZ": 14.0 }
					}
				},
				{
					"frame": 75,
					"elements": {
						"Body": { "offsetX": 0.0, "offsetY": 0.0, "offsetZ": 0.0, "rotationX": 0.0, "rotationY": 0.0, "rotationZ": 0.0 },
						"neck": { "offsetX": 0.0, "offsetY": 0.0, "offsetZ": 0.0, "rotationX": 2.0, "rotationY": 0.0, "rotationZ": 6.0 },
						"head": { "offsetX": 0.0, "offsetY": 0.0, "offsetZ": 0.0, "rotationX": 0.0, "rotationY": 0.0, "rotationZ": -8.0 },
						"R front leg": { "offsetX": -1.0, "offsetY": 0.0, "offsetZ": 0.0, "rotationX": 0.0, "rotationY": 0.0, "rotationZ": -6.0 },
						"R front foot": { "offsetX": 0.0, "offsetY": 0.0, "offsetZ": 0.0, "rotationX": 0.0, "rotationY": 0.0, "rotationZ": -6.0 },
						"L front leg": { "offsetX": 0.0, "offsetY": 0.0, "offsetZ": 0.0, "rotationX": 0.0, "rotationY": 0.0, "rotationZ": -8.0 },
						"L front foot": { "offsetX": 0.0, "offsetY": 0.0, "offsetZ": 0.0, "rotationX": 0.0, "rotationY": 0.0, "rotationZ": 30.0 },
						"R back leg": { "offsetX": 0.0, "offsetY": -1.0, "offsetZ": 0.0, "rotationX": 0.0, "rotationY": 0.0, "rotationZ": 17.0 },
						"R back foot": { "offsetX": 0.0, "offsetY": 0.0, "offsetZ": 0.0, "rotationX": 0.0, "rotationY": 0.0, "rotationZ": -19.0 },
						"tail": { "offsetX": 0.0, "offsetY": 0.0, "offsetZ": 0.0, "rotationX": 0.0, "rotationY": 0.0, "rotationZ": 11.0 }
					}
				}
			]
		},

		{
			"name": "Run",
			"code": "run",
			"quantityframes": 40,
			"onActivityStopped": "EaseOut",
			"onAnimationEnd": "Repeat",
			"keyframes": [
				{
					"frame": 0,
					"elements": {
						"Body": { "offsetX": 4.0, "offsetY": -3.0, "offsetZ": 0.0, "rotationX": 0.0, "rotationY": 0.0, "rotationZ": -6.0 },
						"neck": { "offsetX": 0.0, "offsetY": 0.0, "offsetZ": 0.0, "rotationX": 0.0, "rotationY": 0.0, "rotationZ": 36.0 },
						"head": { "offsetX": 0.0, "offsetY": 0.0, "offsetZ": 0.0, "rotationX": 0.0, "rotationY": 0.0, "rotationZ": 6.0 },
						"L ear": { "offsetX": 0.0, "offsetY": 0.0, "offsetZ": 0.0, "rotationX": 0.0, "rotationY": 0.0, "rotationZ": 0.0 },
						"R ear": { "offsetX": 0.0, "offsetY": 0.0, "offsetZ": 0.0, "rotationX": 0.0, "rotationY": 0.0, "rotationZ": 0.0 },
						"R front leg": { "offsetX": -1.0, "offsetY": 2.0, "offsetZ": 0.0, "rotationX": 0.0, "rotationY": 0.0, "rotationZ": -13.0 },
						"R front foot": { "offsetX": 0.0, "offsetY": 0.0, "offsetZ": 0.0, "rotationX": 0.0, "rotationY": 0.0, "rotationZ": 30.0 },
						"L front leg": { "offsetX": -1.0, "offsetY": 2.0, "offsetZ": 0.0, "rotationX": 0.0, "rotationY": 0.0, "rotationZ": -13.0 },
						"L front foot": { "offsetX": 0.0, "offsetY": 0.0, "offsetZ": 0.0, "rotationX": 0.0, "rotationY": 0.0, "rotationZ": 11.0 },
						"R back leg": { "offsetX": 1.0, "offsetY": 2.0, "offsetZ": 0.0, "rotationX": 0.0, "rotationY": 0.0, "rotationZ": 39.0 },
						"R back foot": { "offsetX": 0.0, "offsetY": 0.0, "offsetZ": 0.0, "rotationX": 0.0, "rotationY": 0.0, "rotationZ": -44.0 },
						"L back leg": { "offsetX": 1.0, "offsetY": 2.5, "offsetZ": 0.0, "rotationX": 0.0, "rotationY": 0.0, "rotationZ": 19.0 },
						"L back foot": { "offsetX": 0.0, "offsetY": 0.0, "offsetZ": 0.0, "rotationX": 0.0, "rotationY": 0.0, "rotationZ": -36.0 },
						"tail": { "offsetX": 0.0, "offsetY": 0.0, "offsetZ": 0.0, "rotationX": 0.0, "rotationY": 0.0, "rotationZ": 19.0 }
					}
				},
				{
					"frame": 10,
					"elements": {
						"Body": { "offsetX": -2.0, "offsetY": 0.0, "offsetZ": 0.0, "rotationX": 0.0, "rotationY": 0.0, "rotationZ": 0.0 },
						"neck": { "offsetX": 0.0, "offsetY": 0.0, "offsetZ": 0.0, "rotationX": 0.0, "rotationY": 0.0, "rotationZ": 39.0 },
						"head": { "offsetX": 0.0, "offsetY": 0.0, "offsetZ": 0.0, "rotationX": 0.0, "rotationY": 0.0, "rotationZ": 11.0 },
						"R ear": { "offsetX": 0.0, "offsetY": 0.0, "offsetZ": 0.0, "rotationX": -30.0, "rotationY": -14.0, "rotationZ": -22.0 },
						"L ear": { "offsetX": 0.0, "offsetY": 0.0, "offsetZ": 0.0, "rotationX": 30.0, "rotationY": 14.0, "rotationZ": -22.0 },
						"R front leg": { "offsetX": 0.0, "offsetY": 0.0, "offsetZ": 0.0, "rotationX": 0.0, "rotationY": 0.0, "rotationZ": 30.0 },
						"R front foot": { "offsetX": 0.0, "offsetY": 0.0, "offsetZ": 0.0, "rotationX": 0.0, "rotationY": 0.0, "rotationZ": 50.0 },
						"L front leg": { "offsetX": 0.0, "offsetY": 0.0, "offsetZ": 0.0, "rotationX": 0.0, "rotationY": 0.0, "rotationZ": 17.0 },
						"L front foot": { "offsetX": 0.0, "offsetY": 0.0, "offsetZ": 0.0, "rotationX": 0.0, "rotationY": 0.0, "rotationZ": 28.0 },
						"R back leg": { "offsetX": 0.0, "offsetY": 0.0, "offsetZ": 0.0, "rotationX": 0.0, "rotationY": 0.0, "rotationZ": 42.0 },
						"R back foot": { "offsetX": 0.0, "offsetY": 0.0, "offsetZ": 0.0, "rotationX": 0.0, "rotationY": 0.0, "rotationZ": -6.0 },
						"L back leg": { "offsetX": 0.0, "offsetY": 0.0, "offsetZ": 0.0, "rotationX": 0.0, "rotationY": 0.0, "rotationZ": 30.0 },
						"L back foot": { "offsetX": 0.0, "offsetY": 0.0, "offsetZ": 0.0, "rotationX": 0.0, "rotationY": 0.0, "rotationZ": -11.0 },
						"tail": { "offsetX": 0.0, "offsetY": 0.0, "offsetZ": 0.0, "rotationX": 0.0, "rotationY": 0.0, "rotationZ": 0.0 }
					}
				},
				{
					"frame": 20,
					"elements": {
						"Body": { "offsetX": -3.0, "offsetY": 0.0, "offsetZ": 0.0, "rotationX": 0.0, "rotationY": 0.0, "rotationZ": 6.0 },
						"neck": { "offsetX": 0.0, "offsetY": 0.0, "offsetZ": 0.0, "rotationX": 0.0, "rotationY": 0.0, "rotationZ": 30.0 },
						"head": { "offsetX": 0.0, "offsetY": 0.0, "offsetZ": 0.0, "rotationX": 0.0, "rotationY": 0.0, "rotationZ": 0.0 },
						"R ear": { "offsetX": 0.0, "offsetY": 0.0, "offsetZ": 0.0, "rotationX": -18.0, "rotationY": -8.4, "rotationZ": -13.2 },
						"L ear": { "offsetX": 0.0, "offsetY": 0.0, "offsetZ": 0.0, "rotationX": 18.0, "rotationY": 8.4, "rotationZ": -13.2 },
						"R front leg": { "offsetX": 0.0, "offsetY": 0.0, "offsetZ": 0.0, "rotationX": 0.0, "rotationY": 0.0, "rotationZ": -47.0 },
						"R front foot": { "offsetX": 0.0, "offsetY": 0.0, "offsetZ": 0.0, "rotationX": 0.0, "rotationY": 0.0, "rotationZ": 80.0 },
						"L front leg": { "offsetX": 0.0, "offsetY": 0.0, "offsetZ": 0.0, "rotationX": 0.0, "rotationY": 0.0, "rotationZ": -8.0 },
						"L front foot": { "offsetX": 0.0, "offsetY": 0.0, "offsetZ": 0.0, "rotationX": 0.0, "rotationY": 0.0, "rotationZ": 61.0 },
						"R back leg": { "offsetX": 0.0, "offsetY": 1.0, "offsetZ": 0.0, "rotationX": 0.0, "rotationY": 0.0, "rotationZ": 28.0 },
						"R back foot": { "offsetX": 0.0, "offsetY": 0.0, "offsetZ": 0.0, "rotationX": 0.0, "rotationY": 0.0, "rotationZ": -61.0 },
						"L back leg": { "offsetX": 0.0, "offsetY": 1.0, "offsetZ": 0.0, "rotationX": 0.0, "rotationY": 0.0, "rotationZ": 36.0 },
						"L back foot": { "offsetX": 0.0, "offsetY": 0.0, "offsetZ": 0.0, "rotationX": 0.0, "rotationY": 0.0, "rotationZ": -55.0 },
						"tail": { "offsetX": 0.0, "offsetY": 0.0, "offsetZ": 0.0, "rotationX": 0.0, "rotationY": 0.0, "rotationZ": 17.0 }
					}
				},
				{
					"frame": 30,
					"elements": {
						"Body": { "offsetX": -3.0, "offsetY": -2.0, "offsetZ": 0.0, "rotationX": 0.0, "rotationY": 0.0, "rotationZ": 6.0 },
						"neck": { "offsetX": 0.0, "offsetY": 0.0, "offsetZ": 0.0, "rotationX": 0.0, "rotationY": 0.0, "rotationZ": 28.0 },
						"head": { "offsetX": 0.0, "offsetY": 0.0, "offsetZ": 0.0, "rotationX": 0.0, "rotationY": 0.0, "rotationZ": -11.0 },
						"R ear": { "offsetX": 0.0, "offsetY": 0.0, "offsetZ": 0.0, "rotationX": -7.714, "rotationY": -3.6, "rotationZ": -5.657 },
						"L ear": { "offsetX": 0.0, "offsetY": 0.0, "offsetZ": 0.0, "rotationX": 7.714, "rotationY": 3.6, "rotationZ": -5.657 },
						"R front leg": { "offsetX": -1.0, "offsetY": 1.0, "offsetZ": 0.0, "rotationX": 0.0, "rotationY": 0.0, "rotationZ": -53.0 },
						"R front foot": { "offsetX": 0.0, "offsetY": 0.0, "offsetZ": 0.0, "rotationX": 0.0, "rotationY": 0.0, "rotationZ": 17.0 },
						"L front leg": { "offsetX": -1.0, "offsetY": 1.0, "offsetZ": 0.0, "rotationX": 0.0, "rotationY": 0.0, "rotationZ": -47.0 },
						"L front foot": { "offsetX": 0.0, "offsetY": 0.0, "offsetZ": 0.0, "rotationX": 0.0, "rotationY": 0.0, "rotationZ": 28.0 },
						"R back leg": { "offsetX": -1.0, "offsetY": 1.0, "offsetZ": 0.0, "rotationX": 0.0, "rotationY": 0.0, "rotationZ": -17.0 },
						"R back foot": { "offsetX": 0.0, "offsetY": 0.0, "offsetZ": 0.0, "rotationX": 0.0, "rotationY": 0.0, "rotationZ": -30.0 },
						"L back leg": { "offsetX": -1.0, "offsetY": 1.0, "offsetZ": 0.0, "rotationX": 0.0, "rotationY": 0.0, "rotationZ": 8.0 },
						"L back foot": { "offsetX": 0.0, "offsetY": 0.0, "offsetZ": 0.0, "rotationX": 0.0, "rotationY": 0.0, "rotationZ": -36.0 },
						"tail": { "offsetX": 0.0, "offsetY": 0.0, "offsetZ": 0.0, "rotationX": 0.0, "rotationY": 0.0, "rotationZ": 8.0 }
					}
				}
			]
		},

		{
			"name": "Look",
			"code": "look",
			"quantityframes": 160,
			"onActivityStopped": "EaseOut",
			"onAnimationEnd": "Stop",
			"keyframes": [
				{
					"frame": 0,
					"elements": {
						"Body": { "offsetX": 0.0, "offsetY": 0.0, "offsetZ": 0.0, "rotationX": 0.0, "rotationY": 0.0, "rotationZ": 0.0 },
						"neck": { "offsetX": 0.0, "offsetY": 0.0, "offsetZ": 0.0, "rotationX": 0.0, "rotationY": 0.0, "rotationZ": 0.0 },
						"head": { "offsetX": 0.0, "offsetY": 0.0, "offsetZ": 0.0, "rotationX": 0.0, "rotationY": 0.0, "rotationZ": 0.0 },
						"R front leg": { "offsetX": 0.0, "offsetY": 0.0, "offsetZ": 0.0, "rotationX": 0.0, "rotationY": 0.0, "rotationZ": 0.0 },
						"R front foot": { "offsetX": 0.0, "offsetY": 0.0, "offsetZ": 0.0, "rotationX": 0.0, "rotationY": 0.0, "rotationZ": 0.0 },
						"L front leg": { "offsetX": 0.0, "offsetY": 0.0, "offsetZ": 0.0, "rotationX": 0.0, "rotationY": 0.0, "rotationZ": 0.0 },
						"L front foot": { "offsetX": 0.0, "offsetY": 0.0, "offsetZ": 0.0, "rotationX": 0.0, "rotationY": 0.0, "rotationZ": 0.0 },
						"R back leg": { "offsetX": 0.0, "offsetY": 0.0, "offsetZ": 0.0, "rotationX": 0.0, "rotationY": 0.0, "rotationZ": 0.0 },
						"R back foot": { "offsetX": 0.0, "offsetY": 0.0, "offsetZ": 0.0, "rotationX": 0.0, "rotationY": 0.0, "rotationZ": 0.0 },
						"L back leg": { "offsetX": 0.0, "offsetY": 0.0, "offsetZ": 0.0, "rotationX": 0.0, "rotationY": 0.0, "rotationZ": 0.0 },
						"L back foot": { "offsetX": 0.0, "offsetY": 0.0, "offsetZ": 0.0, "rotationX": 0.0, "rotationY": 0.0, "rotationZ": 0.0 },
						"tail": { "offsetX": 0.0, "offsetY": 0.0, "offsetZ": 0.0, "rotationX": 0.0, "rotationY": 0.0, "rotationZ": 0.0 }
					}
				},
				{
					"frame": 25,
					"elements": {
						"Body": { "offsetX": 0.0, "offsetY": 0.0, "offsetZ": 0.0, "rotationX": -2.0, "rotationY": 2.0, "rotationZ": -1.0 },
						"neck": { "offsetX": 0.0, "offsetY": 0.0, "offsetZ": 0.0, "rotationX": 3.0, "rotationY": 19.0, "rotationZ": -2.0 },
						"head": { "offsetX": 0.0, "offsetY": 0.0, "offsetZ": 0.0, "rotationX": -14.0, "rotationY": 2.0, "rotationZ": 0.0 },
						"R front leg": { "offsetX": 0.0, "offsetY": 0.0, "offsetZ": 0.0, "rotationX": 2.0, "rotationY": 0.0, "rotationZ": 1.0 },
						"R front foot": { "offsetX": 0.0, "offsetY": 0.0, "offsetZ": 0.0, "rotationX": 0.0, "rotationY": 0.0, "rotationZ": 0.0 },
						"L front leg": { "offsetX": 0.0, "offsetY": 0.0, "offsetZ": 0.0, "rotationX": 2.0, "rotationY": 0.0, "rotationZ": 1.0 },
						"L front foot": { "offsetX": 0.0, "offsetY": 0.0, "offsetZ": 0.0, "rotationX": 0.0, "rotationY": 0.0, "rotationZ": 0.0 },
						"R back leg": { "offsetX": 0.0, "offsetY": 0.0, "offsetZ": 0.0, "rotationX": 2.0, "rotationY": 0.0, "rotationZ": 1.0 },
						"R back foot": { "offsetX": 0.0, "offsetY": 0.0, "offsetZ": 0.0, "rotationX": 0.0, "rotationY": 0.0, "rotationZ": 0.0 },
						"L back leg": { "offsetX": 0.0, "offsetY": 0.0, "offsetZ": 0.0, "rotationX": 2.0, "rotationY": 0.0, "rotationZ": 1.0 },
						"L back foot": { "offsetX": 0.0, "offsetY": 0.0, "offsetZ": 0.0, "rotationX": 0.0, "rotationY": 0.0, "rotationZ": 0.0 },
						"tail": { "offsetX": 0.0, "offsetY": 0.0, "offsetZ": 0.0, "rotationX": 0.0, "rotationY": 0.0, "rotationZ": 0.0 }
					}
				},
				{
					"frame": 70,
					"elements": {
						"Body": { "offsetX": 0.0, "offsetY": 0.0, "offsetZ": 0.0, "rotationX": -2.0, "rotationY": 2.0, "rotationZ": 0.0 },
						"neck": { "offsetX": 0.0, "offsetY": 0.0, "offsetZ": 0.0, "rotationX": 3.0, "rotationY": 19.0, "rotationZ": -2.0 },
						"head": { "offsetX": 0.0, "offsetY": 0.0, "offsetZ": 0.0, "rotationX": -14.0, "rotationY": 2.0, "rotationZ": 0.0 },
						"R front leg": { "offsetX": 0.0, "offsetY": 0.0, "offsetZ": 0.0, "rotationX": 2.0, "rotationY": 0.0, "rotationZ": 0.0 },
						"R front foot": { "offsetX": 0.0, "offsetY": 0.0, "offsetZ": 0.0, "rotationX": 0.0, "rotationY": 0.0, "rotationZ": 0.0 },
						"L front leg": { "offsetX": 0.0, "offsetY": 0.0, "offsetZ": 0.0, "rotationX": 2.0, "rotationY": 0.0, "rotationZ": 0.0 },
						"L front foot": { "offsetX": 0.0, "offsetY": 0.0, "offsetZ": 0.0, "rotationX": 0.0, "rotationY": 0.0, "rotationZ": 0.0 },
						"R back leg": { "offsetX": 0.0, "offsetY": 0.0, "offsetZ": 0.0, "rotationX": 2.0, "rotationY": 0.0, "rotationZ": 0.0 },
						"R back foot": { "offsetX": 0.0, "offsetY": 0.0, "offsetZ": 0.0, "rotationX": 0.0, "rotationY": 0.0, "rotationZ": 0.0 },
						"L back leg": { "offsetX": 0.0, "offsetY": 0.0, "offsetZ": 0.0, "rotationX": 2.0, "rotationY": 0.0, "rotationZ": 0.0 },
						"L back foot": { "offsetX": 0.0, "offsetY": 0.0, "offsetZ": 0.0, "rotationX": 0.0, "rotationY": 0.0, "rotationZ": 0.0 },
						"tail": { "offsetX": 0.0, "offsetY": 0.0, "offsetZ": 0.0, "rotationX": 0.0, "rotationY": 0.0, "rotationZ": 0.0 }
					}
				},
				{
					"frame": 90,
					"elements": {
						"Body": { "offsetX": 0.0, "offsetY": 0.0, "offsetZ": 0.0, "rotationX": -3.0, "rotationY": 3.0, "rotationZ": -1.0 },
						"neck": { "offsetX": 0.0, "offsetY": 0.0, "offsetZ": 0.0, "rotationX": 2.0, "rotationY": 20.0, "rotationZ": -3.0 },
						"head": { "offsetX": 0.0, "offsetY": 0.0, "offsetZ": 0.0, "rotationX": -22.0, "rotationY": -2.0, "rotationZ": 0.0 },
						"R front leg": { "offsetX": 0.0, "offsetY": 0.0, "offsetZ": 0.0, "rotationX": 3.0, "rotationY": 0.0, "rotationZ": 1.0 },
						"R front foot": { "offsetX": 0.0, "offsetY": 0.0, "offsetZ": 0.0, "rotationX": 0.0, "rotationY": 0.0, "rotationZ": 0.0 },
						"L front leg": { "offsetX": 0.0, "offsetY": 0.0, "offsetZ": 0.0, "rotationX": 3.0, "rotationY": 0.0, "rotationZ": 1.0 },
						"L front foot": { "offsetX": 0.0, "offsetY": 0.0, "offsetZ": 0.0, "rotationX": 0.0, "rotationY": 0.0, "rotationZ": 0.0 },
						"R back leg": { "offsetX": 0.0, "offsetY": 0.0, "offsetZ": 0.0, "rotationX": 3.0, "rotationY": 0.0, "rotationZ": 1.0 },
						"R back foot": { "offsetX": 0.0, "offsetY": 0.0, "offsetZ": 0.0, "rotationX": 0.0, "rotationY": 0.0, "rotationZ": 0.0 },
						"L back leg": { "offsetX": 0.0, "offsetY": 0.0, "offsetZ": 0.0, "rotationX": 3.0, "rotationY": 0.0, "rotationZ": 1.0 },
						"L back foot": { "offsetX": 0.0, "offsetY": 0.0, "offsetZ": 0.0, "rotationX": 0.0, "rotationY": 0.0, "rotationZ": 0.0 },
						"tail": { "offsetX": 0.0, "offsetY": 0.0, "offsetZ": 0.0, "rotationX": 0.0, "rotationY": 0.0, "rotationZ": 0.0 }
					}
				},
				{
					"frame": 135,
					"elements": {
						"Body": { "offsetX": 0.0, "offsetY": 0.0, "offsetZ": 0.0, "rotationX": -3.0, "rotationY": 3.0, "rotationZ": 0.0 },
						"neck": { "offsetX": 0.0, "offsetY": 0.0, "offsetZ": 0.0, "rotationX": 2.0, "rotationY": 20.0, "rotationZ": -3.0 },
						"head": { "offsetX": 0.0, "offsetY": 0.0, "offsetZ": 0.0, "rotationX": -22.0, "rotationY": -2.0, "rotationZ": 0.0 },
						"R front leg": { "offsetX": 0.0, "offsetY": 0.0, "offsetZ": 0.0, "rotationX": 3.0, "rotationY": 0.0, "rotationZ": 0.0 },
						"R front foot": { "offsetX": 0.0, "offsetY": 0.0, "offsetZ": 0.0, "rotationX": 0.0, "rotationY": 0.0, "rotationZ": 0.0 },
						"L front leg": { "offsetX": 0.0, "offsetY": 0.0, "offsetZ": 0.0, "rotationX": 3.0, "rotationY": 0.0, "rotationZ": 0.0 },
						"L front foot": { "offsetX": 0.0, "offsetY": 0.0, "offsetZ": 0.0, "rotationX": 0.0, "rotationY": 0.0, "rotationZ": 0.0 },
						"R back leg": { "offsetX": 0.0, "offsetY": 0.0, "offsetZ": 0.0, "rotationX": 3.0, "rotationY": 0.0, "rotationZ": 0.0 },
						"R back foot": { "offsetX": 0.0, "offsetY": 0.0, "offsetZ": 0.0, "rotationX": 0.0, "rotationY": 0.0, "rotationZ": 0.0 },
						"L back leg": { "offsetX": 0.0, "offsetY": 0.0, "offsetZ": 0.0, "rotationX": 3.0, "rotationY": 0.0, "rotationZ": 0.0 },
						"L back foot": { "offsetX": 0.0, "offsetY": 0.0, "offsetZ": 0.0, "rotationX": 0.0, "rotationY": 0.0, "rotationZ": 0.0 },
						"tail": { "offsetX": 0.0, "offsetY": 0.0, "offsetZ": 0.0, "rotationX": 0.0, "rotationY": 0.0, "rotationZ": 0.0 }
					}
				}
			]
		},

		{
			"name": "Idle",
			"code": "idle",
			"quantityframes": 80,
			"onActivityStopped": "EaseOut",
			"onAnimationEnd": "Repeat",
			"keyframes": [
				{
					"frame": 0,
					"elements": {
						"Body": { "offsetX": 0.0, "offsetY": 0.0, "offsetZ": 0.0, "rotationX": 0.0, "rotationY": 0.0, "rotationZ": 0.0 },
						"neck": { "offsetX": 0.0, "offsetY": 0.0, "offsetZ": 0.0, "rotationX": 0.0, "rotationY": 0.0, "rotationZ": 0.0 },
						"head": { "offsetX": 0.0, "offsetY": 0.0, "offsetZ": 0.0, "rotationX": 0.0, "rotationY": 0.0, "rotationZ": 0.0 },
						"R ear": { "offsetX": 0.0, "offsetY": 0.0, "offsetZ": 0.0, "rotationX": 0.0, "rotationY": 0.0, "rotationZ": 0.0 },
						"L ear": { "offsetX": 0.0, "offsetY": 0.0, "offsetZ": 0.0, "rotationX": 0.0, "rotationY": 0.0, "rotationZ": 0.0 },
						"R front leg": { "offsetX": 0.0, "offsetY": 0.0, "offsetZ": 0.0, "rotationX": 0.0, "rotationY": 0.0, "rotationZ": 1.0 },
						"R front foot": { "offsetX": 0.0, "offsetY": 0.0, "offsetZ": 0.0, "rotationX": 0.0, "rotationY": 0.0, "rotationZ": -1.0 },
						"L front leg": { "offsetX": 0.0, "offsetY": 0.0, "offsetZ": 0.0, "rotationX": 0.0, "rotationY": 0.0, "rotationZ": 1.0 },
						"L front foot": { "offsetX": 0.0, "offsetY": 0.0, "offsetZ": 0.0, "rotationX": 0.0, "rotationY": 0.0, "rotationZ": -1.0 },
						"R back leg": { "offsetX": 0.0, "offsetY": 0.0, "offsetZ": 0.0, "rotationX": 0.0, "rotationY": 0.0, "rotationZ": 0.0 },
						"R back foot": { "offsetX": 0.0, "offsetY": 0.0, "offsetZ": 0.0, "rotationX": 0.0, "rotationY": 0.0, "rotationZ": 0.0 },
						"L back leg": { "offsetX": 0.0, "offsetY": 0.0, "offsetZ": 0.0, "rotationX": 0.0, "rotationY": 0.0, "rotationZ": 0.0 },
						"L back foot": { "offsetX": 0.0, "offsetY": 0.0, "offsetZ": 0.0, "rotationX": 0.0, "rotationY": 0.0, "rotationZ": 0.0 },
						"tail": { "offsetX": 0.0, "offsetY": 0.0, "offsetZ": 0.0, "rotationX": 0.0, "rotationY": 0.0, "rotationZ": 0.0 }
					}
				},
				{
					"frame": 40,
					"elements": {
						"Body": { "offsetX": 0.0, "offsetY": 0.0, "offsetZ": 0.0, "rotationX": 0.0, "rotationY": 0.0, "rotationZ": -1.0 },
						"neck": { "offsetX": 0.0, "offsetY": 0.0, "offsetZ": 0.0, "rotationX": 0.0, "rotationY": 0.0, "rotationZ": -1.0 },
						"head": { "offsetX": 0.0, "offsetY": 0.0, "offsetZ": 0.0, "rotationX": 0.0, "rotationY": 0.0, "rotationZ": 3.0 },
						"R ear": { "offsetX": 0.0, "offsetY": 0.0, "offsetZ": 0.0, "rotationX": 0.0, "rotationY": -11.0, "rotationZ": 0.0 },
						"L ear": { "offsetX": 0.0, "offsetY": 0.0, "offsetZ": 0.0, "rotationX": 0.0, "rotationY": 11.0, "rotationZ": 0.0 },
						"R front leg": { "offsetX": 0.0, "offsetY": 0.0, "offsetZ": 0.0, "rotationX": 0.0, "rotationY": 0.0, "rotationZ": 2.0 },
						"R front foot": { "offsetX": 0.0, "offsetY": 0.0, "offsetZ": 0.0, "rotationX": 0.0, "rotationY": 0.0, "rotationZ": 0.0 },
						"L front leg": { "offsetX": 0.0, "offsetY": 0.0, "offsetZ": 0.0, "rotationX": 0.0, "rotationY": 0.0, "rotationZ": 2.0 },
						"L front foot": { "offsetX": 0.0, "offsetY": 0.0, "offsetZ": 0.0, "rotationX": 0.0, "rotationY": 0.0, "rotationZ": 0.0 },
						"R back leg": { "offsetX": 0.0, "offsetY": 0.0, "offsetZ": 0.0, "rotationX": 0.0, "rotationY": 0.0, "rotationZ": 2.0 },
						"R back foot": { "offsetX": 0.0, "offsetY": 0.0, "offsetZ": 0.0, "rotationX": 0.0, "rotationY": 0.0, "rotationZ": -1.0 },
						"L back leg": { "offsetX": 0.0, "offsetY": 0.0, "offsetZ": 0.0, "rotationX": 0.0, "rotationY": 0.0, "rotationZ": 2.0 },
						"L back foot": { "offsetX": 0.0, "offsetY": 0.0, "offsetZ": 0.0, "rotationX": 0.0, "rotationY": 0.0, "rotationZ": -1.0 },
						"tail": { "offsetX": 0.0, "offsetY": 0.0, "offsetZ": 0.0, "rotationX": 0.0, "rotationY": 0.0, "rotationZ": 6.0 }
					}
				}
			]
		},

		{
			"name": "Death",
			"code": "death",
			"quantityframes": 120,
			"onActivityStopped": "Stop",
			"onAnimationEnd": "Hold",
			"keyframes": [
				{
					"frame": 0,
					"elements": {
						"Body": { "offsetX": 0.0, "offsetY": 0.0, "offsetZ": 0.0, "rotationX": 0.0, "rotationY": 0.0, "rotationZ": 0.0 },
						"neck": { "offsetX": 0.0, "offsetY": 0.0, "offsetZ": 0.0, "rotationX": 0.0, "rotationY": 0.0, "rotationZ": 0.0 },
						"head": { "offsetX": 0.0, "offsetY": 0.0, "offsetZ": 0.0, "rotationX": 0.0, "rotationY": 0.0, "rotationZ": 0.0 },
						"R ear": { "offsetX": 0.0, "offsetY": 0.0, "offsetZ": 0.0, "rotationX": 0.0, "rotationY": 0.0, "rotationZ": 0.0 },
						"L ear": { "offsetX": 0.0, "offsetY": 0.0, "offsetZ": 0.0, "rotationX": 0.0, "rotationY": 0.0, "rotationZ": 0.0 },
						"R front leg": { "offsetX": 0.0, "offsetY": 0.0, "offsetZ": 0.0, "rotationX": 0.0, "rotationY": 0.0, "rotationZ": 0.0 },
						"R front foot": { "offsetX": 0.0, "offsetY": 0.0, "offsetZ": 0.0, "rotationX": 0.0, "rotationY": 0.0, "rotationZ": 0.0 },
						"L front leg": { "offsetX": 0.0, "offsetY": 0.0, "offsetZ": 0.0, "rotationX": 0.0, "rotationY": 0.0, "rotationZ": 0.0 },
						"L front foot": { "offsetX": 0.0, "offsetY": 0.0, "offsetZ": 0.0, "rotationX": 0.0, "rotationY": 0.0, "rotationZ": 0.0 },
						"R back leg": { "offsetX": 0.0, "offsetY": 0.0, "offsetZ": 0.0, "rotationX": 0.0, "rotationY": 0.0, "rotationZ": 0.0 },
						"R back foot": { "offsetX": 0.0, "offsetY": 0.0, "offsetZ": 0.0, "rotationX": 0.0, "rotationY": 0.0, "rotationZ": 0.0 },
						"L back leg": { "offsetX": 0.0, "offsetY": 0.0, "offsetZ": 0.0, "rotationX": 0.0, "rotationY": 0.0, "rotationZ": 0.0 },
						"L back foot": { "offsetX": 0.0, "offsetY": 0.0, "offsetZ": 0.0, "rotationX": 0.0, "rotationY": 0.0, "rotationZ": 0.0 },
						"tail": { "offsetX": 0.0, "offsetY": 0.0, "offsetZ": 0.0, "rotationX": 0.0, "rotationY": 0.0, "rotationZ": 0.0 }
					}
				},
				{
					"frame": 10,
					"elements": {
						"Body": { "offsetX": 2.0, "offsetY": 0.0, "offsetZ": 0.0, "rotationX": -4.0, "rotationY": -4.0, "rotationZ": -8.0 },
						"neck": { "offsetX": 0.0, "offsetY": 0.0, "offsetZ": 0.0, "rotationX": 2.0, "rotationY": 4.0, "rotationZ": -3.0 },
						"head": { "offsetX": 0.0, "offsetY": 0.0, "offsetZ": 0.0, "rotationX": -2.0, "rotationY": -3.0, "rotationZ": 25.0 },
						"R ear": { "offsetX": 0.0, "offsetY": 0.0, "offsetZ": 0.0, "rotationX": 6.0, "rotationY": -19.0, "rotationZ": 6.0 },
						"L ear": { "offsetX": 0.0, "offsetY": 0.0, "offsetZ": 0.0, "rotationX": -6.0, "rotationY": 19.0, "rotationZ": 6.0 },
						"R front leg": { "offsetX": 0.0, "offsetY": -0.5, "offsetZ": 0.0, "rotationX": 4.0, "rotationY": 0.0, "rotationZ": 4.0 },
						"R front foot": { "offsetX": 0.0, "offsetY": 0.0, "offsetZ": 0.0, "rotationX": 0.0, "rotationY": 0.0, "rotationZ": 0.0 },
						"L front leg": { "offsetX": 0.0, "offsetY": -1.0, "offsetZ": 0.0, "rotationX": 0.0, "rotationY": 0.0, "rotationZ": 4.0 },
						"L front foot": { "offsetX": 0.0, "offsetY": 0.0, "offsetZ": 0.0, "rotationX": 0.0, "rotationY": 0.0, "rotationZ": 0.0 },
						"R back leg": { "offsetX": 0.0, "offsetY": 1.0, "offsetZ": 0.0, "rotationX": 2.0, "rotationY": 0.0, "rotationZ": 6.0 },
						"R back foot": { "offsetX": 0.0, "offsetY": 0.0, "offsetZ": 0.0, "rotationX": 0.0, "rotationY": 0.0, "rotationZ": -12.0 },
						"L back leg": { "offsetX": 0.0, "offsetY": 1.0, "offsetZ": 0.0, "rotationX": 0.0, "rotationY": 0.0, "rotationZ": 7.0 },
						"L back foot": { "offsetX": 0.0, "offsetY": 0.0, "offsetZ": 0.0, "rotationX": 0.0, "rotationY": 0.0, "rotationZ": -10.0 },
						"tail": { "offsetX": 0.0, "offsetY": 0.0, "offsetZ": 0.0, "rotationX": 0.0, "rotationY": 0.0, "rotationZ": 58.0 }
					}
				},
				{
					"frame": 45,
					"elements": {
						"Body": { "offsetX": 1.0, "offsetY": 0.0, "offsetZ": 0.0, "rotationX": 3.0, "rotationY": 6.0, "rotationZ": 2.0 },
						"neck": { "offsetX": 0.0, "offsetY": 0.0, "offsetZ": 0.0, "rotationX": 3.0, "rotationY": 5.0, "rotationZ": -1.0 },
						"head": { "offsetX": 0.0, "offsetY": 0.0, "offsetZ": 0.0, "rotationX": -3.0, "rotationY": -7.0, "rotationZ": 27.0 },
						"R ear": { "offsetX": 0.0, "offsetY": 0.0, "offsetZ": 0.0, "rotationX": 0.0, "rotationY": -8.0, "rotationZ": 3.0 },
						"L ear": { "offsetX": 0.0, "offsetY": 0.0, "offsetZ": 0.0, "rotationX": 0.0, "rotationY": 8.0, "rotationZ": 3.0 },
						"R front leg": { "offsetX": 0.0, "offsetY": 0.5, "offsetZ": 0.0, "rotationX": 4.0, "rotationY": 2.0, "rotationZ": 3.0 },
						"R front foot": { "offsetX": 0.0, "offsetY": 0.0, "offsetZ": 0.0, "rotationX": 0.0, "rotationY": 0.0, "rotationZ": 6.0 },
						"L front leg": { "offsetX": 0.0, "offsetY": 0.0, "offsetZ": 0.0, "rotationX": -4.0, "rotationY": 4.0, "rotationZ": -8.0 },
						"L front foot": { "offsetX": 0.0, "offsetY": 0.0, "offsetZ": 0.0, "rotationX": -4.0, "rotationY": 0.0, "rotationZ": 8.0 },
						"R back leg": { "offsetX": 0.0, "offsetY": -0.5, "offsetZ": 0.0, "rotationX": -6.0, "rotationY": 4.0, "rotationZ": 0.0 },
						"R back foot": { "offsetX": 0.0, "offsetY": 0.0, "offsetZ": 0.0, "rotationX": 0.0, "rotationY": 0.0, "rotationZ": -8.0 },
						"L back leg": { "offsetX": 0.0, "offsetY": -0.5, "offsetZ": 0.0, "rotationX": -10.0, "rotationY": 10.0, "rotationZ": -8.0 },
						"L back foot": { "offsetX": 0.0, "offsetY": -0.5, "offsetZ": 0.0, "rotationX": 0.0, "rotationY": 0.0, "rotationZ": -6.0 },
						"tail": { "offsetX": 0.0, "offsetY": 0.0, "offsetZ": 0.0, "rotationX": 0.0, "rotationY": 0.0, "rotationZ": 47.0 }
					}
				},
				{
					"frame": 70,
					"elements": {
						"Body": { "offsetX": -2.0, "offsetY": 4.0, "offsetZ": -9.0, "rotationX": -75.0, "rotationY": 6.0, "rotationZ": 40.0 },
						"neck": { "offsetX": 0.0, "offsetY": 0.0, "offsetZ": 0.0, "rotationX": -8.0, "rotationY": -8.0, "rotationZ": 14.0 },
						"head": { "offsetX": 0.0, "offsetY": 0.0, "offsetZ": 0.0, "rotationX": 25.0, "rotationY": 22.0, "rotationZ": -3.0 },
						"R ear": { "offsetX": 0.0, "offsetY": 0.0, "offsetZ": 0.0, "rotationX": -19.0, "rotationY": 23.0, "rotationZ": 6.0 },
						"L ear": { "offsetX": 0.0, "offsetY": 0.0, "offsetZ": 0.0, "rotationX": 36.0, "rotationY": 17.0, "rotationZ": -28.0 },
						"R front leg": { "offsetX": 0.0, "offsetY": 1.0, "offsetZ": 0.0, "rotationX": 4.0, "rotationY": 2.0, "rotationZ": 36.0 },
						"R front foot": { "offsetX": 0.0, "offsetY": 0.0, "offsetZ": 0.0, "rotationX": 0.0, "rotationY": 0.0, "rotationZ": 33.0 },
						"L front leg": { "offsetX": 0.0, "offsetY": 1.0, "offsetZ": 0.0, "rotationX": 19.0, "rotationY": 4.0, "rotationZ": -6.0 },
						"L front foot": { "offsetX": 0.0, "offsetY": 0.0, "offsetZ": 0.0, "rotationX": -4.0, "rotationY": 0.0, "rotationZ": 33.0 },
						"R back leg": { "offsetX": 0.0, "offsetY": -0.5, "offsetZ": 0.0, "rotationX": -6.0, "rotationY": 22.0, "rotationZ": 14.0 },
						"R back foot": { "offsetX": 0.0, "offsetY": 0.0, "offsetZ": 0.0, "rotationX": 8.0, "rotationY": 0.0, "rotationZ": -33.0 },
						"L back leg": { "offsetX": 0.0, "offsetY": -0.5, "offsetZ": 0.0, "rotationX": 13.0, "rotationY": 28.0, "rotationZ": -8.0 },
						"L back foot": { "offsetX": 0.0, "offsetY": -0.5, "offsetZ": 0.0, "rotationX": 0.0, "rotationY": 0.0, "rotationZ": -3.0 },
						"tail": { "offsetX": 0.0, "offsetY": 0.0, "offsetZ": 0.0, "rotationX": 8.0, "rotationY": 36.0, "rotationZ": 36.0 }
					}
				},
				{
					"frame": 72,
					"elements": {
						"Body": { "offsetX": -2.0, "offsetY": 4.0, "offsetZ": -9.2, "rotationX": -73.0, "rotationY": 3.0, "rotationZ": 40.0 },
						"neck": { "offsetX": 0.0, "offsetY": 0.0, "offsetZ": 0.0, "rotationX": -8.0, "rotationY": -8.0, "rotationZ": 14.0 },
						"head": { "offsetX": 0.0, "offsetY": 0.0, "offsetZ": 0.0, "rotationX": 25.0, "rotationY": 22.0, "rotationZ": -3.0 },
						"R ear": { "offsetX": 0.0, "offsetY": 0.0, "offsetZ": 0.0, "rotationX": -19.0, "rotationY": 23.0, "rotationZ": 6.0 },
						"L ear": { "offsetX": 0.0, "offsetY": 0.0, "offsetZ": 0.0, "rotationX": 36.0, "rotationY": 17.0, "rotationZ": -28.0 },
						"R front leg": { "offsetX": 0.0, "offsetY": 1.0, "offsetZ": 0.0, "rotationX": 4.0, "rotationY": 2.0, "rotationZ": 36.0 },
						"R front foot": { "offsetX": 0.0, "offsetY": 0.0, "offsetZ": 0.0, "rotationX": 0.0, "rotationY": 0.0, "rotationZ": 33.0 },
						"L front leg": { "offsetX": 0.0, "offsetY": 1.0, "offsetZ": 0.0, "rotationX": 19.0, "rotationY": 4.0, "rotationZ": -6.0 },
						"L front foot": { "offsetX": 0.0, "offsetY": 0.0, "offsetZ": 0.0, "rotationX": -4.0, "rotationY": 0.0, "rotationZ": 33.0 },
						"R back leg": { "offsetX": 0.0, "offsetY": -0.5, "offsetZ": 0.0, "rotationX": -6.0, "rotationY": 22.0, "rotationZ": 14.0 },
						"R back foot": { "offsetX": 0.0, "offsetY": 0.0, "offsetZ": 0.0, "rotationX": 8.0, "rotationY": 0.0, "rotationZ": -33.0 },
						"L back leg": { "offsetX": 0.0, "offsetY": -0.5, "offsetZ": 0.0, "rotationX": 13.0, "rotationY": 28.0, "rotationZ": -8.0 },
						"L back foot": { "offsetX": 0.0, "offsetY": -0.5, "offsetZ": 0.0, "rotationX": 0.0, "rotationY": 0.0, "rotationZ": -3.0 },
						"tail": { "offsetX": 0.0, "offsetY": 0.0, "offsetZ": 0.0, "rotationX": 8.0, "rotationY": 36.0, "rotationZ": 36.0 }
					}
				},
				{
					"frame": 78,
					"elements": {
						"Body": { "offsetX": -2.0, "offsetY": 4.0, "offsetZ": -9.0, "rotationX": -75.0, "rotationY": 6.0, "rotationZ": 40.0 },
						"neck": { "offsetX": 0.0, "offsetY": 0.0, "offsetZ": 0.0, "rotationX": -8.0, "rotationY": -8.0, "rotationZ": 14.0 },
						"head": { "offsetX": 0.0, "offsetY": 0.0, "offsetZ": 0.0, "rotationX": 25.0, "rotationY": 22.0, "rotationZ": -3.0 },
						"R ear": { "offsetX": 0.0, "offsetY": 0.0, "offsetZ": 0.0, "rotationX": -19.0, "rotationY": 23.0, "rotationZ": 6.0 },
						"L ear": { "offsetX": 0.0, "offsetY": 0.0, "offsetZ": 0.0, "rotationX": 36.0, "rotationY": 17.0, "rotationZ": -28.0 },
						"R front leg": { "offsetX": 0.0, "offsetY": 1.0, "offsetZ": 0.0, "rotationX": 4.0, "rotationY": 2.0, "rotationZ": 36.0 },
						"R front foot": { "offsetX": 0.0, "offsetY": 0.0, "offsetZ": 0.0, "rotationX": 0.0, "rotationY": 0.0, "rotationZ": 33.0 },
						"L front leg": { "offsetX": 0.0, "offsetY": 1.0, "offsetZ": 0.0, "rotationX": 19.0, "rotationY": 4.0, "rotationZ": -6.0 },
						"L front foot": { "offsetX": 0.0, "offsetY": 0.0, "offsetZ": 0.0, "rotationX": -4.0, "rotationY": 0.0, "rotationZ": 33.0 },
						"R back leg": { "offsetX": 0.0, "offsetY": -0.5, "offsetZ": 0.0, "rotationX": -6.0, "rotationY": 22.0, "rotationZ": 14.0 },
						"R back foot": { "offsetX": 0.0, "offsetY": 0.0, "offsetZ": 0.0, "rotationX": 8.0, "rotationY": 0.0, "rotationZ": -33.0 },
						"L back leg": { "offsetX": 0.0, "offsetY": -0.5, "offsetZ": 0.0, "rotationX": 13.0, "rotationY": 28.0, "rotationZ": -8.0 },
						"L back foot": { "offsetX": 0.0, "offsetY": -0.5, "offsetZ": 0.0, "rotationX": 0.0, "rotationY": 0.0, "rotationZ": -3.0 },
						"tail": { "offsetX": 0.0, "offsetY": 0.0, "offsetZ": 0.0, "rotationX": 8.0, "rotationY": 36.0, "rotationZ": 36.0 }
					}
				},
				{
					"frame": 119,
					"elements": {
						"Body": { "offsetX": -2.0, "offsetY": 4.0, "offsetZ": -9.0, "rotationX": -75.0, "rotationY": 6.0, "rotationZ": 40.0 },
						"neck": { "offsetX": 0.0, "offsetY": 0.0, "offsetZ": 0.0, "rotationX": -8.0, "rotationY": -8.0, "rotationZ": 14.0 },
						"head": { "offsetX": 0.0, "offsetY": 0.0, "offsetZ": 0.0, "rotationX": 25.0, "rotationY": 22.0, "rotationZ": -3.0 },
						"R ear": { "offsetX": 0.0, "offsetY": 0.0, "offsetZ": 0.0, "rotationX": -19.0, "rotationY": 23.0, "rotationZ": 6.0 },
						"L ear": { "offsetX": 0.0, "offsetY": 0.0, "offsetZ": 0.0, "rotationX": 36.0, "rotationY": 17.0, "rotationZ": -28.0 },
						"R front leg": { "offsetX": 0.0, "offsetY": 1.0, "offsetZ": 0.0, "rotationX": 4.0, "rotationY": 2.0, "rotationZ": 36.0 },
						"R front foot": { "offsetX": 0.0, "offsetY": 0.0, "offsetZ": 0.0, "rotationX": 0.0, "rotationY": 0.0, "rotationZ": 33.0 },
						"L front leg": { "offsetX": 0.0, "offsetY": 1.0, "offsetZ": 0.0, "rotationX": 19.0, "rotationY": 4.0, "rotationZ": -6.0 },
						"L front foot": { "offsetX": 0.0, "offsetY": 0.0, "offsetZ": 0.0, "rotationX": -4.0, "rotationY": 0.0, "rotationZ": 33.0 },
						"R back leg": { "offsetX": 0.0, "offsetY": -0.5, "offsetZ": 0.0, "rotationX": -6.0, "rotationY": 22.0, "rotationZ": 14.0 },
						"R back foot": { "offsetX": 0.0, "offsetY": 0.0, "offsetZ": 0.0, "rotationX": 8.0, "rotationY": 0.0, "rotationZ": -33.0 },
						"L back leg": { "offsetX": 0.0, "offsetY": -0.5, "offsetZ": 0.0, "rotationX": 13.0, "rotationY": 28.0, "rotationZ": -8.0 },
						"L back foot": { "offsetX": 0.0, "offsetY": -0.5, "offsetZ": 0.0, "rotationX": 0.0, "rotationY": 0.0, "rotationZ": -3.0 },
						"tail": { "offsetX": 0.0, "offsetY": 0.0, "offsetZ": 0.0, "rotationX": 8.0, "rotationY": 36.0, "rotationZ": 36.0 }
					}
				}
			]
		},

		{
			"name": "Attack",
			"code": "attack",
			"quantityframes": 75,
			"onActivityStopped": "PlayTillEnd",
			"onAnimationEnd": "Stop",
			"keyframes": [
				{
					"frame": 0,
					"elements": {
						"Body": { "offsetX": 0.0, "offsetY": 0.0, "offsetZ": 0.0, "rotationX": 0.0, "rotationY": 0.0, "rotationZ": 0.0 },
						"neck": { "offsetX": 0.0, "offsetY": 0.0, "offsetZ": 0.0, "rotationX": 0.0, "rotationY": 0.0, "rotationZ": 0.0 },
						"head": { "offsetX": 0.0, "offsetY": 0.0, "offsetZ": 0.0, "rotationX": 0.0, "rotationY": 0.0, "rotationZ": 0.0 },
						"R ear": { "offsetX": 0.0, "offsetY": 0.0, "offsetZ": 0.0, "rotationX": 0.0, "rotationY": 0.0, "rotationZ": 0.0 },
						"L ear": { "offsetX": 0.0, "offsetY": 0.0, "offsetZ": 0.0, "rotationX": 0.0, "rotationY": 0.0, "rotationZ": 0.0 },
						"R front leg": { "offsetX": 0.0, "offsetY": 0.0, "offsetZ": 0.0, "rotationX": 0.0, "rotationY": 0.0, "rotationZ": 0.0 },
						"R front foot": { "offsetX": 0.0, "offsetY": 0.0, "offsetZ": 0.0, "rotationX": 0.0, "rotationY": 0.0, "rotationZ": 0.0 },
						"L front leg": { "offsetX": 0.0, "offsetY": 0.0, "offsetZ": 0.0, "rotationX": 0.0, "rotationY": 0.0, "rotationZ": 0.0 },
						"L front foot": { "offsetX": 0.0, "offsetY": 0.0, "offsetZ": 0.0, "rotationX": 0.0, "rotationY": 0.0, "rotationZ": 0.0 },
						"R back leg": { "offsetX": 0.0, "offsetY": 0.0, "offsetZ": 0.0, "rotationX": 0.0, "rotationY": 0.0, "rotationZ": 0.0 },
						"R back foot": { "offsetX": 0.0, "offsetY": 0.0, "offsetZ": 0.0, "rotationX": 0.0, "rotationY": 0.0, "rotationZ": 0.0 },
						"L back leg": { "offsetX": 0.0, "offsetY": 0.0, "offsetZ": 0.0, "rotationX": 0.0, "rotationY": 0.0, "rotationZ": 0.0 },
						"L back foot": { "offsetX": 0.0, "offsetY": 0.0, "offsetZ": 0.0, "rotationX": 0.0, "rotationY": 0.0, "rotationZ": 0.0 },
						"tail": { "offsetX": 0.0, "offsetY": 0.0, "offsetZ": 0.0, "rotationX": 0.0, "rotationY": 0.0, "rotationZ": 0.0 }
					}
				},
				{
					"frame": 7,
					"elements": {
						"Body": {  },
						"L front leg": { "offsetX": 0.0, "offsetY": 2.0, "offsetZ": 0.0 },
						"R back leg": {  },
						"R back foot": { "offsetX": 0.0, "offsetY": 1.0, "offsetZ": 0.0 }
					}
				},
				{
					"frame": 15,
					"elements": {
						"Body": {  },
						"R front leg": { "rotationX": 0.0, "rotationY": 0.0, "rotationZ": -16.0 },
						"L front leg": { "rotationX": 0.0, "rotationY": 0.0, "rotationZ": -10.0 },
						"L back leg": { "offsetX": 0.0, "offsetY": 0.0, "offsetZ": 0.0, "rotationX": 0.0, "rotationY": 0.0, "rotationZ": -10.0 },
						"R back leg": {  },
						"R back foot": { "offsetX": 0.0, "offsetY": 0.0, "offsetZ": 0.0, "rotationX": 0.0, "rotationY": 0.0, "rotationZ": 5.0 }
					}
				},
				{
					"frame": 22,
					"elements": {
						"Body": {  },
						"R front leg": { "offsetX": 0.0, "offsetY": 3.0, "offsetZ": 0.0 },
						"L back leg": { "offsetX": 0.0, "offsetY": 1.0, "offsetZ": 0.0 }
					}
				},
				{
					"frame": 30,
					"elements": {
						"Body": { "offsetX": 5.0, "offsetY": -2.0, "offsetZ": 0.0, "rotationX": 0.0, "rotationY": 0.0, "rotationZ": 12.0 },
						"neck": { "offsetX": 0.0, "offsetY": 0.0, "offsetZ": 0.0, "rotationX": 0.0, "rotationY": 0.0, "rotationZ": 10.0 },
						"head": { "offsetX": 0.0, "offsetY": 0.0, "offsetZ": 0.0, "rotationX": 0.0, "rotationY": 0.0, "rotationZ": -20.0 },
						"R ear": { "offsetX": 0.0, "offsetY": 0.0, "offsetZ": 0.0, "rotationX": 0.0, "rotationY": -10.0, "rotationZ": 0.0 },
						"L ear": { "offsetX": 0.0, "offsetY": 0.0, "offsetZ": 0.0, "rotationX": 0.0, "rotationY": 10.0, "rotationZ": 0.0 },
						"R front leg": { "offsetX": 0.0, "offsetY": 1.5, "offsetZ": 0.0, "rotationX": 0.0, "rotationY": 0.0, "rotationZ": 0.0 },
						"R front foot": { "offsetX": 0.0, "offsetY": 0.0, "offsetZ": 0.0, "rotationX": 0.0, "rotationY": 0.0, "rotationZ": 5.0 },
						"L front leg": { "offsetX": 0.0, "offsetY": 1.5, "offsetZ": 0.0, "rotationX": 0.0, "rotationY": 0.0, "rotationZ": -30.0 },
						"L front foot": { "offsetX": 0.0, "offsetY": 0.0, "offsetZ": 0.0, "rotationX": 0.0, "rotationY": 0.0, "rotationZ": 10.0 },
						"R back leg": { "offsetX": 0.0, "offsetY": -0.5, "offsetZ": 0.0, "rotationX": 0.0, "rotationY": 0.0, "rotationZ": -10.0 },
						"R back foot": { "offsetX": 0.0, "offsetY": 0.0, "offsetZ": 0.0, "rotationX": 0.0, "rotationY": 0.0, "rotationZ": -5.0 },
						"L back leg": { "offsetX": 0.0, "offsetY": -1.0, "offsetZ": 0.0, "rotationX": 0.0, "rotationY": 0.0, "rotationZ": 0.0 },
						"L back foot": { "offsetX": 0.0, "offsetY": 0.0, "offsetZ": 0.0, "rotationX": 0.0, "rotationY": 0.0, "rotationZ": 0.0 },
						"tail": { "offsetX": 0.0, "offsetY": 0.0, "offsetZ": 0.0, "rotationX": 0.0, "rotationY": 0.0, "rotationZ": 0.0 }
					}
				},
				{
					"frame": 35,
					"elements": {
						"Body": {  },
						"R front leg": { "offsetX": 0.0, "offsetY": 3.0, "offsetZ": 0.0 },
						"L back leg": { "offsetX": 0.0, "offsetY": 0.5, "offsetZ": 0.0 }
					}
				},
				{
					"frame": 38,
					"elements": {
						"Body": { "offsetX": 1.7999999999999998, "offsetY": -1.6, "offsetZ": 0.0, "rotationX": 0.0, "rotationY": 0.0, "rotationZ": 9.2 },
						"neck": { "offsetX": 0.0, "offsetY": 0.0, "offsetZ": 0.0, "rotationX": 0.0, "rotationY": 0.0, "rotationZ": 18.0 },
						"head": { "offsetX": 0.0, "offsetY": 0.0, "offsetZ": 0.0, "rotationX": 0.0, "rotationY": 0.0, "rotationZ": -2.0 },
						"R ear": { "offsetX": 0.0, "offsetY": 0.0, "offsetZ": 0.0, "rotationX": -10.0, "rotationY": -20.0, "rotationZ": 0.0 },
						"L ear": { "offsetX": 0.0, "offsetY": 0.0, "offsetZ": 0.0, "rotationX": 10.0, "rotationY": 20.0, "rotationZ": 0.0 },
						"R front leg": { "offsetX": 0.0, "offsetY": 2.0, "offsetZ": 0.0, "rotationX": 0.0, "rotationY": 0.0, "rotationZ": -26.0 },
						"R front foot": { "offsetX": 0.0, "offsetY": 0.0, "offsetZ": 0.0, "rotationX": 0.0, "rotationY": 0.0, "rotationZ": 9.0 },
						"L front leg": { "offsetX": 0.0, "offsetY": 2.0, "offsetZ": 0.0, "rotationX": 0.0, "rotationY": 0.0, "rotationZ": -15.0 },
						"L front foot": { "offsetX": 0.0, "offsetY": 0.0, "offsetZ": 0.0, "rotationX": 0.0, "rotationY": 0.0, "rotationZ": 14.0 },
						"R back leg": { "offsetX": 0.0, "offsetY": -0.1, "offsetZ": 0.0, "rotationX": 0.0, "rotationY": 0.0, "rotationZ": 0.0 },
						"R back foot": { "offsetX": 0.0, "offsetY": 0.0, "offsetZ": 0.0, "rotationX": 0.0, "rotationY": 0.0, "rotationZ": -7.0 },
						"L back leg": { "offsetX": 0.0, "offsetY": 0.0, "offsetZ": 0.0, "rotationX": 0.0, "rotationY": 0.0, "rotationZ": -10.0 },
						"L back foot": { "offsetX": 0.0, "offsetY": 0.0, "offsetZ": 0.0, "rotationX": 0.0, "rotationY": 0.0, "rotationZ": 0.0 },
						"tail": { "offsetX": 0.0, "offsetY": 0.0, "offsetZ": 0.0, "rotationX": 0.0, "rotationY": 0.0, "rotationZ": 0.0 }
					}
				},
				{
					"frame": 42,
					"elements": {
						"Body": {  },
						"L front leg": { "offsetX": 0.0, "offsetY": 3.0, "offsetZ": 0.0 },
						"R back leg": { "offsetX": 0.0, "offsetY": 1.0, "offsetZ": 0.0 }
					}
				},
				{
					"frame": 45,
					"elements": {
						"Body": { "offsetX": -3.0, "offsetY": -1.0, "offsetZ": 0.0, "rotationX": 0.0, "rotationY": 0.0, "rotationZ": 5.0 },
						"neck": { "offsetX": 0.0, "offsetY": 0.0, "offsetZ": 0.0, "rotationX": 0.0, "rotationY": 0.0, "rotationZ": 30.0 },
						"head": { "offsetX": 0.0, "offsetY": 0.0, "offsetZ": 0.0, "rotationX": 0.0, "rotationY": 0.0, "rotationZ": 25.0 },
						"R ear": { "offsetX": 0.0, "offsetY": 0.0, "offsetZ": 0.0, "rotationX": 0.0, "rotationY": 0.0, "rotationZ": 0.0 },
						"L ear": { "offsetX": 0.0, "offsetY": 0.0, "offsetZ": 0.0, "rotationX": 0.0, "rotationY": 0.0, "rotationZ": 0.0 },
						"R front leg": { "offsetX": 0.0, "offsetY": 1.5, "offsetZ": 0.0, "rotationX": 0.0, "rotationY": 0.0, "rotationZ": -5.0 },
						"R front foot": { "offsetX": 0.0, "offsetY": 0.0, "offsetZ": 0.0, "rotationX": 0.0, "rotationY": 0.0, "rotationZ": 15.0 },
						"L front leg": { "offsetX": 0.0, "offsetY": 1.5, "offsetZ": 0.0, "rotationX": 0.0, "rotationY": 0.0, "rotationZ": -30.0 },
						"L front foot": { "offsetX": 0.0, "offsetY": 0.0, "offsetZ": 0.0, "rotationX": 0.0, "rotationY": 0.0, "rotationZ": 20.0 },
						"R back leg": { "offsetX": 0.0, "offsetY": 0.5, "offsetZ": 0.0, "rotationX": 0.0, "rotationY": 0.0, "rotationZ": -10.0 },
						"R back foot": { "offsetX": 0.0, "offsetY": 0.0, "offsetZ": 0.0, "rotationX": 0.0, "rotationY": 0.0, "rotationZ": -10.0 },
						"L back leg": { "offsetX": 0.0, "offsetY": 0.0, "offsetZ": 0.0, "rotationX": 0.0, "rotationY": 0.0, "rotationZ": 10.0 },
						"L back foot": { "offsetX": 0.0, "offsetY": 0.0, "offsetZ": 0.0, "rotationX": 0.0, "rotationY": 0.0, "rotationZ": 0.0 },
						"tail": { "offsetX": 0.0, "offsetY": 0.0, "offsetZ": 0.0, "rotationX": 0.0, "rotationY": 0.0, "rotationZ": 0.0 }
					}
				},
				{
					"frame": 50,
					"elements": {
						"Body": { "offsetX": -5.0, "offsetY": -1.0, "offsetZ": 0.0, "rotationX": 0.0, "rotationY": 0.0, "rotationZ": -10.0 },
						"neck": { "offsetX": 0.0, "offsetY": 0.0, "offsetZ": 0.0, "rotationX": 0.0, "rotationY": 0.0, "rotationZ": 20.0 },
						"head": { "offsetX": 0.0, "offsetY": 0.0, "offsetZ": 0.0, "rotationX": 0.0, "rotationY": 0.0, "rotationZ": 15.0 },
						"R ear": { "offsetX": 0.0, "offsetY": 0.0, "offsetZ": 0.0, "rotationX": 0.0, "rotationY": 0.0, "rotationZ": 0.0 },
						"L ear": { "offsetX": 0.0, "offsetY": 0.0, "offsetZ": 0.0, "rotationX": 0.0, "rotationY": 0.0, "rotationZ": 0.0 },
						"R front leg": { "offsetX": 0.0, "offsetY": -1.0, "offsetZ": 0.0, "rotationX": 0.0, "rotationY": 0.0, "rotationZ": 15.0 },
						"R front foot": { "offsetX": 0.0, "offsetY": 0.0, "offsetZ": 0.0, "rotationX": 0.0, "rotationY": 0.0, "rotationZ": 15.0 },
						"L front leg": { "offsetX": 0.0, "offsetY": -1.0, "offsetZ": 0.0, "rotationX": 0.0, "rotationY": 0.0, "rotationZ": 10.0 },
						"L front foot": { "offsetX": 0.0, "offsetY": 0.0, "offsetZ": 0.0, "rotationX": 0.0, "rotationY": 0.0, "rotationZ": 10.0 },
						"R back leg": { "offsetX": 0.0, "offsetY": 1.0, "offsetZ": 0.0, "rotationX": 0.0, "rotationY": 0.0, "rotationZ": 5.0 },
						"R back foot": { "offsetX": 0.0, "offsetY": 0.0, "offsetZ": 0.0, "rotationX": 0.0, "rotationY": 0.0, "rotationZ": 0.0 },
						"L back leg": { "offsetX": 0.0, "offsetY": 0.0, "offsetZ": 0.0, "rotationX": 0.0, "rotationY": 0.0, "rotationZ": 30.0 },
						"L back foot": { "offsetX": 0.0, "offsetY": 0.0, "offsetZ": 0.0, "rotationX": 0.0, "rotationY": 0.0, "rotationZ": 0.0 },
						"tail": { "offsetX": 0.0, "offsetY": 0.0, "offsetZ": 0.0, "rotationX": 0.0, "rotationY": 0.0, "rotationZ": 0.0 }
					}
				},
				{
					"frame": 57,
					"elements": {
						"Body": {  },
						"L front leg": { "offsetX": 0.0, "offsetY": -0.5, "offsetZ": 0.0, "rotationX": 0.0, "rotationY": 0.0, "rotationZ": 0.0 }
					}
				},
				{
					"frame": 62,
					"elements": {
						"Body": {  },
						"R back leg": { "offsetX": 0.0, "offsetY": 1.5, "offsetZ": 0.0 }
					}
				},
				{
					"frame": 65,
					"elements": {
						"Body": {  },
						"L front leg": { "offsetX": 0.0, "offsetY": 0.5, "offsetZ": 0.0 }
					}
				}
			]
		},

		{
			"name": "Eat",
			"code": "eat",
			"quantityframes": 120,
			"onActivityStopped": "Stop",
			"onAnimationEnd": "Stop",
			"keyframes": [
				{
					"frame": 0,
					"elements": {
						"Body": { "offsetX": 0.0, "offsetY": 0.0, "offsetZ": 0.0, "rotationX": 0.0, "rotationY": 0.0, "rotationZ": 0.0 },
						"neck": { "offsetX": 0.0, "offsetY": 0.0, "offsetZ": 0.0, "rotationX": 0.0, "rotationY": 0.0, "rotationZ": 0.0 },
						"head": { "offsetX": 0.0, "offsetY": 0.0, "offsetZ": 0.0, "rotationX": 0.0, "rotationY": 0.0, "rotationZ": 0.0 },
						"mouth down": { "offsetX": 0.0, "offsetY": 0.0, "offsetZ": 0.0, "rotationX": 0.0, "rotationY": 0.0, "rotationZ": 0.0 },
						"R ear": { "offsetX": 0.0, "offsetY": 0.0, "offsetZ": 0.0, "rotationX": 0.0, "rotationY": 0.0, "rotationZ": 0.0 },
						"L ear": { "offsetX": 0.0, "offsetY": 0.0, "offsetZ": 0.0, "rotationX": 0.0, "rotationY": 0.0, "rotationZ": 0.0 },
						"R front leg": { "offsetX": 0.0, "offsetY": 0.0, "offsetZ": 0.0, "rotationX": 0.0, "rotationY": 0.0, "rotationZ": 0.0 },
						"R front foot": { "offsetX": 0.0, "offsetY": 0.0, "offsetZ": 0.0, "rotationX": 0.0, "rotationY": 0.0, "rotationZ": 0.0 },
						"L front leg": { "offsetX": 0.0, "offsetY": 0.0, "offsetZ": 0.0, "rotationX": 0.0, "rotationY": 0.0, "rotationZ": 0.0 },
						"L front foot": { "offsetX": 0.0, "offsetY": 0.0, "offsetZ": 0.0, "rotationX": 0.0, "rotationY": 0.0, "rotationZ": 0.0 },
						"R back leg": { "offsetX": 0.0, "offsetY": 0.0, "offsetZ": 0.0, "rotationX": 0.0, "rotationY": 0.0, "rotationZ": 0.0 },
						"R back foot": { "offsetX": 0.0, "offsetY": 0.0, "offsetZ": 0.0, "rotationX": 0.0, "rotationY": 0.0, "rotationZ": 0.0 },
						"L back leg": { "offsetX": 0.0, "offsetY": 0.0, "offsetZ": 0.0, "rotationX": 0.0, "rotationY": 0.0, "rotationZ": 0.0 },
						"L back foot": { "offsetX": 0.0, "offsetY": 0.0, "offsetZ": 0.0, "rotationX": 0.0, "rotationY": 0.0, "rotationZ": 0.0 },
						"tail": { "offsetX": 0.0, "offsetY": 0.0, "offsetZ": 0.0, "rotationX": 0.0, "rotationY": 0.0, "rotationZ": 0.0 }
					}
				},
				{
					"frame": 8,
					"elements": {
						"Body": {  },
						"L back leg": { "offsetX": 0.0, "offsetY": 0.0, "offsetZ": 0.0 }
					}
				},
				{
					"frame": 17,
					"elements": {
						"Body": {  },
						"R front leg": { "offsetX": 0.0, "offsetY": 2.0, "offsetZ": 0.0 }
					}
				},
				{
					"frame": 35,
					"elements": {
						"Body": { "offsetX": 0.0, "offsetY": -1.0, "offsetZ": 0.0, "rotationX": -3.0, "rotationY": 2.0, "rotationZ": 20.0 },
						"neck": { "offsetX": 0.0, "offsetY": 0.0, "offsetZ": 0.0, "rotationX": 3.0, "rotationY": -2.0, "rotationZ": 75.0 },
						"head": { "offsetX": 0.0, "offsetY": 0.0, "offsetZ": 0.0, "rotationX": 0.0, "rotationY": 0.0, "rotationZ": -40.0 },
						"mouth down": { "offsetX": 0.0, "offsetY": 0.0, "offsetZ": 0.0, "rotationX": 0.0, "rotationY": 0.0, "rotationZ": 0.0 },
						"R ear": { "offsetX": 0.0, "offsetY": 0.0, "offsetZ": 0.0, "rotationX": 0.0, "rotationY": 0.0, "rotationZ": 0.0 },
						"L ear": { "offsetX": 0.0, "offsetY": 0.0, "offsetZ": 0.0, "rotationX": 0.0, "rotationY": 0.0, "rotationZ": 0.0 },
						"R front leg": { "offsetX": 0.0, "offsetY": 2.0, "offsetZ": 0.0, "rotationX": 3.0, "rotationY": 0.0, "rotationZ": 10.0 },
						"R front foot": { "offsetX": 0.0, "offsetY": 0.0, "offsetZ": 0.0, "rotationX": 0.0, "rotationY": 0.0, "rotationZ": -10.0 },
						"L front leg": { "offsetX": 0.0, "offsetY": 2.0, "offsetZ": 0.0, "rotationX": 0.0, "rotationY": 0.0, "rotationZ": -15.0 },
						"L front foot": { "offsetX": 0.0, "offsetY": 0.0, "offsetZ": 0.0, "rotationX": 0.0, "rotationY": 0.0, "rotationZ": -10.0 },
						"R back leg": { "offsetX": 0.0, "offsetY": -1.0, "offsetZ": 0.0, "rotationX": 3.0, "rotationY": 0.0, "rotationZ": -22.5 },
						"R back foot": { "offsetX": 0.0, "offsetY": 0.0, "offsetZ": 0.0, "rotationX": 0.0, "rotationY": 0.0, "rotationZ": 0.0 },
						"L back leg": { "offsetX": -1.0, "offsetY": -2.0, "offsetZ": 0.0, "rotationX": 0.0, "rotationY": 0.0, "rotationZ": 0.0 },
						"L back foot": { "offsetX": 0.0, "offsetY": 0.0, "offsetZ": 0.0, "rotationX": 0.0, "rotationY": 0.0, "rotationZ": 0.0 },
						"tail": { "offsetX": 0.0, "offsetY": 0.0, "offsetZ": 0.0, "rotationX": 0.0, "rotationY": 0.0, "rotationZ": 0.0 }
					}
				},
				{
					"frame": 45,
					"elements": {
						"Body": { "offsetX": 0.0, "offsetY": -1.0, "offsetZ": 0.0, "rotationX": -3.0, "rotationY": 2.0, "rotationZ": 22.0 },
						"neck": { "offsetX": 0.0, "offsetY": 0.0, "offsetZ": 0.0, "rotationX": 3.0, "rotationY": -2.0, "rotationZ": 80.0 },
						"head": { "offsetX": -0.5, "offsetY": 0.0, "offsetZ": 0.0, "rotationX": 0.0, "rotationY": 0.0, "rotationZ": -50.0 },
						"mouth down": { "offsetX": 0.0, "offsetY": 0.0, "offsetZ": 0.0, "rotationX": 0.0, "rotationY": 0.0, "rotationZ": 20.0 },
						"R ear": { "offsetX": 0.0, "offsetY": 0.0, "offsetZ": 0.0, "rotationX": 0.0, "rotationY": 0.0, "rotationZ": 0.0 },
						"L ear": { "offsetX": 0.0, "offsetY": 0.0, "offsetZ": 0.0, "rotationX": 0.0, "rotationY": 0.0, "rotationZ": 0.0 },
						"R front leg": { "offsetX": 0.0, "offsetY": 2.0, "offsetZ": 0.0, "rotationX": 3.0, "rotationY": 0.0, "rotationZ": 8.0 },
						"R front foot": { "offsetX": 0.0, "offsetY": 0.0, "offsetZ": 0.0, "rotationX": 0.0, "rotationY": 0.0, "rotationZ": -10.0 },
						"L front leg": { "offsetX": 0.0, "offsetY": 2.0, "offsetZ": 0.0, "rotationX": 0.0, "rotationY": 0.0, "rotationZ": -17.0 },
						"L front foot": { "offsetX": 0.0, "offsetY": 0.0, "offsetZ": 0.0, "rotationX": 0.0, "rotationY": 0.0, "rotationZ": -10.0 },
						"R back leg": { "offsetX": 0.0, "offsetY": -1.2, "offsetZ": 0.0, "rotationX": 3.0, "rotationY": 0.0, "rotationZ": -24.5 },
						"R back foot": { "offsetX": 0.0, "offsetY": 0.0, "offsetZ": 0.0, "rotationX": 0.0, "rotationY": 0.0, "rotationZ": 0.0 },
						"L back leg": { "offsetX": -1.0, "offsetY": -2.2, "offsetZ": 0.0, "rotationX": 0.0, "rotationY": 0.0, "rotationZ": -2.0 },
						"L back foot": { "offsetX": 0.0, "offsetY": 0.0, "offsetZ": 0.0, "rotationX": 0.0, "rotationY": 0.0, "rotationZ": 0.0 },
						"tail": { "offsetX": 0.0, "offsetY": 0.0, "offsetZ": 0.0, "rotationX": 0.0, "rotationY": 0.0, "rotationZ": 0.0 }
					}
				},
				{
					"frame": 55,
					"elements": {
						"Body": { "offsetX": 0.0, "offsetY": -1.0, "offsetZ": 0.0, "rotationX": -3.0, "rotationY": 2.0, "rotationZ": 20.0 },
						"neck": { "offsetX": 0.0, "offsetY": 0.0, "offsetZ": 0.0, "rotationX": 3.0, "rotationY": -2.0, "rotationZ": 75.0 },
						"head": { "offsetX": -1.0, "offsetY": -1.0, "offsetZ": 0.0, "rotationX": 0.0, "rotationY": 0.0, "rotationZ": -60.0 },
						"mouth down": { "offsetX": 0.0, "offsetY": 0.0, "offsetZ": 0.0, "rotationX": 0.0, "rotationY": 0.0, "rotationZ": 0.0 },
						"R ear": { "offsetX": 0.0, "offsetY": 0.0, "offsetZ": 0.0, "rotationX": 0.0, "rotationY": 0.0, "rotationZ": 0.0 },
						"L ear": { "offsetX": 0.0, "offsetY": 0.0, "offsetZ": 0.0, "rotationX": 0.0, "rotationY": 0.0, "rotationZ": 0.0 },
						"R front leg": { "offsetX": 0.0, "offsetY": 2.0, "offsetZ": 0.0, "rotationX": 3.0, "rotationY": 0.0, "rotationZ": 10.0 },
						"R front foot": { "offsetX": 0.0, "offsetY": 0.0, "offsetZ": 0.0, "rotationX": 0.0, "rotationY": 0.0, "rotationZ": -10.0 },
						"L front leg": { "offsetX": 0.0, "offsetY": 2.0, "offsetZ": 0.0, "rotationX": 0.0, "rotationY": 0.0, "rotationZ": -15.0 },
						"L front foot": { "offsetX": 0.0, "offsetY": 0.0, "offsetZ": 0.0, "rotationX": 0.0, "rotationY": 0.0, "rotationZ": -10.0 },
						"R back leg": { "offsetX": 0.0, "offsetY": -1.0, "offsetZ": 0.0, "rotationX": 3.0, "rotationY": 0.0, "rotationZ": -22.5 },
						"R back foot": { "offsetX": 0.0, "offsetY": 0.0, "offsetZ": 0.0, "rotationX": 0.0, "rotationY": 0.0, "rotationZ": 0.0 },
						"L back leg": { "offsetX": -1.0, "offsetY": -2.0, "offsetZ": 0.0, "rotationX": 0.0, "rotationY": 0.0, "rotationZ": 0.0 },
						"L back foot": { "offsetX": 0.0, "offsetY": 0.0, "offsetZ": 0.0, "rotationX": 0.0, "rotationY": 0.0, "rotationZ": 0.0 },
						"tail": { "offsetX": 0.0, "offsetY": 0.0, "offsetZ": 0.0, "rotationX": 0.0, "rotationY": 0.0, "rotationZ": 0.0 }
					}
				},
				{
					"frame": 63,
					"elements": {
						"Body": {  },
						"neck": {  },
						"head": {  },
						"mouth down": { "rotationX": 0.0, "rotationY": 0.0, "rotationZ": 8.0 }
					}
				},
				{
					"frame": 71,
					"elements": {
						"Body": {  },
						"neck": {  },
						"head": {  },
						"mouth down": { "rotationX": 0.0, "rotationY": 0.0, "rotationZ": 0.0 }
					}
				},
				{
					"frame": 75,
					"elements": {
						"Body": {  },
						"L back leg": { "offsetX": 0.0, "offsetY": -1.0, "offsetZ": 0.0 }
					}
				},
				{
					"frame": 79,
					"elements": {
						"Body": {  },
						"neck": {  },
						"head": {  },
						"mouth down": { "rotationX": 0.0, "rotationY": 0.0, "rotationZ": 8.0 },
						"R front leg": { "offsetX": 0.0, "offsetY": 2.0, "offsetZ": 0.0 }
					}
				},
				{
					"frame": 87,
					"elements": {
						"Body": {  },
						"neck": {  },
						"head": {  },
						"mouth down": { "rotationX": 0.0, "rotationY": 0.0, "rotationZ": 0.0 }
					}
				},
				{
					"frame": 95,
					"elements": {
						"Body": {  },
						"neck": {  },
						"head": {  },
						"mouth down": { "rotationX": 0.0, "rotationY": 0.0, "rotationZ": 8.0 }
					}
				},
				{
					"frame": 103,
					"elements": {
						"Body": {  },
						"neck": {  },
						"head": {  },
						"mouth down": { "rotationX": 0.0, "rotationY": 0.0, "rotationZ": 0.0 }
					}
				},
				{
					"frame": 110,
					"elements": {
						"Body": { "offsetX": 0.0, "offsetY": 0.0, "offsetZ": 0.0, "rotationX": 0.0, "rotationY": 0.0, "rotationZ": 0.0 },
						"neck": { "offsetX": 0.0, "offsetY": 0.0, "offsetZ": 0.0, "rotationX": 0.0, "rotationY": 0.0, "rotationZ": 0.0 },
						"head": { "offsetX": 0.0, "offsetY": 0.0, "offsetZ": 0.0, "rotationX": 0.0, "rotationY": 0.0, "rotationZ": 0.0 },
						"mouth down": { "offsetX": 0.0, "offsetY": 0.0, "offsetZ": 0.0, "rotationX": 0.0, "rotationY": 0.0, "rotationZ": 0.0 },
						"R ear": { "offsetX": 0.0, "offsetY": 0.0, "offsetZ": 0.0, "rotationX": 0.0, "rotationY": 0.0, "rotationZ": 0.0 },
						"L ear": { "offsetX": 0.0, "offsetY": 0.0, "offsetZ": 0.0, "rotationX": 0.0, "rotationY": 0.0, "rotationZ": 0.0 },
						"R front leg": { "offsetX": 0.0, "offsetY": 0.0, "offsetZ": 0.0, "rotationX": 0.0, "rotationY": 0.0, "rotationZ": 0.0 },
						"R front foot": { "offsetX": 0.0, "offsetY": 0.0, "offsetZ": 0.0, "rotationX": 0.0, "rotationY": 0.0, "rotationZ": 0.0 },
						"L front leg": { "offsetX": 0.0, "offsetY": 0.0, "offsetZ": 0.0, "rotationX": 0.0, "rotationY": 0.0, "rotationZ": 0.0 },
						"L front foot": { "offsetX": 0.0, "offsetY": 0.0, "offsetZ": 0.0, "rotationX": 0.0, "rotationY": 0.0, "rotationZ": 0.0 },
						"R back leg": { "offsetX": 0.0, "offsetY": 0.0, "offsetZ": 0.0, "rotationX": 0.0, "rotationY": 0.0, "rotationZ": 0.0 },
						"R back foot": { "offsetX": 0.0, "offsetY": 0.0, "offsetZ": 0.0, "rotationX": 0.0, "rotationY": 0.0, "rotationZ": 0.0 },
						"L back leg": { "offsetX": 0.0, "offsetY": 0.0, "offsetZ": 0.0, "rotationX": 0.0, "rotationY": 0.0, "rotationZ": 0.0 },
						"L back foot": { "offsetX": 0.0, "offsetY": 0.0, "offsetZ": 0.0, "rotationX": 0.0, "rotationY": 0.0, "rotationZ": 0.0 },
						"tail": { "offsetX": 0.0, "offsetY": 0.0, "offsetZ": 0.0, "rotationX": 0.0, "rotationY": 0.0, "rotationZ": 0.0 }
					}
				}
			]
		},

		{
			"name": "Hurt",
			"code": "hurt",
			"quantityframes": 30,
			"onActivityStopped": "PlayTillEnd",
			"onAnimationEnd": "Stop",
			"keyframes": [
				{
					"frame": 0,
					"elements": {
						"Body": { "offsetX": 0.0, "offsetY": 0.0, "offsetZ": 0.0, "rotationX": 0.0, "rotationY": 0.0, "rotationZ": 0.0 },
						"neck": { "offsetX": 0.0, "offsetY": 0.0, "offsetZ": 0.0, "rotationX": 0.0, "rotationY": 0.0, "rotationZ": 0.0 },
						"head": { "offsetX": 0.0, "offsetY": 0.0, "offsetZ": 0.0, "rotationX": 0.0, "rotationY": 0.0, "rotationZ": 0.0 },
						"mouth down": { "rotationX": 0.0, "rotationY": 0.0, "rotationZ": 0.0 },
						"R front leg": { "offsetX": 0.0, "offsetY": 0.0, "offsetZ": 0.0, "rotationX": 0.0, "rotationY": 0.0, "rotationZ": 0.0 },
						"R front foot": { "offsetX": 0.0, "offsetY": 0.0, "offsetZ": 0.0, "rotationX": 0.0, "rotationY": 0.0, "rotationZ": 0.0 },
						"L front leg": { "offsetX": 0.0, "offsetY": 0.0, "offsetZ": 0.0, "rotationX": 0.0, "rotationY": 0.0, "rotationZ": 0.0 },
						"L front foot": { "offsetX": 0.0, "offsetY": 0.0, "offsetZ": 0.0, "rotationX": 0.0, "rotationY": 0.0, "rotationZ": 0.0 },
						"R back leg": { "offsetX": 0.0, "offsetY": 0.0, "offsetZ": 0.0, "rotationX": 0.0, "rotationY": 0.0, "rotationZ": 0.0 },
						"R back foot": { "offsetX": 0.0, "offsetY": 0.0, "offsetZ": 0.0, "rotationX": 0.0, "rotationY": 0.0, "rotationZ": 0.0 },
						"L back leg": { "offsetX": 0.0, "offsetY": 0.0, "offsetZ": 0.0, "rotationX": 0.0, "rotationY": 0.0, "rotationZ": 0.0 },
						"L back foot": { "offsetX": 0.0, "offsetY": 0.0, "offsetZ": 0.0, "rotationX": 0.0, "rotationY": 0.0, "rotationZ": 0.0 },
						"tail": { "rotationX": 0.0, "rotationY": 0.0, "rotationZ": 0.0 }
					}
				},
				{
					"frame": 6,
					"elements": {
						"Body": { "offsetX": 0.0, "offsetY": 0.0, "offsetZ": 0.0, "rotationX": 1.0, "rotationY": -5.0, "rotationZ": -10.0 },
						"neck": { "offsetX": 0.0, "offsetY": 0.0, "offsetZ": 0.0, "rotationX": -2.0, "rotationY": 2.0, "rotationZ": -5.0 },
						"head": { "offsetX": 0.0, "offsetY": 0.0, "offsetZ": 0.0, "rotationX": 0.0, "rotationY": 0.0, "rotationZ": 15.0 },
						"mouth down": { "rotationX": 0.0, "rotationY": 0.0, "rotationZ": 0.0 },
						"R front leg": { "offsetX": 0.0, "offsetY": -1.0, "offsetZ": 0.0, "rotationX": -3.0, "rotationY": 0.0, "rotationZ": 5.0 },
						"R front foot": { "offsetX": 0.0, "offsetY": 0.0, "offsetZ": 0.0, "rotationX": 0.0, "rotationY": 0.0, "rotationZ": 5.0 },
						"L front leg": { "offsetX": 0.0, "offsetY": 0.0, "offsetZ": 0.0, "rotationX": 0.0, "rotationY": 0.0, "rotationZ": -5.0 },
						"L front foot": { "offsetX": 0.0, "offsetY": 0.0, "offsetZ": 0.0, "rotationX": 0.0, "rotationY": 0.0, "rotationZ": 25.0 },
						"R back leg": { "offsetX": 0.0, "offsetY": 1.0, "offsetZ": 0.0, "rotationX": 2.0, "rotationY": 0.0, "rotationZ": 15.0 },
						"R back foot": { "offsetX": 0.0, "offsetY": 0.0, "offsetZ": 0.0, "rotationX": 0.0, "rotationY": 0.0, "rotationZ": -7.0 },
						"L back leg": { "offsetX": 0.0, "offsetY": 1.0, "offsetZ": 0.0, "rotationX": 1.0, "rotationY": 0.0, "rotationZ": 15.0 },
						"L back foot": { "offsetX": 0.0, "offsetY": 0.0, "offsetZ": 0.0, "rotationX": 0.0, "rotationY": 0.0, "rotationZ": -5.0 },
						"tail": { "rotationX": 0.0, "rotationY": 0.0, "rotationZ": 0.0 }
					}
				}
			]
		},

		{
			"name": "Sit",
			"code": "sit",
			"quantityframes": 30,
			"onActivityStopped": "EaseOut",
			"onAnimationEnd": "Repeat",
			"keyframes": [
				{
					"frame": 0,
					"elements": {
						"Body": { "offsetX": 0.0, "offsetY": -9.5, "offsetZ": 1.0, "rotationX": 9.0, "rotationY": 0.0, "rotationZ": 0.0 },
						"neck": { "rotationX": 0.0, "rotationY": -28.0, "rotationZ": -8.0 },
						"head": { "rotationX": 30.0, "rotationY": -8.0, "rotationZ": 8.0 },
						"R front leg": { "rotationX": 33.0, "rotationY": 8.0, "rotationZ": -53.0 },
						"R front foot": { "rotationX": 0.0, "rotationY": 0.0, "rotationZ": 138.0 },
						"L front leg": { "rotationX": 33.0, "rotationY": 8.0, "rotationZ": -53.0 },
						"L front foot": { "rotationX": 0.0, "rotationY": 0.0, "rotationZ": 141.0 },
						"R back leg": { "offsetX": 0.0, "offsetY": 1.0, "offsetZ": 0.0, "rotationX": 17.0, "rotationY": -19.0, "rotationZ": 11.0 },
						"R back foot": { "offsetX": 1.0, "offsetY": 1.0, "offsetZ": 0.0, "rotationX": 0.0, "rotationY": 0.0, "rotationZ": -91.0 },
						"L back leg": { "offsetX": 0.0, "offsetY": 1.0, "offsetZ": 0.0, "rotationX": -11.0, "rotationY": 8.0, "rotationZ": 8.0 },
						"L back foot": { "offsetX": 1.0, "offsetY": 0.0, "offsetZ": 0.0, "rotationX": 0.0, "rotationY": 0.0, "rotationZ": -94.0 }
					}
				},
				{
					"frame": 15,
					"elements": {
						"Body": { "offsetX": 0.0, "offsetY": -9.5, "offsetZ": 1.0, "rotationX": 9.0, "rotationY": 0.0, "rotationZ": -1.0 },
						"neck": { "rotationX": 0.0, "rotationY": -28.0, "rotationZ": -7.0 },
						"head": { "rotationX": 30.0, "rotationY": -8.0, "rotationZ": 8.0 },
						"R front leg": { "rotationX": 33.0, "rotationY": 9.0, "rotationZ": -51.0 },
						"R front foot": { "rotationX": 0.0, "rotationY": 0.0, "rotationZ": 137.0 },
						"L front leg": { "rotationX": 33.0, "rotationY": 8.0, "rotationZ": -50.0 },
						"L front foot": { "rotationX": 0.0, "rotationY": 0.0, "rotationZ": 139.0 },
						"R back leg": { "offsetX": 0.1, "offsetY": 1.1, "offsetZ": 0.0, "rotationX": 18.0, "rotationY": -19.0, "rotationZ": 12.0 },
						"R back foot": { "offsetX": 1.0, "offsetY": 1.0, "offsetZ": 0.0, "rotationX": 0.0, "rotationY": 0.0, "rotationZ": -91.0 },
						"L back leg": { "offsetX": 0.1, "offsetY": 1.1, "offsetZ": 0.0, "rotationX": -11.0, "rotationY": 8.0, "rotationZ": 9.0 },
						"L back foot": { "offsetX": 1.0, "offsetY": 0.0, "offsetZ": 0.0, "rotationX": 0.0, "rotationY": 0.0, "rotationZ": -94.0 }
					}
				}
			]
		},

		{
			"name": "Sleep",
			"code": "sleep",
			"quantityframes": 30,
			"onActivityStopped": "EaseOut",
			"onAnimationEnd": "Repeat",
			"keyframes": [
				{
					"frame": 0,
					"elements": {
						"Body": { "offsetX": 0.0, "offsetY": -10.0, "offsetZ": 0.0, "rotationX": 0.0, "rotationY": -5.0, "rotationZ": 5.0 },
						"neck": { "offsetX": 0.0, "offsetY": 2.0, "offsetZ": 0.0, "rotationX": 0.0, "rotationY": 5.0, "rotationZ": 72.0 },
						"head": { "offsetX": 0.0, "offsetY": -1.2, "offsetZ": 0.0, "rotationX": 0.0, "rotationY": 0.0, "rotationZ": -75.0 },
						"R front leg": { "offsetX": 1.0, "offsetY": 2.0, "offsetZ": 0.0, "rotationX": 6.0, "rotationY": 14.0, "rotationZ": 19.0 },
						"R front foot": { "rotationX": 0.0, "rotationY": 0.0, "rotationZ": -114.0 },
						"L front leg": { "offsetX": 1.0, "offsetY": 2.0, "offsetZ": 0.0, "rotationX": -6.0, "rotationY": -3.0, "rotationZ": 28.0 },
						"L front foot": { "rotationX": 0.0, "rotationY": 0.0, "rotationZ": -122.0 },
						"R back leg": { "offsetX": 0.0, "offsetY": 1.0, "offsetZ": 0.0, "rotationX": 14.0, "rotationY": -11.0, "rotationZ": 8.0 },
						"R back foot": { "offsetX": 0.8, "offsetY": 0.0, "offsetZ": 0.0, "rotationX": 0.0, "rotationY": 0.0, "rotationZ": -100.0 },
						"L back leg": { "offsetX": 0.0, "offsetY": 1.0, "offsetZ": 0.0, "rotationX": -3.0, "rotationY": 8.0, "rotationZ": 8.0 },
						"L back foot": { "offsetX": 0.8, "offsetY": 0.0, "offsetZ": 0.0, "rotationX": 0.0, "rotationY": 0.0, "rotationZ": -96.0 }
					}
				},
				{
					"frame": 15,
					"elements": {
						"Body": { "offsetX": 0.1, "offsetY": -10.0, "offsetZ": 0.0, "rotationX": 0.0, "rotationY": -5.0, "rotationZ": 4.0 },
						"neck": { "offsetX": 0.0, "offsetY": 2.0, "offsetZ": 0.0, "rotationX": 0.0, "rotationY": 5.0, "rotationZ": 73.0 },
						"head": { "offsetX": 0.0, "offsetY": -1.2, "offsetZ": 0.0, "rotationX": 0.0, "rotationY": 0.0, "rotationZ": -74.0 },
						"R front leg": { "offsetX": 1.0, "offsetY": 2.0, "offsetZ": 0.0, "rotationX": 6.0, "rotationY": 14.0, "rotationZ": 20.0 },
						"R front foot": { "rotationX": 0.0, "rotationY": 0.0, "rotationZ": -114.0 },
						"L front leg": { "offsetX": 1.0, "offsetY": 2.0, "offsetZ": 0.0, "rotationX": -6.0, "rotationY": -3.0, "rotationZ": 29.0 },
						"L front foot": { "rotationX": 0.0, "rotationY": 0.0, "rotationZ": -122.0 },
						"R back leg": { "offsetX": 0.0, "offsetY": 1.0, "offsetZ": 0.0, "rotationX": 14.0, "rotationY": -11.0, "rotationZ": 10.0 },
						"R back foot": { "offsetX": 0.8, "offsetY": 0.0, "offsetZ": 0.0, "rotationX": 0.0, "rotationY": 0.0, "rotationZ": -102.0 },
						"L back leg": { "offsetX": 0.0, "offsetY": 1.0, "offsetZ": 0.0, "rotationX": -3.0, "rotationY": 8.0, "rotationZ": 10.0 },
						"L back foot": { "offsetX": 0.8, "offsetY": 0.0, "offsetZ": 0.0, "rotationX": 0.0, "rotationY": 0.0, "rotationZ": -98.0 }
					}
				}
			]
		}
	]
}