{
  "code": "paxelhead",

  "enabled": true,

  "shape": { "base": "paxel:item/tool/paxelhead" },

  "heldTpUseAnimation": "interactstatic",

  "maxstacksize": 4,

  "creativeinventory": {
    "general": [ "*" ],
    "items": [ "*" ],
    "paxel": [ "*" ]
  },

  "behaviors": [
    {
      "name": "GroundStorable",
      "properties": {
        "layout": "SingleCenter",
        "selectionBox": {
          "x1": 0.25,
          "y1": 0,
          "z1": 0.25,
          "x2": 0.75,
          "y2": 0.2,
          "z2": 0.75
        },
        "collisionBox": {
          "x1": 0.25,
          "y1": 0,
          "z1": 0.25,
          "x2": 0.75,
          "y2": 0.2,
          "z2": 0.75
        }
      }
    }
  ],

  "attributes": {

    "handbook": {
      "groupBy": [ "paxelhead-*" ],
      "extraSections": [
        {
          "title": "paxel:paxelhead-legendary-handbook-help-title",
          "text": "paxel:paxelheadrough-legendary-handbook-help-text"
        }
      ]
    },

    "displaycaseable": true,
    "onDisplayTransform": {
      "origin": {
        "x": 0.5,
        "y": 0,
        "z": 0.5
      },
      "scale": 0.75
    },

    "shelvable": true

  },

  "variantgroups": [
    {
      "code": "metal",
      "states": [ "legendary" ]
    },
    {
      "code": "state",
      "states": [ "rough", "finished" ]
    }
  ],

  "textures": {
    "metal": { "base": "paxel:block/metal/ingot/{metal}-{state}" },
    "string": { "base": "game:block/transparent" },
    "handle": { "base": "game:block/transparent" }
  },

  "guiTransform": {
    "translation": {
      "x": 0,
      "y": 0,
      "z": 0
    },
    "rotation": {
      "x": -45,
      "y": 50,
      "z": 0
    },
    "origin": {
      "x": 0.45,
      "y": 0,
      "z": 0.48
    },
    "scale": 2.3
  },

  "fpHandTransform": {
    "translation": {
      "x": 0.0468,
      "y": -0.2,
      "z": 0
    },
    "rotation": {
      "x": -15,
      "y": 30,
      "z": 100
    },
    "scale": 2
  },

  "groundTransform": {
    "translation": {
      "x": 0,
      "y": 0,
      "z": 0
    },
    "rotation": {
      "x": 0,
      "y": 0,
      "z": 0
    },
    "origin": {
      "x": 0.5,
      "y": 0,
      "z": 0.5
    },
    "scale": 3.6
  },

  "tpHandTransform": {
    "translation": {
      "x": -1.04,
      "y": -0.24,
      "z": -0.61
    },
    "rotation": {
      "x": 0,
      "y": 0,
      "z": -10
    },
    "origin": {
      "x": 0.5,
      "y": 0.7,
      "z": 0.5
    },
    "scale": 0.8
  }

}