{
  "type": "Code",
  "name": "Accessibility Tweaks",
  "modId": "accessibilitytweaks",
  "side": "Client",
  "description": "Quality of Life changes to aid content creators, and those with motion/light/noise affected epilepsy, or light sensitivity.",
  "version": "3.3.1",
  "website": "https://apachetech.co.uk",
  "authors": [
    "ApacheTech Solutions"
  ],
  "contributors": [
    "ApacheTech Solutions"
  ],
  "requiredOnClient": true,
  "requiredOnServer": true,
  "networkVersion": "1.0.0",
  "iconPath": "modicon.png",
  "dependencies": {
    "game": "1.18.0",
    "survival": "1.18.0"
  }
}