[
  {
    "ingredientPattern": "K,H",
    "shapeless": true,
    "ingredients": {
      "K": { "type": "item", "code": "game:knife-*", "isTool": true },
      "H": { "type": "block", "code": "fabric-*-normal-down" }
    },
    "width": 1,
    "height": 2,
    "output": { "type": "item", "code": "game:bandage-clean", "quantity": 4 }
  },
  {
    "ingredientPattern": "X,X",
    "ingredients": {
      "X": { "type": "item", "code": "twine-*" }
    },
    "width": 1,
    "height": 2,
    "recipeGroup": 2,
    "output": { "type": "item", "code": "game:bandage-clean", "quantity": 2 }
  }
]
