{
  "code": "smoker",
  "class": "blocksmoker",
  "entityclass": "besmoker",
  "maxstacksize": 1,
  "heldTpUseAnimation": "twohandplaceblock",
  "heldTpIdleAnimation": "holdbothhandslarge",
  "creativeinventory": {
    "general": [ "*-closed-north" ],
    "primitive": [ "*-closed-north" ]
  },
  "variantgroups": [
    {
      "code": "type",
      "states": [
        "closed",
        "placed"
      ]
    },
    {
      "code": "side",
      "loadFromProperties": "abstract/horizontalorientation"
    }
  ],
  "drops": [
    {
      "type": "block",
      "code": "primitivesurvival:smoker-closed-north",
      "quantity": { "avg": 1 }
    }
  ],
  "shapebytype": {
    "*-closed-north": {
      "base": "block/smoker/smokerblock-closed",
      "rotateY": 90
    },
    "*-closed-east": {
      "base": "block/smoker/smokerblock-closed",
      "rotateY": 0
    },
    "*-closed-south": {
      "base": "block/smoker/smokerblock-closed",
      "rotateY": 270
    },
    "*-closed-west": {
      "base": "block/smoker/smokerblock-closed",
      "rotateY": 180
    },
    "*-placed-north": {
      "base": "block/smoker/smokerblock-placed",
      "rotateY": 90
    },
    "*-placed-east": {
      "base": "block/smoker/smokerblock-placed",
      "rotateY": 0
    },
    "*-placed-south": {
      "base": "block/smoker/smokerblock-placed",
      "rotateY": 270
    },
    "*-placed-west": {
      "base": "block/smoker/smokerblock-placed",
      "rotateY": 180
    }
  },
  "drawtype": "json",
  "sidesolid": {
    "all": false
  },
  "sideopaque": {
    "all": false
  },
  "blockmaterial": "Wood",
  "replaceable": 550,
  "resistance": 2,
  "lightAbsorption": 0,
  "fpHandTransform": {
    "translation": {
      "x": 0,
      "y": 0,
      "z": 0
    },
    "rotation": {
      "x": -4,
      "y": -77,
      "z": 0
    },
    "origin": {
      "x": 0.5,
      "y": 1,
      "z": 1.2
    },
    "scale": 1.7
  },
  "groundTransform": {
    "translation": {
      "x": 0,
      "y": 0,
      "z": 0
    },
    "rotation": {
      "x": -36,
      "y": -48,
      "z": 74
    },
    "origin": {
      "x": -0.1,
      "y": -0.1,
      "z": 0.5
    },
    "scale": 2.55
  },
  "tpHandTransform": {
    "translation": {
      "x": -0.3,
      "y": -0.4,
      "z": 0
    },
    "rotation": {
      "x": 107,
      "y": -22,
      "z": -80
    },
    "origin": {
      "x": 0.36,
      "y": -0.2,
      "z": 0.07
    },
    "scale": 0.56
  },
  "guiTransform": {
    "rotation": {
      "x": -15,
      "y": -147,
      "z": 0
    },
    "origin": {
      "x": 0.5,
      "y": 0.725,
      "z": 0.5
    },
    "scale": 0.85
  },
  "collisionSelectionBoxByType": {
    "*-north": {
      "x1": 0,
      "y1": 0,
      "z1": 0,
      "x2": 1,
      "y2": 1.3125,
      "z2": 1,
      "rotateY": 90
    },
    "*-east": {
      "x1": 0,
      "y1": 0,
      "z1": 0,
      "x2": 1,
      "y2": 1.3125,
      "z2": 1,
      "rotateY": 0
    },
    "*-south": {
      "x1": 0,
      "y1": 0,
      "z1": 0,
      "x2": 1,
      "y2": 1.3125,
      "z2": 1,
      "rotateY": 270
    },
    "*-west": {
      "x1": 0,
      "y1": 0,
      "z1": 0,
      "x2": 1,
      "y2": 1.3125,
      "z2": 1,
      "rotateY": 180
    }
  },
  "sounds": {
    "place": "game:block/planks",
    "hit": "game:block/planks",
    "break": "game:block/planks",
    "walk": "game:walk/wood"
  },
  "materialDensity": 400
}   
