[
  {
    "op": "replace",
    "path": "/ingredientPattern",
    "value": "CLC\tLCL\tCLC",
    "file": "game:recipes/grid/stonebrick.json"
  },
  {
    "op": "remove",
    "path": "/ingredients/H",
    "file": "game:recipes/grid/stonebrick.json"
  },
  {
    "op": "remove",
    "path": "/ingredients/S",
    "file": "game:recipes/grid/stonebrick.json"
  },
  {
    "op": "add",
    "path": "/ingredients/L",
    "value": {
      "type": "item",
      "code": "stone-*",
      "name": "rock",
      "allowedVariants": [
        "andesite",
        "chalk",
        "chert",
        "conglomerate",
        "limestone",
        "claystone",
        "granite",
        "sandstone",
        "shale",
        "basalt",
        "peridotite",
        "phyllite",
        "slate",
        "bauxite"
      ]
    },
    "file": "game:recipes/grid/stonebrick.json"
  },
  {
    "op": "remove",
    "path": "/ingredients/C/isTool",
    "file": "game:recipes/grid/stonebrick.json"
  },
  {
    "op": "replace",
    "path": "/ingredients/C/code",
    "value": "clay-*",
    "file": "game:recipes/grid/stonebrick.json"
  },
  {
    "op": "replace",
    "path": "/output/quantity",
    "value": 2,
    "file": "game:recipes/grid/stonebrick.json"
  },
  {
    "op": "replace",
    "path": "/width",
    "value": 3,
    "file": "game:recipes/grid/stonebrick.json"
  }
]