[
  {
    "op": "replace",
    "path": "/height",
    "value": 1,
    "file": "game:recipes/grid/slabs/stonebrickslab.json"
  },
  {
    "op": "replace",
    "path": "/ingredientPattern",
    "value": "LLL",
    "file": "game:recipes/grid/slabs/stonebrickslab.json"
  },
  {
    "op": "remove",
    "path": "/ingredients/C",
    "file": "game:recipes/grid/slabs/stonebrickslab.json"
  },
  {
    "op": "replace",
    "path": "/ingredients/L/code",
    "value": "stonebricks-*",
    "file": "game:recipes/grid/slabs/stonebrickslab.json"
  },
  {
    "op": "replace",
    "path": "/ingredients/L/type",
    "value": "block",
    "file": "game:recipes/grid/slabs/stonebrickslab.json"
  },
  {
    "op": "replace",
    "path": "/output/quantity",
    "value": 6,
    "file": "game:recipes/grid/slabs/stonebrickslab.json"
  }
]