[
  {
    "op": "replace",
    "path": "/height",
    "value": 2,
    "file": "game:recipes/grid/stairs/stonebrickstairs.json"
  },
  {
    "op": "replace",
    "path": "/ingredientPattern",
    "value": "L_,LL",
    "file": "game:recipes/grid/stairs/stonebrickstairs.json"
  },
  {
    "op": "remove",
    "path": "/ingredients/C",
    "file": "game:recipes/grid/stairs/stonebrickstairs.json"
  },
  {
    "op": "replace",
    "path": "/ingredients/L/code",
    "value": "stonebricks-*",
    "file": "game:recipes/grid/stairs/stonebrickstairs.json"
  },
  {
    "op": "replace",
    "path": "/ingredients/L/type",
    "value": "block",
    "file": "game:recipes/grid/stairs/stonebrickstairs.json"
  },
  {
    "op": "replace",
    "path": "/output/quantity",
    "value": 4,
    "file": "game:recipes/grid/stairs/stonebrickstairs.json"
  },
  {
    "op": "replace",
    "path": "/width",
    "value": 2,
    "file": "game:recipes/grid/stairs/stonebrickstairs.json"
  }
]