﻿[
 {
	"enabled": false,
	ingredients: [
		{inputs: [{ type: "item", code: "game:dough-*", allowedVariants: ["birch", "pine"],  quantity: 1 }]},
		{inputs: [{ type: "item", code: "game:herbbundle-*",  quantity: 1 }, { type: "item", code: "wildcraft:herbs-*", allowedVariants: ["basil", "bearleek", "blackpepper", "celery", "cilantro", "dill", "dock", "lavender", "leek", "marjoram", "mint", "mugwort", "mustard", "rosemary", "saffron", "sage", "thyme"],  quantity: 1 }]},
	],
	output: { type: "item", code: "expandedfoods:herbalbread-dough", stackSize: 1}
 },
 {
	"enabled": false,
	ingredients: [
		{inputs: [{ type: "item", code: "game:dough-*", allowedVariants: ["birch", "pine"],  quantity: 1 }]},
		{inputs: [{ type: "item", code: "game:herbbundle-*",  quantity: 1 }, { type: "item", code: "wildcraft:herbs-*", allowedVariants: ["basil", "bearleek", "blackpepper", "celery", "cilantro", "dill", "dock", "lavender", "leek", "marjoram", "mint", "mugwort", "mustard", "rosemary", "saffron", "sage", "thyme"],  quantity: 1 }]},
		{inputs: [{ type: "item", code: "game:herbbundle-*",  quantity: 1 }, { type: "item", code: "wildcraft:herbs-*", allowedVariants: ["basil", "bearleek", "blackpepper", "celery", "cilantro", "dill", "dock", "lavender", "leek", "marjoram", "mint", "mugwort", "mustard", "rosemary", "saffron", "sage", "thyme"],  quantity: 1 }]},
	],
	output: { type: "item", code: "expandedfoods:herbalbread-dough", stackSize: 1}
 },
 {
	"enabled": false,
	ingredients: [
		{inputs: [{ type: "item", code: "game:dough-*", allowedVariants: ["birch", "pine"],  quantity: 1 }]},
		{inputs: [{ type: "item", code: "game:herbbundle-*",  quantity: 1 }, { type: "item", code: "wildcraft:herbs-*", allowedVariants: ["basil", "bearleek", "blackpepper", "celery", "cilantro", "dill", "dock", "lavender", "leek", "marjoram", "mint", "mugwort", "mustard", "rosemary", "saffron", "sage", "thyme"],  quantity: 1 }]},
		{inputs: [{ type: "item", code: "game:herbbundle-*",  quantity: 1 }, { type: "item", code: "wildcraft:herbs-*", allowedVariants: ["basil", "bearleek", "blackpepper", "celery", "cilantro", "dill", "dock", "lavender", "leek", "marjoram", "mint", "mugwort", "mustard", "rosemary", "saffron", "sage", "thyme"],  quantity: 1 }]},
		{inputs: [{ type: "item", code: "game:herbbundle-*",  quantity: 1 }, { type: "item", code: "wildcraft:herbs-*", allowedVariants: ["basil", "bearleek", "blackpepper", "celery", "cilantro", "dill", "dock", "lavender", "leek", "marjoram", "mint", "mugwort", "mustard", "rosemary", "saffron", "sage", "thyme"],  quantity: 1 }]},
	],
	output: { type: "item", code: "expandedfoods:herbalbread-dough", stackSize: 1}
 },
 {
	"enabled": false,
	ingredients: [
		{inputs: [{ type: "item", code: "game:dough-*", allowedVariants: ["birch", "pine"],  quantity: 1 }]},
		{inputs: [{ type: "item", code: "game:herbbundle-*",  quantity: 1 }, { type: "item", code: "wildcraft:herbs-*", allowedVariants: ["basil", "bearleek", "blackpepper", "celery", "cilantro", "dill", "dock", "lavender", "leek", "marjoram", "mint", "mugwort", "mustard", "rosemary", "saffron", "sage", "thyme"],  quantity: 1 }]},
		{inputs: [{ type: "item", code: "game:herbbundle-*",  quantity: 1 }, { type: "item", code: "wildcraft:herbs-*", allowedVariants: ["basil", "bearleek", "blackpepper", "celery", "cilantro", "dill", "dock", "lavender", "leek", "marjoram", "mint", "mugwort", "mustard", "rosemary", "saffron", "sage", "thyme"],  quantity: 1 }]},
		{inputs: [{ type: "item", code: "game:herbbundle-*",  quantity: 1 }, { type: "item", code: "wildcraft:herbs-*", allowedVariants: ["basil", "bearleek", "blackpepper", "celery", "cilantro", "dill", "dock", "lavender", "leek", "marjoram", "mint", "mugwort", "mustard", "rosemary", "saffron", "sage", "thyme"],  quantity: 1 }]},
		{inputs: [{ type: "item", code: "game:herbbundle-*",  quantity: 1 }, { type: "item", code: "wildcraft:herbs-*", allowedVariants: ["basil", "bearleek", "blackpepper", "celery", "cilantro", "dill", "dock", "lavender", "leek", "marjoram", "mint", "mugwort", "mustard", "rosemary", "saffron", "sage", "thyme"],  quantity: 1 }]},
	],
	output: { type: "item", code: "expandedfoods:herbalbread-dough", stackSize: 1}
 },
 {
	"enabled": false,
	ingredients: [
		{inputs: [{ type: "item", code: "game:dough-*", allowedVariants: ["birch", "pine"],  quantity: 1 }]},
		{inputs: [{ type: "item", code: "game:herbbundle-*",  quantity: 1 }, { type: "item", code: "wildcraft:herbs-*", allowedVariants: ["basil", "bearleek", "blackpepper", "celery", "cilantro", "dill", "dock", "lavender", "leek", "marjoram", "mint", "mugwort", "mustard", "rosemary", "saffron", "sage", "thyme"],  quantity: 1 }]},
		{inputs: [{ type: "item", code: "game:herbbundle-*",  quantity: 1 }, { type: "item", code: "wildcraft:herbs-*", allowedVariants: ["basil", "bearleek", "blackpepper", "celery", "cilantro", "dill", "dock", "lavender", "leek", "marjoram", "mint", "mugwort", "mustard", "rosemary", "saffron", "sage", "thyme"],  quantity: 1 }]},
		{inputs: [{ type: "item", code: "game:herbbundle-*",  quantity: 1 }, { type: "item", code: "wildcraft:herbs-*", allowedVariants: ["basil", "bearleek", "blackpepper", "celery", "cilantro", "dill", "dock", "lavender", "leek", "marjoram", "mint", "mugwort", "mustard", "rosemary", "saffron", "sage", "thyme"],  quantity: 1 }]},
		{inputs: [{ type: "item", code: "game:herbbundle-*",  quantity: 1 }, { type: "item", code: "wildcraft:herbs-*", allowedVariants: ["basil", "bearleek", "blackpepper", "celery", "cilantro", "dill", "dock", "lavender", "leek", "marjoram", "mint", "mugwort", "mustard", "rosemary", "saffron", "sage", "thyme"],  quantity: 1 }]},
		{inputs: [{ type: "item", code: "game:herbbundle-*",  quantity: 1 }, { type: "item", code: "wildcraft:herbs-*", allowedVariants: ["basil", "bearleek", "blackpepper", "celery", "cilantro", "dill", "dock", "lavender", "leek", "marjoram", "mint", "mugwort", "mustard", "rosemary", "saffron", "sage", "thyme"],  quantity: 1 }]},
	],
	output: { type: "item", code: "expandedfoods:herbalbread-dough", stackSize: 1}
 }
]