{
	"editor": {
		"allAngles": false,
		"entityTextureMode": false
	},
	"textureWidth": 16,
	"textureHeight": 16,
	"textureSizes": {
	},
	"textures": {
		"other": "game:block/clay/ceramic",
		"floor": "game:block/clay/ceramic-dark"
	},
	"elements": [
		{
			"name": "Cube1",
			"from": [ 1.0, 0.0, 1.0 ], 
			"to": [ 15.0, 1.0, 15.0 ], 
			"faces": {
				"north": { "texture": "#other", "uv": [ 0.0, 12.0, 14.0, 13.0 ], "windMode": [-1,-1,-1,-1] },
				"east": { "texture": "#other", "uv": [ 2.0, 12.0, 16.0, 13.0 ], "windMode": [-1,-1,-1,-1] },
				"south": { "texture": "#other", "uv": [ 2.0, 15.0, 16.0, 16.0 ], "windMode": [-1,-1,-1,-1] },
				"west": { "texture": "#other", "uv": [ 2.0, 15.0, 16.0, 16.0 ], "windMode": [-1,-1,-1,-1] },
				"up": { "texture": "#floor", "uv": [ 0.0, 0.0, 14.0, 14.0 ] },
				"down": { "texture": "#other", "uv": [ 2.0, 2.0, 16.0, 16.0 ] }
			},
			"children": [
				{
					"name": "Cube2",
					"from": [ 0.0, 1.0, 0.0 ], 
					"to": [ 14.0, 2.0, 3.0 ], 
					"rotationOrigin": [ 0.0, 1.0, 2.0 ],
					"faces": {
						"north": { "texture": "#other", "uv": [ 0.0, 2.0, 14.0, 3.0 ] },
						"east": { "texture": "#other", "uv": [ 12.0, 2.0, 15.0, 3.0 ], "windMode": [-1,-1,-1,-1] },
						"south": { "texture": "#other", "uv": [ 2.0, 3.0, 16.0, 4.0 ] },
						"west": { "texture": "#other", "uv": [ 13.0, 2.0, 16.0, 3.0 ], "windMode": [-1,-1,-1,-1] },
						"up": { "texture": "#other", "uv": [ 0.0, 0.0, 14.0, 3.0 ] },
						"down": { "texture": "#other", "uv": [ 8.0, 0.0, 22.0, 3.0 ], "enabled": false }
					}
				},
				{
					"name": "Cube3",
					"from": [ 0.0, 1.0, 12.0 ], 
					"to": [ 14.0, 2.0, 14.0 ], 
					"rotationOrigin": [ 0.0, 1.0, 3.0 ],
					"faces": {
						"north": { "texture": "#other", "uv": [ 0.0, 10.0, 14.0, 11.0 ] },
						"east": { "texture": "#other", "uv": [ 12.0, 2.0, 14.0, 3.0 ] },
						"south": { "texture": "#other", "uv": [ 2.0, 10.0, 16.0, 11.0 ] },
						"west": { "texture": "#other", "uv": [ 13.0, 2.0, 15.0, 3.0 ], "windMode": [-1,-1,-1,-1] },
						"up": { "texture": "#other", "uv": [ 0.0, 7.0, 14.0, 9.0 ] },
						"down": { "texture": "#other", "uv": [ 1.5, 7.0, 15.5, 9.0 ], "enabled": false }
					}
				},
				{
					"name": "Cube4",
					"from": [ 10.0, 1.0, 3.0 ], 
					"to": [ 14.0, 2.0, 9.0 ], 
					"rotationOrigin": [ 10.0, 1.0, -6.0 ],
					"faces": {
						"north": { "texture": "#other", "uv": [ 0.0, 10.0, 4.0, 11.0 ], "enabled": false, "windMode": [-1,-1,-1,-1] },
						"east": { "texture": "#other", "uv": [ 10.0, 2.0, 16.0, 3.0 ] },
						"south": { "texture": "#other", "uv": [ 2.0, 10.0, 6.0, 11.0 ] },
						"west": { "texture": "#other", "uv": [ 10.0, 2.0, 16.0, 3.0 ] },
						"up": { "texture": "#other", "uv": [ 0.0, 7.0, 4.0, 13.0 ] },
						"down": { "texture": "#other", "uv": [ 1.5, 7.0, 5.5, 13.0 ], "enabled": false }
					}
				},
				{
					"name": "Cube5",
					"from": [ 11.0, 1.0, 9.0 ], 
					"to": [ 14.0, 2.0, 10.0 ], 
					"rotationOrigin": [ 11.0, 1.0, 0.0 ],
					"faces": {
						"north": { "texture": "#other", "uv": [ 0.0, 10.0, 3.0, 11.0 ], "enabled": false },
						"east": { "texture": "#other", "uv": [ 11.0, 2.0, 12.0, 3.0 ] },
						"south": { "texture": "#other", "uv": [ 2.0, 10.0, 5.0, 11.0 ], "windMode": [-1,-1,-1,-1] },
						"west": { "texture": "#other", "uv": [ 11.0, 2.0, 12.0, 3.0 ] },
						"up": { "texture": "#other", "uv": [ 0.0, 7.0, 3.0, 8.0 ] },
						"down": { "texture": "#other", "uv": [ 1.5, 7.0, 4.5, 8.0 ], "enabled": false }
					}
				},
				{
					"name": "Cube6",
					"from": [ 13.0, 1.0, 10.0 ], 
					"to": [ 14.0, 2.0, 11.0 ], 
					"rotationOrigin": [ 13.0, 1.0, 1.0 ],
					"faces": {
						"north": { "texture": "#other", "uv": [ 0.0, 10.0, 1.0, 11.0 ], "enabled": false, "windMode": [-1,-1,-1,-1] },
						"east": { "texture": "#other", "uv": [ 11.0, 2.0, 12.0, 3.0 ] },
						"south": { "texture": "#other", "uv": [ 2.0, 10.0, 3.0, 11.0 ], "enabled": false },
						"west": { "texture": "#other", "uv": [ 11.0, 2.0, 12.0, 3.0 ] },
						"up": { "texture": "#other", "uv": [ 0.0, 7.0, 1.0, 8.0 ] },
						"down": { "texture": "#other", "uv": [ 1.5, 7.0, 2.5, 8.0 ], "enabled": false }
					}
				},
				{
					"name": "Cube7",
					"from": [ 3.0, 1.0, 11.0 ], 
					"to": [ 14.0, 2.0, 12.0 ], 
					"rotationOrigin": [ 3.0, 1.0, 2.0 ],
					"faces": {
						"north": { "texture": "#other", "uv": [ 0.0, 10.0, 11.0, 11.0 ], "windMode": [-1,-1,-1,-1] },
						"east": { "texture": "#other", "uv": [ 11.0, 2.0, 12.0, 3.0 ] },
						"south": { "texture": "#other", "uv": [ 2.0, 10.0, 13.0, 11.0 ], "enabled": false },
						"west": { "texture": "#other", "uv": [ 11.0, 2.0, 12.0, 3.0 ] },
						"up": { "texture": "#other", "uv": [ 0.0, 7.0, 11.0, 8.0 ] },
						"down": { "texture": "#other", "uv": [ 1.5, 7.0, 12.5, 8.0 ], "enabled": false }
					}
				},
				{
					"name": "Cube8",
					"from": [ 0.0, 1.0, 4.0 ], 
					"to": [ 2.0, 2.0, 5.0 ], 
					"rotationOrigin": [ 0.0, 1.0, -5.0 ],
					"faces": {
						"north": { "texture": "#other", "uv": [ 0.0, 10.0, 2.0, 11.0 ], "enabled": false },
						"east": { "texture": "#other", "uv": [ 11.0, 2.0, 12.0, 3.0 ] },
						"south": { "texture": "#other", "uv": [ 2.0, 10.0, 4.0, 11.0 ], "enabled": false, "windMode": [-1,-1,-1,-1] },
						"west": { "texture": "#other", "uv": [ 11.0, 2.0, 12.0, 3.0 ] },
						"up": { "texture": "#other", "uv": [ 0.0, 7.0, 2.0, 8.0 ] },
						"down": { "texture": "#other", "uv": [ 1.5, 7.0, 3.5, 8.0 ], "enabled": false }
					}
				},
				{
					"name": "Cube9",
					"from": [ 0.0, 1.0, 5.0 ], 
					"to": [ 2.0, 2.0, 6.0 ], 
					"rotationOrigin": [ 0.0, 1.0, -4.0 ],
					"faces": {
						"north": { "texture": "#other", "uv": [ 0.0, 10.0, 2.0, 11.0 ], "enabled": false },
						"east": { "texture": "#other", "uv": [ 11.0, 2.0, 12.0, 3.0 ] },
						"south": { "texture": "#other", "uv": [ 2.0, 10.0, 4.0, 11.0 ] },
						"west": { "texture": "#other", "uv": [ 11.0, 2.0, 12.0, 3.0 ] },
						"up": { "texture": "#other", "uv": [ 0.0, 7.0, 2.0, 8.0 ] },
						"down": { "texture": "#other", "uv": [ 1.5, 7.0, 3.5, 8.0 ], "enabled": false }
					}
				},
				{
					"name": "Cube10",
					"from": [ 0.0, 1.0, 6.0 ], 
					"to": [ 1.0, 2.0, 10.0 ], 
					"rotationOrigin": [ 0.0, 1.0, -3.0 ],
					"faces": {
						"north": { "texture": "#other", "uv": [ 0.0, 10.0, 1.0, 11.0 ], "enabled": false },
						"east": { "texture": "#other", "uv": [ 11.0, 2.0, 15.0, 3.0 ] },
						"south": { "texture": "#other", "uv": [ 2.0, 10.0, 3.0, 11.0 ], "enabled": false, "windMode": [-1,-1,-1,-1] },
						"west": { "texture": "#other", "uv": [ 11.0, 2.0, 15.0, 3.0 ] },
						"up": { "texture": "#other", "uv": [ 0.0, 7.0, 1.0, 11.0 ] },
						"down": { "texture": "#other", "uv": [ 1.5, 7.0, 2.5, 11.0 ], "enabled": false }
					}
				},
				{
					"name": "Cube11",
					"from": [ 0.0, 1.0, 10.0 ], 
					"to": [ 2.0, 2.0, 11.0 ], 
					"rotationOrigin": [ 0.0, 1.0, 1.0 ],
					"faces": {
						"north": { "texture": "#other", "uv": [ 0.0, 10.0, 2.0, 11.0 ] },
						"east": { "texture": "#other", "uv": [ 11.0, 2.0, 12.0, 3.0 ] },
						"south": { "texture": "#other", "uv": [ 2.0, 10.0, 4.0, 11.0 ], "enabled": false, "windMode": [-1,-1,-1,-1] },
						"west": { "texture": "#other", "uv": [ 11.0, 2.0, 12.0, 3.0 ] },
						"up": { "texture": "#other", "uv": [ 0.0, 7.0, 2.0, 8.0 ] },
						"down": { "texture": "#other", "uv": [ 1.5, 7.0, 3.5, 8.0 ], "enabled": false }
					}
				},
				{
					"name": "Cube12",
					"from": [ 0.0, 1.0, 11.0 ], 
					"to": [ 2.0, 2.0, 12.0 ], 
					"rotationOrigin": [ 0.0, 1.0, 2.0 ],
					"faces": {
						"north": { "texture": "#other", "uv": [ 0.0, 10.0, 2.0, 11.0 ], "enabled": false },
						"east": { "texture": "#other", "uv": [ 11.0, 2.0, 12.0, 3.0 ] },
						"south": { "texture": "#other", "uv": [ 2.0, 10.0, 4.0, 11.0 ], "enabled": false, "windMode": [-1,-1,-1,-1] },
						"west": { "texture": "#other", "uv": [ 11.0, 2.0, 12.0, 3.0 ] },
						"up": { "texture": "#other", "uv": [ 0.0, 7.0, 2.0, 8.0 ] },
						"down": { "texture": "#other", "uv": [ 1.5, 7.0, 3.5, 8.0 ], "enabled": false }
					}
				},
				{
					"name": "Cube13",
					"from": [ 0.0, 1.0, 3.0 ], 
					"to": [ 4.0, 2.0, 4.0 ], 
					"rotationOrigin": [ 0.0, 1.0, -6.0 ],
					"faces": {
						"north": { "texture": "#other", "uv": [ 0.0, 10.0, 4.0, 11.0 ], "enabled": false },
						"east": { "texture": "#other", "uv": [ 11.0, 2.0, 12.0, 3.0 ] },
						"south": { "texture": "#other", "uv": [ 2.0, 10.0, 6.0, 11.0 ] },
						"west": { "texture": "#other", "uv": [ 11.0, 2.0, 12.0, 3.0 ] },
						"up": { "texture": "#other", "uv": [ 0.0, 7.0, 4.0, 8.0 ] },
						"down": { "texture": "#other", "uv": [ 1.5, 7.0, 5.5, 8.0 ], "enabled": false }
					}
				},
				{
					"name": "Cube14",
					"from": [ 7.0, 1.0, 3.0 ], 
					"to": [ 10.0, 2.0, 4.0 ], 
					"rotationOrigin": [ 7.0, 1.0, -6.0 ],
					"faces": {
						"north": { "texture": "#other", "uv": [ 0.0, 10.0, 3.0, 11.0 ], "enabled": false },
						"east": { "texture": "#other", "uv": [ 11.0, 2.0, 12.0, 3.0 ], "enabled": false, "windMode": [-1,-1,-1,-1] },
						"south": { "texture": "#other", "uv": [ 2.0, 10.0, 5.0, 11.0 ] },
						"west": { "texture": "#other", "uv": [ 11.0, 2.0, 12.0, 3.0 ] },
						"up": { "texture": "#other", "uv": [ 0.0, 7.0, 3.0, 8.0 ] },
						"down": { "texture": "#other", "uv": [ 1.5, 7.0, 4.5, 8.0 ], "enabled": false }
					}
				},
				{
					"name": "Cube15",
					"from": [ 8.0, 1.0, 4.0 ], 
					"to": [ 10.0, 2.0, 5.0 ], 
					"rotationOrigin": [ 8.0, 1.0, -5.0 ],
					"faces": {
						"north": { "texture": "#other", "uv": [ 0.0, 10.0, 2.0, 11.0 ], "enabled": false },
						"east": { "texture": "#other", "uv": [ 11.0, 2.0, 12.0, 3.0 ], "enabled": false, "windMode": [-1,-1,-1,-1] },
						"south": { "texture": "#other", "uv": [ 2.0, 10.0, 4.0, 11.0 ] },
						"west": { "texture": "#other", "uv": [ 11.0, 2.0, 12.0, 3.0 ] },
						"up": { "texture": "#other", "uv": [ 0.0, 7.0, 2.0, 8.0 ] },
						"down": { "texture": "#other", "uv": [ 1.5, 7.0, 3.5, 8.0 ], "enabled": false }
					}
				},
				{
					"name": "Cube16",
					"from": [ 9.0, 1.0, 5.0 ], 
					"to": [ 10.0, 2.0, 6.0 ], 
					"rotationOrigin": [ 9.0, 1.0, -4.0 ],
					"faces": {
						"north": { "texture": "#other", "uv": [ 0.0, 10.0, 1.0, 11.0 ], "enabled": false },
						"east": { "texture": "#other", "uv": [ 11.0, 2.0, 12.0, 3.0 ], "enabled": false, "windMode": [-1,-1,-1,-1] },
						"south": { "texture": "#other", "uv": [ 2.0, 10.0, 3.0, 11.0 ] },
						"west": { "texture": "#other", "uv": [ 11.0, 2.0, 12.0, 3.0 ] },
						"up": { "texture": "#other", "uv": [ 0.0, 7.0, 1.0, 8.0 ] },
						"down": { "texture": "#other", "uv": [ 1.5, 7.0, 2.5, 8.0 ], "enabled": false }
					}
				}
			]
		}
	]}