{
	"editor": {
		"allAngles": false,
		"entityTextureMode": false
	},
	"textureWidth": 16,
	"textureHeight": 16,
	"textureSizes": {
	},
	"textures": {
		"ceramicdoorsides": "ceramicdoorsides",
		"ceramicdoorbottom": "ceramicdoorbottom"
	},
	"elements": [
		{
			"name": "Cube1",
			"from": [ 0.0, 0.0, 0.0 ], 
			"to": [ 16.0, 16.0, 4.0 ], 
			"faces": {
				"north": { "texture": "#ceramicdoorbottom", "uv": [ 0.0, 0.0, 16.0, 16.0 ] },
				"east": { "texture": "#ceramicdoorsides", "uv": [ 0.0, 0.0, 4.0, 16.0 ] },
				"south": { "texture": "#ceramicdoorbottom", "uv": [ 0.0, 0.0, 16.0, 16.0 ] },
				"west": { "texture": "#ceramicdoorsides", "uv": [ 0.0, 0.0, 4.0, 16.0 ] },
				"up": { "texture": "#ceramicdoorbottom", "uv": [ 0.0, 0.0, 16.0, 4.0 ] },
				"down": { "texture": "#ceramicdoorsides", "uv": [ 0.0, 4.0, 16.0, 8.0 ] }
			}
		}
	]}