{
	"editor": {
		"allAngles": false,
		"entityTextureMode": false
	},
	"textureWidth": 16,
	"textureHeight": 16,
	"textureSizes": {
	},
	"textures": {
		"ceramicdoorsides": "ceramicdoorsides",
		"ceramicdoorbottom": "ceramicdoorbottom",
		"ceramicdoortop": "ceramicdoortop"
	},
	"elements": [
		{
			"name": "Cube1",
			"from": [ 0.0, 0.0, 6.0 ], 
			"to": [ 16.0, 16.0, 10.0 ], 
			"rotationOrigin": [ 0.0, 0.0, 6.0 ],
			"faces": {
				"north": { "texture": "#ceramicdoorbottom", "uv": [ 0.0, 0.0, 16.0, 16.0 ] },
				"east": { "texture": "#ceramicdoorsides", "uv": [ 0.0, 0.0, 4.0, 16.0 ] },
				"south": { "texture": "#ceramicdoorbottom", "uv": [ 0.0, 0.0, 16.0, 16.0 ] },
				"west": { "texture": "#ceramicdoorsides", "uv": [ 0.0, 0.0, 4.0, 16.0 ] },
				"up": { "texture": "#ceramicdoorbottom", "uv": [ 0.0, 0.0, 16.0, 4.0 ] },
				"down": { "texture": "#ceramicdoorsides", "uv": [ 0.0, 6.0, 16.0, 10.0 ] }
			},
			"children": [
				{
					"name": "Cube2",
					"from": [ 0.0, 16.0, 0.0 ], 
					"to": [ 16.0, 32.0, 4.0 ], 
					"rotationOrigin": [ 0.0, 16.0, 0.0 ],
					"faces": {
						"north": { "texture": "#ceramicdoortop", "uv": [ 0.0, 0.0, 16.0, 16.0 ] },
						"east": { "texture": "#ceramicdoorsides", "uv": [ 4.0, 0.0, 8.0, 16.0 ] },
						"south": { "texture": "#ceramicdoortop", "uv": [ 0.0, 0.0, 16.0, 16.0 ] },
						"west": { "texture": "#ceramicdoorsides", "uv": [ 4.0, 0.0, 8.0, 16.0 ] },
						"up": { "texture": "#ceramicdoorsides", "uv": [ 0.0, 2.0, 16.0, 6.0 ] },
						"down": { "texture": "#ceramicdoortop", "uv": [ 0.0, 0.0, 16.0, 4.0 ] }
					}
				}
			]
		}
	]}