{"GameVersion":"1.18.0","SizeX":6,"SizeY":3,"SizeZ":4,"BlockCodes":{"9320":"game:metalblock-corroded-plain-rusty-iron","7279":"game:planks-oak-ns","1327":"game:metalblock-new-plain-iron","9329":"game:metalblock-new-riveted-blackbronze","317":"game:creativeblock-64","8206":"game:genericwood","9321":"game:metalblock-corroded-riveted-rusty-iron","790":"game:leather","6193":"game:rock-whitemarble","7292":"game:planks-oak-ud","349":"game:creativeglow-48","1321":"game:metalblock-new-plain-bismuthbronze","354":"game:creativeglow-53","1333":"game:metalblock-new-plain-silver","374":"game:creativelight-44","333":"game:creativeglow-32","361":"game:creativeglow-79","9469":"game:creativegrass-medium-normal","1326":"game:metalblock-new-plain-gold","366":"game:creativelight-36","456":"game:chiseledblock","8606":"game:clutter","8435":"game:wagonwheels-spoked-longaxle-north","8443":"game:wagonwheels-spoked-longaxle-south","9305":"game:jonas-hydraulicsystem-pumphead1-east","8614":"game:meta-spawner","8433":"game:wagonwheels-spoked-north"},"ItemCodes":{},"Indices":[1049600,1050624,1051648,2099200,1025,2049,3073,1049601,1050625,1051649,2099201,1026,2050,3074,1050626,2099202,3,1027,2051,3075,1050627,2099203,2052,1050628,2053,1050629],"BlockIds":[456,8606,456,8606,8435,456,8443,456,9305,456,8606,456,456,456,456,456,8614,456,456,456,456,456,456,456,8433,456],"DecorIndices":[],"DecorIds":[],"BlockEntities":{"1049600":"!<d@[F*NSX#64c-E,TfC\"98E%!<d@[F*bCC#64o6@VfsmCI<#NAIW-_Bldj%ARo7dDe!Pj$#O*mATDKnCi]a[!!$[X!!$pW!!\"YU!!%!a!!#._!!!$*Ec6&.FD5Z2!2'Jq$O:0a@W,skEu=rX!#G)U!#B'\\!#Kco!%7A3!#Y;^!#YEG!%@MF!#kTO!ZJ$-!\\1*r!\\1/8!@k;O!nsU?!ZUpn!?;(/!\\=\"m!A\"3I!R&ge!Sd?s!o*M;!Sbs!!pmsW!mUcD\"9%tD!q5l4!XK-ED/\")jBk1d@DZKi&#RPQdA7\\\\XCh[D\\!'^`\"F(o/r6#:CVF*(?!Ch[D\\!'^Vn@VfsmCJJ;TAJ7FLEcQ)/ARlotEc5h<@VfsmCC:qeG%#*$9jr-TEbSru;0?;bFD5i2ATIkP!!!!1!!!!","1050624":"!<d@[F*NSX#64c-E,TfC\"98E%!<d@[F*bFD#64o6@VfsmCI<#NAHu^]F`__:EWlSfH#R=4E+s9&/Tt]GH#e%KFCeu7BJ!\\6Deip%1B[r'DffE0AQSp4!!!-.D.Rd%6#L=OA_R_e5Qh=4DffE0AQf'6!!!<3@rH1\"ARfgnA,lT","1051648":"!<d@[F*NSX#64c-E,TfC\"98E%!<d@[F*bIE#64o6@VfsmCI<#NAIW-_Bldj%ARo7dDe!Pj$#O*mATDKnCi]a[!!$[X!!$pW!!\"YU!!%!a!!#._!!!$*Ec6&.FD5Z2!2'Jq$O:0a@W,skEu=rX!#Bj]!#BA:!#PV#!%7Zf!#YO%!#YXM!%@]F!#k>-!ZIb`!\\0iP!\\0mk!@k%-!ns>r!ZUZL!?:fb!\\<aJ!A!r(!R&7e!SbC!!o*6n!SdC/!pn!h!mU3D\"9&\"U!q5oE!XK-ED/\")jBk1d@DZKh<#RPQdA7\\\\XCh[D\\!!!98F(o/r6#:CVF*(?!Ch[D\\!!!0/@VfsmCJJ;TAJ7FLEcQ)/ARlotEc5h<@VfsmCC:qeG%#*$9jr-TEbSru;0?;bFD5i2ATIkP!!!!1!!!!","2099200":"!<d@[F*NSX#64c-E,TfC\"TSN&!<d@[F*bFD#64o6@VfsmCI<#NAHu^]F`__:EWlSfH#R=4E+s9&/Tt]GH#e%KFCeu7BJ!\\6Deip%1'@i&DffE0AQSp4!!!-.D.Rd%6#L=OA_R_e^]Xm_DffE0AQf'6!!!<3@rH1\"ARfgnA,lT","2049":"!<d@[F*NVY#64c-E,TfC!rr<$!<d@[F*bFD#64o6@VfsmCI<#NAIW-_Bldj%ARo7dDe!Pj$#O*mATDKnCi]XX!!!KO!!$^Y!!!$*Ec6&.FD5Z2!2'Jq$O:0a@W,skEtJBP!9-tm!Rk&N!Q7l#!Q7r3!Q8!n!Rt?0!T[MC!O\\c)!N)#Q!N).9!OeKP!QL6$!6VV)!SkYt!US<3!USRU!U\\F@!=0$DD/\")jBk1d@DZKi&#RPQdA7\\\\XCh[D\\!'^`\"F(o/r6#:CVF*(?!Ch[D\\!'^Vn@VfsmCJJ;TAHY;DCh3tj@<Q'nCe\\>[ATDKnCf,=`DKKT7Bk;>dz&-)\\1","1049601":"!<d@[F*NVY#64c-E,TfC\"98E%!<d@[F*bCC#64o6@VfsmCI<#NAIW-_Bldj%ARo7dDe!Pj$#O*mATDKnCi]g]!!$[X!!$pW!!\"YU!!%!a!!#._!!!c:!!\"_j!!!$*Ec6&.FD5Z2!2'Jq$O:0a@W,skF!q\"g!\"]`)!\"ej?!\"e=5!YF#C!>+_i![&1^!$Km@!?g:s!PgAd!RN3B!mi@_!RNLu!YY#C!('Rg!5i1B\"4L>\"\"4K6#\"4K<u!RsZ\"\"OpSF\"4TrF\"4Z)m!S(;3\"4c,-!QO\\8!61)t!S6F^!nQ\"p!S3>1!m/4U\"6l/%!rBre!mKR\"!Sm/B!pmsV!ZpRa!\\WY`!\\W^'!A<j=!oE/.!XK-ED/\")jBk1d@DZKi&#RPQdA7\\\\XCh[D\\!'^`\"F(o/r6#:CVF*(?!Ch[D\\!'^Vn@VfsmCJJ;TAJ7FLEcQ)/ARlotEc5h<@VfsmCC:qeG%#*$9jr-TEbSru;0?;bFD5i2ATIkP!!!!1!!!!","1050625":"!<d@[F*NVY#64c-E,TfC\"98E%!<d@[F*bFD#64o6@VfsmCI<#NAL)#/DIIT<BR+-/@<HC#@rlp:FCf;@E-6#:BOtU_0eHsFF*%]rBOPs]ASlBVARTT[#n(ETF&7!rE(FPKA,lo;Df,OY$Z9NtGAhM;6Z6LH!!N^JDI[U%D..<mErZ@ODe<TkDf'?\"DIdeg\"UJUVD/E^!A9._W#'4KpASuSi$5$cVCi!g'B2EV_G%kc(B4Z,b!!!!\".KB","1051649":"!<d@[F*NVY#64c-E,TfC\"98E%!<d@[F*bIE#64o6@VfsmCI<#NAIW-_Bldj%ARo7dDe!Pj$#O*mATDKnCi]a[!!$[X!!$pW!!\"YU!!%!a!!#._!!!$*Ec6&.FD5Z2!2'Jq$O:0a@W,skF!q\"g!\"e&h!YEb!!>+IG!YG0t!\"^.:!$KVr!?g$R!?`;n!5K]c!RMqu!mo=h!RN-@!RN6S!YYM!!('lE!5hVB\"4K,5!Rk(d\"4K2g\"4TbF\"4Thh\"OpP5\"4bq-!S(8\"\"3,j\"!QOuk!7lZ0!nPqN!S6Io!m.YU\"6l26!rC!!!mK\"\"!SlTB!pn!g!Zp<?!\\WC>!\\WGZ!A<Sp!oDma!XK-ED/\")jBk1d@DZKi&#RPQdA7\\\\XCh[D\\!!*?9F(o/r6#:CVF*(?!Ch[D\\!!!0/@VfsmCJJ;TAJ7FLEcQ)/ARlotEc5h<@VfsmCC:qeG%#*$9jr-TEbSru;0?;bFD5i2ATIkP!!!!1!!!!","2099201":"!<d@[F*NVY#64c-E,TfC\"TSN&!<d@[F*bFD#64o6@VfsmCI<#NAHu^]F`__:EWlSfH#R=5E+s9&/Tt]GH#e%KFCeu7FtIfSE*$C'2.QgpEc6&.FCePS!!!!%$#O6pBL-NKCh3SH!!!-,Ec6&.FCeVU!!!!*$\"ImiCh7*uARkc@","1026":"!<d@[F*NYZ#64c-E,TfC!rr<$!<d@[F*bCC#64o6@VfsmCI<#NAIW-_Bldj%ARo7dDe!Pj$#O*mATDKnCi]UW!!$^Y!!!$*Ec6&.FD5Z2!2'Jq$O:0a@W,skErc7@!5SU6!!ipCD/\")jBk1d@DZKi&#RPQdA7\\\\XCh[D\\!'^`\"F(o/r6#:CVF*(?!Ch[D\\!'^Vn@VfsmCJJ;TAK=-VEcP`%ARlotEc5h<@VfsmCEP$GBm+'0ARm4t(L_JqBl$LPFCfK,@;Je`@;^1$FD5<-!<<*\"!\"],1!!","2050":"!<d@[F*NYZ#64c-E,TfC!rr<$!<d@[F*bFD#64o6@VfsmCI<#NAIW-_Bldj%ARo7dDe!Pj$#O*mATDKnCi]UW!!%Bd!!!$*Ec6&.FD5Z2!2'Jq$O:0a@W,skErc7@!:]LX!!ipCD/\")jBk1d@DZKi&#RPQdA7\\\\XCh[D\\!'^`\"F(o/r6#:CVF*(?!Ch[D\\!'^Vn@VfsmCJJ;TAI;4ACERS4@;]k%$Q!5p@;0OP@<?($BjkgTF^]00Bln'#Erc7@!!!Q1!!!","3074":"!<d@[F*NYZ#64c-E,TfC!rr<$!<d@[F*bIE#64o6@VfsmCI<#NAIW-_Bldj%ARo7dDe!Pj$Zg3(G@Pc)DeWa'!<<*\"nF.M\"$P@#lDfor.;f6Mt6ZljVBk28czo'cVe$#O*mATDKnCi]UW!!$^Y!!!$*Ec6&.FD5Z2!2'Jq$O:0a@W,skErc7@!5S(G!!ipCD/\")jBk1d@DZKh<#RPQdA7\\\\XCh[D\\!!!98F(o/r6#:CVF*(?!Ch[D\\!!!0/@VfsmCJJ;TAK=-VEcP`%ARlotEc5h<@VfsmCEP$GBm+'0ARm4t(L_JqBl$LPFCfK,@;Je`@;^1$FD5<-!<<*\"!\"],1!!","1050626":"!<d@[F*NYZ#64c-E,TfC\"98E%!<d@[F*bFD#64o6@VfsmCI<#NAIW-_Bldj%ARo7dDe!Pj$#O*mATDKnCi]d\\!!$[X!!!c:!!\"YU!!$:*!!\"GO!!$I/!!!$*Ec6&.FD5Z2!2'Jq$O:0a@W,skF(#%K!!#h/!WWip!WW?r!W_n[!!!r6!^I;8!e;&U!h_td!jGK/!3ea.!jG;_!jH&/!225B!l5Hj\"Mka6\"Mkji\"Mkq6\"Ml\"X\"Ml)%\"S!$6\"9SFt!!6Ks![:t2![9l\"\">X?U!^\\UZ\"%#39\"*-(#\"EHa$\"G/I5!eO,\"!hrLP!hr_b!hq`e!hrHd!jY-S!l?`U\"i<06\"2[$V\"2[+#\"2[1E!sDL^!X)c[!YekM![M.D!^oj\"!^pAj!b=P6!eb]a!jk?g!lRGg\"N3cG\"N3ii\"N3p6\"N4!X\"9has!X2f4!bG14!+f\"F!d.<G!ejgX!ejn4!i8n#!i9_U\"JoDX!i9f\"\"JoK%!jtm0!4?\"r!!]RP\";YGi\"=@Oi\"=@V6\"=A!:!%)XX!&e:2\"?(_j\"BJn6!*3PV!+oUS\"D3&$\"En/X!1%(C\"K$@3!60':!G??U!,'+`\"D;a%!,$Ye\"A$i!\"GlX$!LWK#!=GmC\"C/bX\"C07<\"O,0Z!W:73\":,?GD/\")jBk1d@DZKh<#RPQdA7\\\\XCh[D\\!!!98F(o/r6#:CVF*(?!Ch[D\\!!!0/@VfsmCJJ;TAJ7FLEcQ)/ARlotEc5h<@VfsmCC:qeG%#*$9jr-TEbSru;0?;bFD5i2ATJ%U!!!!1!!!!1!!!!1!!!!1!!!!1!!!!1!!!!","2099202":"!<d@[F*NYZ#64c-E,TfC\"TSN&!<d@[F*bFD#64o6@VfsmCI<#NAIW-_Bldj%ARo7dDe!Pj$Zg3(G@Pc)DeWa'!rr<$2KQb9-?::1-[jDC$P@#lDfor.;f6Mt6ZljVBk28fz;\"+Ghn.5R)rpTmno$@@E$#O*mATDKnCi]UW!!!c:!!!$*Ec6&.FD5Z2!2'Jq$O:0a@W,skErl=A!![Jl!&eo9!!ipCD/\")jBk1d@DZKh<#RPQdA7\\\\XCh[D\\!!!98F(o/r6#:CVF*(?!Ch[D\\!!!0/@VfsmCJJ;TAHtn?@<?0oEXN[lG%#*$9jr-TEbSru;0?;bFD5i2ATIkP!!!!1!!!!","3":"!<d@[F*N\\[#64c-E,TfC!rr<$!<d@[F*b@B#64o6@VfsmCI<#NAINEeFC?bBE+*s.AT@eWD..ZVDfor>!<<*\"\":]'_FCfK9@;JJQF`MO'!!!!+$Y=3tBlnVfDe*F##ljr*)J<JqANFLID..=#Bk/f;Ea`KiE\\1mADe*o/B45Xg3bWYQ@;^!tA1_nD@:Wqi/R`[ABld^#,A1G%ANFLID..=#Bk/f;Ea`KiE\\1aCBl%<s@<?($Bjkh!*G8etANFLID..=#Bk/f;Ea`KiE\\1d;DffZ,DJ())@;TR:BQ\\0#DJs6\"/Tc#AA7]d5@rH4$De*R(Bk;?,B45Xg3bWYQ@;^!tA1_nD@:Wqi/S9-GDJ=38Eb-8(@;TR:BQ\\0#DJs6\"/Tc#AA7]d5CisuFEbT*+,%k>$ANFLID..=#Bk/f;Ea`KiE\\2?TEcu/?@;KRpDe*o6B45Xg3bWYQ@;^!tA1_nD@:Wqi/Tc#E@<6R3AS?4(FCfIn!dHF\"!!!!\"!dQL#!!!!\"!dZR$!!!!\"!dHI$!!!!\"!dQO&!!!!\"!dZU&!!!!\"%W,ot:i'QcATC[WDJ*M\\!!!!\"%W,X!:i'QcATC[WDJ*P\\s8W*\"%WcStGA^;eDJ*NTDe*DZ!!!!\"$?L/pGA]cdF`):%!!!!*'Q\\5%GA^2oCjA<YFCfJaD/aE6F9)CXBl7X,BjkgTF^]00BlnW!E+*s.ARkc@!!!$6Bl7X,BjkgVE+*s.;0?;bFD5iBz!=<CZDfp\"tBmO=k!!!!*$[6$#8SrEbEcbl'!!<mN@<6NhE+*s.<,ZkeCe/JeEc]SFgkU3-PX#6\\Bl8$(Ec,<%6XaqB@qg%1z!tK$_FCfK1@;J;E@<-!lzz!tTE`@q]:kB4XnNE_(+kEW?(>z!!=-U@<6NXBOPpoAQ<\\[@<?'[DffE(88iWkErZ1?z!\"TT]E+*s.ARn5IFD5i2ATIhO!!!!","1027":"!<d@[F*N\\[#64c-E,TfC!rr<$!<d@[F*bCC#64o6@VfsmCI<#NAIW-_Bldj%ARo7dDe!Pj$Zg3(G@Pc)DeWa'#64`(nG`Ff`2T7,`N-WO`bMRTa0\"+saGR&!b,VNC$P@#lDfor.;f6Mt6ZljVBk28kzn:1K>3R@a/>+bj!CsW.eHCt6Dr4i:=R\\0Wgq60i-rQkNP$#O*mATDKnCi]XX!!$^Y!!$[X!!!$*Ec6&.FD5Z2!2'Jq$O:0a@W,skEshsJ!5SU6!5tk,!Q7Uc!QD+P!QD1r!QJlU!QJs\"!Q^/\"!Q^5D!QqFD!QqLf!=0$DD/\")jBk1d@DZKh<#RPQdA7\\\\XCh[D\\!!!98F(o/r6#:CVF*(?!Ch[D\\!!!0/@VfsmCJJ;TAK=-VEcP`%ARlotEc5h<@VfsmCEP$GBm+'0ARm4t(L_JqBl$LPFCfK,@;Je`@;^1$FD5<-!WW3#!\"],1!\"],1!!","2051":"!<d@[F*N\\[#64c-E,TfC!rr<$!<d@[F*bFD#64o6@VfsmCI<#NAIW-_Bldj%ARo7dDe!Pj$#O*mATDKnCi]UW!!%Bd!!!$*Ec6&.FD5Z2!2'Jq$O:0a@W,skErc7@!:]LX!!ipCD/\")jBk1d@DZKi&#RPQdA7\\\\XCh[D\\!'^`\"F(o/r6#:CVF*(?!Ch[D\\!'^Vn@VfsmCJJ;TAI;4ACERS4@;]k%$Q!5p@;0OP@<?($BjkgTF^]00Bln'#Erc7@!!!Q1!!!","3075":"!<d@[F*N\\[#64c-E,TfC!rr<$!<d@[F*bIE#64o6@VfsmCI<#NAIW-_Bldj%ARo7dDe!Pj$#O*mATDKnCi]XX!!$^Y!!$[X!!!$*Ec6&.FD5Z2!2'Jq$O:0a@W,skEshsJ!5S(G!6)B_!R%cR!QCj.!QCca!QgU3!QgNf!QT=f!QT7D!QA&D!Q@u\"!=0$DD/\")jBk1d@DZKi&#RPQdA7\\\\XCh[D\\!'^`\"F(o/r6#:CVF*(?!Ch[D\\!'^Vn@VfsmCJJ;TAK=-VEcP`%ARlotEc5h<@VfsmCEP$GBm+'0ARm4t(L_JqBl$LPFCfK,@;Je`@;^1$FD5<-!<<*\"!\"],1!!","1050627":"!<d@[F*N\\[#64c-E,TfC\"98E%!<d@[F*bFD#64o6@VfsmCI<#NAIW-_Bldj%ARo7dDe!Pj$#O*mATDKnCi]g]!!$[X!!\"GO!!\"k[!!$:*!!%0C!!#^o!!$^6!!!$*Ec6&.FD5Z2!2'Jq$O:0a@W,skF!Ued!!'F)!.m.S!J=Ed!/\"C0!/*jl!gH/g!0g$2!/5'1!=7Tm!!r&l!8-8t!9oY!!U5hD!U5nf!U6#D!U6)f!U603!U@NS#3r!Z\"7!=4\"7\"\"\"\"R=1E\"R=7g\"ma*%#40?I#49hk!U\\B3!U\\HU!U\\R3!U\\XU!U\\_\"!>\"Z/!>\"]_!\"\\b(!\"]\"o!\"],.!T3G7!=0$DD/\")jBk1d@DZKi&#RPQdA7\\\\XCh[D\\!!!98F(o/r6#:CVF*(?!Ch[D\\!!!0/@VfsmCJJ;TAJ7FLEcQ)/ARlotEc5h<@VfsmCC:qeG%#*$9jr-TEbSru;0?;bFD5i2ATJ(V!!!!1!!!!1!!!!1!!!!1!!!!1!!!!1!!!!1!!!!","2099203":"!<d@[F*N\\[#64c-E,TfC\"TSN&!<d@[F*bFD#64o6@VfsmCI<#NAIW-_Bldj%ARo7dDe!Pj$Zg3(G@Pc)DeWa'!rr<$A3gt26q;>!1dY[P$P@#lDfor.;f6Mt6ZljVBk28ez0^o&Fn,NFlnaHMd$#O*mATDKnCi][Y!!\"k[!!!c:!!\"GO!!!$*Ec6&.FD5Z2!2'Jq$O:0a@W,skEsr$K!!Gf3!$k'V!]31X!Am,!!Am2C!&R/T!]3H#!]3KD!&R?t!CTZ4!G\"J3!b>$V!XK-ED/\")jBk1d@DZKh<#RPQdA7\\\\XCh[D\\!!!98F(o/r6#:CVF*(?!Ch[D\\!!!0/@VfsmCJJ;TAIMLOCj'B1+C]/*@quGg@<Q'nCe\\>[ATDKnCf,=`DKKT7Bk;>fz&-)\\1&-)\\1&-)\\1","2052":"!<d@[F*N_\\#64c-E,TfC!rr<$!<d@[F*bFD#64o6@VfsmCI<#NAIW-_Bldj%ARo7dDe!Pj$#O*mATDKnCi]UW!!$^Y!!!$*Ec6&.FD5Z2!2'Jq$O:0a@W,skErc7@!5K0G!!ipCD/\")jBk1d@DZKi&#RPQdA7\\\\XCh[D\\!'^`\"F(o/r6#:CVF*(?!Ch[D\\!'^Vn@VfsmCJJ;TAK=-VEcP`%ARlotEc5h<@VfsmCEP$GBm+'0ARm4t(L_JqBl$LPFCfK,@;Je`@;^1$FD5<-!<<*\"!\"],1!!","1050628":"!<d@[F*N_\\#64c-E,TfC\"98E%!<d@[F*bFD#64o6@VfsmCI<#NAIW-_Bldj%ARo7dDe!Pj$Zg3(G@Pc)DeWa'\"onW'cnPCuaRP2hZrC60[rbgS]D9&=VIWj1$P@#lDfor.;f6Mt6ZljVBk28g!!!!%E%h7qG45J;n,NFpWUKlqr9s[o$#O*mATDKnCi]g]!!$[X!!\"YU!!!c:!!)sC!!%!a!!#._!!\"GO!!!$*Ec6&.FD5Z2!2'Jq$O:0a@W,skF#*dr!!\"_O!!H8*!@D>T!(LKu!+obB!/>#d!2a:1!!dUM!=4gC!/U/-!/Q;e!/^K0!6Ok\\!\"/64!\",KV!#hRZ!\"6/h!#r7'!%[Uf!,K-2\")Ib1!c,EV\"+.Sf!fOUV\",jai!fO\\#\".Qih!h7rT!irlC\"1u+U!Y\"jZ!%d_#!,VIs!c6&i!j(.f\"2)aF\"MEI#!Zgke!,^K!\"+C'V!knE!!cI>4!hS_g\"Kq!X\"0Ut$\"hs96\"<[1X!,qbC\"/#J$!jDL4\"2F]E!XK-ED/\")jBk1d@DZKi&#RPQdA7\\\\XCh[D\\!!ii@F(o/r6#:CVF*(?!Ch[D\\!!i`7@VfsmCJJ;TAJ7FLEcQ)/ARlotEc5h<@VfsmCC:qeG%#*$9jr-TEbSru;0?;bFD5i2ATJ(V!!!!1!!!!1!!!!1!!!!1!!!!1!!!!1!!!!1!!!!","1050629":"!<d@[F*Nb]#64c-E,TfC\"98E%!<d@[F*bFD#64o6@VfsmCI<#NAIW-_Bldj%ARo7dDe!Pj$Zg3(G@Pc)DeWa'$ig8-_\"!?``G(hBYSk%Q[;)`BXm*t.PY%hSQ#!o1Q[,P1R``/@S&q&uSBT(TM4(:B$P@#lDfor.;f6Mt6ZljVBk28kzn,NFh]^Pn&3NrJd9<\\C$S$2kuM4ahUWK7)grU9dtq7lt<$#O*mATDKnCi]d\\!!$[X!!\"YU!!!c:!!)sC!!\"VT!!$m;!!!$*Ec6&.FD5Z2!2'Jq$O:0a@W,skF#O(!!!$FI!!)eQ!\"`$j!+6,A!cT*f!e:Zh!h]jh!2(:B\"0`]U!l4GU!!.*o!+?b2\"(<+I!b!%V\"*#3F!eD5V\"+_E$\"-FIh!g+G4!hgL3\"0i`5!`Vaf!0g'S!&\\J\\!C^b(!EEpC!0q?1!#BT0!(Luh!64Rl!!i$.!*=.T!*=HB!,$9f\"G^t:!1.u1!*G?u\"DEo6!/QaS\"IS^!!/[,B!F#\".!,A2D\"DYNY!/g:`!,M*@!,LrC!1V)u!*m^U!*nm0!1_3B!);^r!+\"9g\"g.%3!.O1A!!ipCD/\")jBk1d@DZKh<#RPQdA7\\\\XCh[D\\!!!98F(o/r6#:CVF*(?!Ch[D\\!!!0/@VfsmCJJ;TAJ7FLEcQ)/ARlotEc5h<@VfsmCC:qeG%#*$9jr-TEbSru;0?;bFD5i2ATJ%U!!!!1!!!!1!!!!1!!!!1!!!!1!!!!1!!!!"},"Entities":[],"ReplaceMode":2,"EntranceRotation":-1}