{
	"code": "clothes",
	"class": "ItemWearable",
	"variantgroups": [
		{ "code": "category",  "states": ["upperbodyover"] },
		{ "code": "upperbodyover", "combine": "SelectiveMultiply", "onVariant": "category", "states": [
			"quiltedovercoat-cotton", "quiltedovercoat-linen", "quiltedovercoat-wool",
			"furlinedparka-cotton", "furlinedparka-linen", "furlinedparka-wool"
		] }
	],
	"shape": { "base": "game:entity/humanoid/seraph" },
	"storageFlags": 128,
	"attributes":{
		"clothescategory": "upperbodyover",
		"inCharacterCreationDialog": false
	},
	"attributesByType": {
		"quiltedovercoat-cotton": {
			"warmth": 3
		},
		"quiltedovercoat-linen": {
			"warmth": 3
		},
		"quiltedovercoat-wool": {
			"warmth": 3.5
		},
		"furlinedparka-linen": {
			"disableElements": ["Ponytail1", "hideme"],
			"warmth": 5
		},
		"furlinedparka-cotton": {
			"disableElements": ["Ponytail1", "hideme"],
			"warmth": 5
		},
		"furlinedparka-wool": {
			"disableElements": ["Ponytail1", "hideme"],
			"warmth": 5.5
		},
		"*": {
			"disableElements": ["Ponytail1", "hideme"],
			"warmth": 4
		}
	},
	"textures": {
		"seraph": { "base": "entity/humanoid/seraphclothes/{category}/{upperbodyover}" }
	},
	"creativeinventory": { "general": ["*"], "items": ["*"], "clothing": ["*"], "hideandfabric": ["*"] },
	"renderAlphaTest": 0.25,
	"fpHandTransform": {
		"translation": { "x":0.05, "y":-0.6, "z":0.3 },
		"rotation": { "x":180, "y":150, "z":180 },
		"scale": 2
	},
	"tpHandTransform": {
		"translation": { "x":-0.3, "y":-0.9, "z":-0.7 },
		"rotation": { "x":-71, "y":180, "z":83 },
		"scale": 0.55
	},
	"guiTransformByType": {
		"*-quiltedovercoat-*": {
			"translation": { "x":0, "y":0, "z":0 },
			"rotation": { "x":-180, "y":-66, "z":18 },
			"origin": { "x":0.2, "y":1.28, "z":0.4 },
			"scale": 1.8		
		},
		"*": {
			"rotate": false,
			"translation": { "x":0, "y":0, "z":0 },
			"rotation": { "x":-180, "y":-66, "z":18 },
			"origin": { "x":0.2, "y":1.36, "z":0.4 },
			"scale": 1.35
		}
	},
	"groundTransform": {
		"translation": { "x":0.05, "y":0.05, "z":0 },
		"rotation": { "x":0, "y":0, "z":-87 },
		"origin": { "x":0.5, "y":0.5, "z":0.5299 },
		"scale": 2.19
	}
}