{
  "code": "warpstone",
  "class": "ItemWarpstone",
  "maxstacksize": 1,
  "enabled": true,

  "variantgroups": [
    {
      "code": "type",
      "states": [ "lesser", "greater", "mastercraft", "admin" ]
    }
  ],

  "creativeinventory": {
    "general": [ "*" ],
    "items": [ "*" ],
    "ruststones": [ "*" ]
  },

  "shapebytype": {
    "*-lesser": {
      "base": "items/ruststones/ruststone-softrings",
      "rotateY": 0
    },
    "*-greater": {
      "base": "items/ruststones/ruststone-softrings",
      "rotateY": 0
    },
    "*-mastercraft": {
      "base": "items/ruststones/ruststone-softrings",
      "rotateY": 0
    },
    "*-admin": {
      "base": "items/ruststones/ruststone",
      "rotateY": 0
    },
    "*": {
      "base": "items/ruststones/ruststone"
    }
  },
  "texturesByType": {
    "*-lesser": {
      "default": { "base": "default" },
      "rust-faded": { "base": "items/rustyglow-faded" },
      "rustyglow-solid": { "base": "items/rust-solid" },
      "runes-1": { "base": "items/runes-warpstone" },
      "runes-2": { "base": "default" },
      "runes-3": { "base": "default" }
    },
    "*-greater": {
      "default": { "base": "default" },
      "rust-faded": { "base": "items/rustyglow-faded" },
      "rustyglow-solid": { "base": "items/rust-solid" },
      "runes-1": { "base": "items/runes-warpstone" },
      "runes-2": { "base": "items/runes-warpstone" },
      "runes-3": { "base": "default" }
    },
    "*-mastercraft": {
      "default": { "base": "default" },
      "rust-faded": { "base": "items/rustyglow-faded" },
      "rustyglow-solid": { "base": "items/rust-solid" },
      "runes-1": { "base": "items/runes-warpstone" },
      "runes-2": { "base": "items/runes-warpstone" },
      "runes-3": { "base": "items/runes-warpstone" }
    },
    "*-admin": {
      "default": { "base": "default" },
      "rust-faded": { "base": "items/rust-faded" },
      "rustyglow-solid": { "base": "items/rustyglow-solid" },
      "runes-1": { "base": "items/runes-warpstone" },
      "runes-2": { "base": "items/runes-warpstone" },
      "runes-3": { "base": "items/runes-warpstone" }
    },
    "*": {
      "default": { "base": "default" },
      "rust-faded": { "base": "items/rust-faded" },
      "rustyglow-solid": { "base": "items/rustyglow-solid" },
      "runes-1": { "base": "default" },
      "runes-2": { "base": "default" },
      "runes-3": { "base": "default" }
    }
  },

  "attributesByType": {
    "*-lesser": {
      "displaycaseable": true,
      "shelvable": true,
      "tiertype": "1",
      "maxcharges": "3",
      "channelingtimer": "14"
    },
    "*-greater": {
      "displaycaseable": true,
      "shelvable": true,
      "tiertype": "2",
      "maxcharges": "6",
      "channelingtimer": "9"
    },
    "*-mastercraft": {
      "displaycaseable": true,
      "shelvable": true,
      "tiertype": "3",
      "maxcharges": "10",
      "channelingtimer": "4"
    },
    "*-admin": {
      "displaycaseable": true,
      "shelvable": true,
      "tiertype": "0",
      "maxcharges": "0",
      "channelingtimer": "4"
    },
    "*": {
      "displaycaseable": true,
      "shelvable": true,
      "tiertype": "0",
      "maxcharges": "1",
      "channelingtimer": "14"
    }
  },

  "materialDensity": 600,

  "guiTransform": {
    "translation": {
      "x": 0,
      "y": 3,
      "z": 0
    },
    "rotation": {
      "x": -92,
      "y": 35,
      "z": -156
    },
    "origin": {
      "x": 0.5299,
      "y": 0.05,
      "z": 0.5
    },
    "scale": 4.15
  },
  "fpHandTransform": {
    "translation": {
      "x": 0,
      "y": -0.25,
      "z": 0
    },
    "rotation": {
      "x": 96,
      "y": -8,
      "z": 61
    },
    "origin": {
      "x": 0.8,
      "y": 0.3,
      "z": 0.5
    },
    "scale": 2.9
  },
  "groundTransform": {
    "translation": {
      "x": 0,
      "y": 0,
      "z": 0
    },
    "rotation": {
      "x": 180,
      "y": 33,
      "z": -180
    },
    "origin": {
      "x": 0.5,
      "y": 0,
      "z": 0.5
    },
    "scale": 3.5
  },
  "tpHandTransform": {
    "translation": {
      "x": 0.2,
      "y": -1,
      "z": 0
    },
    "rotation": {
      "x": 126,
      "y": -86,
      "z": -40
    },
    "origin": {
      "x": -0.5,
      "y": 0,
      "z": 0
    },
    "scale": 0.65
  }
}
