{
  "code": "temporalfragment",
  "class": "ItemTemporalFragment",
  "maxstacksize": 64,
  "enabled": true,

  "shapebytype": {
    "*": {
      "base": "items/temporalfragment",
      "rotateY": 0
    }
  },
  "texturesByType": {
    "*": {
      "default": { "base": "default" },
      "rust-faded": { "base": "items/rust-faded" },
      "rust-solid": { "base": "items/rust-solid" },
      "rustyglow-faded": { "base": "items/rustyglow-faded" },
      "rustyglow-solid": { "base": "items/rustyglow-solid" }
    }
  },

  "creativeinventory": {
    "general": [ "*" ],
    "items": [ "*" ],
    "ruststones": [ "*" ]
  },
  "materialDensity": 600,

  "attributesByType": {
    "*": {
      "displaycaseable": true,
      "shelvable": true
    }
  },
  "guiTransform": {
    "translation": {
      "x": 0,
      "y": 0,
      "z": 0
    },
    "rotation": {
      "x": 151,
      "y": 0,
      "z": 0
    },
    "origin": {
      "x": 0.485,
      "y": 0.05,
      "z": 0.5
    },
    "scale": 6
  },
  "fpHandTransform": {
    "translation": {
      "x": -0.05,
      "y": 0.2,
      "z": 0
    },
    "rotation": {
      "x": 5,
      "y": 100,
      "z": 0
    },
    "origin": {
      "x": 0.5,
      "y": -0.13,
      "z": 0.5
    },
    "scale": 3.4
  },
  "tpHandTransform": {
    "translation": {
      "x": -0.87,
      "y": -0.11,
      "z": -0.7
    },
    "rotation": {
      "x": -41,
      "y": -29,
      "z": -60
    },
    "origin": {
      "x": 0.5,
      "y": 0.09,
      "z": 0.5
    },
    "scale": 0.75
  },
  "groundTransform": {
    "translation": {
      "x": 0,
      "y": 0,
      "z": 0
    },
    "rotation": {
      "x": 0,
      "y": 0,
      "z": 0
    },
    "origin": {
      "x": 0.5,
      "y": 0,
      "z": 0.5
    },
    "scale": 4.5
  }
}
