[
  {
    "op": "add",
    "path": "/0/enabled",
    "value": false,
    "file": "wildfarmingrevival:recipes/grid/cactiseeds.json",
    "condition": { "when": "WFcactiEnabled", "isValue": "false" }
  },
  {
    "op": "add",
    "path": "/1/enabled",
    "value": false,
    "file": "wildfarmingrevival:recipes/grid/cactiseeds.json",
    "condition": { "when": "WFcactiEnabled", "isValue": "false" }
  },
  {
    "op": "add",
    "path": "/enabled",
    "value": false,
    "file": "wildfarmingrevival:itemtypes/cactiseeds.json",
    "condition": { "when": "WFcactiEnabled", "isValue": "false" }
  },

  {
    "op": "add",
    "path": "/0/enabled",
    "value": false,
    "file": "wildfarmingrevival:recipes/grid/cropseeds.json",
    "condition": { "when": "WFcropsEnabled", "isValue": "false" }
  },
  {
    "op": "add",
    "path": "/1/enabled",
    "value": false,
    "file": "wildfarmingrevival:recipes/grid/cropseeds.json",
    "condition": { "when": "WFcropsEnabled", "isValue": "false" }
  },
  {
    "op": "add",
    "path": "/2/enabled",
    "value": false,
    "file": "wildfarmingrevival:recipes/grid/cropseeds.json",
    "condition": { "when": "WFcropsEnabled", "isValue": "false" }
  },
  {
    "op": "add",
    "path": "/3/enabled",
    "value": false,
    "file": "wildfarmingrevival:recipes/grid/cropseeds.json",
    "condition": { "when": "WFcropsEnabled", "isValue": "false" }
  },
  {
    "op": "add",
    "path": "/2/enabled",
    "value": false,
    "file": "wildfarmingrevival:recipes/grid/fruitseeds.json",
    "condition": {
      "when": "WFcropsEnabled",
      "isValue": "false"
    },
    "side": "server"
  },

  {
    "op": "add",
    "path": "/0/enabled",
    "value": false,
    "file": "wildfarmingrevival:recipes/grid/fruitseeds.json",
    "condition": {
      "when": "WFbushesEnabled",
      "isValue": "false"
    },
    "side": "server"
  },
  {
    "op": "add",
    "path": "/1/enabled",
    "value": false,
    "file": "wildfarmingrevival:recipes/grid/fruitseeds.json",
    "condition": {
      "when": "WFbushesEnabled",
      "isValue": "false"
    },
    "side": "server"
  },
  {
    "op": "add",
    "path": "/enabled",
    "value": false,
    "file": "wildfarmingrevival:itemtypes/wildseeds-smallberrybush.json",
    "condition": {
      "when": "WFbushesEnabled",
      "isValue": "false"
    },
    "side": "server"
  },
  {
    "op": "add",
    "path": "/enabled",
    "value": false,
    "file": "wildfarmingrevival:itemtypes/wildseeds-bigberrybush.json",
    "condition": {
      "when": "WFbushesEnabled",
      "isValue": "false"
    },
    "side": "server"
  },

  {
    "op": "add",
    "path": "/0/enabled",
    "value": false,
    "file": "wildfarmingrevival:recipes/grid/flowerseeds.json",
    "condition": { "when": "WFflowersEnabled", "isValue": "false" }
  },
  {
    "op": "add",
    "path": "/1/enabled",
    "value": false,
    "file": "wildfarmingrevival:recipes/grid/flowerseeds.json",
    "condition": { "when": "WFflowersEnabled", "isValue": "false" }
  },
  {
    "op": "add",
    "path": "/enabled",
    "value": false,
    "file": "wildfarmingrevival:itemtypes/wildseeds.json",
    "condition": { "when": "WFflowersEnabled", "isValue": "false" }
  },
  {
    "op": "add",
    "path": "/enabled",
    "value": false,
    "file": "wildfarmingrevival:itemtypes/wildseeds-croton.json",
    "condition": { "when": "WFflowersEnabled", "isValue": "false" }
  },
  {
    "op": "add",
    "path": "/enabled",
    "value": false,
    "file": "wildfarmingrevival:itemtypes/wildseeds-fern.json",
    "condition": { "when": "WFflowersEnabled", "isValue": "false" }
  },
  {
    "op": "add",
    "path": "/enabled",
    "value": false,
    "file": "wildfarmingrevival:itemtypes/wildseeds-lupine.json",
    "condition": { "when": "WFflowersEnabled", "isValue": "false" }
  },
  {
    "op": "add",
    "path": "/enabled",
    "value": false,
    "file": "wildfarmingrevival:itemtypes/wildseeds-rafflesia.json",
    "condition": { "when": "WFflowersEnabled", "isValue": "false" }
  },

  {
    "op": "add",
    "path": "/0/enabled",
    "value": false,
    "file": "wildfarmingrevival:recipes/grid/reedroots.json",
    "condition": { "when": "WFreedsEnabled", "isValue": "false" }
  },
  {
    "op": "add",
    "path": "/1/enabled",
    "value": false,
    "file": "wildfarmingrevival:recipes/grid/reedroots.json",
    "condition": { "when": "WFreedsEnabled", "isValue": "false" }
  },

  {
    "op": "add",
    "path": "/0/enabled",
    "value": false,
    "file": "wildfarmingrevival:recipes/grid/vinetrimming.json",
    "condition": { "when": "WFvinesEnabled", "isValue": "false" }
  },

  {
    "op": "add",
    "path": "/enabled",
    "value": false,
    "file": "game:recipes/grid/mushroomsubstrate.json",
    "condition": { "when": "WFmushroomsEnabled", "isValue": "false" }
  },
  {
    "op": "add",
    "path": "/enabled",
    "value": false,
    "file": "game:blocktypes/mushroomsubstrate.json",
    "condition": { "when": "WFmushroomsEnabled", "isValue": "false" }
  }
]
