{
	"editor": {
		"allAngles": false,
		"entityTextureMode": false
	},
	"textureWidth": 16,
	"textureHeight": 16,
	"textureSizes": {
	},
	"textures": {
		"oil-lamp-off": "entity/humanoid/seraphclothes/head/oil-lamp-off"
	},
	"elements": [
		{
			"name": "Metal",
			"stepParentName": "Head",
			"from": [ -2.2, 4.035, 1.6 ], 
			"to": [ -0.4, 5.235, 3.4 ], 
			"rotationOrigin": [ -3.0, 4.0, 2.0 ],
			"faces": {
				"north": { "texture": "#oil-lamp-off", "uv": [ 14.5, 7.0, 16.0, 8.0 ] },
				"east": { "texture": "#oil-lamp-off", "uv": [ 13.0, 7.0, 14.5, 8.0 ] },
				"south": { "texture": "#oil-lamp-off", "uv": [ 14.0, 6.0, 15.5, 7.0 ] },
				"west": { "texture": "#oil-lamp-off", "uv": [ 13.0, 7.0, 14.5, 8.0 ] },
				"up": { "texture": "#oil-lamp-off", "uv": [ 13.0, 5.5, 14.5, 7.0 ], "glow": 5 },
				"down": { "texture": "#oil-lamp-off", "uv": [ 14.5, 5.5, 16.0, 7.0 ] }
			},
			"children": [
				{
					"name": "Main-leather",
					"from": [ 1.85, -0.015, -1.65 ], 
					"to": [ 8.4, 0.985, 3.45 ], 
					"rotationOrigin": [ 1.85, -0.015, -1.5 ],
					"faces": {
						"north": { "texture": "#oil-lamp-off", "uv": [ 0.0, 4.5, 6.5, 5.5 ] },
						"east": { "texture": "#oil-lamp-off", "uv": [ 0.0, 2.5, 5.0, 3.5 ], "windMode": [-1,-1,-1,-1] },
						"south": { "texture": "#oil-lamp-off", "uv": [ 0.0, 5.5, 6.5, 6.5 ] },
						"west": { "texture": "#oil-lamp-off", "uv": [ 0.0, 3.5, 5.0, 4.5 ] },
						"up": { "texture": "#oil-lamp-off", "uv": [ 8.0, 11.0, 14.5, 16.0 ], "enabled": false },
						"down": { "texture": "#oil-lamp-off", "uv": [ 8.0, 11.0, 14.5, 16.0 ], "enabled": false, "windMode": [-1,-1,-1,-1] }
					},
					"children": [
						{
							"name": "Leather1",
							"from": [ -1.45, 0.0, 1.6 ], 
							"to": [ -0.45, 1.0, 3.51 ], 
							"rotationOrigin": [ -2.75, -0.27, 2.05 ],
							"faces": {
								"north": { "texture": "#oil-lamp-off", "uv": [ 0.0, 6.5, 1.0, 7.5 ], "glow": 5, "windMode": [-1,-1,-1,-1] },
								"east": { "texture": "#oil-lamp-off", "uv": [ 1.5, 6.5, 3.0, 7.5 ], "enabled": false, "windMode": [-1,-1,-1,-1] },
								"south": { "texture": "#oil-lamp-off", "uv": [ 3.0, 6.5, 4.0, 7.5 ], "windMode": [-1,-1,-1,-1] },
								"west": { "texture": "#oil-lamp-off", "uv": [ 4.5, 6.5, 6.0, 7.5 ], "enabled": false, "windMode": [-1,-1,-1,-1] },
								"up": { "texture": "#oil-lamp-off", "uv": [ 0.0, 6.0, 1.0, 7.5 ], "glow": 5, "enabled": false, "windMode": [-1,-1,-1,-1] },
								"down": { "texture": "#oil-lamp-off", "uv": [ 1.5, 6.0, 2.5, 7.5 ], "windMode": [-1,-1,-1,-1] }
							}
						},
						{
							"name": "Leather2",
							"from": [ -1.9, 0.025, 1.6 ], 
							"to": [ 0.0, 1.025, 3.5 ], 
							"rotationOrigin": [ -2.75, -0.27, 2.05 ],
							"faces": {
								"north": { "texture": "#oil-lamp-off", "uv": [ 0.0, 6.5, 1.5, 7.5 ], "glow": 5 },
								"east": { "texture": "#oil-lamp-off", "uv": [ 1.5, 6.5, 3.0, 7.5 ], "enabled": false, "windMode": [-1,-1,-1,-1] },
								"south": { "texture": "#oil-lamp-off", "uv": [ 3.0, 6.5, 4.5, 7.5 ] },
								"west": { "texture": "#oil-lamp-off", "uv": [ 4.5, 6.5, 6.0, 7.5 ] },
								"up": { "texture": "#oil-lamp-off", "uv": [ 0.0, 6.0, 1.5, 7.5 ], "glow": 5, "enabled": false },
								"down": { "texture": "#oil-lamp-off", "uv": [ 1.5, 6.0, 3.0, 7.5 ], "enabled": false, "windMode": [-1,-1,-1,-1] }
							}
						}
					]
				},
				{
					"name": "Oil",
					"from": [ 0.2, 1.2, 0.2 ], 
					"to": [ 1.6, 1.3, 1.6 ], 
					"rotationOrigin": [ 0.1, 1.2, 0.2 ],
					"faces": {
						"north": { "texture": "#oil-lamp-off", "uv": [ 14.5, 7.0, 15.5, 7.5 ], "enabled": false, "windMode": [-1,-1,-1,-1] },
						"east": { "texture": "#oil-lamp-off", "uv": [ 13.0, 7.0, 14.0, 7.5 ], "enabled": false, "windMode": [-1,-1,-1,-1] },
						"south": { "texture": "#oil-lamp-off", "uv": [ 14.5, 7.0, 15.5, 7.5 ], "enabled": false, "windMode": [-1,-1,-1,-1] },
						"west": { "texture": "#oil-lamp-off", "uv": [ 13.0, 7.0, 14.0, 7.5 ], "enabled": false, "windMode": [-1,-1,-1,-1] },
						"up": { "texture": "#oil-lamp-off", "uv": [ 0.0, 12.5, 3.5, 16.0 ], "glow": 198, "autoUv": false },
						"down": { "texture": "#oil-lamp-off", "uv": [ 14.5, 5.5, 15.5, 6.5 ], "enabled": false, "windMode": [-1,-1,-1,-1] }
					}
				},
				{
					"name": "Ceramic W",
					"from": [ 0.0, 1.2, 0.0 ], 
					"to": [ 0.2, 1.5, 1.8 ], 
					"rotationOrigin": [ -0.8, -0.035, 0.4 ],
					"faces": {
						"north": { "texture": "#oil-lamp-off", "uv": [ 14.5, 6.0, 15.0, 6.5 ], "windMode": [-1,-1,-1,-1] },
						"east": { "texture": "#oil-lamp-off", "uv": [ 12.5, 6.5, 14.0, 7.0 ], "glow": 100, "windMode": [-1,-1,-1,-1] },
						"south": { "texture": "#oil-lamp-off", "uv": [ 14.0, 7.0, 14.5, 7.5 ], "windMode": [-1,-1,-1,-1] },
						"west": { "texture": "#oil-lamp-off", "uv": [ 13.0, 5.5, 14.5, 6.0 ], "windMode": [-1,-1,-1,-1] },
						"up": { "texture": "#oil-lamp-off", "uv": [ 8.5, 0.0, 9.0, 1.5 ], "glow": 50, "windMode": [-1,-1,-1,-1] },
						"down": { "texture": "#oil-lamp-off", "uv": [ 14.5, 5.5, 15.0, 7.0 ], "enabled": false }
					}
				},
				{
					"name": "Ceramic E",
					"from": [ 1.6, 1.2, 0.0 ], 
					"to": [ 1.8, 1.5, 1.8 ], 
					"rotationOrigin": [ 1.0, 1.2, 0.0 ],
					"faces": {
						"north": { "texture": "#oil-lamp-off", "uv": [ 14.5, 6.0, 15.0, 6.5 ] },
						"east": { "texture": "#oil-lamp-off", "uv": [ 12.5, 6.5, 14.0, 7.0 ] },
						"south": { "texture": "#oil-lamp-off", "uv": [ 14.0, 7.0, 14.5, 7.5 ] },
						"west": { "texture": "#oil-lamp-off", "uv": [ 13.0, 5.5, 14.5, 6.0 ], "glow": 100, "windMode": [-1,-1,-1,-1] },
						"up": { "texture": "#oil-lamp-off", "uv": [ 8.5, 0.0, 9.0, 1.5 ], "glow": 50, "windMode": [-1,-1,-1,-1] },
						"down": { "texture": "#oil-lamp-off", "uv": [ 14.5, 5.5, 15.0, 7.0 ], "enabled": false }
					}
				},
				{
					"name": "Ceramic S",
					"from": [ 0.2, 1.2, 1.6 ], 
					"to": [ 1.6, 1.5, 1.8 ], 
					"rotationOrigin": [ -0.2, 1.2, 1.0 ],
					"faces": {
						"north": { "texture": "#oil-lamp-off", "uv": [ 14.5, 6.0, 15.5, 6.5 ], "glow": 100 },
						"east": { "texture": "#oil-lamp-off", "uv": [ 12.5, 6.5, 13.0, 7.0 ] },
						"south": { "texture": "#oil-lamp-off", "uv": [ 14.0, 7.0, 15.0, 7.5 ] },
						"west": { "texture": "#oil-lamp-off", "uv": [ 13.0, 5.5, 13.5, 6.0 ] },
						"up": { "texture": "#oil-lamp-off", "uv": [ 8.5, 0.0, 9.5, 0.5 ], "glow": 50, "windMode": [-1,-1,-1,-1] },
						"down": { "texture": "#oil-lamp-off", "uv": [ 14.5, 5.5, 15.5, 6.0 ], "enabled": false }
					}
				},
				{
					"name": "Ceramic N",
					"from": [ 0.2, 1.2, 0.0 ], 
					"to": [ 1.6, 1.5, 0.2 ], 
					"rotationOrigin": [ -0.2, 1.2, 1.0 ],
					"faces": {
						"north": { "texture": "#oil-lamp-off", "uv": [ 14.5, 6.0, 15.5, 6.5 ], "glow": 5 },
						"east": { "texture": "#oil-lamp-off", "uv": [ 12.5, 6.5, 13.0, 7.0 ] },
						"south": { "texture": "#oil-lamp-off", "uv": [ 14.0, 7.0, 15.0, 7.5 ], "glow": 100, "windMode": [-1,-1,-1,-1] },
						"west": { "texture": "#oil-lamp-off", "uv": [ 13.0, 5.5, 13.5, 6.0 ] },
						"up": { "texture": "#oil-lamp-off", "uv": [ 8.5, 0.0, 9.5, 0.5 ], "glow": 50, "windMode": [-1,-1,-1,-1] },
						"down": { "texture": "#oil-lamp-off", "uv": [ 14.5, 5.5, 15.5, 6.0 ], "enabled": false }
					}
				}
			]
		}
	]}