﻿[
  {
    "op": "addeach",
    "path": "/ingredients/5/validStacks/-",
    "value": [{ type: "item", code: "primitivesurvival:fishfillet-raw",  shapeElement: "bowl/fish/*", textureMapping: ["normal", "fishfillet-raw"] }, { type: "item", code: "expandedfoods:fishnugget-raw",  shapeElement: "bowl/meatnugget 1/*", textureMapping: ["meatnugget", "fishfillet-raw"] }, { type: "item", code: "expandedfoods:crabnugget-raw",  shapeElement: "bowl/meatnugget 1/*", textureMapping: ["meatnugget", "crabmeat"] }, { type: "item", code: "expandedfoods:snakenugget-raw",  shapeElement: "bowl/meatnugget 1/*", textureMapping: ["meatnugget", "snakemeat"] }, { type: "item", code: "expandedfoods:fishnugget-smashed",  shapeElement: "bowl/fish/*", textureMapping: ["normal", "fishfillet-raw"] }, { type: "item", code: "expandedfoods:sausagefish-normal-raw",  shapeElement: "bowl/meatnugget 1/*", textureMapping: ["meatnugget", "poultry-raw"]  }, { type: "item", code: "expandedfoods:sausagefish-normal-dried",  shapeElement: "bowl/meatnugget 1/*", textureMapping: ["meatnugget", "poultry-raw"]  }, { type: "item", code: "expandedfoods:sausagefish-cheese-raw",  shapeElement: "bowl/meatnugget 1/*", textureMapping: ["meatnugget", "poultry-raw"]  }, { type: "item", code: "expandedfoods:sausagefish-cheese-dried",  shapeElement: "bowl/meatnugget 1/*", textureMapping: ["meatnugget", "poultry-raw"]  }, { type: "item", code: "expandedfoods:sausagecrab-normal-raw",  shapeElement: "bowl/meatnugget 1/*", textureMapping: ["meatnugget", "crabmeat"]  }, { type: "item", code: "expandedfoods:sausagecrab-normal-dried",  shapeElement: "bowl/meatnugget 1/*", textureMapping: ["meatnugget", "crabmeat"]  }, { type: "item", code: "expandedfoods:sausagecrab-cheese-raw",  shapeElement: "bowl/meatnugget 1/*", textureMapping: ["meatnugget", "crabmeat"]  }, { type: "item", code: "expandedfoods:sausagecrab-cheese-dried",  shapeElement: "bowl/meatnugget 1/*", textureMapping: ["meatnugget", "crabmeat"]  }, { type: "item", code: "expandedfoods:sausagesnake-normal-raw",  shapeElement: "bowl/meatnugget 1/*", textureMapping: ["meatnugget", "snakemeat"]  }, { type: "item", code: "expandedfoods:sausagesnake-normal-dried",  shapeElement: "bowl/meatnugget 1/*", textureMapping: ["meatnugget", "snakemeat"]  }, { type: "item", code: "expandedfoods:sausagesnake-cheese-raw",  shapeElement: "bowl/meatnugget 1/*", textureMapping: ["meatnugget", "snakemeat"]  }, { type: "item", code: "expandedfoods:sausagesnake-cheese-dried",  shapeElement: "bowl/meatnugget 1/*", textureMapping: ["meatnugget", "snakemeat"]  },],
    "file": "game:recipes/cooking/pastahot.json",
    "side": "server",
    dependsOn: [{ "modid": "primitivesurvival" }]
  },
  {
    "op": "addeach",
    "path": "/ingredients/5/validStacks/-",
    "value": [{ type: "item", code: "expandedfoods:sausagefishherb-normal-raw",  shapeElement: "bowl/meatnugget 1/*", textureMapping: ["meatnugget", "poultry-raw"]  }, { type: "item", code: "expandedfoods:sausagefishherb-normal-dried",  shapeElement: "bowl/meatnugget 1/*", textureMapping: ["meatnugget", "poultry-raw"]  }, { type: "item", code: "expandedfoods:sausagefishherb-cheese-raw",  shapeElement: "bowl/meatnugget 1/*", textureMapping: ["meatnugget", "poultry-raw"]  }, { type: "item", code: "expandedfoods:sausagefishherb-cheese-dried",  shapeElement: "bowl/meatnugget 1/*", textureMapping: ["meatnugget", "poultry-raw"]  }, { type: "item", code: "expandedfoods:sausagecrabherb-normal-raw",  shapeElement: "bowl/meatnugget 1/*", textureMapping: ["meatnugget", "crabmeat"]  }, { type: "item", code: "expandedfoods:sausagecrabherb-normal-dried",  shapeElement: "bowl/meatnugget 1/*", textureMapping: ["meatnugget", "crabmeat"]  }, { type: "item", code: "expandedfoods:sausagecrabherb-cheese-raw",  shapeElement: "bowl/meatnugget 1/*", textureMapping: ["meatnugget", "crabmeat"]  }, { type: "item", code: "expandedfoods:sausagecrabherb-cheese-dried",  shapeElement: "bowl/meatnugget 1/*", textureMapping: ["meatnugget", "crabmeat"]  }, { type: "item", code: "expandedfoods:sausagesnakeherb-normal-raw",  shapeElement: "bowl/meatnugget 1/*", textureMapping: ["meatnugget", "snakemeat"]  }, { type: "item", code: "expandedfoods:sausagesnakeherb-normal-dried",  shapeElement: "bowl/meatnugget 1/*", textureMapping: ["meatnugget", "snakemeat"]  }, { type: "item", code: "expandedfoods:sausagesnakeherb-cheese-raw",  shapeElement: "bowl/meatnugget 1/*", textureMapping: ["meatnugget", "snakemeat"]  }, { type: "item", code: "expandedfoods:sausagesnakeherb-cheese-dried",  shapeElement: "bowl/meatnugget 1/*", textureMapping: ["meatnugget", "snakemeat"]  },],
    "file": "game:recipes/cooking/pastahot.json",
    "side": "server",
    dependsOn: [{ "modid": "primitivesurvival" }, { "modid": "wildcraft" }]
  },
  {
    "op": "addeach",
    "path": "/ingredients/6/validStacks/-",
    "value": [{ type: "item", code: "primitivesurvival:fishfillet-raw",  shapeElement: "bowl/fish/*", textureMapping: ["normal", "fishfillet-raw"] }, { type: "item", code: "expandedfoods:fishnugget-raw",  shapeElement: "bowl/meatnugget 1/*", textureMapping: ["meatnugget", "fishfillet-raw"] }, { type: "item", code: "expandedfoods:crabnugget-raw",  shapeElement: "bowl/meatnugget 1/*", textureMapping: ["meatnugget", "crabmeat"] }, { type: "item", code: "expandedfoods:snakenugget-raw",  shapeElement: "bowl/meatnugget 1/*", textureMapping: ["meatnugget", "snakemeat"] }, { type: "item", code: "expandedfoods:fishnugget-smashed",  shapeElement: "bowl/fish/*", textureMapping: ["normal", "fishfillet-raw"] }, { type: "item", code: "expandedfoods:sausagefish-normal-raw",  shapeElement: "bowl/meatnugget 1/*", textureMapping: ["meatnugget", "poultry-raw"]  }, { type: "item", code: "expandedfoods:sausagefish-normal-dried",  shapeElement: "bowl/meatnugget 1/*", textureMapping: ["meatnugget", "poultry-raw"]  }, { type: "item", code: "expandedfoods:sausagefish-cheese-raw",  shapeElement: "bowl/meatnugget 1/*", textureMapping: ["meatnugget", "poultry-raw"]  }, { type: "item", code: "expandedfoods:sausagefish-cheese-dried",  shapeElement: "bowl/meatnugget 1/*", textureMapping: ["meatnugget", "poultry-raw"]  }, { type: "item", code: "expandedfoods:sausagecrab-normal-raw",  shapeElement: "bowl/meatnugget 1/*", textureMapping: ["meatnugget", "crabmeat"]  }, { type: "item", code: "expandedfoods:sausagecrab-normal-dried",  shapeElement: "bowl/meatnugget 1/*", textureMapping: ["meatnugget", "crabmeat"]  }, { type: "item", code: "expandedfoods:sausagecrab-cheese-raw",  shapeElement: "bowl/meatnugget 1/*", textureMapping: ["meatnugget", "crabmeat"]  }, { type: "item", code: "expandedfoods:sausagecrab-cheese-dried",  shapeElement: "bowl/meatnugget 1/*", textureMapping: ["meatnugget", "crabmeat"]  }, { type: "item", code: "expandedfoods:sausagesnake-normal-raw",  shapeElement: "bowl/meatnugget 1/*", textureMapping: ["meatnugget", "snakemeat"]  }, { type: "item", code: "expandedfoods:sausagesnake-normal-dried",  shapeElement: "bowl/meatnugget 1/*", textureMapping: ["meatnugget", "snakemeat"]  }, { type: "item", code: "expandedfoods:sausagesnake-cheese-raw",  shapeElement: "bowl/meatnugget 1/*", textureMapping: ["meatnugget", "snakemeat"]  }, { type: "item", code: "expandedfoods:sausagesnake-cheese-dried",  shapeElement: "bowl/meatnugget 1/*", textureMapping: ["meatnugget", "snakemeat"]  },],
    "file": "game:recipes/cooking/pastahot.json",
    "side": "server",
    dependsOn: [{ "modid": "primitivesurvival" }]
  },
  {
    "op": "addeach",
    "path": "/ingredients/6/validStacks/-",
    "value": [{ type: "item", code: "expandedfoods:sausagefishherb-normal-raw",  shapeElement: "bowl/meatnugget 1/*", textureMapping: ["meatnugget", "poultry-raw"]  }, { type: "item", code: "expandedfoods:sausagefishherb-normal-dried",  shapeElement: "bowl/meatnugget 1/*", textureMapping: ["meatnugget", "poultry-raw"]  }, { type: "item", code: "expandedfoods:sausagefishherb-cheese-raw",  shapeElement: "bowl/meatnugget 1/*", textureMapping: ["meatnugget", "poultry-raw"]  }, { type: "item", code: "expandedfoods:sausagefishherb-cheese-dried",  shapeElement: "bowl/meatnugget 1/*", textureMapping: ["meatnugget", "poultry-raw"]  }, { type: "item", code: "expandedfoods:sausagecrabherb-normal-raw",  shapeElement: "bowl/meatnugget 1/*", textureMapping: ["meatnugget", "crabmeat"]  }, { type: "item", code: "expandedfoods:sausagecrabherb-normal-dried",  shapeElement: "bowl/meatnugget 1/*", textureMapping: ["meatnugget", "crabmeat"]  }, { type: "item", code: "expandedfoods:sausagecrabherb-cheese-raw",  shapeElement: "bowl/meatnugget 1/*", textureMapping: ["meatnugget", "crabmeat"]  }, { type: "item", code: "expandedfoods:sausagecrabherb-cheese-dried",  shapeElement: "bowl/meatnugget 1/*", textureMapping: ["meatnugget", "crabmeat"]  }, { type: "item", code: "expandedfoods:sausagesnakeherb-normal-raw",  shapeElement: "bowl/meatnugget 1/*", textureMapping: ["meatnugget", "snakemeat"]  }, { type: "item", code: "expandedfoods:sausagesnakeherb-normal-dried",  shapeElement: "bowl/meatnugget 1/*", textureMapping: ["meatnugget", "snakemeat"]  }, { type: "item", code: "expandedfoods:sausagesnakeherb-cheese-raw",  shapeElement: "bowl/meatnugget 1/*", textureMapping: ["meatnugget", "snakemeat"]  }, { type: "item", code: "expandedfoods:sausagesnakeherb-cheese-dried",  shapeElement: "bowl/meatnugget 1/*", textureMapping: ["meatnugget", "snakemeat"]  },],
    "file": "game:recipes/cooking/pastahot.json",
    "side": "server",
    dependsOn: [{ "modid": "primitivesurvival" }, { "modid": "wildcraft" }]
  },
  {
    "op": "add",
    "path": "/ingredients/9/validStacks/-",
    "value": { type: "item", code: "expandedfoods:fishsauce",  shapeElement: "bowl/topping/*", textureMapping: ["topping", "fishsauce"] }, 
    "file": "game:recipes/cooking/pastahot.json",
    "side": "server",
    dependsOn: [{ "modid": "primitivesurvival" }]
  },
]