{
	"editor": {
		"allAngles": false,
		"entityTextureMode": false
	},
	"textureWidth": 16,
	"textureHeight": 16,
	"textureSizes": {
	},
	"textures": {
		"ceramic": "/home/kane-thornwyrd/old/kane-thornwyrd/Projets/VintageStoryModding/salty/vintagestory/assets/survival/textures/block/clay/ceramic"
	},
	"elements": [
		{
			"name": "Base",
			"from": [ 0.0, 0.0, 0.0 ], 
			"to": [ 16.0, 1.0, 16.0 ], 
			"faces": {
				"north": { "texture": "#ceramic", "uv": [ 0.0, 0.0, 16.0, 1.0 ] },
				"east": { "texture": "#ceramic", "uv": [ 0.0, 0.0, 16.0, 1.0 ], "windMode": [-1,-1,-1,-1] },
				"south": { "texture": "#ceramic", "uv": [ 0.0, 0.0, 16.0, 1.0 ], "windMode": [-1,-1,-1,-1] },
				"west": { "texture": "#ceramic", "uv": [ 0.0, 0.0, 16.0, 1.0 ], "windMode": [-1,-1,-1,-1] },
				"up": { "texture": "#ceramic", "uv": [ 0.0, 0.0, 16.0, 16.0 ], "windMode": [-1,-1,-1,-1] },
				"down": { "texture": "#ceramic", "uv": [ 0.0, 0.0, 16.0, 16.0 ], "windMode": [-1,-1,-1,-1] }
			},
			"children": [
				{
					"name": "WallN",
					"from": [ 0.0, 1.0, 0.0 ], 
					"to": [ 16.0, 16.0, 1.0 ], 
					"rotationOrigin": [ 0.0, 1.0, 0.0 ],
					"faces": {
						"north": { "texture": "#ceramic", "uv": [ 0.0, 0.0, 16.0, 15.0 ] },
						"east": { "texture": "#ceramic", "uv": [ 0.0, 0.0, 1.0, 15.0 ] },
						"south": { "texture": "#ceramic", "uv": [ 0.0, 0.0, 16.0, 15.0 ] },
						"west": { "texture": "#ceramic", "uv": [ 0.0, 0.0, 1.0, 15.0 ] },
						"up": { "texture": "#ceramic", "uv": [ 0.0, 0.0, 16.0, 1.0 ] },
						"down": { "texture": "#ceramic", "uv": [ 0.0, 0.0, 16.0, 1.0 ] }
					},
					"children": [
						{
							"name": "WallS",
							"from": [ 0.0, 0.0, 15.0 ], 
							"to": [ 16.0, 15.0, 16.0 ], 
							"rotationOrigin": [ 0.0, 0.0, 15.0 ],
							"faces": {
								"north": { "texture": "#ceramic", "uv": [ 0.0, 0.0, 16.0, 15.0 ] },
								"east": { "texture": "#ceramic", "uv": [ 0.0, 0.0, 1.0, 15.0 ] },
								"south": { "texture": "#ceramic", "uv": [ 0.0, 0.0, 16.0, 15.0 ] },
								"west": { "texture": "#ceramic", "uv": [ 0.0, 0.0, 1.0, 15.0 ] },
								"up": { "texture": "#ceramic", "uv": [ 0.0, 0.0, 16.0, 1.0 ] },
								"down": { "texture": "#ceramic", "uv": [ 0.0, 0.0, 16.0, 1.0 ] }
							}
						},
						{
							"name": "WallW",
							"from": [ 0.0, 0.0, 1.0 ], 
							"to": [ 1.0, 15.0, 15.0 ], 
							"rotationOrigin": [ 0.0, 0.0, 1.0 ],
							"faces": {
								"north": { "texture": "#ceramic", "uv": [ 0.0, 0.0, 1.0, 15.0 ] },
								"east": { "texture": "#ceramic", "uv": [ 0.0, 0.0, 14.0, 15.0 ] },
								"south": { "texture": "#ceramic", "uv": [ 0.0, 0.0, 1.0, 15.0 ] },
								"west": { "texture": "#ceramic", "uv": [ 0.0, 0.0, 14.0, 15.0 ] },
								"up": { "texture": "#ceramic", "uv": [ 0.0, 0.0, 1.0, 14.0 ] },
								"down": { "texture": "#ceramic", "uv": [ 0.0, 0.0, 1.0, 14.0 ] }
							}
						},
						{
							"name": "WallE",
							"from": [ 15.0, 0.0, 1.0 ], 
							"to": [ 16.0, 15.0, 15.0 ], 
							"rotationOrigin": [ 0.0, 0.0, 1.0 ],
							"faces": {
								"north": { "texture": "#ceramic", "uv": [ 0.0, 0.0, 1.0, 15.0 ] },
								"east": { "texture": "#ceramic", "uv": [ 0.0, 0.0, 14.0, 15.0 ] },
								"south": { "texture": "#ceramic", "uv": [ 0.0, 0.0, 1.0, 15.0 ] },
								"west": { "texture": "#ceramic", "uv": [ 0.0, 0.0, 14.0, 15.0 ] },
								"up": { "texture": "#ceramic", "uv": [ 0.0, 0.0, 1.0, 14.0 ] },
								"down": { "texture": "#ceramic", "uv": [ 0.0, 0.0, 1.0, 14.0 ] }
							}
						}
					]
				},
				{
					"name": "Layer1-1",
					"from": [ 1.0, 1.0, 1.0 ], 
					"to": [ 15.0, 2.0, 7.5 ], 
					"rotationOrigin": [ 1.0, 1.0, 1.0 ],
					"faces": {
						"north": { "texture": "#ceramic", "uv": [ 0.0, 0.0, 14.0, 1.0 ] },
						"east": { "texture": "#ceramic", "uv": [ 0.0, 0.0, 6.5, 1.0 ] },
						"south": { "texture": "#ceramic", "uv": [ 0.0, 0.0, 14.0, 1.0 ] },
						"west": { "texture": "#ceramic", "uv": [ 0.0, 0.0, 6.5, 1.0 ] },
						"up": { "texture": "#ceramic", "uv": [ 0.0, 0.0, 14.0, 6.5 ] },
						"down": { "texture": "#ceramic", "uv": [ 0.0, 0.0, 14.0, 6.5 ] }
					},
					"children": [
						{
							"name": "Layer1-2",
							"from": [ 0.0, 0.0, 7.5 ], 
							"to": [ 14.0, 1.0, 14.0 ], 
							"rotationOrigin": [ 0.0, 0.0, 7.0 ],
							"faces": {
								"north": { "texture": "#ceramic", "uv": [ 0.0, 0.0, 14.0, 1.0 ] },
								"east": { "texture": "#ceramic", "uv": [ 0.0, 0.0, 6.5, 1.0 ] },
								"south": { "texture": "#ceramic", "uv": [ 0.0, 0.0, 14.0, 1.0 ] },
								"west": { "texture": "#ceramic", "uv": [ 0.0, 0.0, 6.5, 1.0 ] },
								"up": { "texture": "#ceramic", "uv": [ 0.0, 0.0, 14.0, 6.5 ] },
								"down": { "texture": "#ceramic", "uv": [ 0.0, 0.0, 14.0, 6.5 ] }
							}
						},
						{
							"name": "Layer1-3",
							"from": [ 0.0, 0.0, 6.5 ], 
							"to": [ 6.5, 1.0, 7.5 ], 
							"rotationOrigin": [ 0.0, 0.0, 7.0 ],
							"faces": {
								"north": { "texture": "#ceramic", "uv": [ 0.0, 0.0, 6.5, 1.0 ] },
								"east": { "texture": "#ceramic", "uv": [ 0.0, 0.0, 1.0, 1.0 ] },
								"south": { "texture": "#ceramic", "uv": [ 0.0, 0.0, 6.5, 1.0 ] },
								"west": { "texture": "#ceramic", "uv": [ 0.0, 0.0, 1.0, 1.0 ] },
								"up": { "texture": "#ceramic", "uv": [ 0.0, 0.0, 6.5, 1.0 ] },
								"down": { "texture": "#ceramic", "uv": [ 0.0, 0.0, 6.5, 1.0 ] }
							}
						},
						{
							"name": "Layer1-4",
							"from": [ 7.5, 0.0, 6.5 ], 
							"to": [ 14.0, 1.0, 7.5 ], 
							"rotationOrigin": [ 8.0, 0.0, 7.0 ],
							"faces": {
								"north": { "texture": "#ceramic", "uv": [ 0.0, 0.0, 6.5, 1.0 ] },
								"east": { "texture": "#ceramic", "uv": [ 0.0, 0.0, 1.0, 1.0 ] },
								"south": { "texture": "#ceramic", "uv": [ 0.0, 0.0, 6.5, 1.0 ] },
								"west": { "texture": "#ceramic", "uv": [ 0.0, 0.0, 1.0, 1.0 ] },
								"up": { "texture": "#ceramic", "uv": [ 0.0, 0.0, 6.5, 1.0 ] },
								"down": { "texture": "#ceramic", "uv": [ 0.0, 0.0, 6.5, 1.0 ] }
							}
						}
					]
				},
				{
					"name": "Layer2-1",
					"from": [ 1.0, 2.0, 1.0 ], 
					"to": [ 15.0, 4.0, 2.0 ], 
					"rotationOrigin": [ 1.0, 2.0, 1.0 ],
					"faces": {
						"north": { "texture": "#ceramic", "uv": [ 0.0, 0.0, 14.0, 2.0 ] },
						"east": { "texture": "#ceramic", "uv": [ 0.0, 0.0, 1.0, 2.0 ] },
						"south": { "texture": "#ceramic", "uv": [ 0.0, 0.0, 14.0, 2.0 ] },
						"west": { "texture": "#ceramic", "uv": [ 0.0, 0.0, 1.0, 2.0 ] },
						"up": { "texture": "#ceramic", "uv": [ 0.0, 0.0, 14.0, 1.0 ] },
						"down": { "texture": "#ceramic", "uv": [ 0.0, 0.0, 14.0, 1.0 ] }
					},
					"children": [
						{
							"name": "Layer2-2",
							"from": [ 2.0, 0.0, 1.0 ], 
							"to": [ 12.0, 2.0, 6.0 ], 
							"rotationOrigin": [ 2.0, 0.0, 1.0 ],
							"faces": {
								"north": { "texture": "#ceramic", "uv": [ 0.0, 0.0, 10.0, 2.0 ] },
								"east": { "texture": "#ceramic", "uv": [ 0.0, 0.0, 5.0, 2.0 ] },
								"south": { "texture": "#ceramic", "uv": [ 0.0, 0.0, 10.0, 2.0 ] },
								"west": { "texture": "#ceramic", "uv": [ 0.0, 0.0, 5.0, 2.0 ] },
								"up": { "texture": "#ceramic", "uv": [ 0.0, 0.0, 10.0, 5.0 ] },
								"down": { "texture": "#ceramic", "uv": [ 0.0, 0.0, 10.0, 5.0 ] }
							}
						},
						{
							"name": "Layer2-2-1",
							"from": [ 0.0, 0.0, 1.0 ], 
							"to": [ 1.0, 2.0, 13.0 ], 
							"rotationOrigin": [ 0.0, 0.0, 1.0 ],
							"faces": {
								"north": { "texture": "#ceramic", "uv": [ 0.0, 0.0, 1.0, 2.0 ] },
								"east": { "texture": "#ceramic", "uv": [ 0.0, 0.0, 12.0, 2.0 ] },
								"south": { "texture": "#ceramic", "uv": [ 0.0, 0.0, 1.0, 2.0 ] },
								"west": { "texture": "#ceramic", "uv": [ 0.0, 0.0, 12.0, 2.0 ] },
								"up": { "texture": "#ceramic", "uv": [ 0.0, 0.0, 1.0, 12.0 ] },
								"down": { "texture": "#ceramic", "uv": [ 0.0, 0.0, 1.0, 12.0 ] }
							}
						},
						{
							"name": "Layer2-2-26",
							"from": [ 13.0, 0.0, 1.0 ], 
							"to": [ 14.0, 2.0, 13.0 ], 
							"rotationOrigin": [ 13.0, 0.0, 1.0 ],
							"faces": {
								"north": { "texture": "#ceramic", "uv": [ 0.0, 0.0, 1.0, 2.0 ] },
								"east": { "texture": "#ceramic", "uv": [ 0.0, 0.0, 12.0, 2.0 ] },
								"south": { "texture": "#ceramic", "uv": [ 0.0, 0.0, 1.0, 2.0 ] },
								"west": { "texture": "#ceramic", "uv": [ 0.0, 0.0, 12.0, 2.0 ] },
								"up": { "texture": "#ceramic", "uv": [ 0.0, 0.0, 1.0, 12.0 ] },
								"down": { "texture": "#ceramic", "uv": [ 0.0, 0.0, 1.0, 12.0 ] }
							}
						},
						{
							"name": "Layer2-27",
							"from": [ 2.0, 0.0, 8.0 ], 
							"to": [ 12.0, 2.0, 13.0 ], 
							"rotationOrigin": [ 2.0, 0.0, 8.0 ],
							"faces": {
								"north": { "texture": "#ceramic", "uv": [ 0.0, 0.0, 10.0, 2.0 ] },
								"east": { "texture": "#ceramic", "uv": [ 0.0, 0.0, 5.0, 2.0 ] },
								"south": { "texture": "#ceramic", "uv": [ 0.0, 0.0, 10.0, 2.0 ] },
								"west": { "texture": "#ceramic", "uv": [ 0.0, 0.0, 5.0, 2.0 ] },
								"up": { "texture": "#ceramic", "uv": [ 0.0, 0.0, 10.0, 5.0 ] },
								"down": { "texture": "#ceramic", "uv": [ 0.0, 0.0, 10.0, 5.0 ] }
							}
						},
						{
							"name": "Layer2-28",
							"from": [ 0.0, 0.0, 13.0 ], 
							"to": [ 14.0, 2.0, 14.0 ], 
							"rotationOrigin": [ 0.0, 0.0, 13.0 ],
							"faces": {
								"north": { "texture": "#ceramic", "uv": [ 0.0, 0.0, 14.0, 2.0 ] },
								"east": { "texture": "#ceramic", "uv": [ 0.0, 0.0, 1.0, 2.0 ] },
								"south": { "texture": "#ceramic", "uv": [ 0.0, 0.0, 14.0, 2.0 ] },
								"west": { "texture": "#ceramic", "uv": [ 0.0, 0.0, 1.0, 2.0 ] },
								"up": { "texture": "#ceramic", "uv": [ 0.0, 0.0, 14.0, 1.0 ] },
								"down": { "texture": "#ceramic", "uv": [ 0.0, 0.0, 14.0, 1.0 ] }
							}
						},
						{
							"name": "Layer2-29",
							"from": [ 2.0, 1.0, 6.0 ], 
							"to": [ 6.0, 2.0, 8.0 ], 
							"rotationOrigin": [ 2.0, 1.0, 6.0 ],
							"faces": {
								"north": { "texture": "#ceramic", "uv": [ 0.0, 0.0, 4.0, 1.0 ] },
								"east": { "texture": "#ceramic", "uv": [ 0.0, 0.0, 2.0, 1.0 ] },
								"south": { "texture": "#ceramic", "uv": [ 0.0, 0.0, 4.0, 1.0 ] },
								"west": { "texture": "#ceramic", "uv": [ 0.0, 0.0, 2.0, 1.0 ] },
								"up": { "texture": "#ceramic", "uv": [ 0.0, 0.0, 4.0, 2.0 ] },
								"down": { "texture": "#ceramic", "uv": [ 0.0, 0.0, 4.0, 2.0 ] }
							}
						},
						{
							"name": "Layer2-30",
							"from": [ 8.0, 1.0, 6.0 ], 
							"to": [ 12.0, 2.0, 8.0 ], 
							"rotationOrigin": [ 8.0, 1.0, 6.0 ],
							"faces": {
								"north": { "texture": "#ceramic", "uv": [ 0.0, 0.0, 4.0, 1.0 ] },
								"east": { "texture": "#ceramic", "uv": [ 0.0, 0.0, 2.0, 1.0 ] },
								"south": { "texture": "#ceramic", "uv": [ 0.0, 0.0, 4.0, 1.0 ] },
								"west": { "texture": "#ceramic", "uv": [ 0.0, 0.0, 2.0, 1.0 ] },
								"up": { "texture": "#ceramic", "uv": [ 0.0, 0.0, 4.0, 2.0 ] },
								"down": { "texture": "#ceramic", "uv": [ 0.0, 0.0, 4.0, 2.0 ] }
							}
						}
					]
				},
				{
					"name": "LayerLast-1",
					"from": [ 1.0, 14.0, 1.0 ], 
					"to": [ 2.0, 15.0, 6.5 ], 
					"rotationOrigin": [ 1.0, 14.0, 1.0 ],
					"faces": {
						"north": { "texture": "#ceramic", "uv": [ 0.0, 0.0, 1.0, 1.0 ] },
						"east": { "texture": "#ceramic", "uv": [ 0.0, 0.0, 5.5, 1.0 ] },
						"south": { "texture": "#ceramic", "uv": [ 0.0, 0.0, 1.0, 1.0 ] },
						"west": { "texture": "#ceramic", "uv": [ 0.0, 0.0, 5.5, 1.0 ] },
						"up": { "texture": "#ceramic", "uv": [ 0.0, 0.0, 1.0, 5.5 ] },
						"down": { "texture": "#ceramic", "uv": [ 0.0, 0.0, 1.0, 5.5 ] }
					},
					"children": [
						{
							"name": "Layer2-16",
							"from": [ 0.0, 0.0, 5.5 ], 
							"to": [ 5.5, 1.0, 8.5 ], 
							"rotationOrigin": [ 0.0, 0.0, 6.0 ],
							"faces": {
								"north": { "texture": "#ceramic", "uv": [ 0.0, 0.0, 5.5, 1.0 ] },
								"east": { "texture": "#ceramic", "uv": [ 0.0, 0.0, 3.0, 1.0 ] },
								"south": { "texture": "#ceramic", "uv": [ 0.0, 0.0, 5.5, 1.0 ] },
								"west": { "texture": "#ceramic", "uv": [ 0.0, 0.0, 3.0, 1.0 ] },
								"up": { "texture": "#ceramic", "uv": [ 0.0, 0.0, 5.5, 3.0 ] },
								"down": { "texture": "#ceramic", "uv": [ 0.0, 0.0, 5.5, 3.0 ] }
							}
						},
						{
							"name": "Layer2-17",
							"from": [ 8.5, 0.0, 5.5 ], 
							"to": [ 14.0, 1.0, 8.5 ], 
							"rotationOrigin": [ 9.0, 0.0, 6.0 ],
							"faces": {
								"north": { "texture": "#ceramic", "uv": [ 0.0, 0.0, 5.5, 1.0 ] },
								"east": { "texture": "#ceramic", "uv": [ 0.0, 0.0, 3.0, 1.0 ] },
								"south": { "texture": "#ceramic", "uv": [ 0.0, 0.0, 5.5, 1.0 ] },
								"west": { "texture": "#ceramic", "uv": [ 0.0, 0.0, 3.0, 1.0 ] },
								"up": { "texture": "#ceramic", "uv": [ 0.0, 0.0, 5.5, 3.0 ] },
								"down": { "texture": "#ceramic", "uv": [ 0.0, 0.0, 5.5, 3.0 ] }
							}
						},
						{
							"name": "LayerLast-1-1",
							"from": [ 0.0, 0.0, 0.0 ], 
							"to": [ 1.0, 1.0, 5.5 ], 
							"faces": {
								"north": { "texture": "#ceramic", "uv": [ 0.0, 0.0, 1.0, 1.0 ] },
								"east": { "texture": "#ceramic", "uv": [ 0.0, 0.0, 5.5, 1.0 ] },
								"south": { "texture": "#ceramic", "uv": [ 0.0, 0.0, 1.0, 1.0 ] },
								"west": { "texture": "#ceramic", "uv": [ 0.0, 0.0, 5.5, 1.0 ] },
								"up": { "texture": "#ceramic", "uv": [ 0.0, 0.0, 1.0, 5.5 ] },
								"down": { "texture": "#ceramic", "uv": [ 0.0, 0.0, 1.0, 5.5 ] }
							},
							"children": [
								{
									"name": "LayerLast-1-2",
									"from": [ 1.0, 0.0, 2.0 ], 
									"to": [ 13.0, 1.0, 5.5 ], 
									"rotationOrigin": [ 1.0, 0.0, 2.0 ],
									"faces": {
										"north": { "texture": "#ceramic", "uv": [ 0.0, 0.0, 12.0, 1.0 ] },
										"east": { "texture": "#ceramic", "uv": [ 0.0, 0.0, 3.5, 1.0 ] },
										"south": { "texture": "#ceramic", "uv": [ 0.0, 0.0, 12.0, 1.0 ] },
										"west": { "texture": "#ceramic", "uv": [ 0.0, 0.0, 3.5, 1.0 ] },
										"up": { "texture": "#ceramic", "uv": [ 0.0, 0.0, 12.0, 3.5 ] },
										"down": { "texture": "#ceramic", "uv": [ 0.0, 0.0, 12.0, 3.5 ] }
									}
								},
								{
									"name": "LayerLast-1-3",
									"from": [ 13.0, 0.0, 0.0 ], 
									"to": [ 14.0, 1.0, 5.5 ], 
									"rotationOrigin": [ 13.0, 0.0, 0.0 ],
									"faces": {
										"north": { "texture": "#ceramic", "uv": [ 0.0, 0.0, 1.0, 1.0 ] },
										"east": { "texture": "#ceramic", "uv": [ 0.0, 0.0, 5.5, 1.0 ] },
										"south": { "texture": "#ceramic", "uv": [ 0.0, 0.0, 1.0, 1.0 ] },
										"west": { "texture": "#ceramic", "uv": [ 0.0, 0.0, 5.5, 1.0 ] },
										"up": { "texture": "#ceramic", "uv": [ 0.0, 0.0, 1.0, 5.5 ] },
										"down": { "texture": "#ceramic", "uv": [ 0.0, 0.0, 1.0, 5.5 ] }
									}
								},
								{
									"name": "LayerLast-1-2-1",
									"from": [ 2.0, 0.0, 1.0 ], 
									"to": [ 12.0, 1.0, 2.0 ], 
									"rotationOrigin": [ 2.0, 0.0, 1.0 ],
									"faces": {
										"north": { "texture": "#ceramic", "uv": [ 0.0, 0.0, 10.0, 1.0 ] },
										"east": { "texture": "#ceramic", "uv": [ 0.0, 0.0, 1.0, 1.0 ] },
										"south": { "texture": "#ceramic", "uv": [ 0.0, 0.0, 10.0, 1.0 ] },
										"west": { "texture": "#ceramic", "uv": [ 0.0, 0.0, 1.0, 1.0 ] },
										"up": { "texture": "#ceramic", "uv": [ 0.0, 0.0, 10.0, 1.0 ] },
										"down": { "texture": "#ceramic", "uv": [ 0.0, 0.0, 10.0, 1.0 ] }
									}
								},
								{
									"name": "LayerLast-1-2-3",
									"from": [ 1.0, 0.0, 0.0 ], 
									"to": [ 13.0, 1.0, 1.0 ], 
									"rotationOrigin": [ 1.0, 0.0, 0.0 ],
									"faces": {
										"north": { "texture": "#ceramic", "uv": [ 0.0, 0.0, 12.0, 1.0 ] },
										"east": { "texture": "#ceramic", "uv": [ 0.0, 0.0, 1.0, 1.0 ] },
										"south": { "texture": "#ceramic", "uv": [ 0.0, 0.0, 12.0, 1.0 ] },
										"west": { "texture": "#ceramic", "uv": [ 0.0, 0.0, 1.0, 1.0 ] },
										"up": { "texture": "#ceramic", "uv": [ 0.0, 0.0, 12.0, 1.0 ] },
										"down": { "texture": "#ceramic", "uv": [ 0.0, 0.0, 12.0, 1.0 ] }
									}
								}
							]
						},
						{
							"name": "LayerLast-1-22",
							"from": [ 0.0, 0.0, 8.5 ], 
							"to": [ 1.0, 1.0, 14.0 ], 
							"rotationOrigin": [ 0.0, 0.0, 9.0 ],
							"faces": {
								"north": { "texture": "#ceramic", "uv": [ 0.0, 0.0, 1.0, 1.0 ] },
								"east": { "texture": "#ceramic", "uv": [ 0.0, 0.0, 5.5, 1.0 ] },
								"south": { "texture": "#ceramic", "uv": [ 0.0, 0.0, 1.0, 1.0 ] },
								"west": { "texture": "#ceramic", "uv": [ 0.0, 0.0, 5.5, 1.0 ] },
								"up": { "texture": "#ceramic", "uv": [ 0.0, 0.0, 1.0, 5.5 ] },
								"down": { "texture": "#ceramic", "uv": [ 0.0, 0.0, 1.0, 5.5 ] }
							},
							"children": [
								{
									"name": "LayerLast-1-23",
									"from": [ 1.0, 0.0, 0.0 ], 
									"to": [ 13.0, 1.0, 3.5 ], 
									"rotationOrigin": [ 1.0, 0.0, 0.0 ],
									"faces": {
										"north": { "texture": "#ceramic", "uv": [ 0.0, 0.0, 12.0, 1.0 ] },
										"east": { "texture": "#ceramic", "uv": [ 0.0, 0.0, 3.5, 1.0 ] },
										"south": { "texture": "#ceramic", "uv": [ 0.0, 0.0, 12.0, 1.0 ] },
										"west": { "texture": "#ceramic", "uv": [ 0.0, 0.0, 3.5, 1.0 ] },
										"up": { "texture": "#ceramic", "uv": [ 0.0, 0.0, 12.0, 3.5 ] },
										"down": { "texture": "#ceramic", "uv": [ 0.0, 0.0, 12.0, 3.5 ] }
									}
								},
								{
									"name": "LayerLast-1-24",
									"from": [ 13.0, 0.0, 0.0 ], 
									"to": [ 14.0, 1.0, 5.5 ], 
									"rotationOrigin": [ 13.0, 0.0, 0.0 ],
									"faces": {
										"north": { "texture": "#ceramic", "uv": [ 0.0, 0.0, 1.0, 1.0 ] },
										"east": { "texture": "#ceramic", "uv": [ 0.0, 0.0, 5.5, 1.0 ] },
										"south": { "texture": "#ceramic", "uv": [ 0.0, 0.0, 1.0, 1.0 ] },
										"west": { "texture": "#ceramic", "uv": [ 0.0, 0.0, 5.5, 1.0 ] },
										"up": { "texture": "#ceramic", "uv": [ 0.0, 0.0, 1.0, 5.5 ] },
										"down": { "texture": "#ceramic", "uv": [ 0.0, 0.0, 1.0, 5.5 ] }
									}
								},
								{
									"name": "LayerLast-1-2-25",
									"from": [ 2.0, 0.0, 3.5 ], 
									"to": [ 12.0, 1.0, 4.5 ], 
									"rotationOrigin": [ 2.0, 0.0, 4.0 ],
									"faces": {
										"north": { "texture": "#ceramic", "uv": [ 0.0, 0.0, 10.0, 1.0 ] },
										"east": { "texture": "#ceramic", "uv": [ 0.0, 0.0, 1.0, 1.0 ] },
										"south": { "texture": "#ceramic", "uv": [ 0.0, 0.0, 10.0, 1.0 ] },
										"west": { "texture": "#ceramic", "uv": [ 0.0, 0.0, 1.0, 1.0 ] },
										"up": { "texture": "#ceramic", "uv": [ 0.0, 0.0, 10.0, 1.0 ] },
										"down": { "texture": "#ceramic", "uv": [ 0.0, 0.0, 10.0, 1.0 ] }
									}
								},
								{
									"name": "LayerLast-1-2-26",
									"from": [ 1.0, 0.0, 4.5 ], 
									"to": [ 13.0, 1.0, 5.5 ], 
									"rotationOrigin": [ 1.0, 0.0, 4.0 ],
									"faces": {
										"north": { "texture": "#ceramic", "uv": [ 0.0, 0.0, 12.0, 1.0 ] },
										"east": { "texture": "#ceramic", "uv": [ 0.0, 0.0, 1.0, 1.0 ] },
										"south": { "texture": "#ceramic", "uv": [ 0.0, 0.0, 12.0, 1.0 ] },
										"west": { "texture": "#ceramic", "uv": [ 0.0, 0.0, 1.0, 1.0 ] },
										"up": { "texture": "#ceramic", "uv": [ 0.0, 0.0, 12.0, 1.0 ] },
										"down": { "texture": "#ceramic", "uv": [ 0.0, 0.0, 12.0, 1.0 ] }
									}
								}
							]
						}
					]
				},
				{
					"name": "vent",
					"from": [ 1.0, 4.0, 1.0 ], 
					"to": [ 2.0, 14.0, 15.0 ], 
					"rotationOrigin": [ 1.0, 4.0, 1.0 ],
					"faces": {
						"north": { "texture": "#ceramic", "uv": [ 0.0, 0.0, 1.0, 10.0 ] },
						"east": { "texture": "#ceramic", "uv": [ 0.0, 0.0, 14.0, 10.0 ] },
						"south": { "texture": "#ceramic", "uv": [ 0.0, 0.0, 1.0, 10.0 ] },
						"west": { "texture": "#ceramic", "uv": [ 0.0, 0.0, 14.0, 10.0 ] },
						"up": { "texture": "#ceramic", "uv": [ 0.0, 0.0, 1.0, 14.0 ] },
						"down": { "texture": "#ceramic", "uv": [ 0.0, 0.0, 1.0, 14.0 ] }
					},
					"children": [
						{
							"name": "vent32",
							"from": [ 2.0, 0.0, 0.0 ], 
							"to": [ 6.0, 10.0, 14.0 ], 
							"rotationOrigin": [ 2.0, 0.0, 0.0 ],
							"faces": {
								"north": { "texture": "#ceramic", "uv": [ 0.0, 0.0, 4.0, 10.0 ] },
								"east": { "texture": "#ceramic", "uv": [ 0.0, 0.0, 14.0, 10.0 ] },
								"south": { "texture": "#ceramic", "uv": [ 0.0, 0.0, 4.0, 10.0 ] },
								"west": { "texture": "#ceramic", "uv": [ 0.0, 0.0, 14.0, 10.0 ] },
								"up": { "texture": "#ceramic", "uv": [ 0.0, 0.0, 4.0, 14.0 ] },
								"down": { "texture": "#ceramic", "uv": [ 0.0, 0.0, 4.0, 14.0 ] }
							}
						},
						{
							"name": "vent33",
							"from": [ 1.0, 0.0, 0.0 ], 
							"to": [ 2.0, 10.0, 1.0 ], 
							"rotationOrigin": [ 1.0, 0.0, 0.0 ],
							"faces": {
								"north": { "texture": "#ceramic", "uv": [ 0.0, 0.0, 1.0, 10.0 ] },
								"east": { "texture": "#ceramic", "uv": [ 0.0, 0.0, 1.0, 10.0 ] },
								"south": { "texture": "#ceramic", "uv": [ 0.0, 0.0, 1.0, 10.0 ] },
								"west": { "texture": "#ceramic", "uv": [ 0.0, 0.0, 1.0, 10.0 ] },
								"up": { "texture": "#ceramic", "uv": [ 0.0, 0.0, 1.0, 1.0 ] },
								"down": { "texture": "#ceramic", "uv": [ 0.0, 0.0, 1.0, 1.0 ] }
							},
							"children": [
								{
									"name": "vent34",
									"from": [ 0.0, 0.0, 2.0 ], 
									"to": [ 1.0, 10.0, 12.0 ], 
									"rotationOrigin": [ 0.0, 0.0, 2.0 ],
									"faces": {
										"north": { "texture": "#ceramic", "uv": [ 0.0, 0.0, 1.0, 10.0 ] },
										"east": { "texture": "#ceramic", "uv": [ 0.0, 0.0, 10.0, 10.0 ] },
										"south": { "texture": "#ceramic", "uv": [ 0.0, 0.0, 1.0, 10.0 ] },
										"west": { "texture": "#ceramic", "uv": [ 0.0, 0.0, 10.0, 10.0 ] },
										"up": { "texture": "#ceramic", "uv": [ 0.0, 0.0, 1.0, 10.0 ] },
										"down": { "texture": "#ceramic", "uv": [ 0.0, 0.0, 1.0, 10.0 ] }
									}
								},
								{
									"name": "vent35",
									"from": [ 0.0, 0.0, 13.0 ], 
									"to": [ 1.0, 10.0, 14.0 ], 
									"rotationOrigin": [ 0.0, 0.0, 13.0 ],
									"faces": {
										"north": { "texture": "#ceramic", "uv": [ 0.0, 0.0, 1.0, 10.0 ] },
										"east": { "texture": "#ceramic", "uv": [ 0.0, 0.0, 1.0, 10.0 ] },
										"south": { "texture": "#ceramic", "uv": [ 0.0, 0.0, 1.0, 10.0 ] },
										"west": { "texture": "#ceramic", "uv": [ 0.0, 0.0, 1.0, 10.0 ] },
										"up": { "texture": "#ceramic", "uv": [ 0.0, 0.0, 1.0, 1.0 ] },
										"down": { "texture": "#ceramic", "uv": [ 0.0, 0.0, 1.0, 1.0 ] }
									}
								}
							]
						}
					]
				},
				{
					"name": "vent36",
					"from": [ 9.0, 4.0, 1.0 ], 
					"to": [ 13.0, 14.0, 15.0 ], 
					"rotationOrigin": [ 9.0, 4.0, 1.0 ],
					"faces": {
						"north": { "texture": "#ceramic", "uv": [ 0.0, 0.0, 4.0, 10.0 ] },
						"east": { "texture": "#ceramic", "uv": [ 0.0, 0.0, 14.0, 10.0 ] },
						"south": { "texture": "#ceramic", "uv": [ 0.0, 0.0, 4.0, 10.0 ] },
						"west": { "texture": "#ceramic", "uv": [ 0.0, 0.0, 14.0, 10.0 ] },
						"up": { "texture": "#ceramic", "uv": [ 0.0, 0.0, 4.0, 14.0 ] },
						"down": { "texture": "#ceramic", "uv": [ 0.0, 0.0, 4.0, 14.0 ] }
					},
					"children": [
						{
							"name": "vent37",
							"from": [ 5.0, 0.0, 0.0 ], 
							"to": [ 6.0, 10.0, 14.0 ], 
							"rotationOrigin": [ 5.0, 0.0, 0.0 ],
							"faces": {
								"north": { "texture": "#ceramic", "uv": [ 0.0, 0.0, 1.0, 10.0 ] },
								"east": { "texture": "#ceramic", "uv": [ 0.0, 0.0, 14.0, 10.0 ] },
								"south": { "texture": "#ceramic", "uv": [ 0.0, 0.0, 1.0, 10.0 ] },
								"west": { "texture": "#ceramic", "uv": [ 0.0, 0.0, 14.0, 10.0 ] },
								"up": { "texture": "#ceramic", "uv": [ 0.0, 0.0, 1.0, 14.0 ] },
								"down": { "texture": "#ceramic", "uv": [ 0.0, 0.0, 1.0, 14.0 ] }
							}
						},
						{
							"name": "vent38",
							"from": [ 4.0, 0.0, 0.0 ], 
							"to": [ 5.0, 10.0, 1.0 ], 
							"rotationOrigin": [ 4.0, 0.0, 0.0 ],
							"faces": {
								"north": { "texture": "#ceramic", "uv": [ 0.0, 0.0, 1.0, 10.0 ] },
								"east": { "texture": "#ceramic", "uv": [ 0.0, 0.0, 1.0, 10.0 ] },
								"south": { "texture": "#ceramic", "uv": [ 0.0, 0.0, 1.0, 10.0 ] },
								"west": { "texture": "#ceramic", "uv": [ 0.0, 0.0, 1.0, 10.0 ] },
								"up": { "texture": "#ceramic", "uv": [ 0.0, 0.0, 1.0, 1.0 ] },
								"down": { "texture": "#ceramic", "uv": [ 0.0, 0.0, 1.0, 1.0 ] }
							},
							"children": [
								{
									"name": "vent39",
									"from": [ 0.0, 0.0, 2.0 ], 
									"to": [ 1.0, 10.0, 12.0 ], 
									"rotationOrigin": [ 0.0, 0.0, 2.0 ],
									"faces": {
										"north": { "texture": "#ceramic", "uv": [ 0.0, 0.0, 1.0, 10.0 ] },
										"east": { "texture": "#ceramic", "uv": [ 0.0, 0.0, 10.0, 10.0 ] },
										"south": { "texture": "#ceramic", "uv": [ 0.0, 0.0, 1.0, 10.0 ] },
										"west": { "texture": "#ceramic", "uv": [ 0.0, 0.0, 10.0, 10.0 ] },
										"up": { "texture": "#ceramic", "uv": [ 0.0, 0.0, 1.0, 10.0 ] },
										"down": { "texture": "#ceramic", "uv": [ 0.0, 0.0, 1.0, 10.0 ] }
									}
								},
								{
									"name": "vent40",
									"from": [ 0.0, 0.0, 13.0 ], 
									"to": [ 1.0, 10.0, 14.0 ], 
									"rotationOrigin": [ 0.0, 0.0, 13.0 ],
									"faces": {
										"north": { "texture": "#ceramic", "uv": [ 0.0, 0.0, 1.0, 10.0 ] },
										"east": { "texture": "#ceramic", "uv": [ 0.0, 0.0, 1.0, 10.0 ] },
										"south": { "texture": "#ceramic", "uv": [ 0.0, 0.0, 1.0, 10.0 ] },
										"west": { "texture": "#ceramic", "uv": [ 0.0, 0.0, 1.0, 10.0 ] },
										"up": { "texture": "#ceramic", "uv": [ 0.0, 0.0, 1.0, 1.0 ] },
										"down": { "texture": "#ceramic", "uv": [ 0.0, 0.0, 1.0, 1.0 ] }
									}
								}
							]
						}
					]
				},
				{
					"name": "Cube1",
					"from": [ 7.0, 4.0, 1.0 ], 
					"to": [ 9.0, 14.0, 7.0 ], 
					"rotationOrigin": [ 7.0, 4.0, 1.0 ],
					"faces": {
						"north": { "texture": "#ceramic", "uv": [ 0.0, 0.0, 2.0, 10.0 ] },
						"east": { "texture": "#ceramic", "uv": [ 0.0, 0.0, 6.0, 10.0 ] },
						"south": { "texture": "#ceramic", "uv": [ 0.0, 0.0, 2.0, 10.0 ] },
						"west": { "texture": "#ceramic", "uv": [ 0.0, 0.0, 6.0, 10.0 ] },
						"up": { "texture": "#ceramic", "uv": [ 0.0, 0.0, 2.0, 6.0 ] },
						"down": { "texture": "#ceramic", "uv": [ 0.0, 0.0, 2.0, 6.0 ] }
					}
				},
				{
					"name": "Cube42",
					"from": [ 7.0, 4.0, 9.0 ], 
					"to": [ 9.0, 14.0, 15.0 ], 
					"rotationOrigin": [ 7.0, 4.0, 9.0 ],
					"faces": {
						"north": { "texture": "#ceramic", "uv": [ 0.0, 0.0, 2.0, 10.0 ] },
						"east": { "texture": "#ceramic", "uv": [ 0.0, 0.0, 6.0, 10.0 ] },
						"south": { "texture": "#ceramic", "uv": [ 0.0, 0.0, 2.0, 10.0 ] },
						"west": { "texture": "#ceramic", "uv": [ 0.0, 0.0, 6.0, 10.0 ] },
						"up": { "texture": "#ceramic", "uv": [ 0.0, 0.0, 2.0, 6.0 ] },
						"down": { "texture": "#ceramic", "uv": [ 0.0, 0.0, 2.0, 6.0 ] }
					}
				}
			]
		}
	]}