[
  {
      "ingredientPattern": "_K_,CTC",
      "recipeGroup": 1,
      "ingredients": {
        "K": { "type": "item", "code": "game:knife-*", "isTool": true },
        "C": { "type": "item", "code": "game:cloth-plain", "quantity": 2 },
        "T": { "type": "item", "code": "game:flaxtwine", "quantity": 2 }
      },
      "width": 3,
      "height": 2,
      "output": { "type": "item", "code": "clothes-hand-linen-gloves" }
    },
    {
      "ingredientPattern": "_K_,CTC",
      "recipeGroup": 1,
      "ingredients": {
        "K": { "type": "item", "code": "game:knife-*", "isTool": true },
        "C": { "type": "item", "code": "cloth-cotton-plain", "quantity": 2 },
        "T": { "type": "item", "code": "twine-cotton", "quantity": 2 }
      },
      "width": 3,
      "height": 2,
      "output": { "type": "item", "code": "clothes-hand-cotton-gloves" }
    },
    {
      "ingredientPattern": "_K_,CTC",
      "recipeGroup": 1,
      "ingredients": {
        "K": { "type": "item", "code": "game:knife-*", "isTool": true },
        "C": { "type": "item", "code": "cloth-wool-plain", "quantity": 2 },
        "T": { "type": "item", "code": "twine-wool", "quantity": 2 }
      },
      "width": 3,
      "height": 2,
      "output": { "type": "item", "code": "clothes-hand-wool-gloves" }
    },

    {
      "ingredientPattern": "F_F,CTC",
      "recipeGroup": 1,
      "ingredients": {
        "C": { "type": "item", "code": "game:cloth-plain", "quantity": 2 },
        "F": { "type": "item", "code": "game:feather", "quantity": 4 },
        "T": { "type": "item", "code": "game:flaxtwine", "quantity": 2 }
      },
      "width": 3,
      "height": 2,
      "output": { "type": "item", "code": "clothes-hand-linen-mittens" }
    },

    {
      "ingredientPattern": "F_F,CTC",
      "recipeGroup": 1,
      "ingredients": {
        "C": { "type": "item", "code": "cloth-cotton-plain" },
        "F": { "type": "item", "code": "game:feather", "quantity": 4 },
        "T": { "type": "item", "code": "twine-cotton", "quantity": 2 }
      },
      "width": 3,
      "height": 2,
      "output": { "type": "item", "code": "clothes-hand-cotton-mittens" }
    },

    {
      "ingredientPattern": "F_F,CTC",
      "recipeGroup": 1,
      "ingredients": {
        "C": { "type": "item", "code": "cloth-wool-plain" },
        "F": { "type": "item", "code": "game:feather", "quantity": 4 },
        "T": { "type": "item", "code": "twine-wool", "quantity": 2 }
      },
      "width": 3,
      "height": 2,
      "output": { "type": "item", "code": "clothes-hand-wool-mittens" }
    },
    
    {
    "ingredientPattern": "F_F,CTC",
    "recipeGroup": 1,
    "ingredients": {
      "C": { "type": "item", "code": "cloth-wool-plain" },
      "F": { "type": "item", "code": "game:feather", "quantity": 4 },
      "T": { "type": "item", "code": "twine-wool", "quantity": 2 }
    },
    "width": 3,
    "height": 2,
    "output": { "type": "item", "code": "clothes-hand-wool-mittens" }
    },

    {
      "ingredientPattern": "F_F,LTL",
      "recipeGroup": 1,
      "ingredients": {
        "F": { "type": "item", "code": "game:feather", "quantity": 4 },
        "L": { "type": "item", "code": "game:leather-plain", "quantity": 2 },
        "T": { "type": "item", "code": "game:flaxtwine", "quantity": 2 }
      },
      "width": 3,
      "height": 2,
      "output": { "type": "item", "code": "clothes-hand-leather-mittens-plain" }
    },
    {
      "ingredientPattern": "F_F,LTL",
      "recipeGroup": 1,
      "ingredients": {
        "F": { "type": "item", "code": "game:feather", "quantity": 4 },
        "L": { "type": "item", "code": "game:leather-plain", "quantity": 2 },
        "T": { "type": "item", "code": "twine-*", "quantity": 2, "allowedVariants": [ "cotton", "wool" ] }
      },
      "width": 3,
      "height": 2,
      "output": { "type": "item", "code": "clothes-hand-leather-mittens-plain" }
    },

    {
      "ingredientPattern": "F_F,LTL",
      "recipeGroup": 1,
      "ingredients": {
        "F": { "type": "item", "code": "game:feather", "quantity": 4 },
        "L": { "type": "item", "code": "game:leather-black", "quantity": 2 },
        "T": { "type": "item", "code": "game:flaxtwine", "quantity": 2 }
      },
      "width": 3,
      "height": 2,
      "output": { "type": "item", "code": "clothes-hand-leather-mittens-black" }
    },
    {
      "ingredientPattern": "F_F,LTL",
      "recipeGroup": 1,
      "ingredients": {
        "F": { "type": "item", "code": "game:feather", "quantity": 4 },
        "L": { "type": "item", "code": "game:leather-black", "quantity": 2 },
        "T": { "type": "item", "code": "twine-*", "quantity": 2, "allowedVariants": [ "cotton", "wool" ] }
      },
      "width": 3,
      "height": 2,
      "output": { "type": "item", "code": "clothes-hand-leather-mittens-black" }
    },

    {
      "ingredientPattern": "F_F,LTL",
      "recipeGroup": 1,
      "ingredients": {
        "F": { "type": "item", "code": "game:feather", "quantity": 4 },
        "L": { "type": "item", "code": "game:leather-orange", "quantity": 2 },
        "T": { "type": "item", "code": "game:flaxtwine", "quantity": 2 }
      },
      "width": 3,
      "height": 2,
      "output": { "type": "item", "code": "clothes-hand-leather-mittens-orange" }
    },
    {
      "ingredientPattern": "F_F,LTL",
      "recipeGroup": 1,
      "ingredients": {
        "F": { "type": "item", "code": "game:feather", "quantity": 4 },
        "L": { "type": "item", "code": "game:leather-orange", "quantity": 2 },
        "T": { "type": "item", "code": "fibers-*", "quantity": 2, "allowedVariants": [ "cotton", "wool" ] }
      },
      "width": 3,
      "height": 2,
      "output": { "type": "item", "code": "clothes-hand-leather-mittens-orange" }
    },

    {
      "enabled": "false",
      "ingredientPattern": "F_F,LKL,LTL",
      "recipeGroup": 1,
      "ingredients": {
        "F": { "type": "item", "code": "game:fat", "quantity": 1},
        "L": { "type": "item", "code": "game:leather-plain", "quantity": 1 },
        "T": { "type": "item", "code": "twine-*", "quantity": 2 }
      },
      "width": 3,
      "height": 3,
      "output": { "type": "item", "code": "clothes-hand-leather-bracers" }
    },

    {
      "enabled": "false",
      "ingredientPattern": "FSF,LKL,LTL",
      "recipeGroup": 1,
      "requiresTrait": "clothier",
      "ingredients": {
        "F": { "type": "item", "code": "game:fat", "quantity": 1},
        "K": { "type": "item", "code": "game:knife-*", "isTool": true },
        "T": { "type": "item", "code": "game:flaxtwine", "quantity": 2 },
        "L": { "type": "item", "code": "game:leather-plain", "quantity": 2 },
        "S": { "type": "item", "code": "game:sewingkit", "quantity": 2 }
      },
      "width": 3,
      "height": 3,
      "output": { "type": "item", "code": "clothes-hand-heavyleather-bracers" }
    },
    {
      "enabled": "false",
      "ingredientPattern": "FSF,LKL,LTL",
      "recipeGroup": 1,
      "requiresTrait": "clothier",
      "ingredients": {
        "F": { "type": "item", "code": "game:fat", "quantity": 1},
        "K": { "type": "item", "code": "game:knife-*", "isTool": true },
        "T": { "type": "item", "code": "twine-*", "quantity": 2 },
        "L": { "type": "item", "code": "game:leather-plain", "quantity": 2 },
        "S": { "type": "item", "code": "game:sewingkit", "quantity": 2 }
      },
      "width": 3,
      "height": 3,
      "output": { "type": "item", "code": "clothes-hand-heavyleather-bracers" }
    }
]