[
  {
    "ingredientPattern": "H__,___,___",
    "ingredients": { "H": { "type": "item", "code": "hidecap-wolf-*" } },
    "name": "hidecap-wolfc1",
    "width": 3,
    "height": 3,
    "output": { "type": "item", "code": "hidecap-wolf-wolf1" }
  },
  {
    "ingredientPattern": "_H_,___,___",
    "ingredients": { "H": { "type": "item", "code": "hidecap-wolf-*" } },
    "name": "hidecap-wolfc2",
    "width": 3,
    "height": 3,
    "output": { "type": "item", "code": "hidecap-wolf-wolf2" }
  },
  {
    "ingredientPattern": "__H,___,___",
    "ingredients": { "H": { "type": "item", "code": "hidecap-wolf-*" } },
    "name": "hidecap-wolfc3",
    "width": 3,
    "height": 3,
    "output": { "type": "item", "code": "hidecap-wolf-wolf3" }
  },
  {
    "ingredientPattern": "___,H__,___",
    "ingredients": { "H": { "type": "item", "code": "hidecap-wolf-*" } },
    "name": "hidecap-wolfc4",
    "width": 3,
    "height": 3,
    "output": { "type": "item", "code": "hidecap-wolf-wolf4" }
  },
  {
    "ingredientPattern": "___,_H_,___",
    "ingredients": { "H": { "type": "item", "code": "hidecap-wolf-*" } },
    "name": "hidecap-wolfc5",
    "width": 3,
    "height": 3,
    "output": { "type": "item", "code": "hidecap-wolf-wolf5" }
  },
  {
    "ingredientPattern": "___,__H,___",
    "ingredients": { "H": { "type": "item", "code": "hidecap-wolf-*" } },
    "name": "hidecap-wolfc6",
    "width": 3,
    "height": 3,
    "output": { "type": "item", "code": "hidecap-wolf-wolf6" }
  },
  {
    "ingredientPattern": "___,___,H__",
    "ingredients": { "H": { "type": "item", "code": "hidecap-wolf-*" } },
    "name": "hidecap-wolfc7",
    "width": 3,
    "height": 3,
    "output": { "type": "item", "code": "hidecap-wolf-wolf7" }
  },
  {
    "ingredientPattern": "___,___,_H_",
    "ingredients": { "H": { "type": "item", "code": "hidecap-wolf-*" } },
    "name": "hidecap-wolfc8",
    "width": 3,
    "height": 3,
    "output": { "type": "item", "code": "hidecap-wolf-wolf8" }
  },
  {
    "ingredientPattern": "___,___,__H",
    "ingredients": { "H": { "type": "item", "code": "hidecap-wolf-*" } },
    "name": "hidecap-wolfc9",
    "width": 3,
    "height": 3,
    "output": { "type": "item", "code": "hidecap-wolf-wolf9" }
  }
]
