[
  {
    "ingredientPattern": "H__,___,___",
    "ingredients": { "H": { "type": "item", "code": "hideboots-wolf-*" } },
    "name": "wolffurbootsc1",
    "width": 3,
    "height": 3,
    "output": { "type": "item", "code": "hideboots-wolf-wolf1" }
  },
  {
    "ingredientPattern": "_H_,___,___",
    "ingredients": { "H": { "type": "item", "code": "hideboots-wolf-*" } },
    "name": "wolffurbootsc2",
    "width": 3,
    "height": 3,
    "output": { "type": "item", "code": "hideboots-wolf-wolf2" }
  },
  {
    "ingredientPattern": "__H,___,___",
    "ingredients": { "H": { "type": "item", "code": "hideboots-wolf-*" } },
    "name": "wolffurbootsc3",
    "width": 3,
    "height": 3,
    "output": { "type": "item", "code": "hideboots-wolf-wolf3" }
  },
  {
    "ingredientPattern": "___,H__,___",
    "ingredients": { "H": { "type": "item", "code": "hideboots-wolf-*" } },
    "name": "wolffurbootsc4",
    "width": 3,
    "height": 3,
    "output": { "type": "item", "code": "hideboots-wolf-wolf4" }
  },
  {
    "ingredientPattern": "___,_H_,___",
    "ingredients": { "H": { "type": "item", "code": "hideboots-wolf-*" } },
    "name": "wolffurbootsc5",
    "width": 3,
    "height": 3,
    "output": { "type": "item", "code": "hideboots-wolf-wolf5" }
  },
  {
    "ingredientPattern": "___,__H,___",
    "ingredients": { "H": { "type": "item", "code": "hideboots-wolf-*" } },
    "name": "wolffurbootsc6",
    "width": 3,
    "height": 3,
    "output": { "type": "item", "code": "hideboots-wolf-wolf6" }
  },
  {
    "ingredientPattern": "___,___,H__",
    "ingredients": { "H": { "type": "item", "code": "hideboots-wolf-*" } },
    "name": "wolffurbootsc7",
    "width": 3,
    "height": 3,
    "output": { "type": "item", "code": "hideboots-wolf-wolf7" }
  },
  {
    "ingredientPattern": "___,___,_H_",
    "ingredients": { "H": { "type": "item", "code": "hideboots-wolf-*" } },
    "name": "wolffurbootsc8",
    "width": 3,
    "height": 3,
    "output": { "type": "item", "code": "hideboots-wolf-wolf8" }
  },
  {
    "ingredientPattern": "___,___,__H",
    "ingredients": { "H": { "type": "item", "code": "hideboots-wolf-*" } },
    "name": "wolffurbootsc9",
    "width": 3,
    "height": 3,
    "output": { "type": "item", "code": "hideboots-wolf-wolf9" }
  }
]
