[

    {
        "ingredientPattern": "TK_,CCC,__T",
        "recipeGroup": 1,
        "ingredients": {
          "K": { "type": "item", "code": "game:knife-*", "isTool": true },
          "T": { "type": "item", "code": "game:flaxtwine" },
          "C": { "type": "item", "code": "game:cloth-*", "quantity": 1, "name": "color", allowedVariants: ["blue", "red", "yellow", "purple", "green", "orange", "black", "gray", "pink", "white"] }
        },
        "width": 3,
        "height": 3,
        "output": { "type": "item", "code": "clothes-neck-neckscarf-linen-{color}" }
    },
    {
        "ingredientPattern": "_KT,CCC,T__",
        "recipeGroup": 1,
        "ingredients": {
          "K": { "type": "item", "code": "game:knife-*", "isTool": true },
          "T": { "type": "item", "code": "game:flaxtwine" },
          "C": { "type": "item", "code": "game:cloth-*", "quantity": 1, "name": "color", allowedVariants: ["blue", "red", "yellow", "purple", "green", "orange", "black", "gray", "pink", "white"] }
        },
        "width": 3,
        "height": 3,
        "output": { "type": "item", "code": "clothes-neck-neckscarf-linen-{color}" }
    },

    {
        "ingredientPattern": "TK_,CCC,__T",
        "recipeGroup": 1,
        "ingredients": {
          "K": { "type": "item", "code": "game:knife-*", "isTool": true },
          "T": { "type": "item", "code": "twine-cotton" },
          "C": { "type": "item", "code": "cloth-cotton-*", "quantity": 1, "name": "color", allowedVariants: ["blue", "red", "yellow", "purple", "green", "orange", "black", "gray", "pink", "white"] }
        },
        "width": 3,
        "height": 3,
        "output": { "type": "item", "code": "clothes-neck-neckscarf-cotton-{color}" }
    },
    {
        "ingredientPattern": "_KT,CCC,T__",
        "recipeGroup": 1,
        "ingredients": {
          "K": { "type": "item", "code": "game:knife-*", "isTool": true },
          "T": { "type": "item", "code": "twine-cotton" },
          "C": { "type": "item", "code": "cloth-cotton-*", "quantity": 1, "name": "color", allowedVariants: ["blue", "red", "yellow", "purple", "green", "orange", "black", "gray", "pink", "white"] }
        },
        "width": 3,
        "height": 3,
        "output": { "type": "item", "code": "clothes-neck-neckscarf-cotton-{color}" }
    },

    {
        "ingredientPattern": "TK_,CCC,__T",
        "recipeGroup": 1,
        "ingredients": {
          "K": { "type": "item", "code": "game:knife-*", "isTool": true },
          "T": { "type": "item", "code": "twine-wool" },
          "C": { "type": "item", "code": "cloth-wool-*", "quantity": 1, "name": "color", allowedVariants: ["blue", "red", "yellow", "purple", "green", "orange", "black", "gray", "pink", "white"] }
        },
        "width": 3,
        "height": 3,
        "output": { "type": "item", "code": "clothes-neck-neckscarf-wool-{color}" }
    },
    {
        "ingredientPattern": "_KT,CCC,T__",
        "recipeGroup": 1,
        "ingredients": {
          "K": { "type": "item", "code": "game:knife-*", "isTool": true },
          "T": { "type": "item", "code": "twine-wool" },
          "C": { "type": "item", "code": "cloth-wool-*", "quantity": 1, "name": "color", allowedVariants: ["blue", "red", "yellow", "purple", "green", "orange", "black", "gray", "pink", "white"] }
        },
        "width": 3,
        "height": 3,
        "output": { "type": "item", "code": "clothes-neck-neckscarf-wool-{color}" }
    }
]