[
    {
        "ingredientPattern": "_C_,TCT,CCC",
        "ingredients": {
          "T": { "type": "item", "code": "game:flaxtwine" },
          "C": { "type": "item", "code": "game:cloth-white" }
        },
        "width": 3,
        "height": 3,
        "output": { "type": "item", "code": "clothes-shoulder-cooks-apron" }
    },
    {
        "ingredientPattern": "_C_,TCT,CCC",
        "ingredients": {
          "T": { "type": "item", "code": "twine-*" },
          "C": { "type": "item", "code": "game:cloth-white" }
        },
        "width": 3,
        "height": 3,
        "output": { "type": "item", "code": "clothes-shoulder-cooks-apron" }
    },
    {
      "ingredientPattern": "_C_,TCT,CCC",
      "ingredients": {
        "T": { "type": "item", "code": "game:flaxtwine" },
        "C": { "type": "item", "code": "cloth-cotton-white" }
      },
      "width": 3,
      "height": 3,
      "output": { "type": "item", "code": "clothes-shoulder-cooks-apron" }
    },
    {
        "ingredientPattern": "_C_,TCT,CCC",
        "ingredients": {
          "T": { "type": "item", "code": "twine-*" },
          "C": { "type": "item", "code": "cloth-cotton-white" }
        },
        "width": 3,
        "height": 3,
        "output": { "type": "item", "code": "clothes-shoulder-cooks-apron" }
    },
    {
        "ingredientPattern": "_C_,TCT,CCC",
        "ingredients": {
          "T": { "type": "item", "code": "game:flaxtwine" },
          "C": { "type": "item", "code": "cloth-wool-white" }
        },
        "width": 3,
        "height": 3,
        "output": { "type": "item", "code": "clothes-shoulder-cooks-apron" }
    },
    {
        "ingredientPattern": "_C_,TCT,CCC",
        "ingredients": {
          "T": { "type": "item", "code": "twine-*" },
          "C": { "type": "item", "code": "cloth-wool-white" }
        },
        "width": 3,
        "height": 3,
        "output": { "type": "item", "code": "clothes-shoulder-cooks-apron" }
    },

    {
        "ingredientPattern": "KG_,GGG,GGG",
        "ingredients": {
          "K": { "type": "item", "code": "game:knife-*", "isTool": true },
          "G": { "type": "item", "code": "game:drygrass", "quantity": 3 }
        },
        "width": 3,
        "height": 3,
        "output": { "type": "item", "code": "clothes-shoulder-straw-cloak" }
    },
    {
        "ingredientPattern": "_GK,GGG,GGG",
        "ingredients": {
          "K": { "type": "item", "code": "game:knife-*", "isTool": true },
          "G": { "type": "item", "code": "game:drygrass", "quantity": 3 }
        },
        "width": 3,
        "height": 3,
        "output": { "type": "item", "code": "clothes-shoulder-straw-cloak" }
    },

    {
        "ingredientPattern": "LKL,_L_",
        "ingredients": {
          "K": { "type": "item", "code": "game:knife-*", "isTool": true },
          "L": { "type": "item", "code": "game:leather-plain" }
        },
        "width": 3,
        "height": 2,
        "output": { "type": "item", "code": "clothes-shoulder-leather-jerkin-plain" }
    },
    {
        "ingredientPattern": "LKL,_L_",
        "ingredients": {
          "K": { "type": "item", "code": "game:knife-*", "isTool": true },
          "L": { "type": "item", "code": "game:leather-orange" }
        },
        "width": 3,
        "height": 2,
        "output": { "type": "item", "code": "clothes-shoulder-leather-jerkin-orange" }
    },
    {
        "ingredientPattern": "LKL,_L_",
        "ingredients": {
          "K": { "type": "item", "code": "game:knife-*", "isTool": true },
          "L": { "type": "item", "code": "game:leather-black"}
        },
        "width": 3,
        "height": 2,
        "output": { "type": "item", "code": "clothes-shoulder-leather-jerkin-black" }
    }
  ]
  