[
  {
    "ingredientPattern": "CCC,_C_",
    "ingredients": {
      "C": { "type": "item", "code": "cloth-cotton-plain" }
    },
    "width": 3,
    "height": 2,
    "output": { "type": "item", "code": "clothes-upperbody-homespun-cottonshirt" }
  },
  {
    "ingredientPattern": "CCC,_C_",
    "ingredients": {
      "C": { "type": "item", "code": "cloth-wool-plain" }
    },
    "width": 3,
    "height": 2,
    "output": { "type": "item", "code": "clothes-upperbody-homespun-woolentunic" }
  },
  {
    "ingredientPattern": "CCC,_C_",
    "ingredients": {
      "C": { "type": "item", "code": "cloth-*-red" }
    },
    "width": 3,
    "height": 2,
    "output": { "type": "item", "code": "clothes-upperbody-plaid-shirt-red" }
  },
  {
    "ingredientPattern": "CCC,_C_",
    "ingredients": {
      "C": { "type": "item", "code": "game:cloth-red" }
    },
    "width": 3,
    "height": 2,
    "output": { "type": "item", "code": "clothes-upperbody-plaid-shirt-red" }
  },
  {
    "ingredientPattern": "CCC,_C_",
    "ingredients": {
      "C": { "type": "item", "code": "cloth-*-green" }
    },
    "width": 3,
    "height": 2,
    "output": { "type": "item", "code": "clothes-upperbody-plaid-shirt-green" }
  },
  {
    "ingredientPattern": "CCC,_C_",
    "ingredients": {
      "C": { "type": "item", "code": "game:cloth-green" }
    },
    "width": 3,
    "height": 2,
    "output": { "type": "item", "code": "clothes-upperbody-plaid-shirt-green" }
  },
  {
    "ingredientPattern": "CCC,_C_",
    "ingredients": {
      "C": { "type": "item", "code": "cloth-*-purple" }
    },
    "width": 3,
    "height": 2,
    "output": { "type": "item", "code": "clothes-upperbody-plaid-shirt-purple" }
  },
  {
    "ingredientPattern": "CCC,_C_",
    "ingredients": {
      "C": { "type": "item", "code": "game:cloth-purple" }
    },
    "width": 3,
    "height": 2,
    "output": { "type": "item", "code": "clothes-upperbody-plaid-shirt-purple" }
  }
]
