{
  "code": "stonebricks",
  "class": "Block",
  "attributes": {
    "handbook": {
      "groupBy": ["stonebricks-*"]
    }
  },
  "variantgroups": [{ "loadFromProperties": "salty:block/rock" }],
  "shape": { "base": "game:block/basic/cube" },
  "drawtype": "Cube",
  "blockmaterial": "Stone",
  "creativeinventory": { "general": ["*"], "construction": ["*"], "salty": ["*"] },
  "replaceable": 200,
  "resistance": 5,
  "lightAbsorption": 99,
  "textures": {
    "all": { "base": "salty:block/stone/brick/{rock}*" }
  },
  "sounds": {
    "walk": "walk/stone",
    "byTool": {
      "Pickaxe": {
        "hit": "block/rock-hit-pickaxe",
        "break": "block/rock-break-pickaxe"
      }
    }
  },
  "heldTpIdleAnimation": "holdbothhandslarge",
  "heldTpUseAnimation": "twohandplaceblock",
  "tpHandTransform": {
    "translation": { "x": -1.23, "y": -0.91, "z": -0.8 },
    "rotation": { "x": -2, "y": 25, "z": -78 },
    "scale": 0.4
  }
}
