﻿[
    {
        "op": "addeach",
        "path": "/ingredients/5/validStacks/-",
        "value": [
            {
                "type": "item",
                "code": "ancienttools:saltedmeat-redmeat-raw",
                "shapeElement": "bowl/red meat/*",
                "texturemapping": [
                    "meat",
                    "group2"
                ],
            },
            {
                "type": "item",
                "code": "ancienttools:saltedmeat-bushmeat-raw",
                "shapeElement": "bowl/red meat/*",
                "texturemapping": [
                    "meat",
                    "group7"
                ],
            },
            {
                "type": "item",
                "code": "ancienttools:saltedmeat-poultry-raw",
                "shapeElement": "bowl/red meat/*",
                "texturemapping": [
                    "meat",
                    "group3"
                ],
            },
            {
                "type": "item",
                "code": "expandedfoods:saltedmeatnugget-redmeat-raw",
                "shapeElement": "bowl/meatnugget 1/*",
                "texturemapping": [
                    "meatnugget",
                    "redmeat-raw"
                ],
            },
            {
                "type": "item",
                "code": "expandedfoods:saltedmeatnugget-bushmeat-raw",
                "shapeElement": "bowl/meatnugget 1/*",
                "texturemapping": [
                    "meatnugget",
                    "bushmeat-raw"
                ],
            },
            {
                "type": "item",
                "code": "expandedfoods:saltedmeatnugget-poultry-raw",
                "shapeElement": "bowl/meatnugget 1/*",
                "texturemapping": [
                    "meatnugget",
                    "poultry-raw"
                ],
            },
            {
                "type": "item",
                "code": "expandedfoods:saltedmeatnugget-redmeat-smashed",
                "shapeElement": "bowl/red meat/*",
                "texturemapping": [
                    "meat",
                    "group2"
                ],
            },
            {
                "type": "item",
                "code": "expandedfoods:saltedmeatnugget-bushmeat-smashed",
                "shapeElement": "bowl/red meat/*",
                "texturemapping": [
                    "meat",
                    "group7"
                ],
            },
            {
                "type": "item",
                "code": "expandedfoods:saltedmeatnugget-poultry-smashed",
                "shapeElement": "bowl/red meat/*",
                "texturemapping": [
                    "meat",
                    "group3"
                ],
            },
        ],
    "file": "game:recipes/cooking/pastahot.json",
    "side": "server",
    dependsOn: [{ "modid": "ancienttools" }]
  },
    {
        "op": "addeach",
        "path": "/ingredients/6/validStacks/-",
        "value": [
            {
                "type": "item",
                "code": "ancienttools:saltedmeat-redmeat-raw",
                "shapeElement": "bowl/red meat 2/*",
                "texturemapping": [
                    "meat",
                    "group2"
                ],
            },
            {
                "type": "item",
                "code": "ancienttools:saltedmeat-bushmeat-raw",
                "shapeElement": "bowl/red meat 2/*",
                "texturemapping": [
                    "meat",
                    "group7"
                ],
            },
            {
                "type": "item",
                "code": "ancienttools:saltedmeat-poultry-raw",
                "shapeElement": "bowl/red meat 2/*",
                "texturemapping": [
                    "meat",
                    "group3"
                ],
            },
            {
                "type": "item",
                "code": "expandedfoods:saltedmeatnugget-redmeat-raw",
                "shapeElement": "bowl/meatnugget 2/*",
                "texturemapping": [
                    "meatnugget",
                    "redmeat-raw"
                ],
            },
            {
                "type": "item",
                "code": "expandedfoods:saltedmeatnugget-bushmeat-raw",
                "shapeElement": "bowl/meatnugget 2/*",
                "texturemapping": [
                    "meatnugget",
                    "bushmeat-raw"
                ],
            },
            {
                "type": "item",
                "code": "expandedfoods:saltedmeatnugget-poultry-raw",
                "shapeElement": "bowl/meatnugget 2/*",
                "texturemapping": [
                    "meatnugget",
                    "poultry-raw"
                ],
            },
            {
                "type": "item",
                "code": "expandedfoods:saltedmeatnugget-redmeat-smashed",
                "shapeElement": "bowl/red meat 2/*",
                "texturemapping": [
                    "meat",
                    "group2"
                ],
            },
            {
                "type": "item",
                "code": "expandedfoods:saltedmeatnugget-bushmeat-smashed",
                "shapeElement": "bowl/red meat 2/*",
                "texturemapping": [
                    "meat",
                    "group7"
                ],
            },
            {
                "type": "item",
                "code": "expandedfoods:saltedmeatnugget-poultry-smashed",
                "shapeElement": "bowl/red meat 2/*",
                "texturemapping": [
                    "meat",
                    "group3"
                ],
            },
        ],
    "file": "game:recipes/cooking/pastahot.json",
    "side": "server",
    dependsOn: [{ "modid": "ancienttools" }]
  },
]