[
  {
    "op": "add",
    "path": "/elements/-",
    "value": {
      "name": "Planklayer1",
      "from": [
        0.0,
        10.0,
        1.0
      ],
      "to": [
        16.0,
        11.0,
        5.0
      ],
      "rotationOrigin": [
        8.0,
        10.0,
        3.0
      ],
      "faces": {
        "north": {
          "texture": "#oak1",
          "uv": [
            0.0,
            10.0,
            16.0,
            11.0
          ]
        },
        "east": {
          "texture": "#oak1",
          "uv": [
            2.0,
            4.5,
            6.0,
            5.5
          ]
        },
        "south": {
          "texture": "#oak1",
          "uv": [
            0.0,
            4.5,
            16.0,
            5.5
          ]
        },
        "west": {
          "texture": "#oak1",
          "uv": [
            3.0,
            5.0,
            7.0,
            6.0
          ]
        },
        "up": {
          "texture": "#oak1",
          "uv": [
            0.0,
            1.0,
            16.0,
            5.0
          ],
          "rotation": 180
        },
        "down": {
          "texture": "#oak1",
          "uv": [
            0.0,
            6.5,
            16.0,
            10.5
          ],
          "rotation": 180
        }
      },
      "children": [
        {
          "name": "Plank32",
          "from": [
            0.0,
            0.0,
            5.0
          ],
          "to": [
            16.0,
            1.0,
            9.0
          ],
          "rotationOrigin": [
            8.0,
            0.0,
            7.0
          ],
          "faces": {
            "north": {
              "texture": "#oak1",
              "uv": [
                0.0,
                10.0,
                16.0,
                11.0
              ]
            },
            "east": {
              "texture": "#oak1",
              "uv": [
                2.0,
                4.5,
                6.0,
                5.5
              ]
            },
            "south": {
              "texture": "#oak1",
              "uv": [
                0.0,
                4.5,
                16.0,
                5.5
              ]
            },
            "west": {
              "texture": "#oak1",
              "uv": [
                3.0,
                5.0,
                7.0,
                6.0
              ]
            },
            "up": {
              "texture": "#oak1",
              "uv": [
                0.0,
                12.0,
                16.0,
                16.0
              ],
              "rotation": 180
            },
            "down": {
              "texture": "#oak1",
              "uv": [
                0.0,
                12.0,
                16.0,
                16.0
              ],
              "rotation": 180
            }
          }
        },
        {
          "name": "Plank33",
          "from": [
            0.0,
            0.0,
            10.0
          ],
          "to": [
            16.0,
            1.0,
            14.0
          ],
          "rotationOrigin": [
            8.0,
            0.0,
            11.0
          ],
          "faces": {
            "north": {
              "texture": "#oak1",
              "uv": [
                0.0,
                10.0,
                16.0,
                11.0
              ]
            },
            "east": {
              "texture": "#oak1",
              "uv": [
                2.0,
                4.5,
                6.0,
                5.5
              ]
            },
            "south": {
              "texture": "#oak1",
              "uv": [
                0.0,
                4.5,
                16.0,
                5.5
              ]
            },
            "west": {
              "texture": "#oak1",
              "uv": [
                3.0,
                5.0,
                7.0,
                6.0
              ]
            },
            "up": {
              "texture": "#oak1",
              "uv": [
                0.0,
                6.5,
                16.0,
                10.5
              ],
              "rotation": 180
            },
            "down": {
              "texture": "#oak1",
              "uv": [
                0.0,
                1.0,
                16.0,
                5.0
              ],
              "rotation": 180
            }
          }
        }
      ]
    },
    "file": "shapes/block/wood/pitkiln/anvil.json"
  },
  {
    "op": "add",
    "path": "/elements/-",
    "value": {
      "name": "Planklayer2",
      "from": [
        5.0,
        11.0,
        6.0
      ],
      "to": [
        21.0,
        12.0,
        10.0
      ],
      "rotationOrigin": [
        13.0,
        11.0,
        8.0
      ],
      "rotationY": -90.0,
      "faces": {
        "north": {
          "texture": "#oak1",
          "uv": [
            0.0,
            10.0,
            16.0,
            11.0
          ]
        },
        "east": {
          "texture": "#oak1",
          "uv": [
            2.0,
            4.5,
            6.0,
            5.5
          ]
        },
        "south": {
          "texture": "#oak1",
          "uv": [
            0.0,
            4.5,
            16.0,
            5.5
          ]
        },
        "west": {
          "texture": "#oak1",
          "uv": [
            3.0,
            5.0,
            7.0,
            6.0
          ]
        },
        "up": {
          "texture": "#oak1",
          "uv": [
            0.0,
            0.5,
            16.0,
            4.5
          ],
          "rotation": 180
        },
        "down": {
          "texture": "#oak1",
          "uv": [
            0.0,
            12.0,
            16.0,
            16.0
          ],
          "rotation": 180
        }
      },
      "children": [
        {
          "name": "Plank35",
          "from": [
            0.0,
            0.0,
            5.0
          ],
          "to": [
            16.0,
            1.0,
            9.0
          ],
          "rotationOrigin": [
            8.0,
            0.0,
            7.0
          ],
          "faces": {
            "north": {
              "texture": "#oak1",
              "uv": [
                0.0,
                10.0,
                16.0,
                11.0
              ]
            },
            "east": {
              "texture": "#oak1",
              "uv": [
                2.0,
                4.5,
                6.0,
                5.5
              ]
            },
            "south": {
              "texture": "#oak1",
              "uv": [
                0.0,
                4.5,
                16.0,
                5.5
              ]
            },
            "west": {
              "texture": "#oak1",
              "uv": [
                3.0,
                5.0,
                7.0,
                6.0
              ]
            },
            "up": {
              "texture": "#oak1",
              "uv": [
                0.0,
                12.0,
                16.0,
                16.0
              ],
              "rotation": 180
            },
            "down": {
              "texture": "#oak1",
              "uv": [
                0.0,
                6.0,
                16.0,
                10.0
              ],
              "rotation": 180
            }
          }
        },
        {
          "name": "Plank36",
          "from": [
            0.0,
            0.0,
            10.0
          ],
          "to": [
            16.0,
            1.0,
            14.0
          ],
          "rotationOrigin": [
            8.0,
            0.0,
            12.0
          ],
          "faces": {
            "north": {
              "texture": "#oak1",
              "uv": [
                0.0,
                10.0,
                16.0,
                11.0
              ]
            },
            "east": {
              "texture": "#oak1",
              "uv": [
                2.0,
                4.5,
                6.0,
                5.5
              ]
            },
            "south": {
              "texture": "#oak1",
              "uv": [
                0.0,
                4.5,
                16.0,
                5.5
              ]
            },
            "west": {
              "texture": "#oak1",
              "uv": [
                3.0,
                5.0,
                7.0,
                6.0
              ]
            },
            "up": {
              "texture": "#oak1",
              "uv": [
                0.0,
                6.5,
                16.0,
                10.5
              ],
              "rotation": 180
            },
            "down": {
              "texture": "#oak1",
              "uv": [
                0.0,
                1.0,
                16.0,
                5.0
              ],
              "rotation": 180
            }
          }
        }
      ]
    },
    "file": "shapes/block/wood/pitkiln/anvil.json"
  }
]