[
  {
    "op": "add",
    "path": "/attributes/buildMats/sticks/0/eleCode",
    "value": "Stick",
    "file": "blocktypes/wood/pitkiln.json"
  },
  {
    "op": "addeach",
    "path": "/attributes/buildMats/sticks/-",
    "value": [
      { "type": "item", "code": "plank-acacia", "quantity": 4, "eleCode": "Plank" },
      { "type": "item", "code": "plank-aged", "quantity": 4, "eleCode": "Plank" },
      { "type": "item", "code": "plank-baldcypress", "quantity": 4, "eleCode": "Plank" },
      { "type": "item", "code": "plank-birch", "quantity": 4, "eleCode": "Plank" },
      { "type": "item", "code": "plank-ebony", "quantity": 4, "eleCode": "Plank" },
      { "type": "item", "code": "plank-kapok", "quantity": 4, "eleCode": "Plank" },
      { "type": "item", "code": "plank-larch", "quantity": 4, "eleCode": "Plank" },
      { "type": "item", "code": "plank-maple", "quantity": 4, "eleCode": "Plank" },
      { "type": "item", "code": "plank-oak", "quantity": 4, "eleCode": "Plank" },
      { "type": "item", "code": "plank-pine", "quantity": 4, "eleCode": "Plank" },
      { "type": "item", "code": "plank-purpleheart", "quantity": 4, "eleCode": "Plank" },
      { "type": "item", "code": "plank-redwood", "quantity": 4, "eleCode": "Plank" },
      { "type": "item", "code": "plank-walnut", "quantity": 4, "eleCode": "Plank" }
    ],
    "file": "blocktypes/wood/pitkiln.json"
  },
  {
    "op": "replace",
    "path": "/attributes/modelConfigs/*/buildStages/5",
    "value": "{eleCode}layer1*",
    "file": "blocktypes/wood/pitkiln.json"
  },
  {
    "op": "replace",
    "path": "/attributes/modelConfigs/*/buildStages/6",
    "value": "{eleCode}layer2*",
    "file": "blocktypes/wood/pitkiln.json"
  },
  {
    "op": "replace",
    "path": "/attributes/modelConfigs/storagevessel-raw/buildStages/5",
    "value": "{eleCode}layer1*",
    "file": "blocktypes/wood/pitkiln.json"
  },
  {
    "op": "replace",
    "path": "/attributes/modelConfigs/storagevessel-raw/buildStages/6",
    "value": "{eleCode}layer2*",
    "file": "blocktypes/wood/pitkiln.json"
  },
  {
    "op": "replace",
    "path": "/attributes/modelConfigs/toolmold-raw-anvil/buildStages/5",
    "value": "{eleCode}layer1*",
    "file": "blocktypes/wood/pitkiln.json"
  },
  {
    "op": "replace",
    "path": "/attributes/modelConfigs/toolmold-raw-anvil/buildStages/6",
    "value": "{eleCode}layer2*",
    "file": "blocktypes/wood/pitkiln.json"
  }
]
