[
	{
		code: "cassiterite",
		triesPerChunk: 3,		
		handbookPageCode: "item-nugget-cassiterite",
		generator: "disc-followsurface",
		attributes: {
			inblock: { code: "rock-*", name: "rock", allowedVariants: ["andesite", "granite", "basalt", "peridotite"] },
			placeblock: { 
				code: "ore-*-cassiterite-{rock}", 
				name: "grade",
				allowedVariantsByInBlock: {			
					"rock-andesite": ["rich", "bountiful"],
					"rock-granite": ["rich", "bountiful"],
					"rock-basalt": ["rich"],
					"rock-peridotite": ["rich"]
				}
			},
			radius: { dist: "gaussian", avg: 4, var: 2 },
			yPosRel: {dist: "uniform", avg: 0.575, var: 0.175 },
			thickness: { dist: "uniform", avg: 2, var: 1 }
		}
	},
	{
		code: "cassiterite",
		_comment: "Extremly rare massive cassiterite deposits",
		triesPerChunk: 1,
		generator: "disc-followsurface",
		handbookPageCode: "item-nugget-cassiterite",
		attributes: {
			inblock: { code: "rock-*", name: "rock", allowedVariants: ["andesite", "granite", "basalt"] },
			placeblock: { 
				code: "ore-*-cassiterite-{rock}", 
				name: "grade",
				allowedVariantsByInBlock: {			
					"rock-andesite": ["bountiful"],
					"rock-granite": ["bountiful"],
					"rock-basalt": ["bountiful"]
				}
			},
			radius: { dist: "gaussian", avg: 5, var: 3 },
			yPosRel: {dist: "uniform", avg: 0.3, var: 0.2 },
			thickness: { dist: "uniform", avg: 3, var: 2 }
		}
	}
]
