{
	"editor": {
		"allAngles": true,
		"entityTextureMode": false
	},
	"textureWidth": 16,
	"textureHeight": 16,
	"textureSizes": {
	},
	"textures": {
		"string": "game:item/tool/material/string",
		"bundle": "morecrops:item/resource/bagasse"
	},
	"elements": [
		{
			"name": "origin",
			"from": [ 8.0, 0.0, 8.0 ], 
			"to": [ 8.0, 0.0, 8.0 ], 
			"rotationOrigin": [ 8.0, 0.0, 8.0 ],
			"faces": {
				"north": { "texture": "#null", "uv": [ 0.0, 0.0, 0.5, 0.5 ], "enabled": false },
				"east": { "texture": "#null", "uv": [ 0.0, 0.0, 0.5, 0.5 ], "enabled": false },
				"south": { "texture": "#null", "uv": [ 0.0, 0.0, 0.5, 0.5 ], "enabled": false },
				"west": { "texture": "#null", "uv": [ 0.0, 0.0, 0.5, 0.5 ], "enabled": false },
				"up": { "texture": "#null", "uv": [ 0.0, 0.0, 0.5, 0.5 ], "enabled": false },
				"down": { "texture": "#null", "uv": [ 0.0, 0.0, 0.5, 0.5 ], "enabled": false }
			},
			"children": [
				{
					"name": "body",
					"from": [ -4.0, 2.5, -1.5 ], 
					"to": [ 4.0, 5.5, 1.5 ], 
					"rotationOrigin": [ 0.0, 4.0, 0.0 ],
					"faces": {
						"north": { "texture": "#bundle", "uv": [ 3.0, 4.5, 6.0, 12.5 ], "rotation": 90 },
						"east": { "texture": "#bundle", "uv": [ 0.0, 12.5, 3.0, 15.5 ] },
						"south": { "texture": "#bundle", "uv": [ 2.0, 4.0, 5.0, 12.0 ], "rotation": 90 },
						"west": { "texture": "#bundle", "uv": [ 0.5, 13.0, 3.5, 16.0 ] },
						"up": { "texture": "#bundle", "uv": [ 0.5, 4.5, 3.5, 12.5 ], "rotation": 90 },
						"down": { "texture": "#bundle", "uv": [ 0.0, 4.5, 3.0, 12.5 ], "rotation": 90 }
					},
					"children": [
						{
							"name": "Right",
							"from": [ 7.6, 0.0, 0.0 ], 
							"to": [ 12.6, 1.0, 1.0 ], 
							"rotationOrigin": [ 7.6, 0.5, 0.5 ],
							"rotationX": 19.0,
							"rotationY": 14.0,
							"rotationZ": -19.0,
							"faces": {
								"north": { "texture": "#bundle", "uv": [ 0.0, 0.5, 1.0, 5.5 ], "rotation": 270 },
								"east": { "texture": "#bundle", "uv": [ 5.5, 4.5, 6.5, 5.5 ], "enabled": false },
								"south": { "texture": "#bundle", "uv": [ 3.5, 1.5, 4.5, 6.5 ], "rotation": 90 },
								"west": { "texture": "#bundle", "uv": [ 0.0, 0.0, 1.0, 1.0 ], "enabled": false },
								"up": { "texture": "#bundle", "uv": [ 2.5, 1.0, 3.5, 6.0 ], "rotation": 90 },
								"down": { "texture": "#bundle", "uv": [ 1.5, 1.5, 2.5, 6.5 ], "rotation": 270 }
							}
						},
						{
							"name": "Right4",
							"from": [ 7.6, 2.0, 0.0 ], 
							"to": [ 12.6, 3.0, 1.0 ], 
							"rotationOrigin": [ 7.6, 2.5, 0.5 ],
							"rotationX": 42.0,
							"rotationY": 22.0,
							"rotationZ": 14.0,
							"faces": {
								"north": { "texture": "#bundle", "uv": [ 3.5, 0.5, 4.5, 5.5 ], "rotation": 270 },
								"east": { "texture": "#bundle", "uv": [ 5.5, 4.5, 6.5, 5.5 ], "enabled": false },
								"south": { "texture": "#bundle", "uv": [ 2.5, 1.5, 3.5, 6.5 ], "rotation": 90 },
								"west": { "texture": "#bundle", "uv": [ 0.0, 0.0, 1.0, 1.0 ], "enabled": false },
								"up": { "texture": "#bundle", "uv": [ 1.0, 1.0, 2.0, 6.0 ], "rotation": 90 },
								"down": { "texture": "#bundle", "uv": [ 4.5, 1.5, 5.5, 6.5 ], "rotation": 270 }
							}
						},
						{
							"name": "Right5",
							"from": [ 6.6, 0.0, 2.0 ], 
							"to": [ 11.6, 1.0, 3.0 ], 
							"rotationOrigin": [ 6.6, 0.5, 2.5 ],
							"rotationX": 14.0,
							"rotationY": -19.0,
							"rotationZ": -14.0,
							"faces": {
								"north": { "texture": "#bundle", "uv": [ 1.5, 0.0, 2.5, 5.0 ], "rotation": 270 },
								"east": { "texture": "#bundle", "uv": [ 5.5, 4.5, 6.5, 5.5 ], "enabled": false },
								"south": { "texture": "#bundle", "uv": [ 4.5, 0.5, 5.5, 5.5 ], "rotation": 90 },
								"west": { "texture": "#bundle", "uv": [ 0.0, 0.0, 1.0, 1.0 ], "enabled": false },
								"up": { "texture": "#bundle", "uv": [ 0.5, 1.0, 1.5, 6.0 ], "rotation": 90 },
								"down": { "texture": "#bundle", "uv": [ 2.0, 1.0, 3.0, 6.0 ], "rotation": 270 }
							}
						},
						{
							"name": "Right6",
							"from": [ 7.6, 0.6, 0.7 ], 
							"to": [ 12.6, 2.6, 2.7 ], 
							"rotationOrigin": [ 7.6, 1.6, 1.7 ],
							"rotationX": -3.0,
							"rotationY": 6.0,
							"rotationZ": -6.0,
							"faces": {
								"north": { "texture": "#bundle", "uv": [ 2.0, 0.5, 4.0, 5.5 ], "rotation": 270 },
								"east": { "texture": "#bundle", "uv": [ 5.5, 4.5, 7.5, 6.5 ], "enabled": false },
								"south": { "texture": "#bundle", "uv": [ 2.0, 1.5, 4.0, 6.5 ], "rotation": 90 },
								"west": { "texture": "#bundle", "uv": [ 0.0, 0.0, 2.0, 2.0 ], "enabled": false },
								"up": { "texture": "#bundle", "uv": [ 0.5, 1.5, 2.5, 6.5 ], "rotation": 90 },
								"down": { "texture": "#bundle", "uv": [ 2.0, 1.5, 4.0, 6.5 ], "rotation": 270 }
							}
						},
						{
							"name": "Right7",
							"from": [ 6.6, 1.5, 1.0 ], 
							"to": [ 11.6, 2.5, 2.0 ], 
							"rotationOrigin": [ 6.6, 2.0, 1.5 ],
							"rotationX": 28.0,
							"rotationY": 3.0,
							"rotationZ": 28.0,
							"faces": {
								"north": { "texture": "#bundle", "uv": [ 3.0, 0.5, 4.0, 5.5 ], "rotation": 270 },
								"east": { "texture": "#bundle", "uv": [ 5.5, 4.5, 6.5, 5.5 ], "enabled": false },
								"south": { "texture": "#bundle", "uv": [ 4.5, 1.5, 5.5, 6.5 ], "rotation": 90 },
								"west": { "texture": "#bundle", "uv": [ 0.0, 0.0, 1.0, 1.0 ], "enabled": false },
								"up": { "texture": "#bundle", "uv": [ 1.5, 1.5, 2.5, 6.5 ], "rotation": 90 },
								"down": { "texture": "#bundle", "uv": [ 3.5, 2.0, 4.5, 7.0 ], "rotation": 270 }
							}
						},
						{
							"name": "Right8",
							"from": [ 7.9, 1.0, 2.0 ], 
							"to": [ 10.9, 2.0, 3.0 ], 
							"rotationOrigin": [ 7.9, 1.5, 2.5 ],
							"rotationX": 3.0,
							"rotationY": -33.0,
							"faces": {
								"north": { "texture": "#bundle", "uv": [ 3.5, 0.5, 4.5, 3.5 ], "rotation": 270 },
								"east": { "texture": "#bundle", "uv": [ 5.5, 4.5, 6.5, 5.5 ], "enabled": false },
								"south": { "texture": "#bundle", "uv": [ 2.5, 1.5, 3.5, 4.5 ], "rotation": 90 },
								"west": { "texture": "#bundle", "uv": [ 0.0, 0.0, 1.0, 1.0 ], "enabled": false },
								"up": { "texture": "#bundle", "uv": [ 1.0, 1.0, 2.0, 4.0 ], "rotation": 90 },
								"down": { "texture": "#bundle", "uv": [ 4.5, 1.5, 5.5, 4.5 ], "rotation": 270 }
							}
						},
						{
							"name": "Right9",
							"from": [ 7.6, 1.0, 0.0 ], 
							"to": [ 11.6, 2.0, 1.0 ], 
							"rotationOrigin": [ 7.6, 1.5, 0.5 ],
							"rotationX": 19.0,
							"rotationY": 42.0,
							"faces": {
								"north": { "texture": "#bundle", "uv": [ 2.5, 0.5, 3.5, 4.5 ], "rotation": 270 },
								"east": { "texture": "#bundle", "uv": [ 5.5, 4.5, 6.5, 5.5 ], "enabled": false },
								"south": { "texture": "#bundle", "uv": [ 3.5, 1.5, 4.5, 5.5 ], "rotation": 90 },
								"west": { "texture": "#bundle", "uv": [ 0.0, 0.0, 1.0, 1.0 ], "enabled": false },
								"up": { "texture": "#bundle", "uv": [ 1.0, 1.0, 2.0, 5.0 ], "rotation": 90 },
								"down": { "texture": "#bundle", "uv": [ 3.5, 1.5, 4.5, 5.5 ], "rotation": 270 }
							}
						},
						{
							"name": "Right10",
							"from": [ 6.6, 1.5, 1.5 ], 
							"to": [ 10.6, 2.5, 2.5 ], 
							"rotationOrigin": [ 6.6, 2.0, 2.0 ],
							"rotationX": 28.0,
							"rotationY": -44.0,
							"faces": {
								"north": { "texture": "#bundle", "uv": [ 3.5, 0.0, 4.5, 4.0 ], "rotation": 270 },
								"east": { "texture": "#bundle", "uv": [ 5.5, 4.5, 6.5, 5.5 ], "enabled": false },
								"south": { "texture": "#bundle", "uv": [ 4.5, 1.5, 5.5, 5.5 ], "rotation": 90 },
								"west": { "texture": "#bundle", "uv": [ 0.0, 0.0, 1.0, 1.0 ], "enabled": false },
								"up": { "texture": "#bundle", "uv": [ 4.0, 2.0, 5.0, 6.0 ], "rotation": 90 },
								"down": { "texture": "#bundle", "uv": [ 2.0, 2.0, 3.0, 6.0 ], "rotation": 270 }
							}
						},
						{
							"name": "Left",
							"from": [ -3.6, 0.0, 0.3 ], 
							"to": [ 0.4, 1.0, 1.3 ], 
							"rotationOrigin": [ 0.4, 0.5, 0.8 ],
							"rotationY": -47.0,
							"rotationZ": 33.0,
							"faces": {
								"north": { "texture": "#bundle", "uv": [ 3.0, 1.0, 4.0, 5.0 ], "rotation": 90 },
								"east": { "texture": "#bundle", "uv": [ 0.0, 0.0, 1.0, 1.0 ], "enabled": false },
								"south": { "texture": "#bundle", "uv": [ 3.5, 2.0, 4.5, 6.0 ], "rotation": 270 },
								"west": { "texture": "#bundle", "uv": [ 0.0, 0.0, 1.0, 1.0 ], "enabled": false },
								"up": { "texture": "#bundle", "uv": [ 2.0, 0.5, 3.0, 4.5 ], "rotation": 270 },
								"down": { "texture": "#bundle", "uv": [ 2.5, 0.5, 3.5, 4.5 ], "rotation": 90 }
							}
						},
						{
							"name": "Left12",
							"from": [ -3.4, 2.0, 0.3 ], 
							"to": [ 0.6, 3.0, 1.3 ], 
							"rotationOrigin": [ 0.6, 2.5, 0.8 ],
							"rotationY": -3.0,
							"rotationZ": -19.0,
							"faces": {
								"north": { "texture": "#bundle", "uv": [ 3.0, 1.0, 4.0, 5.0 ], "rotation": 90 },
								"east": { "texture": "#bundle", "uv": [ 0.0, 0.0, 1.0, 1.0 ], "enabled": false },
								"south": { "texture": "#bundle", "uv": [ 0.0, 2.0, 1.0, 6.0 ], "rotation": 270 },
								"west": { "texture": "#bundle", "uv": [ 0.0, 0.0, 1.0, 1.0 ], "enabled": false },
								"up": { "texture": "#bundle", "uv": [ 2.0, 0.5, 3.0, 4.5 ], "rotation": 270 },
								"down": { "texture": "#bundle", "uv": [ 1.5, 0.5, 2.5, 4.5 ], "rotation": 90 }
							}
						},
						{
							"name": "Left13",
							"from": [ -3.4, 1.8, 2.0 ], 
							"to": [ 0.6, 2.8, 3.0 ], 
							"rotationOrigin": [ 0.6, 2.3, 2.5 ],
							"rotationY": 25.0,
							"rotationZ": 6.0,
							"faces": {
								"north": { "texture": "#bundle", "uv": [ 2.0, 1.0, 3.0, 5.0 ], "rotation": 90 },
								"east": { "texture": "#bundle", "uv": [ 0.0, 0.0, 1.0, 1.0 ], "enabled": false },
								"south": { "texture": "#bundle", "uv": [ 4.0, 2.0, 5.0, 6.0 ], "rotation": 270 },
								"west": { "texture": "#bundle", "uv": [ 0.0, 0.0, 1.0, 1.0 ], "enabled": false },
								"up": { "texture": "#bundle", "uv": [ 4.0, 0.5, 5.0, 4.5 ], "rotation": 270 },
								"down": { "texture": "#bundle", "uv": [ 4.0, 0.5, 5.0, 4.5 ], "rotation": 90 }
							}
						},
						{
							"name": "Left14",
							"from": [ -2.4, 0.1, 2.0 ], 
							"to": [ 0.6, 1.1, 3.0 ], 
							"rotationOrigin": [ 0.6, 0.6, 2.5 ],
							"rotationY": 25.0,
							"rotationZ": 42.0,
							"faces": {
								"north": { "texture": "#bundle", "uv": [ 4.0, 1.0, 5.0, 4.0 ], "rotation": 90 },
								"east": { "texture": "#bundle", "uv": [ 0.0, 0.0, 1.0, 1.0 ], "enabled": false },
								"south": { "texture": "#bundle", "uv": [ 4.0, 2.0, 5.0, 5.0 ], "rotation": 270 },
								"west": { "texture": "#bundle", "uv": [ 0.0, 0.0, 1.0, 1.0 ], "enabled": false },
								"up": { "texture": "#bundle", "uv": [ 3.0, 0.5, 4.0, 3.5 ], "rotation": 270 },
								"down": { "texture": "#bundle", "uv": [ 3.0, 0.5, 4.0, 3.5 ], "rotation": 90 }
							}
						},
						{
							"name": "Left15",
							"from": [ -4.4, 0.7, 0.3 ], 
							"to": [ 0.6, 2.7, 2.3 ], 
							"rotationOrigin": [ 0.6, 1.7, 1.5 ],
							"rotationX": -42.0,
							"rotationY": -3.0,
							"rotationZ": 8.0,
							"faces": {
								"north": { "texture": "#bundle", "uv": [ 3.0, 1.0, 5.0, 6.0 ], "rotation": 90 },
								"east": { "texture": "#bundle", "uv": [ 0.0, 0.0, 2.0, 2.0 ], "enabled": false },
								"south": { "texture": "#bundle", "uv": [ 1.5, 2.0, 3.5, 7.0 ], "rotation": 270 },
								"west": { "texture": "#bundle", "uv": [ 0.0, 0.0, 2.0, 2.0 ], "enabled": false },
								"up": { "texture": "#bundle", "uv": [ 3.0, 1.0, 5.0, 6.0 ], "rotation": 270 },
								"down": { "texture": "#bundle", "uv": [ 0.5, 0.5, 2.5, 5.5 ], "rotation": 90 }
							}
						},
						{
							"name": "Left16",
							"from": [ -4.4, 1.9, 1.2 ], 
							"to": [ 0.6, 2.9, 2.2 ], 
							"rotationOrigin": [ 0.6, 2.4, 1.7 ],
							"rotationX": -36.0,
							"rotationY": 25.0,
							"rotationZ": -6.0,
							"faces": {
								"north": { "texture": "#bundle", "uv": [ 0.0, 1.0, 1.0, 6.0 ], "rotation": 90 },
								"east": { "texture": "#bundle", "uv": [ 0.0, 0.0, 1.0, 1.0 ], "enabled": false },
								"south": { "texture": "#bundle", "uv": [ 3.5, 2.0, 4.5, 7.0 ], "rotation": 270 },
								"west": { "texture": "#bundle", "uv": [ 0.0, 0.0, 1.0, 1.0 ], "enabled": false },
								"up": { "texture": "#bundle", "uv": [ 3.0, 0.5, 4.0, 5.5 ], "rotation": 270 },
								"down": { "texture": "#bundle", "uv": [ 3.5, 1.0, 4.5, 6.0 ], "rotation": 90 }
							}
						},
						{
							"name": "Left17",
							"from": [ -4.4, 0.9, 0.2 ], 
							"to": [ 0.6, 1.9, 1.2 ], 
							"rotationOrigin": [ 0.6, 1.4, 0.7 ],
							"rotationY": -39.0,
							"rotationZ": -6.0,
							"faces": {
								"north": { "texture": "#bundle", "uv": [ 0.0, 1.0, 1.0, 6.0 ], "rotation": 90 },
								"east": { "texture": "#bundle", "uv": [ 0.0, 0.0, 1.0, 1.0 ], "enabled": false },
								"south": { "texture": "#bundle", "uv": [ 3.5, 2.0, 4.5, 7.0 ], "rotation": 270 },
								"west": { "texture": "#bundle", "uv": [ 0.0, 0.0, 1.0, 1.0 ], "enabled": false },
								"up": { "texture": "#bundle", "uv": [ 4.0, 0.5, 5.0, 5.5 ], "rotation": 270 },
								"down": { "texture": "#bundle", "uv": [ 4.5, 1.0, 5.5, 6.0 ], "rotation": 90 }
							}
						},
						{
							"name": "tie20",
							"from": [ 4.2, -0.3, -0.3 ], 
							"to": [ 4.7, 3.2, 3.3 ], 
							"rotationOrigin": [ 4.6, 1.7, 1.7 ],
							"faces": {
								"north": { "texture": "#string", "uv": [ 4.0, 0.0, 4.5, 3.5 ] },
								"east": { "texture": "#string", "uv": [ 0.0, 0.0, 3.5, 3.5 ] },
								"south": { "texture": "#string", "uv": [ 8.0, 0.0, 8.5, 3.5 ] },
								"west": { "texture": "#string", "uv": [ 4.0, 0.0, 7.5, 3.5 ] },
								"up": { "texture": "#string", "uv": [ 12.0, 0.0, 12.5, 3.5 ] },
								"down": { "texture": "#string", "uv": [ 0.0, 0.0, 0.5, 3.5 ] }
							}
						},
						{
							"name": "tie21",
							"from": [ 1.2, -0.3, -0.3 ], 
							"to": [ 1.7, 3.2, 3.3 ], 
							"rotationOrigin": [ 1.6, 1.5, 1.5 ],
							"rotationY": 14.0,
							"faces": {
								"north": { "texture": "#string", "uv": [ 0.0, 0.0, 0.5, 3.5 ] },
								"east": { "texture": "#string", "uv": [ 0.0, 0.0, 3.5, 3.5 ] },
								"south": { "texture": "#string", "uv": [ 0.0, 0.0, 0.5, 3.5 ] },
								"west": { "texture": "#string", "uv": [ 0.0, 0.0, 3.5, 3.5 ] },
								"up": { "texture": "#string", "uv": [ 0.0, 0.0, 0.5, 3.5 ] },
								"down": { "texture": "#string", "uv": [ 0.0, 0.0, 0.5, 3.5 ] }
							}
						},
						{
							"name": "tie22",
							"from": [ 6.2, -0.3, -0.3 ], 
							"to": [ 6.7, 3.2, 3.3 ], 
							"rotationOrigin": [ 6.6, 1.7, 1.7 ],
							"rotationY": -17.0,
							"faces": {
								"north": { "texture": "#string", "uv": [ 2.0, 0.0, 2.5, 3.5 ] },
								"east": { "texture": "#string", "uv": [ 5.0, 0.0, 8.5, 3.5 ] },
								"south": { "texture": "#string", "uv": [ 2.0, 0.0, 2.5, 3.5 ] },
								"west": { "texture": "#string", "uv": [ 4.0, 0.0, 7.5, 3.5 ] },
								"up": { "texture": "#string", "uv": [ 12.0, 0.0, 12.5, 3.5 ] },
								"down": { "texture": "#string", "uv": [ 0.0, 0.0, 0.5, 3.5 ] }
							}
						}
					]
				}
			]
		}
	]}