﻿[
 {
   file: "expandedfoods:recipes/kneading/primitivesurvival/crabpemmican.json",
    op: "addeach", 
    path: "/0/ingredients/5/inputs/-", 
    value: [{ type: "item", code: "expandedfoods:saltedmeatnugget-*-raw", quantity: 1}],
    "side": "server",
    dependsOn: [{ "modid": "ancienttools" }, { "modid": "primitivesurvival" }]
 },
 {
   file: "expandedfoods:recipes/kneading/primitivesurvival/crabpemmican.json",
    op: "addeach", 
    path: "/1/ingredients/5/inputs/-", 
    value: [{ type: "item", code: "expandedfoods:saltedmeatnugget-*-raw", quantity: 1}],
    "side": "server",
    dependsOn: [{ "modid": "ancienttools" }, { "modid": "primitivesurvival" }]
 },
 {
   file: "expandedfoods:recipes/kneading/primitivesurvival/fishpemmican.json",
    op: "addeach", 
    path: "/0/ingredients/5/inputs/-", 
    value: [{ type: "item", code: "expandedfoods:saltedmeatnugget-*-raw", quantity: 1}],
    "side": "server",
    dependsOn: [{ "modid": "ancienttools" }, { "modid": "primitivesurvival" }]
 },
 {
   file: "expandedfoods:recipes/kneading/primitivesurvival/fishpemmican.json",
    op: "addeach", 
    path: "/1/ingredients/5/inputs/-", 
    value: [{ type: "item", code: "expandedfoods:saltedmeatnugget-*-raw", quantity: 1}],
    "side": "server",
    dependsOn: [{ "modid": "ancienttools" }, { "modid": "primitivesurvival" }]
 },
 {
   file: "expandedfoods:recipes/kneading/primitivesurvival/snakepemmican.json",
    op: "addeach", 
    path: "/0/ingredients/5/inputs/-", 
    value: [{ type: "item", code: "expandedfoods:saltedmeatnugget-*-raw", quantity: 1}],
    "side": "server",
    dependsOn: [{ "modid": "ancienttools" }, { "modid": "primitivesurvival" }]
 },
 {
   file: "expandedfoods:recipes/kneading/primitivesurvival/snakepemmican.json",
    op: "addeach", 
    path: "/1/ingredients/5/inputs/-", 
    value: [{ type: "item", code: "expandedfoods:saltedmeatnugget-*-raw", quantity: 1}],
    "side": "server",
    dependsOn: [{ "modid": "ancienttools" }, { "modid": "primitivesurvival" }]
 },

]