{"GameVersion": "1.18.0-pre.3", "SizeX": 9, "SizeY": 7, "SizeZ": 3, "BlockCodes": {"3305": "game:rockpolished-granite", "9472": "game:polishedrockold-cobbled-granite", "2621": "game:bonysoil", "2852": "game:cobblestoneslab-granite-down-free", "3023": "game:cobblestonestairs-granite-up-east-free", "3794": "game:stonebrickstairs-granite-down-east-free", "5107": "game:gravel-granite", "3042": "game:cobblestonestairs-granite-down-east-free", "2833": "game:cobblestoneslab-granite-up-free", "3584": "game:stonebricks-granite", "8610": "game:groundstorage", "636": "game:lootvessel-farming", "9493": "game:agedstonebricks-granite", "3920": "game:crackedrock-granite", "6179": "game:rock-granite", "5535": "game:loosestones-granite-free", "5122": "game:looseboulders-granite-free", "3118": "game:cobblestonestairs-granite-down-west-free", "3099": "game:cobblestonestairs-granite-up-west-free", "3668": "game:stonebrickslab-granite-down-free", "9471": "game:polishedrockold-full-granite", "633": "game:lootvessel-forage", "3752": "game:stonebrickstairs-granite-up-north-free", "3061": "game:cobblestonestairs-granite-up-south-free", "2966": "game:cobblestone-granite"}, "ItemCodes": {"1498": "game:stonebrick-granite"}, "Indices": [0, 1024, 2048, 1048576, 1049600, 5242880, 5244928, 1, 1025, 2049, 1049601, 4194305, 4195329, 4196353, 5242881, 5243905, 5244929, 6291457, 6293505, 2, 1026, 2050, 1048578, 1049602, 1050626, 2097154, 2099202, 3145730, 3147778, 4194306, 4196354, 5242882, 5244930, 6291458, 6293506, 3, 1027, 2051, 4194307, 4196355, 5242883, 5244931, 6293507, 4, 1028, 2052, 5, 1029, 2053, 1048581, 1049605, 6, 1030, 2054, 1048582, 1050630, 2097158, 2099206, 3145734, 4194310, 7, 1031, 2055, 1048583, 1049607, 8, 1032, 2056], "BlockIds": [3305, 9472, 2621, 2852, 9472, 3023, 3794, 5107, 9472, 2621, 2852, 3042, 2833, 3042, 3584, 8610, 3305, 2852, 2852, 3584, 5107, 9472, 3584, 636, 3305, 3305, 9472, 9493, 3584, 3920, 9493, 6179, 3584, 5535, 5122, 2621, 9493, 3305, 3118, 3118, 3099, 9493, 3668, 2621, 5107, 5107, 9471, 3305, 5107, 9471, 2852, 9472, 633, 3305, 9471, 3584, 3584, 3752, 9472, 3061, 3584, 2966, 6179, 6179, 2852, 5107, 2621, 5107], "DecorIndices": [], "DecorIds": [], "BlockEntities": {"5243905": "!<d@[F*PC]#64c-E,TfC#QOi)!<d@[F*^p.#64o6@VfsmCI<#NAIW9mDfor.F*)>@@:s-U$#+:#ASuU.Ed7ZiEH>r7FE7Qb!!!3,F)5c:EsD_\"!!*'\"!87SV!!N?&!!WgQASlBtEaa'4Eb,=fFCf<.ATD4$F`M%e@<6NjE+EC!A[uR_q$?hr5QhI:ASlBtEaa'4Eb,4NTKrPX!!!<;AoD^\"AQ*\\hEa`Tl:i^JnErZ=LD.Rd%6#L=OA_Ra;562+\"FECr$BLZE?AH2]1!!!"}, "Entities": [], "ReplaceMode": 2}