{"GameVersion": "1.18.0-pre.3", "SizeX": 9, "SizeY": 7, "SizeZ": 3, "BlockCodes": {"3305": "game:rockpolished-peridotite", "9471": "game:polishedrockold-full-peridotite", "2621": "game:bonysoil", "2852": "game:cobblestoneslab-peridotite-down-free", "3023": "game:cobblestonestairs-peridotite-up-east-free", "3794": "game:stonebrickstairs-peridotite-down-east-free", "5107": "game:gravel-peridotite", "3042": "game:cobblestonestairs-peridotite-down-east-free", "2833": "game:cobblestoneslab-peridotite-up-free", "3584": "game:stonebricks-peridotite", "5535": "game:loosestones-peridotite-free", "9493": "game:agedstonebricks-peridotite", "634": "game:lootvessel-ore", "9472": "game:polishedrockold-cobbled-peridotite", "6179": "game:rock-peridotite", "8610": "game:groundstorage", "3118": "game:cobblestonestairs-peridotite-down-west-free", "3668": "game:stonebrickslab-peridotite-down-free", "5122": "game:looseboulders-peridotite-free", "631": "game:lootvessel-seed", "3920": "game:crackedrock-peridotite", "2966": "game:cobblestone-peridotite", "3099": "game:cobblestonestairs-peridotite-up-west-free"}, "ItemCodes": {"1498": "game:stonebrick-peridotite"}, "Indices": [0, 1024, 2048, 1048576, 1049600, 5242880, 5244928, 1, 1025, 2049, 1049601, 4194305, 4195329, 4196353, 5242881, 5243905, 5244929, 6291457, 6293505, 2, 1026, 2050, 1048578, 1049602, 1050626, 2097154, 2099202, 3145730, 3147778, 4194306, 4196354, 5242882, 5244930, 6291458, 6293506, 3, 1027, 2051, 4194307, 4196355, 5242883, 5244931, 6291459, 6293507, 4, 1028, 2052, 4195332, 5242884, 5243908, 5244932, 6291460, 5, 1029, 2053, 1048581, 1049605, 4194309, 4195333, 4196357, 5242885, 5243909, 5244933, 6291461, 6293509, 6, 2054, 1048582, 1050630, 2097158, 2099206, 3145734, 3147782, 4194310, 4195334, 4196358, 5242886, 5243910, 5244934, 6293510, 7, 1031, 2055, 1048583, 1049607, 4194311, 5242887, 5244935, 6291463, 8, 1032, 2056, 5242888], "BlockIds": [3305, 9471, 2621, 2852, 9471, 3023, 3794, 5107, 9471, 2621, 2852, 3042, 2833, 3042, 3584, 5535, 3305, 2852, 2852, 3584, 5107, 9493, 3584, 634, 3305, 3305, 9471, 9471, 3584, 9472, 9472, 6179, 3584, 8610, 8610, 2621, 9471, 3305, 3118, 3118, 9472, 6179, 2852, 3668, 2621, 5107, 5107, 2833, 9471, 5535, 6179, 5122, 9472, 3305, 5107, 9471, 2852, 3042, 2833, 3042, 3584, 631, 3584, 3668, 2852, 9471, 3305, 9471, 3584, 3584, 6179, 3305, 3920, 9493, 2833, 3920, 6179, 5535, 3920, 5122, 3584, 2966, 6179, 6179, 2852, 3118, 9472, 3099, 2852, 5107, 2621, 5107, 3118], "DecorIndices": [], "DecorIds": [], "BlockEntities": {"6291458": "!<d@[F*PC]#64c-E,TfC#ljr*!<d@[F*di+#64o6@VfsmCI<#NAIW9mDfor.F*)>@@:s-U$#+:#ASuU.Ed7ZiEH>r7FE7Qb!!!3,F)5c:EsD_\"!!*'\"!87SV!!<3$!!WgQASlBtEaa'4Eb,=fFCf<.ATD4$F`M%e@<6NjE+EC!AI@%aE#mB+5QhI:ASlBtEaa'4Eb,4NTKrPX!!!<;AoD^\"AQ*\\hEa`Tl:i^JnErZ=LD.Rd%6#L=OA_Ra;^B\"[MFECr$BLZE?AH2]1!!!", "6293506": "!<d@[F*PC]#64c-E,TfC#ljr*!<d@[F*[i-#64o6@VfsmCI<#NAIW9mDfor.F*)>@@:s-U$#+:#ASuU.Ed7ZiEH>r7FE7Qb!!!3,F)5c:EsD_\"!!*'\"!87SV!!E9%!!WgQASlBtEaa'4Eb,=fFCf<.ATD4$F`M%e@<6NjE+EC!A]th\\D]I3)5QhI:ASlBtEaa'4Eb,4NTKrPX!!!<;AoD^\"AQ*\\hEa`Tl:i^JnErZ=LD.Rd%6#L=OAH2]1!!*F8FECr$BLZE?AH2]1!!!"}, "Entities": [], "ReplaceMode": 2}