{"GameVersion": "1.18.0-pre.3", "SizeX": 10, "SizeY": 7, "SizeZ": 7, "BlockCodes": {"9444": "game:supportbeam-tarnishedmetal-iron", "9471": "game:polishedrockold-full-slate", "6179": "game:rock-slate", "5107": "game:gravel-slate", "2621": "game:bonysoil", "3240": "game:stonepath-free", "3042": "game:cobblestonestairs-slate-down-east-free", "2852": "game:cobblestoneslab-slate-down-free", "3305": "game:rockpolished-slate", "3612": "game:stonebrickslab-slate-east-free", "3023": "game:cobblestonestairs-slate-up-east-free", "3668": "game:stonebrickslab-slate-down-free", "3584": "game:stonebricks-slate", "2966": "game:cobblestone-slate", "3920": "game:crackedrock-slate", "9472": "game:polishedrockold-cobbled-slate", "631": "game:lootvessel-seed", "3752": "game:stonebrickstairs-slate-up-north-free", "5122": "game:looseboulders-slate-free", "9493": "game:agedstonebricks-slate", "3099": "game:cobblestonestairs-slate-up-west-free", "3850": "game:stonebrickstairs-slate-down-west-free", "8606": "game:clutter", "3640": "game:stonebrickslab-slate-west-free", "3118": "game:cobblestonestairs-slate-down-west-free", "3598": "game:stonebrickslab-slate-north-free", "8610": "game:groundstorage", "2833": "game:cobblestoneslab-slate-up-free", "5535": "game:loosestones-slate-free"}, "ItemCodes": {"1498": "game:stonebrick-slate"}, "Indices": [2048, 3072, 4096, 5120, 1025, 2049, 3073, 4097, 5121, 6145, 1049601, 1050625, 2, 1026, 2050, 3074, 4098, 5122, 6146, 1050626, 4195330, 5243906, 3, 1027, 2051, 3075, 4099, 5123, 6147, 1049603, 1050627, 1051651, 1052675, 1053699, 2098179, 2099203, 3146755, 4195331, 5243907, 6292483, 4, 1028, 2052, 3076, 4100, 5124, 6148, 1049604, 1050628, 1051652, 1052676, 1053700, 2098180, 2099204, 2100228, 2101252, 3146756, 3147780, 3148804, 4195332, 4196356, 5243908, 6292484, 5, 1029, 2053, 3077, 4101, 5125, 6149, 1049605, 1050629, 1051653, 1052677, 1053701, 2098181, 2099205, 2100229, 2101253, 2102277, 3146757, 3147781, 3148805, 4195333, 4196357, 5243909, 5244933, 6292485, 6, 1030, 2054, 3078, 4102, 5126, 1048582, 1049606, 1050630, 1051654, 1052678, 2100230, 3147782, 3148806, 4195334, 4196358, 4197382, 5243910, 5244934, 7, 1031, 2055, 3079, 4103, 1049607, 1052679, 3147783, 3148807, 4196359, 4197383, 1032, 2056, 3080, 4104, 1051656, 2098184, 3146760, 3147784, 3148808, 4196360, 2057, 3081, 2099209, 3147785], "BlockIds": [9471, 6179, 5107, 2621, 2621, 2621, 6179, 3240, 6179, 3240, 3240, 3240, 3240, 6179, 6179, 6179, 6179, 6179, 2621, 3240, 3042, 2852, 6179, 6179, 6179, 6179, 6179, 6179, 6179, 3305, 6179, 3612, 3612, 3240, 3023, 3612, 3042, 3305, 3305, 3668, 6179, 6179, 6179, 6179, 6179, 6179, 6179, 3584, 2966, 2966, 9471, 3584, 3305, 2966, 3920, 2966, 9472, 3920, 631, 3584, 3752, 3584, 5122, 6179, 6179, 6179, 6179, 6179, 6179, 9472, 6179, 6179, 2966, 9493, 6179, 3099, 3920, 3920, 3920, 3099, 3850, 3920, 3023, 3305, 6179, 6179, 8606, 2852, 6179, 6179, 6179, 6179, 6179, 6179, 3240, 6179, 6179, 6179, 6179, 3640, 3118, 3118, 9493, 6179, 3598, 3099, 8610, 3240, 3584, 6179, 6179, 6179, 3240, 3099, 2833, 2833, 3099, 5122, 5107, 9472, 2621, 2966, 2621, 9444, 9444, 2833, 9444, 5535, 2621, 2621, 9444, 9444], "DecorIndices": [], "DecorIds": [], "BlockEntities": {"5244933": "!<d@[F*PI_#64c-E,TfC#QOi)!<d@[F*dQ\"#64o6@VfsmCI<#NAHu^]F`__:EWlSfH#R=#@WGn'Bk;<A\":&scFCB9&=9&=$!!EUFATMNNDJ*csgCME?\":&scFCB9&=o\\O&!!rsADes6$@ru9m!!!", "5244934": "!<d@[F*PL`#64c-E,TfC#QOi)!<d@[F*dQ\"#64o6@VfsmCI<#NAIW9mDfor.F*)>@@:s-U$#+:#ASuU.Ed7ZiEH>r7FE7Qb!!!3,F)5c:EsD_\"!!*'\"!87SV!!E9%!!WgQASlBtEaa'4Eb,=fFCf<.ATD4$F`M%e@<6NjE+EC!AUK5<!Linb5QhI:ASlBtEaa'4Eb,4NTKrPX!!!<;AoD^\"AQ*\\hEa`Tl:i^JnErZ=LD.Rd%6#L=OA_Ra;^B\"[MFECr$BLZE?AH2]1!!!", "2098184": "!<d@[F*PRb#64c-E,TfC\"TSN&!<d@[F*dN!#64o6@VfsmCI<#NAKPu9E,]`9FCJfiD(Tj<Ec,T4BOt^kATV?s/ST6DD?pDTARTFs+ohrm$4dRG!.[9K!!%O6*<6(i58\";<!!%Pa*<6(i58`HQ!!", "3146760": "!<d@[F*PRb#64c-E,TfC\"onW'!<d@[F*dN!#64o6@VfsmCI<#NAKPu9E,]`9FCJfiD(Tj<Ec,T4BOt^kATV?s/ST6DD?pDTARTFs>Q>*R$4dRG!.[9K!!%O6*<6(i58\";<!!%O6*<6(i58`HQ$6'<Z'`\\5a590_(J3OYR'`\\46^`<CTJ3On38I?CD$5EO@J3P%S!.[9H$4Qt8J3P%S!.[9Nj@K=", "3148808": "!<d@[F*PRb#64c-E,TfC\"onW'!<d@[F*dT##64o6@VfsmCI<#NAKPu9E,]`9FCJfiD(Tj<Ec,T4BOt^kATV?s/ST6DD?pDTARTFs0)u=m$3_.E!.[9H\"Vh\";JA2r^8K\\'A(^^E]!!%O6&df'J!.[9K!!%O6)!\"72!WW", "2099209": "!<d@[F*PUc#64c-E,TfC\"TSN&!<d@[F*dQ\"#64o6@VfsmCI<#NAKPu9E,]`9FCJfiD(Tj<Ec,T4BOt^kATV?s/ST6DD?pDTARTFs&-*%I$3_FM!.[9H!#Xcg+9;H", "3147785": "!<d@[F*PUc#64c-E,TfC\"onW'!<d@[F*dQ\"#64o6@VfsmCI<#NAKPu9E,]`9FCJfiD(Tj<Ec,T4BOt^kATV?s/ST6DD?pDTARTFsJcH,k$3_.E!.[9H\"Vh\";!5KH48K\\$@*=<,g!!%O6*<6(i58\";<!!!#7*<6(i58`HQ+9;fd$47LJ!.[9S!!%O6&d9!M!._g$j@LHp$5a*R'`\\5a58\";<!!%O6*<6(i58`HQ+9;fd$3_.E!.[9H$5EO@JA3*)!.[9Nj@LHp!!"}, "Entities": [], "ReplaceMode": 2}