{"GameVersion": "1.18.0-pre.3", "SizeX": 13, "SizeY": 7, "SizeZ": 5, "BlockCodes": {"6179": "game:rock-peridotite", "3794": "game:stonebrickstairs-peridotite-down-east-free", "9471": "game:polishedrockold-full-peridotite", "2852": "game:cobblestoneslab-peridotite-down-free", "9493": "game:agedstonebricks-peridotite", "3584": "game:stonebricks-peridotite", "3042": "game:cobblestonestairs-peridotite-down-east-free", "2833": "game:cobblestoneslab-peridotite-up-free", "3023": "game:cobblestonestairs-peridotite-up-east-free", "3305": "game:rockpolished-peridotite", "8610": "game:groundstorage", "3920": "game:crackedrock-peridotite", "631": "game:lootvessel-seed", "3240": "game:stonepath-free", "3061": "game:cobblestonestairs-peridotite-up-south-free", "9472": "game:polishedrockold-cobbled-peridotite", "5122": "game:looseboulders-peridotite-free", "5107": "game:gravel-peridotite", "2621": "game:bonysoil", "3099": "game:cobblestonestairs-peridotite-up-west-free", "3118": "game:cobblestonestairs-peridotite-down-west-free", "3850": "game:stonebrickstairs-peridotite-down-west-free", "8606": "game:clutter", "3836": "game:stonebrickstairs-peridotite-up-west-free", "2966": "game:cobblestone-peridotite", "2985": "game:cobblestonestairs-peridotite-up-north-free", "3780": "game:stonebrickstairs-peridotite-up-east-free", "632": "game:lootvessel-food", "5535": "game:loosestones-peridotite-free"}, "ItemCodes": {"1498": "game:stonebrick-peridotite"}, "Indices": [4096, 5245952, 1025, 3073, 4097, 1049601, 1051649, 1052673, 4195329, 4196353, 4197377, 5243905, 5245953, 6294529, 2, 1026, 2050, 3074, 4098, 1048578, 1049602, 1051650, 2098178, 2100226, 3146754, 3148802, 4195330, 4196354, 4197378, 5243906, 5244930, 5245954, 6292482, 6294530, 3, 1027, 2051, 3075, 4099, 1049603, 4195331, 4196355, 4197379, 5243907, 5244931, 5245955, 6292483, 4, 1028, 2052, 3076, 4100, 1048580, 5, 1029, 2053, 3077, 4101, 1050629, 6, 1030, 2054, 3078, 4102, 1049606, 1050630, 1051654, 1052678, 2098182, 2099206, 3146758, 1031, 2055, 3079, 4103, 1032, 2056, 3080, 4104, 1033, 2057, 3081, 4105, 4195337, 4196361, 4197385, 5243913, 5244937, 5245961, 6292489, 1034, 2058, 3082, 4106, 1049610, 1051658, 2098186, 2100234, 3146762, 3148810, 4195338, 4197386, 5243914, 5245962, 6292490, 6294538, 1035, 2059, 3083, 1049611, 1051659, 4195339, 4196363, 4197387, 5243915, 5244939, 5245963, 6294539, 1036, 2060, 3084, 4108, 1049612], "BlockIds": [6179, 3794, 6179, 6179, 9471, 2852, 9493, 3584, 3042, 2833, 3042, 3023, 3305, 8610, 3920, 9493, 631, 9493, 3240, 3061, 9472, 6179, 3584, 3584, 6179, 9493, 9493, 2833, 3920, 6179, 5122, 9472, 2852, 2852, 5107, 2621, 2621, 5107, 3240, 3099, 3118, 2833, 3850, 3584, 8606, 3836, 5122, 9472, 2621, 2621, 2621, 2621, 2852, 3240, 2621, 5107, 3240, 3240, 3023, 3240, 9471, 2621, 2966, 9471, 9471, 5107, 3584, 5107, 3584, 2985, 3780, 5107, 5107, 5107, 5107, 5107, 5107, 632, 3240, 2621, 2621, 2621, 3240, 3794, 2833, 3042, 3305, 5535, 3023, 5535, 9493, 5107, 2966, 2621, 6179, 6179, 9471, 3305, 6179, 3920, 3920, 3584, 3584, 6179, 2852, 2852, 6179, 5107, 5107, 9471, 5107, 3118, 2833, 3118, 3836, 8610, 9471, 5122, 3920, 9472, 5107, 9472, 2852], "DecorIndices": [], "DecorIds": [], "BlockEntities": {"6294529": "!<d@[F*P7Y#64c-E,TfC#ljr*!<d@[F*_TA#64o6@VfsmCI<#NAIW9mDfor.F*)>@@:s-U$#+:#ASuU.Ed7ZiEH>r7FE7Qb!!!3,F)5c:EsD_\"!!*'\"!87SV!!WE'!!WgQASlBtEaa'4Eb,=fFCf<.ATD4$F`M%e@<6NjE+EC!AXD3*op5EQ5QhI:ASlBtEaa'4Eb,4NTKrPX!!!<;AoD^\"AQ*\\hEa`Tl:i^JnErZ=LD.Rd%6#L=OA_Ra;562+\"FECr$BLZE?AH2]1!!!", "5244931": "!<d@[F*P=[#64c-E,TfC#QOi)!<d@[F*_Q@#64o6@VfsmCI<#NAHu^]F`__:EWlSfH#R=#@WGn'Bk;<?\":&scFCB9&=9&=$!!EUFATMNNDJ*csjNEiR\":&scFCB9&=o\\O&!!rsADes6$@ru9m!!!", "5244939": "!<d@[F*PUc#64c-E,TfC#QOi)!<d@[F*_Q@#64o6@VfsmCI<#NAIW9mDfor.F*)>@@:s-U$#+:#ASuU.Ed7ZiEH>r7FE7Qb!!!3,F)5c:EsD_\"!!*'\"!87SV!!N?&!!WgQASlBtEaa'4Eb,=fFCf<.ATD4$F`M%e@<6NjE+EC!AI$Ku;3LaS5QhI:ASlBtEaa'4Eb,4NTKrPX!!!<;AoD^\"AQ*\\hEa`Tl:i^JnErZ=LD.Rd%6#L=OAH2]1!!*F8FECr$BLZE?AH2]1!!!"}, "Entities": [], "ReplaceMode": 2}