[
	{
	"ingredientPattern": "P,G",
	"ingredients": {
		"P": { "type": "item", "code": "game:pickaxe-*", "isTool": true },
		"G": { "type": "block", "code": "bricklayers:glassluminous-*-black-faint", "quantity": 1, "name": "type" }
	},
	"width": 1,
	"height": 2,
	"recipeGroup": 3,
	"output": { "type": "item", "code": "bricklayers:glassbatchluminous-{type}-black-faint", "quantity": 4 }
	},

	{
	"ingredientPattern": "P,G",
	"ingredients": {
		"P": { "type": "item", "code": "game:pickaxe-*", "isTool": true },
		"G": { "type": "block", "code": "bricklayers:glassluminous-*-blue-faint", "quantity": 1, "name": "type" }
	},
	"width": 1,
	"height": 2,
	"recipeGroup": 3,
	"output": { "type": "item", "code": "bricklayers:glassbatchluminous-{type}-blue-faint", "quantity": 4 }
	},

	{
	"ingredientPattern": "P,G",
	"ingredients": {
		"P": { "type": "item", "code": "game:pickaxe-*", "isTool": true },
		"G": { "type": "block", "code": "bricklayers:glassluminous-*-brown-faint", "quantity": 1, "name": "type" }
	},
	"width": 1,
	"height": 2,
	"recipeGroup": 3,
	"output": { "type": "item", "code": "bricklayers:glassbatchluminous-{type}-brown-faint", "quantity": 4 }
	},

	{
	"ingredientPattern": "P,G",
	"ingredients": {
		"P": { "type": "item", "code": "game:pickaxe-*", "isTool": true },
		"G": { "type": "block", "code": "bricklayers:glassluminous-*-green-faint", "quantity": 1, "name": "type" }
	},
	"width": 1,
	"height": 2,
	"recipeGroup": 3,
	"output": { "type": "item", "code": "bricklayers:glassbatchluminous-{type}-green-faint", "quantity": 4 }
	},

	{
	"ingredientPattern": "P,G",
	"ingredients": {
		"P": { "type": "item", "code": "game:pickaxe-*", "isTool": true },
		"G": { "type": "block", "code": "bricklayers:glassluminous-*-orange-faint", "quantity": 1, "name": "type" }
	},
	"width": 1,
	"height": 2,
	"recipeGroup": 3,
	"output": { "type": "item", "code": "bricklayers:glassbatchluminous-{type}-orange-faint", "quantity": 4 }
	},

	{
	"ingredientPattern": "P,G",
	"ingredients": {
		"P": { "type": "item", "code": "game:pickaxe-*", "isTool": true },
		"G": { "type": "block", "code": "bricklayers:glassluminous-*-pink-faint", "quantity": 1, "name": "type" }
	},
	"width": 1,
	"height": 2,
	"recipeGroup": 3,
	"output": { "type": "item", "code": "bricklayers:glassbatchluminous-{type}-pink-faint", "quantity": 4 }
	},

	{
	"ingredientPattern": "P,G",
	"ingredients": {
		"P": { "type": "item", "code": "game:pickaxe-*", "isTool": true },
		"G": { "type": "block", "code": "bricklayers:glassluminous-*-red-faint", "quantity": 1, "name": "type" }
	},
	"width": 1,
	"height": 2,
	"recipeGroup": 3,
	"output": { "type": "item", "code": "bricklayers:glassbatchluminous-{type}-red-faint", "quantity": 4 }
	},

	{
	"ingredientPattern": "P,G",
	"ingredients": {
		"P": { "type": "item", "code": "game:pickaxe-*", "isTool": true },
		"G": { "type": "block", "code": "bricklayers:glassluminous-*-violet-faint", "quantity": 1, "name": "type" }
	},
	"width": 1,
	"height": 2,
	"recipeGroup": 3,
	"output": { "type": "item", "code": "bricklayers:glassbatchluminous-{type}-violet-faint", "quantity": 4 }
	},

	{
	"ingredientPattern": "P,G",
	"ingredients": {
		"P": { "type": "item", "code": "game:pickaxe-*", "isTool": true },
		"G": { "type": "block", "code": "bricklayers:glassluminous-*-white-faint", "quantity": 1, "name": "type" }
	},
	"width": 1,
	"height": 2,
	"recipeGroup": 3,
	"output": { "type": "item", "code": "bricklayers:glassbatchluminous-{type}-white-faint", "quantity": 4 }
	},

	{
	"ingredientPattern": "P,G",
	"ingredients": {
		"P": { "type": "item", "code": "game:pickaxe-*", "isTool": true },
		"G": { "type": "block", "code": "bricklayers:glassluminous-*-yellow-faint", "quantity": 1, "name": "type" }
	},
	"width": 1,
	"height": 2,
	"recipeGroup": 3,
	"output": { "type": "item", "code": "bricklayers:glassbatchluminous-{type}-yellow-faint", "quantity": 4 }
	}

]
