[
	{
	"ingredientPattern": "P,G",
	"ingredients": {
		"P": { "type": "item", "code": "game:pickaxe-*", "isTool": true },
		"G": { "type": "block", "code": "bricklayers:glassluminous-*-black-normal", "quantity": 1, "name": "type" }
	},
	"width": 1,
	"height": 2,
	"recipeGroup": 3,
	"output": { "type": "item", "code": "bricklayers:glassbatchluminous-{type}-black-normal", "quantity": 4 }
	},

	{
	"ingredientPattern": "P,G",
	"ingredients": {
		"P": { "type": "item", "code": "game:pickaxe-*", "isTool": true },
		"G": { "type": "block", "code": "bricklayers:glassluminous-*-blue-normal", "quantity": 1, "name": "type" }
	},
	"width": 1,
	"height": 2,
	"recipeGroup": 3,
	"output": { "type": "item", "code": "bricklayers:glassbatchluminous-{type}-blue-normal", "quantity": 4 }
	},

	{
	"ingredientPattern": "P,G",
	"ingredients": {
		"P": { "type": "item", "code": "game:pickaxe-*", "isTool": true },
		"G": { "type": "block", "code": "bricklayers:glassluminous-*-brown-normal", "quantity": 1, "name": "type" }
	},
	"width": 1,
	"height": 2,
	"recipeGroup": 3,
	"output": { "type": "item", "code": "bricklayers:glassbatchluminous-{type}-brown-normal", "quantity": 4 }
	},

	{
	"ingredientPattern": "P,G",
	"ingredients": {
		"P": { "type": "item", "code": "game:pickaxe-*", "isTool": true },
		"G": { "type": "block", "code": "bricklayers:glassluminous-*-green-normal", "quantity": 1, "name": "type" }
	},
	"width": 1,
	"height": 2,
	"recipeGroup": 3,
	"output": { "type": "item", "code": "bricklayers:glassbatchluminous-{type}-green-normal", "quantity": 4 }
	},

	{
	"ingredientPattern": "P,G",
	"ingredients": {
		"P": { "type": "item", "code": "game:pickaxe-*", "isTool": true },
		"G": { "type": "block", "code": "bricklayers:glassluminous-*-orange-normal", "quantity": 1, "name": "type" }
	},
	"width": 1,
	"height": 2,
	"recipeGroup": 3,
	"output": { "type": "item", "code": "bricklayers:glassbatchluminous-{type}-orange-normal", "quantity": 4 }
	},

	{
	"ingredientPattern": "P,G",
	"ingredients": {
		"P": { "type": "item", "code": "game:pickaxe-*", "isTool": true },
		"G": { "type": "block", "code": "bricklayers:glassluminous-*-pink-normal", "quantity": 1, "name": "type" }
	},
	"width": 1,
	"height": 2,
	"recipeGroup": 3,
	"output": { "type": "item", "code": "bricklayers:glassbatchluminous-{type}-pink-normal", "quantity": 4 }
	},

	{
	"ingredientPattern": "P,G",
	"ingredients": {
		"P": { "type": "item", "code": "game:pickaxe-*", "isTool": true },
		"G": { "type": "block", "code": "bricklayers:glassluminous-*-red-normal", "quantity": 1, "name": "type" }
	},
	"width": 1,
	"height": 2,
	"recipeGroup": 3,
	"output": { "type": "item", "code": "bricklayers:glassbatchluminous-{type}-red-normal", "quantity": 4 }
	},

	{
	"ingredientPattern": "P,G",
	"ingredients": {
		"P": { "type": "item", "code": "game:pickaxe-*", "isTool": true },
		"G": { "type": "block", "code": "bricklayers:glassluminous-*-violet-normal", "quantity": 1, "name": "type" }
	},
	"width": 1,
	"height": 2,
	"recipeGroup": 3,
	"output": { "type": "item", "code": "bricklayers:glassbatchluminous-{type}-violet-normal", "quantity": 4 }
	},

	{
	"ingredientPattern": "P,G",
	"ingredients": {
		"P": { "type": "item", "code": "game:pickaxe-*", "isTool": true },
		"G": { "type": "block", "code": "bricklayers:glassluminous-*-white-normal", "quantity": 1, "name": "type" }
	},
	"width": 1,
	"height": 2,
	"recipeGroup": 3,
	"output": { "type": "item", "code": "bricklayers:glassbatchluminous-{type}-white-normal", "quantity": 4 }
	},

	{
	"ingredientPattern": "P,G",
	"ingredients": {
		"P": { "type": "item", "code": "game:pickaxe-*", "isTool": true },
		"G": { "type": "block", "code": "bricklayers:glassluminous-*-yellow-normal", "quantity": 1, "name": "type" }
	},
	"width": 1,
	"height": 2,
	"recipeGroup": 3,
	"output": { "type": "item", "code": "bricklayers:glassbatchluminous-{type}-yellow-normal", "quantity": 4 }
	}

]
