[
	{
	"ingredientPattern": "P,G",
	"ingredients": {
		"P": { "type": "item", "code": "game:hammer-*", "isTool": true },
		"G": { "type": "block", "code": "bricklayers:glassluminous-*-black-bright", "quantity": 1, "name": "type" }
	},
	"width": 1,
	"height": 2,
	"recipeGroup": 3,
	"output": { "type": "item", "code": "bricklayers:glassbatchluminous-{type}-black-bright", "quantity": 4 }
	},

	{
	"ingredientPattern": "P,G",
	"ingredients": {
		"P": { "type": "item", "code": "game:hammer-*", "isTool": true },
		"G": { "type": "block", "code": "bricklayers:glassluminous-*-blue-bright", "quantity": 1, "name": "type" }
	},
	"width": 1,
	"height": 2,
	"recipeGroup": 3,
	"output": { "type": "item", "code": "bricklayers:glassbatchluminous-{type}-blue-bright", "quantity": 4 }
	},

	{
	"ingredientPattern": "P,G",
	"ingredients": {
		"P": { "type": "item", "code": "game:hammer-*", "isTool": true },
		"G": { "type": "block", "code": "bricklayers:glassluminous-*-brown-bright", "quantity": 1, "name": "type" }
	},
	"width": 1,
	"height": 2,
	"recipeGroup": 3,
	"output": { "type": "item", "code": "bricklayers:glassbatchluminous-{type}-brown-bright", "quantity": 4 }
	},

	{
	"ingredientPattern": "P,G",
	"ingredients": {
		"P": { "type": "item", "code": "game:hammer-*", "isTool": true },
		"G": { "type": "block", "code": "bricklayers:glassluminous-*-green-bright", "quantity": 1, "name": "type" }
	},
	"width": 1,
	"height": 2,
	"recipeGroup": 3,
	"output": { "type": "item", "code": "bricklayers:glassbatchluminous-{type}-green-bright", "quantity": 4 }
	},

	{
	"ingredientPattern": "P,G",
	"ingredients": {
		"P": { "type": "item", "code": "game:hammer-*", "isTool": true },
		"G": { "type": "block", "code": "bricklayers:glassluminous-*-orange-bright", "quantity": 1, "name": "type" }
	},
	"width": 1,
	"height": 2,
	"recipeGroup": 3,
	"output": { "type": "item", "code": "bricklayers:glassbatchluminous-{type}-orange-bright", "quantity": 4 }
	},

	{
	"ingredientPattern": "P,G",
	"ingredients": {
		"P": { "type": "item", "code": "game:hammer-*", "isTool": true },
		"G": { "type": "block", "code": "bricklayers:glassluminous-*-pink-bright", "quantity": 1, "name": "type" }
	},
	"width": 1,
	"height": 2,
	"recipeGroup": 3,
	"output": { "type": "item", "code": "bricklayers:glassbatchluminous-{type}-pink-bright", "quantity": 4 }
	},

	{
	"ingredientPattern": "P,G",
	"ingredients": {
		"P": { "type": "item", "code": "game:hammer-*", "isTool": true },
		"G": { "type": "block", "code": "bricklayers:glassluminous-*-red-bright", "quantity": 1, "name": "type" }
	},
	"width": 1,
	"height": 2,
	"recipeGroup": 3,
	"output": { "type": "item", "code": "bricklayers:glassbatchluminous-{type}-red-bright", "quantity": 4 }
	},

	{
	"ingredientPattern": "P,G",
	"ingredients": {
		"P": { "type": "item", "code": "game:hammer-*", "isTool": true },
		"G": { "type": "block", "code": "bricklayers:glassluminous-*-violet-bright", "quantity": 1, "name": "type" }
	},
	"width": 1,
	"height": 2,
	"recipeGroup": 3,
	"output": { "type": "item", "code": "bricklayers:glassbatchluminous-{type}-violet-bright", "quantity": 4 }
	},

	{
	"ingredientPattern": "P,G",
	"ingredients": {
		"P": { "type": "item", "code": "game:hammer-*", "isTool": true },
		"G": { "type": "block", "code": "bricklayers:glassluminous-*-white-bright", "quantity": 1, "name": "type" }
	},
	"width": 1,
	"height": 2,
	"recipeGroup": 3,
	"output": { "type": "item", "code": "bricklayers:glassbatchluminous-{type}-white-bright", "quantity": 4 }
	},

	{
	"ingredientPattern": "P,G",
	"ingredients": {
		"P": { "type": "item", "code": "game:hammer-*", "isTool": true },
		"G": { "type": "block", "code": "bricklayers:glassluminous-*-yellow-bright", "quantity": 1, "name": "type" }
	},
	"width": 1,
	"height": 2,
	"recipeGroup": 3,
	"output": { "type": "item", "code": "bricklayers:glassbatchluminous-{type}-yellow-bright", "quantity": 4 }
	}

]
