[
	{
	"ingredientPattern": "P,B",
	"ingredients": {
		"P": { "type": "item", "code": "game:pickaxe-*", "isTool": true },
		"B": { "type": "block", "code": "game:clayshinglelabs-*-down-free", "name": "color", "quantity": 1 }
	},
	"width": 1,
	"height": 2,
	"recipeGroup": 3,
	"output": { "type": "item", "code": "game:shingle-burned-{color}", "quantity": 1 }
	},
	{
	"ingredientPattern": "H,B",
	"ingredients": {
		"H": { "type": "item", "code": "game:hammer-*", "isTool": true },
		"B": { "type": "block", "code": "game:clayshinglelabs-*-down-free", "name": "color", "quantity": 1 }
	},
	"width": 1,
	"height": 2,
	"recipeGroup": 3,
	"output": { "type": "item", "code": "game:shingle-burned-{color}", "quantity": 1 }
	}
]
