{
	code: "katar",
	class: "VeryFastSpearChargeNone",
	damagedby: ["attacking"],
	heldTpHitAnimation: "smithing",
	heldTpUseAnimation: "interactstatic",
	tool: "spear",
	attackRange: 2,
	attributes: {
		handbook: {
			groupBy: ["katar-*"]
		},
		toolrackTransform: {
			translation: { x: -1.2, y: 0.5, z: 0 },
			rotation: { x: 0, y: 180, z: 0 },
			origin: { x: 0.5, y: 0, z: 0.5 },
			scale: 2
		},
		groundStorageTransform: {
			translation: { x: 0, y: 0.25, z: 0 },
			rotation: { x: -65, y: -90, z: 0 }
		}
	},
	behaviors: [{ 
		name: "GroundStorable",
		properties: {
			layout: 'WallHalves',
			wallOffY: 1,
			sprintKey: true,
			selectionBox: { x1: 0, y1: 0, z1: 0, x2: 1, y2: 0.1, z2: 1 },
			collisionBox: { x1: 0, y1: 0, z1: 0, x2: 0, y2: 0, z2: 0 },
		}
	}],
	variantgroups: [
		{ code: "material", states: ["copper", "tinbronze", "bismuthbronze", "blackbronze", "iron", "meteoriciron", "steel" ] },
	],
	shapeByType: {
		"*": { base: "item/weapon/katar" }
	},
	texturesByType: {
		"*": {
			"iron": { base: "game:block/metal/anvil/{material}" }
		},
	},
	attackRange: 2.2,
	tooltierbytype: {
		"*-copper": 3,
		"*-bismuthbronze": 4,
		"*-tinbronze": 4,
		"*-blackbronze": 4,
		"*-iron": 5,
		"*-meteoriciron": 5,
		"*-steel": 6
	},
	attackpowerbytype: {
		"*-copper": 2.7,
		"*-tinbronze": 3.5,
		"*-bismuthbronze": 3.5,
		"*-blackbronze": 3.5,
		"*-iron": 4.5,
		"*-meteoriciron": 5,
		"*-steel": 6.5
	},
	durabilitybytype: {
		"*-copper": 980,
		"*-tinbronze": 1500,
		"*-bismuthbronze": 1550,
		"*-blackbronze": 1600,
		"*-iron": 2240,
		"*-meteoriciron": 2460,
		"*-steel": 3840
	},
	damageTypeByType: {
		"*": "PiercingAttack",
	},
	creativeinventory: { "general": ["*"], "items": ["*"], "tools": ["*"], "alphaweaponpack": ["*"] },
	guiTransform: {
		translation: { x: 0, y: 0, z: 0 },
		rotation: { x: -60, y: 50, z: 0 },
		origin: { x: 0.5, y: 1, z: 0.11 },
		scale: 2
	},
	fpHandTransform: {
		translation: { x: 0, y: 0, z: 0.7 },
		rotation: { x: -85, y: 15, z: 85 },
		origin: { x: -0.2, y: 0.6, z: 0.45 },
		scale: 2.5
	},
	tpHandTransform: {
		translation: { x: -0.52, y: -1, z: -0.025 },
		rotation: { x: 90, y: 90, z: 0 },
		scale: 1
	},
	groundTransform: {
		translation: { x: 0, y: 0.55, z: 0 },
		rotation: { x: 0, y: 0, z: 0 },
		origin: { x: 0.5, y: 0.5, z: 0.5299 },
		scale: 5.65
	}
}