{
	"editor": {
		"allAngles": false,
		"entityTextureMode": false
	},
	"textureWidth": 16,
	"textureHeight": 16,
	"textureSizes": {
	},
	"textures": {
	},
	"elements": [
		{
			"name": "vegetable 1",
			"from": [ 5.5, 0.0, 6.5 ], 
			"to": [ 10.5, 0.5, 10.5 ], 
			"rotationOrigin": [ 5.5, -1.0, 6.5 ],
			"faces": {
				"north": { "texture": "#vegetable", "uv": [ 10.5, 3.0, 15.5, 3.5 ] },
				"east": { "texture": "#vegetable", "uv": [ 11.5, 1.0, 15.5, 1.5 ] },
				"south": { "texture": "#vegetable", "uv": [ 10.0, 2.0, 15.0, 2.5 ] },
				"west": { "texture": "#vegetable", "uv": [ 11.5, 7.0, 15.5, 7.5 ] },
				"up": { "texture": "#vegetable", "uv": [ 11.0, 1.0, 16.0, 5.0 ] },
				"down": { "texture": "#vegetable", "uv": [ 0.0, 0.0, 5.0, 4.0 ] }
			},
			"children": [
				{
					"name": "voxel1",
					"from": [ 0.5, 0.3, 1.5 ], 
					"to": [ 1.5, 0.8, 2.5 ], 
					"rotationOrigin": [ 0.5, 0.0, 1.5 ],
					"faces": {
						"north": { "texture": "#vegetable", "uv": [ 9.0, 4.0, 10.0, 4.5 ] },
						"east": { "texture": "#vegetable", "uv": [ 14.0, 1.0, 15.0, 1.5 ] },
						"south": { "texture": "#vegetable", "uv": [ 13.5, 1.5, 14.5, 2.0 ] },
						"west": { "texture": "#vegetable", "uv": [ 12.0, 4.5, 13.0, 5.0 ] },
						"up": { "texture": "#vegetable", "uv": [ 12.5, 3.0, 13.5, 4.0 ] },
						"down": { "texture": "#vegetable", "uv": [ 6.0, 7.0, 7.0, 8.0 ], "enabled": false }
					}
				},
				{
					"name": "voxel68",
					"from": [ 2.0, 0.3, 1.0 ], 
					"to": [ 3.5, 0.8, 2.0 ], 
					"rotationOrigin": [ 0.0, 0.0, 1.5 ],
					"faces": {
						"north": { "texture": "#vegetable", "uv": [ 13.5, 2.0, 15.0, 2.5 ] },
						"east": { "texture": "#vegetable", "uv": [ 10.5, 4.0, 11.5, 4.5 ] },
						"south": { "texture": "#vegetable", "uv": [ 11.0, 6.0, 12.5, 6.5 ] },
						"west": { "texture": "#vegetable", "uv": [ 8.5, 3.5, 9.5, 4.0 ] },
						"up": { "texture": "#vegetable", "uv": [ 14.5, 4.0, 16.0, 5.0 ] },
						"down": { "texture": "#vegetable", "uv": [ 6.0, 7.0, 7.5, 8.0 ], "enabled": false }
					}
				},
				{
					"name": "voxel69",
					"from": [ 1.9, 0.3, 2.5 ], 
					"to": [ 2.4, 0.8, 3.0 ], 
					"rotationOrigin": [ 0.9, 0.0, 3.5 ],
					"faces": {
						"north": { "texture": "#vegetable", "uv": [ 11.0, 1.5, 11.5, 2.0 ] },
						"east": { "texture": "#vegetable", "uv": [ 11.5, 5.0, 12.0, 5.5 ] },
						"south": { "texture": "#vegetable", "uv": [ 13.5, 6.5, 14.0, 7.0 ] },
						"west": { "texture": "#vegetable", "uv": [ 14.5, 1.0, 15.0, 1.5 ] },
						"up": { "texture": "#vegetable", "uv": [ 14.0, 5.0, 14.5, 5.5 ] },
						"down": { "texture": "#vegetable", "uv": [ 6.0, 7.0, 6.5, 7.5 ], "enabled": false }
					}
				},
				{
					"name": "voxel70",
					"from": [ 1.0, 0.3, 0.5 ], 
					"to": [ 1.5, 0.8, 1.0 ], 
					"rotationOrigin": [ 0.5, 0.0, 1.5 ],
					"faces": {
						"north": { "texture": "#vegetable", "uv": [ 13.0, 4.0, 13.5, 4.5 ] },
						"east": { "texture": "#vegetable", "uv": [ 10.0, 1.0, 10.5, 1.5 ] },
						"south": { "texture": "#vegetable", "uv": [ 11.0, 2.0, 11.5, 2.5 ] },
						"west": { "texture": "#vegetable", "uv": [ 12.0, 3.0, 12.5, 3.5 ] },
						"up": { "texture": "#vegetable", "uv": [ 12.0, 5.0, 12.5, 5.5 ] },
						"down": { "texture": "#vegetable", "uv": [ 6.0, 7.0, 6.5, 7.5 ], "enabled": false }
					}
				},
				{
					"name": "voxel71",
					"from": [ 2.6, 0.3, 2.6 ], 
					"to": [ 3.1, 0.8, 3.1 ], 
					"rotationOrigin": [ 0.5, 0.0, 1.5 ],
					"faces": {
						"north": { "texture": "#vegetable", "uv": [ 10.5, 3.5, 11.0, 4.0 ] },
						"east": { "texture": "#vegetable", "uv": [ 11.5, 6.0, 12.0, 6.5 ] },
						"south": { "texture": "#vegetable", "uv": [ 15.0, 3.0, 15.5, 3.5 ] },
						"west": { "texture": "#vegetable", "uv": [ 9.0, 0.5, 9.5, 1.0 ] },
						"up": { "texture": "#vegetable", "uv": [ 13.0, 6.0, 13.5, 6.5 ] },
						"down": { "texture": "#vegetable", "uv": [ 6.0, 7.0, 6.5, 7.5 ], "enabled": false }
					}
				},
				{
					"name": "voxel72",
					"from": [ 1.5, 0.3, 3.2 ], 
					"to": [ 2.0, 0.8, 3.7 ], 
					"rotationOrigin": [ 0.5, 0.0, 1.4 ],
					"faces": {
						"north": { "texture": "#vegetable", "uv": [ 15.0, 7.5, 15.5, 8.0 ] },
						"east": { "texture": "#vegetable", "uv": [ 13.0, 5.5, 13.5, 6.0 ] },
						"south": { "texture": "#vegetable", "uv": [ 12.0, 0.5, 12.5, 1.0 ] },
						"west": { "texture": "#vegetable", "uv": [ 14.5, 4.5, 15.0, 5.0 ] },
						"up": { "texture": "#vegetable", "uv": [ 9.5, 3.0, 10.0, 3.5 ] },
						"down": { "texture": "#vegetable", "uv": [ 6.0, 7.0, 6.5, 7.5 ], "enabled": false }
					}
				}
			]
		},
		{
			"name": "vegetable 2",
			"from": [ 6.0, 1.0, 6.0 ], 
			"to": [ 10.0, 1.5, 10.0 ], 
			"rotationOrigin": [ 6.5, -1.8, 6.5 ],
			"faces": {
				"north": { "texture": "#vegetable", "uv": [ 10.5, 3.0, 14.5, 3.5 ], "enabled": false },
				"east": { "texture": "#vegetable", "uv": [ 11.5, 1.0, 15.5, 1.5 ], "enabled": false },
				"south": { "texture": "#vegetable", "uv": [ 10.0, 2.0, 14.0, 2.5 ], "enabled": false },
				"west": { "texture": "#vegetable", "uv": [ 11.5, 7.0, 15.5, 7.5 ], "enabled": false },
				"up": { "texture": "#vegetable", "uv": [ 11.0, 1.0, 15.0, 5.0 ], "enabled": false },
				"down": { "texture": "#vegetable", "uv": [ 0.0, 0.0, 4.0, 4.0 ], "enabled": false }
			},
			"children": [
				{
					"name": "voxel74",
					"from": [ 1.5, -0.6, 1.5 ], 
					"to": [ 2.5, -0.1, 2.5 ], 
					"rotationOrigin": [ 0.5, 0.0, 1.5 ],
					"faces": {
						"north": { "texture": "#vegetable", "uv": [ 9.0, 4.0, 10.0, 4.5 ] },
						"east": { "texture": "#vegetable", "uv": [ 14.0, 1.0, 15.0, 1.5 ] },
						"south": { "texture": "#vegetable", "uv": [ 13.5, 1.5, 14.5, 2.0 ] },
						"west": { "texture": "#vegetable", "uv": [ 12.0, 4.5, 13.0, 5.0 ] },
						"up": { "texture": "#vegetable", "uv": [ 12.5, 3.0, 13.5, 4.0 ] },
						"down": { "texture": "#vegetable", "uv": [ 6.0, 7.0, 7.0, 8.0 ], "enabled": false }
					}
				},
				{
					"name": "voxel75",
					"from": [ 0.9, -0.6, 2.5 ], 
					"to": [ 1.9, -0.1, 3.5 ], 
					"rotationOrigin": [ 0.5, 0.0, 1.5 ],
					"faces": {
						"north": { "texture": "#vegetable", "uv": [ 13.5, 2.0, 14.5, 2.5 ] },
						"east": { "texture": "#vegetable", "uv": [ 10.5, 4.0, 11.5, 4.5 ] },
						"south": { "texture": "#vegetable", "uv": [ 11.0, 6.0, 12.0, 6.5 ] },
						"west": { "texture": "#vegetable", "uv": [ 8.5, 3.5, 9.5, 4.0 ] },
						"up": { "texture": "#vegetable", "uv": [ 14.5, 4.0, 15.5, 5.0 ] },
						"down": { "texture": "#vegetable", "uv": [ 6.0, 7.0, 7.0, 8.0 ], "enabled": false }
					}
				},
				{
					"name": "voxel76",
					"from": [ 0.5, -0.6, 1.0 ], 
					"to": [ 1.0, -0.1, 1.5 ], 
					"rotationOrigin": [ 0.4, 0.0, 1.5 ],
					"faces": {
						"north": { "texture": "#vegetable", "uv": [ 11.0, 1.5, 11.5, 2.0 ] },
						"east": { "texture": "#vegetable", "uv": [ 11.5, 5.0, 12.0, 5.5 ] },
						"south": { "texture": "#vegetable", "uv": [ 13.5, 6.5, 14.0, 7.0 ] },
						"west": { "texture": "#vegetable", "uv": [ 14.5, 1.0, 15.0, 1.5 ] },
						"up": { "texture": "#vegetable", "uv": [ 14.0, 5.0, 14.5, 5.5 ] },
						"down": { "texture": "#vegetable", "uv": [ 6.0, 7.0, 6.5, 7.5 ], "enabled": false }
					}
				},
				{
					"name": "voxel77",
					"from": [ 2.5, -0.6, 0.7 ], 
					"to": [ 3.0, -0.1, 1.2 ], 
					"rotationOrigin": [ 0.5, 0.0, 1.5 ],
					"faces": {
						"north": { "texture": "#vegetable", "uv": [ 13.0, 4.0, 13.5, 4.5 ] },
						"east": { "texture": "#vegetable", "uv": [ 10.0, 1.0, 10.5, 1.5 ] },
						"south": { "texture": "#vegetable", "uv": [ 11.0, 2.0, 11.5, 2.5 ] },
						"west": { "texture": "#vegetable", "uv": [ 12.0, 3.0, 12.5, 3.5 ] },
						"up": { "texture": "#vegetable", "uv": [ 13.5, 4.5, 14.0, 5.0 ] },
						"down": { "texture": "#vegetable", "uv": [ 6.0, 7.0, 6.5, 7.5 ], "enabled": false }
					}
				},
				{
					"name": "voxel78",
					"from": [ 3.0, -0.6, 3.0 ], 
					"to": [ 3.5, -0.1, 3.5 ], 
					"rotationOrigin": [ 0.5, 0.0, 1.5 ],
					"faces": {
						"north": { "texture": "#vegetable", "uv": [ 10.5, 3.5, 11.0, 4.0 ] },
						"east": { "texture": "#vegetable", "uv": [ 11.0, 6.0, 11.5, 6.5 ] },
						"south": { "texture": "#vegetable", "uv": [ 15.0, 3.0, 15.5, 3.5 ] },
						"west": { "texture": "#vegetable", "uv": [ 9.0, 0.5, 9.5, 1.0 ] },
						"up": { "texture": "#vegetable", "uv": [ 13.0, 6.0, 13.5, 6.5 ] },
						"down": { "texture": "#vegetable", "uv": [ 6.0, 7.0, 6.5, 7.5 ], "enabled": false }
					}
				},
				{
					"name": "voxel79",
					"from": [ 3.4, -0.6, 1.6 ], 
					"to": [ 3.9, -0.1, 2.1 ], 
					"rotationOrigin": [ 0.5, 0.0, 1.4 ],
					"faces": {
						"north": { "texture": "#vegetable", "uv": [ 15.0, 7.5, 15.5, 8.0 ] },
						"east": { "texture": "#vegetable", "uv": [ 13.5, 4.5, 14.0, 5.0 ] },
						"south": { "texture": "#vegetable", "uv": [ 12.0, 0.5, 12.5, 1.0 ] },
						"west": { "texture": "#vegetable", "uv": [ 14.5, 4.5, 15.0, 5.0 ] },
						"up": { "texture": "#vegetable", "uv": [ 9.5, 3.0, 10.0, 3.5 ] },
						"down": { "texture": "#vegetable", "uv": [ 6.0, 7.0, 6.5, 7.5 ], "enabled": false }
					}
				}
			]
		}
	]}