﻿[
  {
	ingredientPattern: "R,M",
    recipeGroup: 1,
	ingredients: {
		"R": { 
			type: "item", 
			code: "game:stone-*",
			name: "stone",
		},
		"M": { 
			type: "item", 
			code: "ancienttools:saltedmeat-bushmeat-raw", 
			name: "meat",
		},
	},
	width: 1,
	height: 2,
	name: "bushmeatsmash",
	output: { type: "item", code: "saltedmeatnugget-bushmeat-smashed"  }
  },
  {
	ingredientPattern: "R,M",
    recipeGroup: 1,
	ingredients: {
		"R": { 
			type: "item", 
			code: "game:stone-*",
			name: "stone",
		},
		"M": { 
			type: "item", 
			code: "ancienttools:saltedmeat-poultry-raw", 
			name: "meat",
		},
	},
	width: 1,
	height: 2,
	name: "poultrysmash",
	output: { type: "item", code: "saltedmeatnugget-poultry-smashed"  }
  },
  {
	ingredientPattern: "R,M",
    recipeGroup: 1,
	ingredients: {
		"R": { 
			type: "item", 
			code: "game:stone-*",
			name: "stone",
		},
		"M": { 
			type: "item", 
			code: "ancienttools:saltedmeat-redmeat-raw", 
			name: "meat",
		},
	},
	width: 1,
	height: 2,
	name: "redmeatsmash",
	output: { type: "item", code: "saltedmeatnugget-redmeat-smashed"  }
  },
  {
    "ingredientPattern": "SM",
    recipeGroup: 3,
    "ingredients": {
      "S": {
        type: "item",
        code: "game:knife-*",
        isTool: true
      },
      "M": {
        type: "item",
        code: "saltedmeatnugget-bushmeat-smashed",
        name: "meat",
      }
    },
    "width": 2,
    "height": 1,
    "shapeless": true,
    "output": { type: "item", code: "saltedmeatnugget-bushmeat-raw" }
   },
  {
    "ingredientPattern": "SM",
    recipeGroup: 3,
    "ingredients": {
      "S": {
        type: "item",
        code: "game:knife-*",
        isTool: true
      },
      "M": {
        type: "item",
        code: "saltedmeatnugget-redmeat-smashed",
        name: "meat",
      }
    },
    "width": 2,
    "height": 1,
    "shapeless": true,
    "output": { type: "item", code: "saltedmeatnugget-redmeat-raw" }
   },
  {
    "ingredientPattern": "SM",
    recipeGroup: 3,
    "ingredients": {
      "S": {
        type: "item",
        code: "game:knife-*",
        isTool: true
      },
      "M": {
        type: "item",
        code: "saltedmeatnugget-poultry-smashed",
        name: "meat",
      }
    },
    "width": 2,
    "height": 1,
    "shapeless": true,
    "output": { type: "item", code: "saltedmeatnugget-poultry-raw" }
   },
 {
	ingredientPattern: "H,M",
    recipeGroup: 2,
	ingredients: {
		"H": { 
			type: "item", 
			code: "game:hammer-*",
			isTool: true
		},
		"M": { 
			type: "item", 
			code: "ancienttools:saltedmeat-bushmeat-raw", 
			name: "meat",
		},
	},
	width: 1,
	height: 2,
	name: "bushmeatsmash",
	output: { type: "item", code: "saltedmeatnugget-bushmeat-smashed"  }
  },
  {
	ingredientPattern: "H,M",
    recipeGroup: 2,
	ingredients: {
		"H": { 
			type: "item", 
			code: "game:hammer-*",
			isTool: true
		},
		"M": { 
			type: "item", 
			code: "ancienttools:saltedmeat-poultry-raw", 
			name: "meat",
		},
	},
	width: 1,
	height: 2,
	name: "poultrysmash",
	output: { type: "item", code: "saltedmeatnugget-poultry-smashed"  }
  },
  {
	ingredientPattern: "H,M",
    recipeGroup: 2,
	ingredients: {
		"H": { 
			type: "item", 
			code: "game:hammer-*",
			isTool: true
		},
		"M": { 
			type: "item", 
			code: "ancienttools:saltedmeat-redmeat-raw", 
			name: "meat",
		},
	},
	width: 1,
	height: 2,
	name: "redmeatsmash",
	output: { type: "item", code: "saltedmeatnugget-redmeat-smashed"  }
  },
  {
    "ingredientPattern": "SM",
    recipeGroup: 4,
    "ingredients": {
      "S": {
        type: "item",
        code: "game:cleaver-*",
        isTool: true
      },
      "M": {
        type: "item",
        code: "saltedmeatnugget-bushmeat-smashed",
        name: "meat",
      }
    },
    "width": 2,
    "height": 1,
    "shapeless": true,
    "output": { type: "item", code: "saltedmeatnugget-bushmeat-raw" }
   },
  {
    "ingredientPattern": "SM",
    recipeGroup: 4,
    "ingredients": {
      "S": {
        type: "item",
        code: "game:cleaver-*",
        isTool: true
      },
      "M": {
        type: "item",
        code: "saltedmeatnugget-redmeat-smashed",
        name: "meat",
      }
    },
    "width": 2,
    "height": 1,
    "shapeless": true,
    "output": { type: "item", code: "saltedmeatnugget-redmeat-raw" }
   },
  {
    "ingredientPattern": "SM",
    recipeGroup: 4,
    "ingredients": {
      "S": {
        type: "item",
        code: "game:cleaver-*",
        isTool: true
      },
      "M": {
        type: "item",
        code: "saltedmeatnugget-poultry-smashed",
        name: "meat",
      }
    },
    "width": 2,
    "height": 1,
    "shapeless": true,
    "output": { type: "item", code: "saltedmeatnugget-poultry-raw" }
   },
  {
	ingredientPattern: "R,M",
    recipeGroup: 5,
	ingredients: {
		"R": { 
			type: "item", 
			code: "aculinaryartillery:rollingpin-*",
			name: "rollingpin",
       			isTool: true
		},
		"M": { 
			type: "item", 
			code: "ancienttools:saltedmeat-bushmeat-raw", 
			name: "meat",
		},
	},
	width: 1,
	height: 2,
	name: "bushmeatsmash",
	output: { type: "item", code: "saltedmeatnugget-bushmeat-smashed"  }
  },
  {
	ingredientPattern: "R,M",
    recipeGroup: 5,
	ingredients: {
		"R": { 
			type: "item", 
			code: "aculinaryartillery:rollingpin-*",
			name: "rollingpin",
       			isTool: true
		},
		"M": { 
			type: "item", 
			code: "ancienttools:saltedmeat-poultry-raw", 
			name: "meat",
		},
	},
	width: 1,
	height: 2,
	name: "poultrysmash",
	output: { type: "item", code: "saltedmeatnugget-poultry-smashed"  }
  },
  {
	ingredientPattern: "R,M",
    recipeGroup: 5,
	ingredients: {
		"R": { 
			type: "item", 
			code: "aculinaryartillery:rollingpin-*",
			name: "rollingpin",
       			isTool: true
		},
		"M": { 
			type: "item", 
			code: "ancienttools:saltedmeat-redmeat-raw", 
			name: "meat",
		},
	},
	width: 1,
	height: 2,
	name: "redmeatsmash",
	output: { type: "item", code: "saltedmeatnugget-redmeat-smashed"  }
  },
]