{
	"editor": {
		"allAngles": false,
		"entityTextureMode": false
	},
	"textureWidth": 16,
	"textureHeight": 16,
	"textureSizes": {
	},
	"textures": {
		"bark": "block/plant/palm/coconut/bark",
		"treetrunk": "block/plant/palm/coconut/treetrunk"
	},
	"elements": [
		{
			"name": "Cube1",
			"from": [ 5.5, 0.0, 5.5 ], 
			"to": [ 10.5, 16.0, 10.5 ], 
			"rotationOrigin": [ 8.0, 0.0, 8.0 ],
			"faces": {
				"north": { "texture": "#bark", "uv": [ 2.0, 0.0, 7.0, 16.0 ] },
				"east": { "texture": "#bark", "uv": [ 2.0, 0.0, 7.0, 16.0 ] },
				"south": { "texture": "#bark", "uv": [ 2.0, 0.0, 7.0, 16.0 ] },
				"west": { "texture": "#bark", "uv": [ 2.0, 0.0, 7.0, 16.0 ] },
				"up": { "texture": "#treetrunk", "uv": [ 2.5, 2.0, 7.5, 7.0 ] },
				"down": { "texture": "#treetrunk", "uv": [ 2.5, 1.5, 7.5, 6.5 ] }
			}
		}
	]}