{
  "code": "bairdicrab",
  "class": "EntityAgent",
  "hitboxSize": {
    "x": 1,
    "y": 1
  },
  "deadHitboxSize": {
    "x": 1,
    "y": 1
  },
  "canClimb": false,
  "falldamage": false,
  "eyeHeight": 0.3,
  "drops": [],
  "client": {
    "renderer": "Shape",
    "shape": {
      "base": "entity/land/bairdicrab"
    },
    "size": 1,
    "textures": {
      "crab": {
        "base": "primitivesurvival:entity/land/crab/bairdicrab"
      }
    },
    "behaviors": [
      {
        "code": "controlledphysics",
        "stepHeight": 1.1251
      },
      {
        "code": "passivephysics",
        "waterDragfactor": 0.3,
        "gravityFactor": 0.1
      },
      {
        "code": "floatupwhenstuck",
        "onlyWhenDead": false
      },
      {
        "code": "interpolateposition"
      },
      {
        "code": "harvestable"
      },
      {
        "code": "despawn",
        "minPlayerDistance": 28,
        "belowLightLevel": 8,
        "minSeconds": 50
      }
    ],
    "animations": [
      {
        "code": "die",
        "animation": "die",
        "animationSpeed": 1,
        "weight": 10,
        "blendMode": "AddAverage",
        "triggeredBy": {
          "onControls": [
            "dead"
          ]
        }
      },
      {
        "code": "idle",
        "animation": "idle",
        "blendMode": "AddAverage",
        "animationSpeed": 1
      },
      {
        "code": "sleep",
        "animation": "sleep",
        "animationSpeed": 1,
        "blendMode": "AddAverage"
      },
      {
        "code": "sit",
        "animation": "sleep",
        "animationSpeed": 1,
        "blendMode": "AddAverage",
        "triggeredBy": {
          "defaultAnim": true
        }
      },
      {
        "code": "wander",
        "animation": "wander",
        "animationSpeed": 1,
        "blendMode": "AddAverage"
      }
    ]
  },
  "server": {
    "behaviors": [
      {
        "code": "controlledphysics",
        "stepHeight": 1.1251
      },
      {
        "code": "passivephysics",
        "waterDragfactor": 0.3,
        "gravityFactor": 0.1
      },
      {
        "code": "health", // Adds a health bar to the entity
        "currenthealth": 8,
        "maxhealth": 12
      },
      {
        "code": "deaddecay", // Makes the dead entity stay for one hour
        "hoursToDecay": 1
      },
      {
        "code": "floatupwhenstuck",
        "onlyWhenDead": true
      },
      {
        "code": "harvestable",
        "drops": [
          {
            "type": "item",
            "code": "primitivesurvival:crabmeat-raw",
            "quantity": {
              "avg": 6,
              "var": 2
            }
          }
        ]
      },
      {
        "code": "emotionstates", // Adds different emotion states
        "states": [
          {
            "code": "fleeondamage", // After the entity is hit it will try to flee for 10 seconds
            "duration": 10,
            "chance": 0.2,
            "slot": 0,
            "priority": 1,
            "accumType": "max"
          }
        ]
      },
      {
        "code": "despawn", // Makes the entity despawn if there is no player within 48 blocks
        "minPlayerDistance": 48,
        "minSeconds": 5
      },
      {
        "code": "taskai",
        "aitasks": [
          {
            "code": "meleeattackcrab",
            "entityCodes": [
              "player"
            ],
            "priority": 3,
            "damage": 1,
            "damageType": "SlashingAttack",
            "slot": 1,
            "mincooldown": 1500,
            "maxcooldown": 4500,
            "movespeed": 0.12,
            "attackDurationMs": 0,
            "damagePlayerAtMs": 0,
            "animation": "attack",
            "animationSpeed": 1,
            "whenInEmotionState": "aggressiveondamage"
          },
          {
            "code": "seekentity",
            "entityCodes": [
              "player"
            ],
            "priority": 2.5,
            "movespeed": 0.02,
            "seekingRange": 20,
            "animation": "wander",
            "mincooldown": 1500,
            "maxcooldown": 4500,
            "animationSpeed": 1,
            "whenInEmotionState": "aggressiveondamage"
          },
          {
            "code": "fleeentity",
            "entityCodes": [
              "player"
            ],
            "priority": 2,
            "movespeed": 0.02,
            "mincooldown": 1500,
            "maxcooldown": 4500,
            "seekingRange": 14,
            "animation": "wander",
            "animationSpeed": 1
          },
          {
            "code": "meleeattackcrab",
            "entityCodes": [
              "player"
            ],
            "priority": 1.6,
            "damage": 1,
            "slot": 1,
            "mincooldown": 1500,
            "maxcooldown": 4500,
            "movespeed": 0.015,
            "attackDurationMs": 300,
            "damagePlayerAtMs": 500,
            "animation": "attack",
            "animationSpeed": 1
          },
          {
            "code": "idle",
            "priority": 1.38,
            "minduration": 200000,
            "maxduration": 800000,
            "mincooldown": 10000,
            "maxcooldown": 30000,
            "animation": "wander",
            "movespeed": 0.0,
            "whenNotInEmotionState": "aggressiveondamage",
            "duringDayTimeFrames": [
              {
                "fromHour": 10,
                "toHour": 18
              },
              {
                "fromHour": 1,
                "toHour": 4
              }
            ],
            "stopOnNearbyEntityCodes": [
              "player"
            ],
            "stopRange": 8,
            "stopOnHurt": true
          },
          {
            "code": "wander",
            "priority": 1.0,
            "priorityForCancel": 1.35,
            "movespeed": 0.02,
            "mincooldown": 1500,
            "maxcooldown": 4500,
            "animation": "wander",
            "preferredLightLevel": 20
          },
          {
            "code": "idle",
            "priority": 5,
            "minduration": 2000,
            "maxduration": 30000,
            "mincooldown": 2000,
            "maxcooldown": 120000,
            "animation": "wander",
            "animationSpeed": 1,
            "movespeed": 0.0,
            "stopOnNearbyEntityCodes": [
              "player"
            ],
            "stopRange": 8,
            "stopOnHurt": true
          },
          {
            "code": "lookaround",
            "priority": 0.5,
            "animation": "wander",
            "movespeed": 0.0,
            "animationSpeed": 1,
            "minduration": 2000,
            "maxduration": 3000
          }
        ]
      }
    ],
    "spawnconditions": {
      "worldgen": {
        "TriesPerChunk": {
          "avg": 0.075,
          "var": 0
        },
        "tryOnlySurface": false,
        "groupSize": {
          "dist": "verynarrowgaussian",
          "avg": 5,
          "var": 2
        },
        "insideBlockCodes": [
          "game:water-still-7",
          "game:saltwater-*"
        ],
        "minTemp": 0,
        "maxTemp": 50,
        "minRain": 0.25
      },
      "runtime": {
        "group": "neutral",
        "tryOnlySurface": false,
        "mindistancetoplayer": 48,
        "maxQuantity": 7,
        "__comment": "Make them spawn away from artifical light so they don't spawn inside farmland",
        "maxLightLevel": 8,
        "lightLevelType": "onlyBlockLight",
        "groupSize": {
          "dist": "verynarrowgaussian",
          "avg": 5,
          "var": 2
        },
        "insideBlockCodes": [
          "game:water-still-7",
          "game:saltwater-*"
        ],
        "minTemp": 0,
        "maxTemp": 50,
        "minRain": 0.25,
        "maxForest": 0.5,
        "chance": 0.01
      }
    }
  }
}
