[
  {
    "op": "add",
    "path": "/ingredients/I/allowedVariants",
    "value": [
      "copper",
      "brass",
      "blackbronze",
      "bismuth",
      "tinbronze",
      "bismuthbronze",
      "iron",
      "molybdochalkos",
      "silver",
      "gold",
      "meteoriciron",
      "steel"
    ],
    "file": "recipes/grid/torchholder.json"
  },
  {
    "op": "add",
    "path": "/ingredients/I/name",
    "value": "material",
    "file": "recipes/grid/torchholder.json"
  },
  {
    "op": "replace",
    "path": "/ingredients/I/code",
    "value": "metalplate-*",
    "file": "recipes/grid/torchholder.json"
  },
  {
    "op": "replace",
    "path": "/output/code",
    "value": "torchholder-{material}-empty-north",
    "file": "recipes/grid/torchholder.json"
  }
]