{
	"code": "waxedflowerpot",
	"class": "Block",
	"behaviorsByType": {
		"*": [
			{ "name": "GroundStorable", "properties": { "layout": "Quadrants", "collisionBox": { "x1": 0, "y1": 0, "z1": 0, "x2": 1, "y2": 0.4375, "z2": 1 } } },
			{ "name": "Unplaceable" },
			{ "name": "RightClickPickup" }
		]
	},
	"attributes": {
		"handbook": { "groupBy": [ "waxedflowerpot-*" ] }
	},
	"maxStackSize": 8,
	"variantgroups": [
		{ "code": "type", "states": [ "bottom" ] },
		{ "code": "color", "states": [
			"blue", "fire", "brown", "black", "blurple", "darkgrey", "green", "light", "malachite", "orange", "pink", "purple", "red", "yellow",
			"lavender", "paleblue", "palegreen", "palered", "sunflower", "white" ] }
	],
	"creativeinventory": { "general": ["*"], "decorative": ["*"], "ceramics": ["*"] },
	"shape": { "base": "bricklayers:block/clay/flowerpot/flowerpot_glazed" },
	"blockmaterial": "Ceramic",
	"replaceable": 900,
	"resistance": 1.5,
	"lightAbsorption": 1,
	"textures": {
		"ceramic": { "base": "bricklayers:block/clay/burnt/{color}" },
		"top": { "base": "bricklayers:block/clay/burnt/{color}", "overlays": [ "bricklayers:block/clay/raw/overlay_flowerpot" ] },
		"bottom": { "base": "bricklayers:block/clay/raw/{color}", "overlays": [ "bricklayers:block/ceramic/glazed/wax_overlay" ] }
	},
	"sidesolid": { "all": false },
	"sideopaque": { "all": false },
	"emitsideao": { "all": false },
	"collisionbox": {
		"x1": 0.3125, "y1": 0, "z1": 0.3125,
		"x2": 0.6875, "y2": 0.4375, "z2": 0.6875
	},
	"selectionbox": {
		"x1": 0.3125, "y1": 0, "z1": 0.3125,
		"x2": 0.6875, "y2": 0.4375, "z2": 0.6875
	},
	"tpHandTransform": {
		"translation": { "x": -1.5, "y": -0.9, "z": -1 },
		"rotation": { "x": -78, "y": 32, "z": -95 },
		"scale": 0.45
	},
	"guiTransform": {
		"origin": { "x": 0.5, "y": 0.3, "z": 0.5 },
		"scale": 1.5
	}
}
