{
	code: "pickledvegetable",
	maxstacksize: 64,
	variantgroups: [
		{ code: "type", states: ["pickledbeet", "pickledcauliflower", "pickledeggplant", "pickledjalapeno", "pickledpotato", "pickledyam"] },
	],
	attributesByType: {
		"*-pickledbeet": {
			nutritionPropsWhenInMeal: {
				satiety: 130, 
				foodcategory: "Vegetable"
			},
			onDisplayTransform: { 
				translation: { x: 0.1, y: -0.4, z: 0.1 },
				rotation: { x: 2, y: -47, z: -91 }    
			}
		},
		"*-pickledcauliflower": {
			nutritionPropsWhenInMeal: {
				satiety: 300, 
				foodcategory: "Vegetable"
			},
			onDisplayTransform: { 
				translation: { x: 0, y: -0.048, z: 0 },
				scale: 0.9      
			}
		},
		"*-pickledeggplant": {
			nutritionPropsWhenInMeal: {
				satiety: 130, 
				foodcategory: "Fruit"
			},
			onDisplayTransform: { 
				rotation: { x: 0, y: 45, z: 0 },
				scale: 1  
			}
		},
		"*": {
			displaycaseable: true,
			shelvable: true,
			crockable: true,
			nutritionPropsWhenInMeal: {
				satiety: 130, 
				foodcategory: "Vegetable"
			},
			bakingProperties: {
				temp: 160,
				levelFrom: 0.0,
				levelTo: 0.25,
				startScaleY: 1.0,
				endScaleY: 1.0,
				resultCode: "morecrops:cookedvegetable-{type}-partbaked",
			},
			inContainerTexture: { base: "morecrops:{type}" },
			inPieProperties: { texture: "morecrops:fill-{type}", partType: 'Filling' },
		}
	},
	shape: {
		base: "morecrops:item/food/pickledvegetable/{type}"
	},
	creativeinventory: { "general": ["*"], "items": ["*"] },
	nutritionPropsByType: {
		"*-pickledcauliflower": { saturation: 240, foodcategory: "Vegetable" },
		"*-pickledeggplant": { saturation: 80, foodcategory: "Fruit" },
		"*": { saturation: 80, foodcategory: "Vegetable" },
	},
	transitionablePropsByType: {
		"*": [{
			type: "Perish",
			freshHours: { avg: 1800 },
			transitionHours: { avg: 240 },
			transitionedStack: { type: "item", code: "game:rot" },
			transitionRatio: 0.5
		}]
	},
	materialDensity: 600,
	guiTransformByType: {
		"*-pickledbeet": {
			rotation: { x: -37, y: 135, z: -155 },
			origin: { x: 0.5, y: 0.25, z: 0.5 },
			scale: 1.6
		},
		"*-pickledcauliflower": {
			translation: { x: 2.5, y: 1, z: 0 },
			rotation: { x: 137, y: 131, z: 0 },
			origin: { x: 0.5, y: 0.2, z: 0.5 },
			scale: 2.3
		},
		"*-pickledeggplant": {
			rotation: { x: -37, y: 135, z: -155 },
			origin: { x: 0.56, y: 0.1, z: 0.42 },
			scale: 3.6
		},
		"*-pickledjalapeno": {
			rotation: { x: -57, y: 125, z: -195 },
			origin: { x: 0.49, y: 0.05, z: 0.48 },
			scale: 4.85
		},
		"*": {
			rotation: { x: -37, y: 135, z: -155 },
			origin: { x: 0.56, y: 0.1, z: 0.42 },
			scale: 5.35
		}
	},
	fpHandTransformByType: {
		"*-pickledcauliflower": {
			rotation: { x: 51, y: 90, z: -30 },
			scale: 1.9
		},
		"*": {
			rotation: { x: 45, y: 47, z: -30 },
			origin: { x: 0.5, y: 0.3, z: 0.5 },
			scale: 1.9
		}
	},
	tpHandTransformByType: {
		"*-pickledcauliflower": {
			translation: { x: -0.7, y: -0.14, z: -0.6 },
			rotation: { x: 1, y: -1, z: -31 },
			origin: { x: 0.5, y: 0.1, z: 0.5 },
			scale: 0.79
		},
		"*": {
			translation: { x: -0.6, y: -0.18, z: -0.6 },
			rotation: { x: 0, y: 0, z: -42 },
			origin: { x: 0.5, y: 0.1, z: 0.5 },
			scale: 0.8
		}
	},
	groundTransformByType: {
		"*-pickledbeet": {
			rotation: { x: 90, y: 0, z: 0 },
			origin: { x: 0.47, y: 0.5, z: 0.7 },
			scale: 3
		},
		"*-pickledcauliflower": {
			origin: { x: 0.5, y: 0, z: 0.5 },
			scale: 3.5
		},
		"*-pickledjalapeno": {
			origin: { x: 0.47, y: 0, z: 0.5 },
			scale: 4.3
		},
		"*": {
			rotation: { x: 0, y: 0, z: 83 },
			origin: { x: 0.47, y: 0, z: 0.5 },
			scale: 4.3
		}
	}
}