{
	"code": "brush",
		
	"shape": { "base": "ceramos:item/tool/brush" },
	"variantgroups": [{
	"code": "material",
	"states": [ "birch", "oak", "maple", "pine" ]
		}
	],

	"textures": {
		"wood": { "base": "game:block/wood/debarked/{material}" },
		"brush": { "base": "ceramos:item/material/brush" },
		"linen": { "base": "ceramos:item/material/linen" }
	},

	"attributes": {
		"handbook": { "groupBy": "brush-*" },
		"toolrackTransform": {
			"translation": {
				"x": -0.1,
				"y": 0.57,
				"z": 0
			},
			"rotation": {
				"x": 0,
				"y": -180,
				"z": 2
			},
			"scale": 1.1
			
		},
		"rackable": true
	},

	"damagedby": [ "blockbreaking", "attacking" ],
	"enabled": true,
	"durability": "250",
	"heldTpHitAnimation": "breaktool",
	"creativeinventory": { "general": [ "*" ], "tools": [ "*" ], "ceramos": [ "*" ] },
	"guiTransform": {
		"translation": { "x": 0, "y": 3, "z": 0},
		"rotation": { "x": -31, "y": 124, "z": -11 },
		"origin": {"x": 0.53,"y": 0,"z": 0.4},
		"scale": 2
	},

	"fpHandTransform": {
		"translation": {"x": 0.1,"y": 0.3,"z": 0},
		"rotation": {"x": 90,"y": 99,"z": -42},
		"origin": {"x": 0.5,"y": 0,"z": 0.5},
		"scale": 2.15
	},

	"groundTransform": {
		"translation": {"x": 0,"y": 0,"z": 0},
		"rotation": {"x": 0,"y": 0,"z": 0},
		"origin": {"x": 0.5,"y": 0,"z": 0.5},
		"scale": 4.31
	},
	
	"tpHandTransform": {
		"translation": {"x": -1.2,"y": -0.03,"z": -1},
		"rotation": {"x": 0,"y": 0,"z": 0},
		"origin": {"x": 0.5,"y": 0,"z": 0.5},
		"scale": 0.5
	}
	
}