{
	"code": "spatula",
	"drawtype": "json",
	"shape": { "base": "ceramos:item/tool/spatula" },
	"variantgroups": [{
		 "code": "material", "states": [ "copper", "tinbronze", "bismuthbronze", "blackbronze", "iron", "meteoriciron", "steel" ] 
		}
	],

	"textures": {
		"metal": { "base": "game:block/metal/ingot/{material}" },
		"wood": { "base": "game:block/wood/debarked/oak" },
		"linen": { "base": "game:item/tool/material/linen" }
	},

	"attributes": {
		"handbook": { "groupBy": "spatula-*" },
		"toolrackTransform": {
			"translation": {
				"x": 0.08,
				"y": 0.61,
				"z": 0
			},
			"rotation": {
				"x": 0,
				"y": 0,
				"z": 2
			},
			"scale": 1.1
		},
		"rackable": true
	},

	"damagedby": [ "blockbreaking", "attacking" ],
	"enabled": true,
	"durabilitybytype": {
		"spatula-copper": 200,
		"spatula-tinbronze": 350,
		"spatula-bismuthbronze": 400,
		"spatula-blackbronze": 450,
		"spatula-iron": 800,
		"spatula-meteoriciron": 1100,
		"spatula-steel": 2150
	},

	"heldTpHitAnimation": "breaktool",
	"creativeinventory": { "general": [ "*" ], "tools": [ "*" ], "ceramos": [ "*" ] },
	"guiTransform": {
		"translation": { "x": 0, "y": 3, "z": 0},
		"rotation": { "x": -31, "y": 124, "z": -11 },
		"origin": {"x": 0.53,"y": 0,"z": 0.4},
		"scale": 2
	},

	"fpHandTransform": {
		"translation": {"x": 0.1,"y": 0.3,"z": 0},
		"rotation": {"x": 90,"y": 99,"z": -42},
		"origin": {"x": 0.5,"y": 0,"z": 0.5},
		"scale": 2.15
	},
	
	"groundTransform": {
		"translation": {"x": 0,"y": 0,"z": 0},
		"rotation": {"x": 0,"y": 0,"z": 0},
		"origin": {"x": 0.5,"y": 0,"z": 0.5},
		"scale": 4.31
	},
	"tpHandTransform": {
		"translation": {"x": -1.2,"y": -0.03,"z": -1},
		"rotation": {"x": 0,"y": 0,"z": 0},
		"origin": {"x": 0.5,"y": 0,"z": 0.5},
		"scale": 0.5
	}
	
}