[
	{
		"file": "game:itemtypes/creature.json",
		"op": "add",
		"path": "/variantgroups/0/states-",
		"value": "sheep-domestic-male"
	},
	{
		"file": "game:itemtypes/creature.json",
		"op": "add",
		"path": "/variantgroups/0/states-",
		"value": "sheep-domestic-female"
	},
	{
		"file": "game:itemtypes/creature.json",
		"op": "add",
		"path": "/variantgroups/0/states-",
		"value": "sheep-domestic-lamb"
	},
	{
		"file": "game:itemtypes/creature.json",
		"op": "add",
		"path": "/guiTransformByType/creature-sheep-bighorn-male",
		"value": {
			rotate: true,
			translation: { x: 3, y: 0, z: 0 },
			rotation: { x: -11, y: -52, z: -180 },
			origin: { x: 0.5, y: 0.8, z: 0.5 },
			scale: 0.97
		}
	},
	{
		"file": "game:itemtypes/creature.json",
		"op": "add",
		"path": "/guiTransformByType/creature-sheep-bighorn-female",
		"value": {
			"rotate": true,
			"translation": { "x": 3, "y": 0, "z": 0 },
			"rotation": { "x": -11, "y": -52, "z": -180 },
			"origin": { "x": 0.5, "y": 0.8, "z": 0.5 },
			"scale": 0.97
		}
	},
	{
		"file": "game:itemtypes/creature.json",
		"op": "add",
		"path": "/guiTransformByType/creature-sheep-bighorn-lamb",
		"value": {
			"rotate": true,
			"translation": { "x": 1, "y": -1, "z": 0 },
			"rotation": { "x": -11, "y": -52, "z": -180 },
			"origin": { "x": 0.5, "y": 0.4, "z": 0.5 },
			"scale": 1.86
		}
	},
	
	{
		"file": "game:itemtypes/creature.json",
		"op": "add",
		"path": "/tpHandTransformByType/creature-sheep-bighorn-male",
		"value": {
			"translation": { "x": -0.9, "y": -0.9, "z": -0.7 },
			"rotation": { "x": -180, "y": 0, "z": -156 },
			"scale": 0.45
		}
	},
	{
		"file": "game:itemtypes/creature.json",
		"op": "add",
		"path": "/tpHandTransformByType/creature-sheep-bighorn-female",
		"value": {
			"translation": { "x": -0.9, "y": -0.9, "z": -0.7 },
			"rotation": { "x": -180, "y": 0, "z": -156 },
			"scale": 0.45
		}
	},
	{
		"file": "game:itemtypes/creature.json",
		"op": "add",
		"path": "/tpHandTransformByType/creature-sheep-bighorn-lamb",
		"value": {
			"translation": { "x": -0.4, "y": 0, "z": -0.6 },
			"rotation": { "x": -160, "y": -26, "z": -90 },
			"origin": { "x": 0.5, "y": 0.1, "z": 0.5 },
			"scale": 0.73
		}
	},
	
	{
		"file": "game:itemtypes/creature.json",
		"op": "add",
		"path": "/tpHandTransformByType/creature-sheep-bighorn-male",
		"value": {
			"translation": { "x": 0.2, "y": 0, "z": 0 },
			"rotation": { "x": -8, "y": -63, "z": -7 }
		},
	},
	{
		"file": "game:itemtypes/creature.json",
		"op": "add",
		"path": "/tpHandTransformByType/creature-sheep-bighorn-female",
		"value": {
			"translation": { "x": 0.2, "y": 0, "z": 0 },
			"rotation": { "x": -8, "y": -63, "z": -7 }
		}
	},
	{
		"file": "game:itemtypes/creature.json",
		"op": "add",
		"path": "/tpHandTransformByType/creature-sheep-bighorn-lamb",
		"value": {
			"translation": { "x": 0.4, "y": 0, "z": 0 },
			"rotation": { "x": -8, "y": -63, "z": -7 }
		}
	}
]
