[
	{ "file": "game:entities/land/wolf-male.json", "op": "add", "path": "/server/behaviors/6/drops/1/code", "value": "hideandfabric:hide-medium-wolf-normal" },
	{ "file": "game:entities/land/wolf-female.json", "op": "add", "path": "/server/behaviors/6/drops/1/code", "value": "hideandfabric:hide-medium-wolf-normal" },

  { "file": "game:entities/land/pig-wild-male.json", "op": "add", "path": "/server/behaviors/6/drops/1/code", "value": "hideandfabric:hide-medium-boar-normal" },
  { "file": "game:entities/land/pig-wild-female.json", "op": "add", "path": "/server/behaviors/6/drops/1/code", "value": "hideandfabric:hide-medium-boar-normal" },

  { "file": "game:entities/land/fox-male.json", "op": "add", "path": "/server/behaviors/6/drops/1/code", "value": "hideandfabric:hide-small-fox-forest" },
  { "file": "game:entities/land/fox-female.json", "op": "add", "path": "/server/behaviors/6/drops/1/code", "value": "hideandfabric:hide-small-fox-forest" },
  { "file": "game:entities/land/fox-arctic-male.json", "op": "add", "path": "/server/behaviors/6/drops/1/code", "value": "hideandfabric:hide-small-fox-arctic" },
  { "file": "game:entities/land/fox-arctic-female.json", "op": "add", "path": "/server/behaviors/6/drops/1/code", "value": "hideandfabric:hide-small-fox-arctic" },

  { "file": "game:entities/land/hare-male.json", "op": "add", "path": "/server/behaviors/6/drops/1/code", "value": "hideandfabric:hide-small-hare-{type}" },
  { "file": "game:entities/land/hare-female.json", "op": "add", "path": "/server/behaviors/6/drops/1/code", "value": "hideandfabric:hide-small-hare-{type}" },

  { "file": "game:entities/land/raccoon-male.json", "op": "add", "path": "/server/behaviors/6/drops/1/code", "value": "hideandfabric:hide-small-raccoon-normal" },
  { "file": "game:entities/land/raccoon-female.json", "op": "add", "path": "/server/behaviors/6/drops/1/code", "value": "hideandfabric:hide-small-raccoon-normal" },

  { "file": "game:entities/land/sheep-bighorn-male.json", "op": "add", "path": "/server/behaviors/6/drops/1/code", "value": "hideandfabric:hide-large-sheep-normal" },
  { "file": "game:entities/land/sheep-bighorn-female.json", "op": "add", "path": "/server/behaviors/6/drops/1/code", "value": "hideandfabric:hide-large-sheep-normal" },
  { "file": "game:entities/land/sheep-bighorn-lamb.json", "op": "add", "path": "/server/behaviors/6/drops/1/code", "value": "hideandfabric:hide-small-sheep-normal" },

  { "file": "game:entities/land/bear.json", "op": "remove", "path": "/server/behaviors/6/drops" },
  { "file": "game:entities/land/bear.json", "op": "add", "path": "/server/behaviors/6/dropsByType", "value": {

    "*-black":
    [
      {
        "type":"item", 
        "code": "game:bushmeat-raw", 
        "quantity": { "avg": 12, "var": 2 }
      },
      {
        "type":"item", 
        "code": "hideandfabric:hide-huge-bear-black", 
        "quantity": { "avg": 2, "var": 0 }
      },
      {
        "type":"item", 
        "code": "game:fat", 
        "quantity": { "avg": 2, "var": 1 }
      },
      {
        "type":"item", 
        "code": "game:bone", 
        "quantity": { "avg": 4, "var": 0.5 } 
      }
      ],
      "*-brown":
    [
      {
        "type":"item", 
        "code": "game:bushmeat-raw", 
        "quantity": { "avg": 16, "var": 2 }
      },
      {
        "type":"item", 
        "code": "hideandfabric:hide-huge-bear-brown", 
        "quantity": { "avg": 2, "var": 0 }
      },
      {
        "type":"item", 
        "code": "game:fat", 
        "quantity": { "avg": 2, "var": 1 }
      },
      {
        "type":"item", 
        "code": "game:bone", 
        "quantity": { "avg": 4, "var": 0.5 } 
      }
      ],
      "*-sun":
    [
      {
        "type":"item", 
        "code": "game:bushmeat-raw", 
        "quantity": { "avg": 9, "var": 2 }
      },
      {
        "type":"item", 
        "code": "hideandfabric:hide-huge-bear-sun", 
        "quantity": { "avg": 2, "var": 0 }
      },
      {
        "type":"item", 
        "code": "game:fat", 
        "quantity": { "avg": 1, "var": 1 }
      },
      {
        "type":"item", 
        "code": "game:bone", 
        "quantity": { "avg": 4, "var": 0.5 } 
      }
      ],
      "*-panda":
    [
      {
        "type":"item", 
        "code": "game:bushmeat-raw", 
        "quantity": { "avg": 10, "var": 2 }
      },
      {
        "type":"item", 
        "code": "hideandfabric:hide-huge-bear-panda", 
        "quantity": { "avg": 2, "var": 0 }
      },
      {
        "type":"item", 
        "code": "game:fat", 
        "quantity": { "avg": 2, "var": 1 }
      },
      {
        "type":"item", 
        "code": "game:bone", 
        "quantity": { "avg": 4, "var": 0.5 } 
      }
      ],
      "*-polar":
    [
      {
        "type":"item", 
        "code": "game:bushmeat-raw", 
        "quantity": { "avg": 22, "var": 2 }
      },
      {
        "type":"item", 
        "code": "hideandfabric:hide-huge-bear-polar", 
        "quantity": { "avg": 3, "var": 0 }
      },
      {
        "type":"item", 
        "code": "game:fat", 
        "quantity": { "avg": 4, "var": 1 }
      },
      {
        "type":"item", 
        "code": "game:bone", 
        "quantity": { "avg": 4, "var": 0.5 } 
      }
      ]
  } }
]
