{"editor":{},"textureWidth":16,"textureHeight":16,"textureSizes":{},"textures":{"other":"game:block/clay/ceramic"},"elements":[{"name":"Cube1","from":[5.0,0.0,3.0],"to":[11.0,2.0,13.0],"rotationOrigin":[0.0,0.0,0.0],"faces":{"north":{"texture":"#all","uv":[0.0,0.0,6.0,2.0]},"south":{"texture":"#all","uv":[0.0,0.0,6.0,2.0]},"east":{"texture":"#all","uv":[0.0,0.0,10.0,2.0]},"west":{"texture":"#all","uv":[0.0,0.0,10.0,2.0]},"up":{"texture":"#all","uv":[0.0,0.0,6.0,10.0]},"down":{"texture":"#all","uv":[0.0,0.0,6.0,10.0]}}},{"name":"Cube2","from":[7.0,2.0,7.0],"to":[9.0,6.0,9.0],"rotationOrigin":[0.0,0.0,0.0],"faces":{"north":{"texture":"#all","uv":[2.0,2.0,4.0,6.0]},"south":{"texture":"#all","uv":[2.0,2.0,4.0,6.0]},"east":{"texture":"#all","uv":[4.0,2.0,6.0,6.0]},"west":{"texture":"#all","uv":[4.0,2.0,6.0,6.0]},"up":{"texture":"#all","uv":[2.0,4.0,4.0,6.0]},"down":{"texture":"#all","uv":[2.0,4.0,4.0,6.0]}}},{"name":"Cube3","from":[7.0,5.0,5.0],"to":[9.0,6.0,7.0],"rotationOrigin":[0.0,0.0,0.0],"faces":{"north":{"texture":"#all","uv":[2.0,5.0,4.0,6.0]},"south":{"texture":"#all","uv":[2.0,5.0,4.0,6.0]},"east":{"texture":"#all","uv":[2.0,5.0,4.0,6.0]},"west":{"texture":"#all","uv":[2.0,5.0,4.0,6.0]},"up":{"texture":"#all","uv":[2.0,2.0,4.0,4.0]},"down":{"texture":"#all","uv":[2.0,2.0,4.0,4.0]}}},{"name":"Cube4","from":[7.0,5.0,9.0],"to":[9.0,6.0,11.0],"rotationOrigin":[0.0,0.0,0.0],"faces":{"north":{"texture":"#all","uv":[2.0,5.0,4.0,6.0]},"south":{"texture":"#all","uv":[2.0,5.0,4.0,6.0]},"east":{"texture":"#all","uv":[6.0,5.0,8.0,6.0]},"west":{"texture":"#all","uv":[6.0,5.0,8.0,6.0]},"up":{"texture":"#all","uv":[2.0,6.0,4.0,8.0]},"down":{"texture":"#all","uv":[2.0,6.0,4.0,8.0]}}},{"name":"Cube5","from":[7.0,6.0,5.0],"to":[9.0,8.0,6.0],"rotationOrigin":[0.0,0.0,0.0],"faces":{"north":{"texture":"#all","uv":[2.0,6.0,4.0,8.0]},"south":{"texture":"#all","uv":[2.0,6.0,4.0,8.0]},"east":{"texture":"#all","uv":[2.0,6.0,3.0,8.0]},"west":{"texture":"#all","uv":[2.0,6.0,3.0,8.0]},"up":{"texture":"#all","uv":[2.0,2.0,4.0,3.0]},"down":{"texture":"#all","uv":[2.0,2.0,4.0,3.0]}}},{"name":"Cube6","from":[7.0,6.0,10.0],"to":[9.0,8.0,11.0],"rotationOrigin":[0.0,0.0,0.0],"faces":{"north":{"texture":"#all","uv":[2.0,6.0,4.0,8.0]},"south":{"texture":"#all","uv":[2.0,6.0,4.0,8.0]},"east":{"texture":"#all","uv":[7.0,6.0,8.0,8.0]},"west":{"texture":"#all","uv":[7.0,6.0,8.0,8.0]},"up":{"texture":"#all","uv":[2.0,7.0,4.0,8.0]},"down":{"texture":"#all","uv":[2.0,7.0,4.0,8.0]}}},{"name":"Cube7","from":[7.0,7.0,6.0],"to":[9.0,8.0,10.0],"rotationOrigin":[0.0,0.0,0.0],"faces":{"north":{"texture":"#all","uv":[2.0,7.0,4.0,8.0]},"south":{"texture":"#all","uv":[2.0,7.0,4.0,8.0]},"east":{"texture":"#all","uv":[3.0,7.0,7.0,8.0]},"west":{"texture":"#all","uv":[3.0,7.0,7.0,8.0]},"up":{"texture":"#all","uv":[2.0,3.0,4.0,7.0]},"down":{"texture":"#all","uv":[2.0,3.0,4.0,7.0]}}}]}