{"editor":{},"textureWidth":16,"textureHeight":16,"textureSizes":{},"textures":{"other":"game:block/clay/ceramic"},"elements":[{"name":"Cube1","from":[1.0,0.0,1.0],"to":[15.0,11.0,2.0],"rotationOrigin":[0.0,0.0,0.0],"faces":{"north":{"texture":"#all","uv":[0.0,0.0,14.0,11.0]},"south":{"texture":"#all","uv":[0.0,0.0,14.0,11.0]},"east":{"texture":"#all","uv":[0.0,0.0,1.0,11.0]},"west":{"texture":"#all","uv":[0.0,0.0,1.0,11.0]},"up":{"texture":"#all","uv":[0.0,0.0,14.0,1.0]},"down":{"texture":"#all","uv":[0.0,0.0,14.0,1.0]}}},{"name":"Cube2","from":[1.0,0.0,2.0],"to":[2.0,11.0,15.0],"rotationOrigin":[0.0,0.0,0.0],"faces":{"north":{"texture":"#all","uv":[0.0,0.0,1.0,11.0]},"south":{"texture":"#all","uv":[0.0,0.0,1.0,11.0]},"east":{"texture":"#all","uv":[1.0,0.0,14.0,11.0]},"west":{"texture":"#all","uv":[1.0,0.0,14.0,11.0]},"up":{"texture":"#all","uv":[0.0,1.0,1.0,14.0]},"down":{"texture":"#all","uv":[0.0,1.0,1.0,14.0]}}},{"name":"Cube3","from":[14.0,0.0,2.0],"to":[15.0,11.0,15.0],"rotationOrigin":[0.0,0.0,0.0],"faces":{"north":{"texture":"#all","uv":[13.0,0.0,14.0,11.0]},"south":{"texture":"#all","uv":[13.0,0.0,14.0,11.0]},"east":{"texture":"#all","uv":[1.0,0.0,14.0,11.0]},"west":{"texture":"#all","uv":[1.0,0.0,14.0,11.0]},"up":{"texture":"#all","uv":[13.0,1.0,14.0,14.0]},"down":{"texture":"#all","uv":[13.0,1.0,14.0,14.0]}}},{"name":"Cube4","from":[2.0,0.0,14.0],"to":[14.0,11.0,15.0],"rotationOrigin":[0.0,0.0,0.0],"faces":{"north":{"texture":"#all","uv":[1.0,0.0,13.0,11.0]},"south":{"texture":"#all","uv":[1.0,0.0,13.0,11.0]},"east":{"texture":"#all","uv":[13.0,0.0,14.0,11.0]},"west":{"texture":"#all","uv":[13.0,0.0,14.0,11.0]},"up":{"texture":"#all","uv":[1.0,13.0,13.0,14.0]},"down":{"texture":"#all","uv":[1.0,13.0,13.0,14.0]}}},{"name":"Cube5","from":[2.0,10.0,2.0],"to":[14.0,11.0,3.0],"rotationOrigin":[0.0,0.0,0.0],"faces":{"north":{"texture":"#all","uv":[1.0,10.0,13.0,11.0]},"south":{"texture":"#all","uv":[1.0,10.0,13.0,11.0]},"east":{"texture":"#all","uv":[1.0,10.0,2.0,11.0]},"west":{"texture":"#all","uv":[1.0,10.0,2.0,11.0]},"up":{"texture":"#all","uv":[1.0,1.0,13.0,2.0]},"down":{"texture":"#all","uv":[1.0,1.0,13.0,2.0]}}},{"name":"Cube6","from":[2.0,10.0,3.0],"to":[3.0,15.0,14.0],"rotationOrigin":[0.0,0.0,0.0],"faces":{"north":{"texture":"#all","uv":[1.0,10.0,2.0,15.0]},"south":{"texture":"#all","uv":[1.0,10.0,2.0,15.0]},"east":{"texture":"#all","uv":[2.0,10.0,13.0,15.0]},"west":{"texture":"#all","uv":[2.0,10.0,13.0,15.0]},"up":{"texture":"#all","uv":[1.0,2.0,2.0,13.0]},"down":{"texture":"#all","uv":[1.0,2.0,2.0,13.0]}}},{"name":"Cube7","from":[9.0,10.0,3.0],"to":[14.0,11.0,7.0],"rotationOrigin":[0.0,0.0,0.0],"faces":{"north":{"texture":"#all","uv":[8.0,10.0,13.0,11.0]},"south":{"texture":"#all","uv":[8.0,10.0,13.0,11.0]},"east":{"texture":"#all","uv":[2.0,10.0,6.0,11.0]},"west":{"texture":"#all","uv":[2.0,10.0,6.0,11.0]},"up":{"texture":"#all","uv":[8.0,2.0,13.0,6.0]},"down":{"texture":"#all","uv":[8.0,2.0,13.0,6.0]}}},{"name":"Cube8","from":[9.0,10.0,7.0],"to":[11.0,11.0,14.0],"rotationOrigin":[0.0,0.0,0.0],"faces":{"north":{"texture":"#all","uv":[8.0,10.0,10.0,11.0]},"south":{"texture":"#all","uv":[8.0,10.0,10.0,11.0]},"east":{"texture":"#all","uv":[6.0,10.0,13.0,11.0]},"west":{"texture":"#all","uv":[6.0,10.0,13.0,11.0]},"up":{"texture":"#all","uv":[8.0,6.0,10.0,13.0]},"down":{"texture":"#all","uv":[8.0,6.0,10.0,13.0]}}},{"name":"Cube9","from":[13.0,10.0,7.0],"to":[14.0,11.0,14.0],"rotationOrigin":[0.0,0.0,0.0],"faces":{"north":{"texture":"#all","uv":[12.0,10.0,13.0,11.0]},"south":{"texture":"#all","uv":[12.0,10.0,13.0,11.0]},"east":{"texture":"#all","uv":[6.0,10.0,13.0,11.0]},"west":{"texture":"#all","uv":[6.0,10.0,13.0,11.0]},"up":{"texture":"#all","uv":[12.0,6.0,13.0,13.0]},"down":{"texture":"#all","uv":[12.0,6.0,13.0,13.0]}}},{"name":"Cube10","from":[11.0,10.0,9.0],"to":[13.0,11.0,14.0],"rotationOrigin":[0.0,0.0,0.0],"faces":{"north":{"texture":"#all","uv":[10.0,10.0,12.0,11.0]},"south":{"texture":"#all","uv":[10.0,10.0,12.0,11.0]},"east":{"texture":"#all","uv":[8.0,10.0,13.0,11.0]},"west":{"texture":"#all","uv":[8.0,10.0,13.0,11.0]},"up":{"texture":"#all","uv":[10.0,8.0,12.0,13.0]},"down":{"texture":"#all","uv":[10.0,8.0,12.0,13.0]}}},{"name":"Cube11","from":[3.0,10.0,13.0],"to":[9.0,15.0,14.0],"rotationOrigin":[0.0,0.0,0.0],"faces":{"north":{"texture":"#all","uv":[2.0,10.0,8.0,15.0]},"south":{"texture":"#all","uv":[2.0,10.0,8.0,15.0]},"east":{"texture":"#all","uv":[12.0,10.0,13.0,15.0]},"west":{"texture":"#all","uv":[12.0,10.0,13.0,15.0]},"up":{"texture":"#all","uv":[2.0,12.0,8.0,13.0]},"down":{"texture":"#all","uv":[2.0,12.0,8.0,13.0]}}},{"name":"Cube12","from":[2.0,11.0,2.0],"to":[10.0,15.0,3.0],"rotationOrigin":[0.0,0.0,0.0],"faces":{"north":{"texture":"#all","uv":[1.0,11.0,9.0,15.0]},"south":{"texture":"#all","uv":[1.0,11.0,9.0,15.0]},"east":{"texture":"#all","uv":[1.0,11.0,2.0,15.0]},"west":{"texture":"#all","uv":[1.0,11.0,2.0,15.0]},"up":{"texture":"#all","uv":[1.0,1.0,9.0,2.0]},"down":{"texture":"#all","uv":[1.0,1.0,9.0,2.0]}}},{"name":"Cube13","from":[9.0,11.0,3.0],"to":[10.0,15.0,14.0],"rotationOrigin":[0.0,0.0,0.0],"faces":{"north":{"texture":"#all","uv":[8.0,11.0,9.0,15.0]},"south":{"texture":"#all","uv":[8.0,11.0,9.0,15.0]},"east":{"texture":"#all","uv":[2.0,11.0,13.0,15.0]},"west":{"texture":"#all","uv":[2.0,11.0,13.0,15.0]},"up":{"texture":"#all","uv":[8.0,2.0,9.0,13.0]},"down":{"texture":"#all","uv":[8.0,2.0,9.0,13.0]}}},{"name":"Cube14","from":[14.0,11.0,7.0],"to":[15.0,16.0,9.0],"rotationOrigin":[0.0,0.0,0.0],"faces":{"north":{"texture":"#all","uv":[13.0,11.0,14.0,16.0]},"south":{"texture":"#all","uv":[13.0,11.0,14.0,16.0]},"east":{"texture":"#all","uv":[6.0,11.0,8.0,16.0]},"west":{"texture":"#all","uv":[6.0,11.0,8.0,16.0]},"up":{"texture":"#all","uv":[13.0,6.0,14.0,8.0]},"down":{"texture":"#all","uv":[13.0,6.0,14.0,8.0]}}},{"name":"Cube15","from":[2.0,15.0,7.0],"to":[3.0,16.0,9.0],"rotationOrigin":[0.0,0.0,0.0],"faces":{"north":{"texture":"#all","uv":[1.0,15.0,2.0,16.0]},"south":{"texture":"#all","uv":[1.0,15.0,2.0,16.0]},"east":{"texture":"#all","uv":[6.0,15.0,8.0,16.0]},"west":{"texture":"#all","uv":[6.0,15.0,8.0,16.0]},"up":{"texture":"#all","uv":[1.0,6.0,2.0,8.0]},"down":{"texture":"#all","uv":[1.0,6.0,2.0,8.0]}}},{"name":"Cube16","from":[9.0,15.0,7.0],"to":[10.0,16.0,9.0],"rotationOrigin":[0.0,0.0,0.0],"faces":{"north":{"texture":"#all","uv":[8.0,15.0,9.0,16.0]},"south":{"texture":"#all","uv":[8.0,15.0,9.0,16.0]},"east":{"texture":"#all","uv":[6.0,15.0,8.0,16.0]},"west":{"texture":"#all","uv":[6.0,15.0,8.0,16.0]},"up":{"texture":"#all","uv":[8.0,6.0,9.0,8.0]},"down":{"texture":"#all","uv":[8.0,6.0,9.0,8.0]}}}]}