{
    "editor": {},
    "textureWidth": 16,
    "textureHeight": 16,
    "textureSizes": {},
    "textures": {
        "metal": "game:item/resource/plate/copper",
        "fireceramic": "game:block/clay/hardened/fire2",
        "wood": "game:block/wood/planks/generic",
        "ceramic": "game:block/clay/ceramic"
    },
    "elements": [
        {
            "name": "NWLeg",
            "from": [
                0.5,
                -16.0,
                0.5
            ],
            "to": [
                3.0,
                0.0,
                3.0
            ],
            "faces": {
                "north": {
                    "texture": "#ceramic",
                    "uv": [
                        0.5,
                        0.0,
                        3.0,
                        16.0
                    ]
                },
                "south": {
                    "texture": "#ceramic",
                    "uv": [
                        0.5,
                        0.0,
                        3.0,
                        16.0
                    ]
                },
                "east": {
                    "texture": "#ceramic",
                    "uv": [
                        0.5,
                        0.0,
                        3.0,
                        16.0
                    ]
                },
                "west": {
                    "texture": "#ceramic",
                    "uv": [
                        0.5,
                        0.0,
                        3.0,
                        16.0
                    ]
                },
                "down": {
                    "texture": "#ceramic",
                    "uv": [
                        0.5,
                        0.5,
                        3.0,
                        3.0
                    ]
                }
            },
            "children": [
                {
                    "name": "NWLegUp",
                    "from": [
                        0.0,
                        16.0,
                        0.0
                    ],
                    "to": [
                        2.5,
                        19.0,
                        2.5
                    ],
                    "rotationOrigin": [
                        0.0,
                        16.0,
                        0.0
                    ],
                    "faces": {
                        "north": {
                            "texture": "#ceramic",
                            "uv": [
                                0.0,
                                0.0,
                                2.5,
                                3.0
                            ]
                        },
                        "south": {
                            "texture": "#ceramic",
                            "uv": [
                                0.0,
                                0.0,
                                2.5,
                                3.0
                            ]
                        },
                        "east": {
                            "texture": "#ceramic",
                            "uv": [
                                0.0,
                                0.0,
                                2.5,
                                3.0
                            ]
                        },
                        "west": {
                            "texture": "#ceramic",
                            "uv": [
                                0.0,
                                0.0,
                                2.5,
                                3.0
                            ]
                        },
                        "up": {
                            "texture": "#ceramic",
                            "uv": [
                                0.0,
                                0.0,
                                2.5,
                                2.5
                            ]
                        }
                    }
                }
            ]
        },
        {
            "name": "SWLeg",
            "from": [
                0.5,
                -16.0,
                13.0
            ],
            "to": [
                3.0,
                0.0,
                15.5
            ],
            "rotationOrigin": [
                0.0,
                0.0,
                13.0
            ],
            "faces": {
                "north": {
                    "texture": "#ceramic",
                    "uv": [
                        0.5,
                        0.0,
                        3.0,
                        16.0
                    ]
                },
                "south": {
                    "texture": "#ceramic",
                    "uv": [
                        0.5,
                        0.0,
                        3.0,
                        16.0
                    ]
                },
                "east": {
                    "texture": "#ceramic",
                    "uv": [
                        13.0,
                        0.0,
                        15.5,
                        16.0
                    ]
                },
                "west": {
                    "texture": "#ceramic",
                    "uv": [
                        13.0,
                        0.0,
                        15.5,
                        16.0
                    ]
                },
                "down": {
                    "texture": "#ceramic",
                    "uv": [
                        0.5,
                        13.0,
                        3.0,
                        15.5
                    ]
                }
            },
            "children": [
                {
                    "name": "SWLegUp",
                    "from": [
                        0.0,
                        16.0,
                        0.0
                    ],
                    "to": [
                        2.5,
                        19.0,
                        2.5
                    ],
                    "rotationOrigin": [
                        0.0,
                        16.0,
                        -13.0
                    ],
                    "faces": {
                        "north": {
                            "texture": "#ceramic",
                            "uv": [
                                0.0,
                                0.0,
                                2.5,
                                3.0
                            ]
                        },
                        "south": {
                            "texture": "#ceramic",
                            "uv": [
                                0.0,
                                0.0,
                                2.5,
                                3.0
                            ]
                        },
                        "east": {
                            "texture": "#ceramic",
                            "uv": [
                                0.0,
                                0.0,
                                2.5,
                                3.0
                            ]
                        },
                        "west": {
                            "texture": "#ceramic",
                            "uv": [
                                0.0,
                                0.0,
                                2.5,
                                3.0
                            ]
                        },
                        "up": {
                            "texture": "#ceramic",
                            "uv": [
                                0.0,
                                0.0,
                                2.5,
                                2.5
                            ]
                        }
                    }
                }
            ]
        },
        {
            "name": "NELeg",
            "from": [
                13.0,
                -16.0,
                0.5
            ],
            "to": [
                15.5,
                0.0,
                3.0
            ],
            "faces": {
                "north": {
                    "texture": "#ceramic",
                    "uv": [
                        13.0,
                        0.0,
                        15.5,
                        16.0
                    ]
                },
                "south": {
                    "texture": "#ceramic",
                    "uv": [
                        13.0,
                        0.0,
                        15.5,
                        16.0
                    ]
                },
                "east": {
                    "texture": "#ceramic",
                    "uv": [
                        0.5,
                        0.0,
                        3.0,
                        16.0
                    ]
                },
                "west": {
                    "texture": "#ceramic",
                    "uv": [
                        0.5,
                        0.0,
                        3.0,
                        16.0
                    ]
                },
                "down": {
                    "texture": "#ceramic",
                    "uv": [
                        13.0,
                        0.5,
                        15.5,
                        3.0
                    ]
                }
            },
            "children": [
                {
                    "name": "NELegUp",
                    "from": [
                        0.0,
                        16.0,
                        0.0
                    ],
                    "to": [
                        2.5,
                        19.0,
                        2.5
                    ],
                    "rotationOrigin": [
                        -13.0,
                        16.0,
                        0.0
                    ],
                    "faces": {
                        "north": {
                            "texture": "#ceramic",
                            "uv": [
                                0.0,
                                0.0,
                                2.5,
                                3.0
                            ]
                        },
                        "south": {
                            "texture": "#ceramic",
                            "uv": [
                                0.0,
                                0.0,
                                2.5,
                                3.0
                            ]
                        },
                        "east": {
                            "texture": "#ceramic",
                            "uv": [
                                0.0,
                                0.0,
                                2.5,
                                3.0
                            ]
                        },
                        "west": {
                            "texture": "#ceramic",
                            "uv": [
                                0.0,
                                0.0,
                                2.5,
                                3.0
                            ]
                        },
                        "up": {
                            "texture": "#ceramic",
                            "uv": [
                                0.0,
                                0.0,
                                2.5,
                                2.5
                            ]
                        }
                    }
                }
            ]
        },
        {
            "name": "SELeg",
            "from": [
                13.0,
                -16.0,
                13.0
            ],
            "to": [
                15.5,
                0.0,
                15.5
            ],
            "faces": {
                "north": {
                    "texture": "#ceramic",
                    "uv": [
                        13.0,
                        0.0,
                        15.5,
                        16.0
                    ]
                },
                "south": {
                    "texture": "#ceramic",
                    "uv": [
                        13.0,
                        0.0,
                        15.5,
                        16.0
                    ]
                },
                "east": {
                    "texture": "#ceramic",
                    "uv": [
                        13.0,
                        0.0,
                        15.5,
                        16.0
                    ]
                },
                "west": {
                    "texture": "#ceramic",
                    "uv": [
                        13.0,
                        0.0,
                        15.5,
                        16.0
                    ]
                },
                "down": {
                    "texture": "#ceramic",
                    "uv": [
                        13.0,
                        13.0,
                        15.5,
                        15.5
                    ]
                }
            },
            "children": [
                {
                    "name": "SELegUp",
                    "from": [
                        0.0,
                        16.0,
                        0.0
                    ],
                    "to": [
                        2.5,
                        19.0,
                        2.5
                    ],
                    "rotationOrigin": [
                        -13.0,
                        16.0,
                        -13.0
                    ],
                    "faces": {
                        "north": {
                            "texture": "#ceramic",
                            "uv": [
                                0.0,
                                0.0,
                                2.5,
                                3.0
                            ]
                        },
                        "south": {
                            "texture": "#ceramic",
                            "uv": [
                                0.0,
                                0.0,
                                2.5,
                                3.0
                            ]
                        },
                        "east": {
                            "texture": "#ceramic",
                            "uv": [
                                0.0,
                                0.0,
                                2.5,
                                3.0
                            ]
                        },
                        "west": {
                            "texture": "#ceramic",
                            "uv": [
                                0.0,
                                0.0,
                                2.5,
                                3.0
                            ]
                        },
                        "up": {
                            "texture": "#ceramic",
                            "uv": [
                                0.0,
                                0.0,
                                2.5,
                                2.5
                            ]
                        }
                    }
                }
            ]
        },
        {
            "name": "ChamberN",
            "from": [
                1.0,
                -8.0,
                1.0
            ],
            "to": [
                15.0,
                2.0,
                2.0
            ],
            "rotationOrigin": [
                1.0,
                -8.0,
                1.0
            ],
            "faces": {
                "north": {
                    "texture": "#fireceramic",
                    "uv": [
                        1.0,
                        0.0,
                        15.0,
                        10.0
                    ]
                },
                "up": {
                    "texture": "#fireceramic",
                    "uv": [
                        1.0,
                        1.0,
                        15.0,
                        2.0
                    ]
                },
                "down": {
                    "texture": "#fireceramic",
                    "uv": [
                        1.0,
                        1.0,
                        15.0,
                        2.0
                    ]
                }
            },
            "children": [
                {
                    "name": "WorkSleeveW",
                    "from": [
                        1.0,
                        10.0,
                        1.0
                    ],
                    "to": [
                        2.0,
                        13.0,
                        13.0
                    ],
                    "rotationOrigin": [
                        1.0,
                        10.0,
                        1.0
                    ],
                    "faces": {
                        "north": {
                            "texture": "#fireceramic",
                            "uv": [
                                1.0,
                                10.0,
                                2.0,
                                13.0
                            ]
                        },
                        "south": {
                            "texture": "#fireceramic",
                            "uv": [
                                1.0,
                                10.0,
                                2.0,
                                13.0
                            ]
                        },
                        "east": {
                            "texture": "#fireceramic",
                            "uv": [
                                1.0,
                                10.0,
                                13.0,
                                13.0
                            ]
                        },
                        "west": {
                            "texture": "#fireceramic",
                            "uv": [
                                1.0,
                                10.0,
                                13.0,
                                13.0
                            ]
                        },
                        "up": {
                            "texture": "#fireceramic",
                            "uv": [
                                1.0,
                                1.0,
                                2.0,
                                13.0
                            ]
                        }
                    }
                },
                {
                    "name": "WorkSleeveE",
                    "from": [
                        6.0,
                        10.0,
                        1.0
                    ],
                    "to": [
                        7.0,
                        13.0,
                        13.0
                    ],
                    "rotationOrigin": [
                        6.0,
                        10.0,
                        1.0
                    ],
                    "faces": {
                        "north": {
                            "texture": "#fireceramic",
                            "uv": [
                                6.0,
                                10.0,
                                7.0,
                                13.0
                            ]
                        },
                        "south": {
                            "texture": "#fireceramic",
                            "uv": [
                                6.0,
                                10.0,
                                7.0,
                                13.0
                            ]
                        },
                        "east": {
                            "texture": "#fireceramic",
                            "uv": [
                                1.0,
                                10.0,
                                13.0,
                                13.0
                            ]
                        },
                        "west": {
                            "texture": "#fireceramic",
                            "uv": [
                                1.0,
                                10.0,
                                13.0,
                                13.0
                            ]
                        },
                        "up": {
                            "texture": "#fireceramic",
                            "uv": [
                                6.0,
                                1.0,
                                7.0,
                                13.0
                            ]
                        }
                    }
                },
                {
                    "name": "WorkSleeveN",
                    "from": [
                        2.0,
                        10.0,
                        1.0
                    ],
                    "to": [
                        6.0,
                        13.0,
                        2.0
                    ],
                    "rotationOrigin": [
                        2.0,
                        10.0,
                        1.0
                    ],
                    "faces": {
                        "north": {
                            "texture": "#fireceramic",
                            "uv": [
                                2.0,
                                10.0,
                                6.0,
                                13.0
                            ]
                        },
                        "south": {
                            "texture": "#fireceramic",
                            "uv": [
                                2.0,
                                10.0,
                                6.0,
                                13.0
                            ]
                        },
                        "east": {
                            "texture": "#fireceramic",
                            "uv": [
                                1.0,
                                10.0,
                                2.0,
                                13.0
                            ]
                        },
                        "west": {
                            "texture": "#fireceramic",
                            "uv": [
                                1.0,
                                10.0,
                                2.0,
                                13.0
                            ]
                        },
                        "up": {
                            "texture": "#fireceramic",
                            "uv": [
                                2.0,
                                1.0,
                                6.0,
                                2.0
                            ]
                        }
                    }
                },
                {
                    "name": "WorkSleeveS",
                    "from": [
                        2.0,
                        10.0,
                        12.0
                    ],
                    "to": [
                        6.0,
                        13.0,
                        13.0
                    ],
                    "rotationOrigin": [
                        2.0,
                        10.0,
                        12.0
                    ],
                    "faces": {
                        "north": {
                            "texture": "#fireceramic",
                            "uv": [
                                2.0,
                                10.0,
                                6.0,
                                13.0
                            ]
                        },
                        "south": {
                            "texture": "#fireceramic",
                            "uv": [
                                2.0,
                                10.0,
                                6.0,
                                13.0
                            ]
                        },
                        "east": {
                            "texture": "#fireceramic",
                            "uv": [
                                12.0,
                                10.0,
                                13.0,
                                13.0
                            ]
                        },
                        "west": {
                            "texture": "#fireceramic",
                            "uv": [
                                12.0,
                                10.0,
                                13.0,
                                13.0
                            ]
                        },
                        "up": {
                            "texture": "#fireceramic",
                            "uv": [
                                2.0,
                                12.0,
                                6.0,
                                13.0
                            ]
                        }
                    }
                },
                {
                    "name": "WorkPiston",
                    "from": [
                        2.0,
                        11.0,
                        2.0
                    ],
                    "to": [
                        6.0,
                        13.0,
                        12.0
                    ],
                    "rotationOrigin": [
                        2.0,
                        11.0,
                        2.0
                    ],
                    "faces": {
                        "up": {
                            "texture": "#ceramic",
                            "uv": [
                                2.0,
                                2.0,
                                6.0,
                                12.0
                            ]
                        }
                    },
                    "children": [
                        {
                            "name": "WorkPistonStem",
                            "from": [
                                1.0,
                                2.0,
                                4.0
                            ],
                            "to": [
                                3.0,
                                5.0,
                                6.0
                            ],
                            "rotationOrigin": [
                                1.0,
                                2.0,
                                4.0
                            ],
                            "faces": {
                                "north": {
                                    "texture": "#ceramic",
                                    "uv": [
                                        1.0,
                                        2.0,
                                        3.0,
                                        5.0
                                    ]
                                },
                                "south": {
                                    "texture": "#ceramic",
                                    "uv": [
                                        1.0,
                                        2.0,
                                        3.0,
                                        5.0
                                    ]
                                },
                                "east": {
                                    "texture": "#ceramic",
                                    "uv": [
                                        4.0,
                                        2.0,
                                        6.0,
                                        5.0
                                    ]
                                },
                                "west": {
                                    "texture": "#ceramic",
                                    "uv": [
                                        4.0,
                                        2.0,
                                        6.0,
                                        5.0
                                    ]
                                }
                            }
                        },
                        {
                            "name": "WorkPistonHoopBottom",
                            "from": [
                                1.0,
                                5.0,
                                2.5
                            ],
                            "to": [
                                3.0,
                                6.0,
                                7.5
                            ],
                            "rotationOrigin": [
                                1.0,
                                5.0,
                                2.0
                            ],
                            "faces": {
                                "north": {
                                    "texture": "#ceramic",
                                    "uv": [
                                        1.0,
                                        5.0,
                                        3.0,
                                        6.0
                                    ]
                                },
                                "south": {
                                    "texture": "#ceramic",
                                    "uv": [
                                        1.0,
                                        5.0,
                                        3.0,
                                        6.0
                                    ]
                                },
                                "east": {
                                    "texture": "#ceramic",
                                    "uv": [
                                        2.5,
                                        5.0,
                                        7.5,
                                        6.0
                                    ]
                                },
                                "west": {
                                    "texture": "#ceramic",
                                    "uv": [
                                        2.5,
                                        5.0,
                                        7.5,
                                        6.0
                                    ]
                                },
                                "up": {
                                    "texture": "#ceramic",
                                    "uv": [
                                        1.0,
                                        2.5,
                                        3.0,
                                        7.5
                                    ]
                                },
                                "down": {
                                    "texture": "#ceramic",
                                    "uv": [
                                        1.0,
                                        2.5,
                                        3.0,
                                        7.5
                                    ]
                                }
                            }
                        },
                        {
                            "name": "WorkPistonHoopTop",
                            "from": [
                                1.0,
                                7.0,
                                2.5
                            ],
                            "to": [
                                3.0,
                                8.0,
                                7.5
                            ],
                            "rotationOrigin": [
                                1.0,
                                7.0,
                                2.0
                            ],
                            "faces": {
                                "north": {
                                    "texture": "#ceramic",
                                    "uv": [
                                        1.0,
                                        7.0,
                                        3.0,
                                        8.0
                                    ]
                                },
                                "south": {
                                    "texture": "#ceramic",
                                    "uv": [
                                        1.0,
                                        7.0,
                                        3.0,
                                        8.0
                                    ]
                                },
                                "east": {
                                    "texture": "#ceramic",
                                    "uv": [
                                        2.5,
                                        7.0,
                                        7.5,
                                        8.0
                                    ]
                                },
                                "west": {
                                    "texture": "#ceramic",
                                    "uv": [
                                        2.5,
                                        7.0,
                                        7.5,
                                        8.0
                                    ]
                                },
                                "up": {
                                    "texture": "#ceramic",
                                    "uv": [
                                        1.0,
                                        2.5,
                                        3.0,
                                        7.5
                                    ]
                                },
                                "down": {
                                    "texture": "#ceramic",
                                    "uv": [
                                        1.0,
                                        2.5,
                                        3.0,
                                        7.5
                                    ]
                                }
                            }
                        },
                        {
                            "name": "WorkPistonHoopN",
                            "from": [
                                1.0,
                                6.0,
                                2.5
                            ],
                            "to": [
                                3.0,
                                7.0,
                                3.5
                            ],
                            "rotationOrigin": [
                                1.0,
                                6.0,
                                2.0
                            ],
                            "faces": {
                                "north": {
                                    "texture": "#ceramic",
                                    "uv": [
                                        1.0,
                                        6.0,
                                        3.0,
                                        7.0
                                    ]
                                },
                                "south": {
                                    "texture": "#ceramic",
                                    "uv": [
                                        1.0,
                                        6.0,
                                        3.0,
                                        7.0
                                    ]
                                },
                                "east": {
                                    "texture": "#ceramic",
                                    "uv": [
                                        2.5,
                                        6.0,
                                        3.5,
                                        7.0
                                    ]
                                },
                                "west": {
                                    "texture": "#ceramic",
                                    "uv": [
                                        2.5,
                                        6.0,
                                        3.5,
                                        7.0
                                    ]
                                }
                            }
                        },
                        {
                            "name": "WorkPistonHoopS",
                            "from": [
                                1.0,
                                6.0,
                                6.5
                            ],
                            "to": [
                                3.0,
                                7.0,
                                7.5
                            ],
                            "rotationOrigin": [
                                1.0,
                                6.0,
                                6.0
                            ],
                            "faces": {
                                "north": {
                                    "texture": "#ceramic",
                                    "uv": [
                                        1.0,
                                        6.0,
                                        3.0,
                                        7.0
                                    ]
                                },
                                "south": {
                                    "texture": "#ceramic",
                                    "uv": [
                                        1.0,
                                        6.0,
                                        3.0,
                                        7.0
                                    ]
                                },
                                "east": {
                                    "texture": "#ceramic",
                                    "uv": [
                                        6.5,
                                        6.0,
                                        7.5,
                                        7.0
                                    ]
                                },
                                "west": {
                                    "texture": "#ceramic",
                                    "uv": [
                                        6.5,
                                        6.0,
                                        7.5,
                                        7.0
                                    ]
                                }
                            }
                        }
                    ]
                },
                {
                    "name": "DisplacerPiston",
                    "from": [
                        9.0,
                        7.5,
                        6.0
                    ],
                    "to": [
                        11.0,
                        14.5,
                        8.0
                    ],
                    "rotationOrigin": [
                        9.0,
                        10.0,
                        6.0
                    ],
                    "faces": {
                        "north": {
                            "texture": "#ceramic",
                            "uv": [
                                9.0,
                                7.5,
                                11.0,
                                14.5
                            ]
                        },
                        "south": {
                            "texture": "#ceramic",
                            "uv": [
                                9.0,
                                7.5,
                                11.0,
                                14.5
                            ]
                        },
                        "east": {
                            "texture": "#ceramic",
                            "uv": [
                                6.0,
                                7.5,
                                8.0,
                                14.5
                            ]
                        },
                        "west": {
                            "texture": "#ceramic",
                            "uv": [
                                6.0,
                                7.5,
                                8.0,
                                14.5
                            ]
                        }
                    },
                    "children": [
                        {
                            "name": "DisplacerPistonBottom",
                            "from": [
                                0.0,
                                7.0,
                                -3.0
                            ],
                            "to": [
                                2.0,
                                8.0,
                                5.0
                            ],
                            "rotationOrigin": [
                                0.0,
                                7.0,
                                -3.0
                            ],
                            "faces": {
                                "north": {
                                    "texture": "#ceramic",
                                    "uv": [
                                        0.0,
                                        7.0,
                                        2.0,
                                        8.0
                                    ]
                                },
                                "south": {
                                    "texture": "#ceramic",
                                    "uv": [
                                        0.0,
                                        7.0,
                                        2.0,
                                        8.0
                                    ]
                                },
                                "east": {
                                    "texture": "#ceramic",
                                    "uv": [
                                        5.0,
                                        7.0,
                                        13.0,
                                        8.0
                                    ]
                                },
                                "west": {
                                    "texture": "#ceramic",
                                    "uv": [
                                        5.0,
                                        7.0,
                                        13.0,
                                        8.0
                                    ]
                                },
                                "up": {
                                    "texture": "#ceramic",
                                    "uv": [
                                        0.0,
                                        5.0,
                                        2.0,
                                        13.0
                                    ]
                                },
                                "down": {
                                    "texture": "#ceramic",
                                    "uv": [
                                        0.0,
                                        5.0,
                                        2.0,
                                        13.0
                                    ]
                                }
                            }
                        },
                        {
                            "name": "DisplacerPistonTop",
                            "from": [
                                0.0,
                                9.0,
                                -3.0
                            ],
                            "to": [
                                2.0,
                                10.0,
                                5.0
                            ],
                            "rotationOrigin": [
                                0.0,
                                9.0,
                                -3.0
                            ],
                            "faces": {
                                "north": {
                                    "texture": "#ceramic",
                                    "uv": [
                                        0.0,
                                        9.0,
                                        2.0,
                                        10.0
                                    ]
                                },
                                "south": {
                                    "texture": "#ceramic",
                                    "uv": [
                                        0.0,
                                        9.0,
                                        2.0,
                                        10.0
                                    ]
                                },
                                "east": {
                                    "texture": "#ceramic",
                                    "uv": [
                                        5.0,
                                        9.0,
                                        13.0,
                                        10.0
                                    ]
                                },
                                "west": {
                                    "texture": "#ceramic",
                                    "uv": [
                                        5.0,
                                        9.0,
                                        13.0,
                                        10.0
                                    ]
                                },
                                "up": {
                                    "texture": "#ceramic",
                                    "uv": [
                                        0.0,
                                        5.0,
                                        2.0,
                                        13.0
                                    ]
                                },
                                "down": {
                                    "texture": "#ceramic",
                                    "uv": [
                                        0.0,
                                        5.0,
                                        2.0,
                                        13.0
                                    ]
                                }
                            }
                        },
                        {
                            "name": "DisplacerPistonHoopN",
                            "from": [
                                0.0,
                                8.0,
                                -3.0
                            ],
                            "to": [
                                2.0,
                                9.0,
                                -2.0
                            ],
                            "rotationOrigin": [
                                0.0,
                                8.0,
                                -3.0
                            ],
                            "faces": {
                                "north": {
                                    "texture": "#ceramic",
                                    "uv": [
                                        0.0,
                                        8.0,
                                        2.0,
                                        9.0
                                    ]
                                },
                                "south": {
                                    "texture": "#ceramic",
                                    "uv": [
                                        0.0,
                                        8.0,
                                        2.0,
                                        9.0
                                    ]
                                },
                                "east": {
                                    "texture": "#ceramic",
                                    "uv": [
                                        13.0,
                                        8.0,
                                        14.0,
                                        9.0
                                    ]
                                },
                                "west": {
                                    "texture": "#ceramic",
                                    "uv": [
                                        13.0,
                                        8.0,
                                        14.0,
                                        9.0
                                    ]
                                }
                            }
                        },
                        {
                            "name": "DisplacerPistonHoopS",
                            "from": [
                                0.0,
                                8.0,
                                4.0
                            ],
                            "to": [
                                2.0,
                                9.0,
                                5.0
                            ],
                            "rotationOrigin": [
                                0.0,
                                8.0,
                                3.0
                            ],
                            "faces": {
                                "north": {
                                    "texture": "#ceramic",
                                    "uv": [
                                        0.0,
                                        8.0,
                                        2.0,
                                        9.0
                                    ]
                                },
                                "south": {
                                    "texture": "#ceramic",
                                    "uv": [
                                        0.0,
                                        8.0,
                                        2.0,
                                        9.0
                                    ]
                                },
                                "east": {
                                    "texture": "#ceramic",
                                    "uv": [
                                        4.0,
                                        8.0,
                                        5.0,
                                        9.0
                                    ]
                                },
                                "west": {
                                    "texture": "#ceramic",
                                    "uv": [
                                        4.0,
                                        8.0,
                                        5.0,
                                        9.0
                                    ]
                                }
                            }
                        }
                    ]
                },
                {
                    "name": "ChamberS",
                    "from": [
                        0.0,
                        0.0,
                        13.0
                    ],
                    "to": [
                        14.0,
                        10.0,
                        14.0
                    ],
                    "rotationOrigin": [
                        0.0,
                        0.0,
                        13.0
                    ],
                    "faces": {
                        "south": {
                            "texture": "#fireceramic",
                            "uv": [
                                0.0,
                                0.0,
                                14.0,
                                10.0
                            ]
                        },
                        "up": {
                            "texture": "#fireceramic",
                            "uv": [
                                0.0,
                                13.0,
                                14.0,
                                14.0
                            ]
                        },
                        "down": {
                            "texture": "#fireceramic",
                            "uv": [
                                0.0,
                                13.0,
                                14.0,
                                14.0
                            ]
                        }
                    }
                },
                {
                    "name": "ChamberE",
                    "from": [
                        0.0,
                        0.0,
                        1.0
                    ],
                    "to": [
                        1.0,
                        10.0,
                        13.0
                    ],
                    "rotationOrigin": [
                        0.0,
                        0.0,
                        1.0
                    ],
                    "faces": {
                        "west": {
                            "texture": "#fireceramic",
                            "uv": [
                                1.0,
                                0.0,
                                13.0,
                                10.0
                            ]
                        },
                        "up": {
                            "texture": "#fireceramic",
                            "uv": [
                                0.0,
                                1.0,
                                1.0,
                                13.0
                            ]
                        },
                        "down": {
                            "texture": "#fireceramic",
                            "uv": [
                                0.0,
                                1.0,
                                1.0,
                                13.0
                            ]
                        }
                    }
                },
                {
                    "name": "ChamberW",
                    "from": [
                        13.0,
                        0.0,
                        1.0
                    ],
                    "to": [
                        14.0,
                        10.0,
                        13.0
                    ],
                    "rotationOrigin": [
                        13.0,
                        0.0,
                        1.0
                    ],
                    "faces": {
                        "east": {
                            "texture": "#fireceramic",
                            "uv": [
                                1.0,
                                0.0,
                                13.0,
                                10.0
                            ]
                        },
                        "up": {
                            "texture": "#fireceramic",
                            "uv": [
                                13.0,
                                1.0,
                                14.0,
                                13.0
                            ]
                        },
                        "down": {
                            "texture": "#fireceramic",
                            "uv": [
                                13.0,
                                1.0,
                                14.0,
                                13.0
                            ]
                        }
                    }
                },
                {
                    "name": "ChamberTop",
                    "from": [
                        7.0,
                        0.0,
                        1.0
                    ],
                    "to": [
                        13.0,
                        10.0,
                        13.0
                    ],
                    "rotationOrigin": [
                        7.0,
                        0.0,
                        1.0
                    ],
                    "faces": {
                        "up": {
                            "texture": "#fireceramic",
                            "uv": [
                                7.0,
                                1.0,
                                13.0,
                                13.0
                            ]
                        }
                    }
                },
                {
                    "name": "HotPlate",
                    "from": [
                        1.0,
                        0.0,
                        1.0
                    ],
                    "to": [
                        13.0,
                        10.0,
                        13.0
                    ],
                    "rotationOrigin": [
                        1.0,
                        0.0,
                        1.0
                    ],
                    "faces": {
                        "down": {
                            "texture": "#metal",
                            "uv": [
                                1.0,
                                1.0,
                                13.0,
                                13.0
                            ]
                        }
                    }
                }
            ]
        },
        {
            "name": "AxleCube1",
            "from": [
                0.0,
                7.0,
                6.0
            ],
            "to": [
                1.01,
                9.0,
                10.0
            ],
            "rotationOrigin": [
                0.0,
                8.0,
                8.0
            ],
            "faces": {
                "north": {
                    "texture": "#wood",
                    "uv": [
                        0.0,
                        7.0,
                        1.01,
                        9.0
                    ]
                },
                "south": {
                    "texture": "#wood",
                    "uv": [
                        0.0,
                        7.0,
                        1.01,
                        9.0
                    ]
                },
                "east": {
                    "texture": "#wood",
                    "uv": [
                        6.0,
                        7.0,
                        10.0,
                        9.0
                    ]
                },
                "west": {
                    "texture": "#wood",
                    "uv": [
                        6.0,
                        7.0,
                        10.0,
                        9.0
                    ]
                },
                "up": {
                    "texture": "#wood",
                    "uv": [
                        0.0,
                        6.0,
                        1.01,
                        10.0
                    ]
                },
                "down": {
                    "texture": "#wood",
                    "uv": [
                        0.0,
                        6.0,
                        1.01,
                        10.0
                    ]
                }
            },
            "children": [
                {
                    "name": "AxleCube2",
                    "from": [
                        0.01,
                        -1.0,
                        1.0
                    ],
                    "to": [
                        1.0,
                        3.0,
                        3.0
                    ],
                    "rotationOrigin": [
                        0.0,
                        -23.0,
                        -6.0
                    ],
                    "faces": {
                        "north": {
                            "texture": "#wood",
                            "uv": [
                                0.01,
                                7.0,
                                1.0,
                                11.0
                            ]
                        },
                        "south": {
                            "texture": "#wood",
                            "uv": [
                                0.01,
                                7.0,
                                1.0,
                                11.0
                            ]
                        },
                        "east": {
                            "texture": "#wood",
                            "uv": [
                                1.0,
                                7.0,
                                3.0,
                                11.0
                            ]
                        },
                        "west": {
                            "texture": "#wood",
                            "uv": [
                                1.0,
                                7.0,
                                3.0,
                                11.0
                            ]
                        },
                        "up": {
                            "texture": "#wood",
                            "uv": [
                                0.01,
                                1.0,
                                1.0,
                                3.0
                            ]
                        },
                        "down": {
                            "texture": "#wood",
                            "uv": [
                                0.01,
                                1.0,
                                1.0,
                                3.0
                            ]
                        }
                    }
                },
                {
                    "name": "CrankshaftL",
                    "from": [
                        1.0,
                        0.5,
                        1.5
                    ],
                    "to": [
                        2.5,
                        1.5,
                        2.5
                    ],
                    "rotationOrigin": [
                        1.0,
                        0.0,
                        1.0
                    ],
                    "faces": {
                        "north": {
                            "texture": "#wood",
                            "uv": [
                                1.0,
                                0.5,
                                2.5,
                                1.5
                            ]
                        },
                        "south": {
                            "texture": "#wood",
                            "uv": [
                                1.0,
                                0.5,
                                2.5,
                                1.5
                            ]
                        },
                        "up": {
                            "texture": "#wood",
                            "uv": [
                                1.0,
                                1.5,
                                2.5,
                                2.5
                            ]
                        },
                        "down": {
                            "texture": "#wood",
                            "uv": [
                                1.0,
                                1.5,
                                2.5,
                                2.5
                            ]
                        }
                    }
                },
                {
                    "name": "Crankshaft2",
                    "from": [
                        2.5,
                        0.5,
                        1.5
                    ],
                    "to": [
                        3.5,
                        3.0,
                        2.5
                    ],
                    "rotationOrigin": [
                        2.0,
                        0.0,
                        1.0
                    ],
                    "faces": {
                        "north": {
                            "texture": "#wood",
                            "uv": [
                                2.5,
                                0.5,
                                3.5,
                                3.0
                            ]
                        },
                        "south": {
                            "texture": "#wood",
                            "uv": [
                                2.5,
                                0.5,
                                3.5,
                                3.0
                            ]
                        },
                        "east": {
                            "texture": "#wood",
                            "uv": [
                                1.5,
                                0.5,
                                2.5,
                                3.0
                            ]
                        },
                        "west": {
                            "texture": "#wood",
                            "uv": [
                                1.5,
                                0.5,
                                2.5,
                                3.0
                            ]
                        },
                        "up": {
                            "texture": "#wood",
                            "uv": [
                                2.5,
                                1.5,
                                3.5,
                                2.5
                            ]
                        },
                        "down": {
                            "texture": "#wood",
                            "uv": [
                                2.5,
                                1.5,
                                3.5,
                                2.5
                            ]
                        }
                    }
                },
                {
                    "name": "Crankshaft4",
                    "from": [
                        6.5,
                        0.5,
                        1.5
                    ],
                    "to": [
                        7.5,
                        3.0,
                        2.5
                    ],
                    "rotationOrigin": [
                        6.0,
                        0.0,
                        1.0
                    ],
                    "faces": {
                        "north": {
                            "texture": "#wood",
                            "uv": [
                                6.5,
                                0.5,
                                7.5,
                                3.0
                            ]
                        },
                        "south": {
                            "texture": "#wood",
                            "uv": [
                                6.5,
                                0.5,
                                7.5,
                                3.0
                            ]
                        },
                        "east": {
                            "texture": "#wood",
                            "uv": [
                                1.5,
                                0.5,
                                2.5,
                                3.0
                            ]
                        },
                        "west": {
                            "texture": "#wood",
                            "uv": [
                                1.5,
                                0.5,
                                2.5,
                                3.0
                            ]
                        },
                        "up": {
                            "texture": "#wood",
                            "uv": [
                                6.5,
                                1.5,
                                7.5,
                                2.5
                            ]
                        },
                        "down": {
                            "texture": "#wood",
                            "uv": [
                                6.5,
                                1.5,
                                7.5,
                                2.5
                            ]
                        }
                    }
                },
                {
                    "name": "Crankshaft6",
                    "from": [
                        8.5,
                        0.5,
                        1.5
                    ],
                    "to": [
                        9.5,
                        1.5,
                        5.0
                    ],
                    "rotationOrigin": [
                        8.0,
                        0.0,
                        1.0
                    ],
                    "faces": {
                        "north": {
                            "texture": "#wood",
                            "uv": [
                                8.5,
                                0.5,
                                9.5,
                                1.5
                            ]
                        },
                        "south": {
                            "texture": "#wood",
                            "uv": [
                                8.5,
                                0.5,
                                9.5,
                                1.5
                            ]
                        },
                        "east": {
                            "texture": "#wood",
                            "uv": [
                                1.5,
                                0.5,
                                5.0,
                                1.5
                            ]
                        },
                        "west": {
                            "texture": "#wood",
                            "uv": [
                                1.5,
                                0.5,
                                5.0,
                                1.5
                            ]
                        },
                        "up": {
                            "texture": "#wood",
                            "uv": [
                                8.5,
                                1.5,
                                9.5,
                                5.0
                            ]
                        },
                        "down": {
                            "texture": "#wood",
                            "uv": [
                                8.5,
                                1.5,
                                9.5,
                                5.0
                            ]
                        }
                    }
                },
                {
                    "name": "Crankshaft8",
                    "from": [
                        12.5,
                        0.5,
                        1.5
                    ],
                    "to": [
                        13.5,
                        1.5,
                        5.0
                    ],
                    "rotationOrigin": [
                        12.0,
                        0.0,
                        1.0
                    ],
                    "faces": {
                        "north": {
                            "texture": "#wood",
                            "uv": [
                                12.5,
                                0.5,
                                13.5,
                                1.5
                            ]
                        },
                        "south": {
                            "texture": "#wood",
                            "uv": [
                                12.5,
                                0.5,
                                13.5,
                                1.5
                            ]
                        },
                        "east": {
                            "texture": "#wood",
                            "uv": [
                                1.5,
                                0.5,
                                5.0,
                                1.5
                            ]
                        },
                        "west": {
                            "texture": "#wood",
                            "uv": [
                                1.5,
                                0.5,
                                5.0,
                                1.5
                            ]
                        },
                        "up": {
                            "texture": "#wood",
                            "uv": [
                                12.5,
                                1.5,
                                13.5,
                                5.0
                            ]
                        },
                        "down": {
                            "texture": "#wood",
                            "uv": [
                                12.5,
                                1.5,
                                13.5,
                                5.0
                            ]
                        }
                    }
                },
                {
                    "name": "Crankshaft3",
                    "from": [
                        3.5,
                        2.0,
                        1.5
                    ],
                    "to": [
                        6.5,
                        3.0,
                        2.5
                    ],
                    "rotationOrigin": [
                        3.0,
                        1.0,
                        1.0
                    ],
                    "faces": {
                        "north": {
                            "texture": "#wood",
                            "uv": [
                                3.5,
                                2.0,
                                6.5,
                                3.0
                            ]
                        },
                        "south": {
                            "texture": "#wood",
                            "uv": [
                                3.5,
                                2.0,
                                6.5,
                                3.0
                            ]
                        },
                        "up": {
                            "texture": "#wood",
                            "uv": [
                                3.5,
                                1.5,
                                6.5,
                                2.5
                            ]
                        },
                        "down": {
                            "texture": "#wood",
                            "uv": [
                                3.5,
                                1.5,
                                6.5,
                                2.5
                            ]
                        }
                    }
                },
                {
                    "name": "Crankshaft5",
                    "from": [
                        7.5,
                        0.5,
                        1.5
                    ],
                    "to": [
                        8.5,
                        1.5,
                        2.5
                    ],
                    "rotationOrigin": [
                        7.0,
                        0.0,
                        1.0
                    ],
                    "faces": {
                        "north": {
                            "texture": "#wood",
                            "uv": [
                                7.5,
                                0.5,
                                8.5,
                                1.5
                            ]
                        },
                        "south": {
                            "texture": "#wood",
                            "uv": [
                                7.5,
                                0.5,
                                8.5,
                                1.5
                            ]
                        },
                        "up": {
                            "texture": "#wood",
                            "uv": [
                                7.5,
                                1.5,
                                8.5,
                                2.5
                            ]
                        },
                        "down": {
                            "texture": "#wood",
                            "uv": [
                                7.5,
                                1.5,
                                8.5,
                                2.5
                            ]
                        }
                    }
                },
                {
                    "name": "Crankshaft9",
                    "from": [
                        13.5,
                        0.5,
                        1.5
                    ],
                    "to": [
                        15.0,
                        1.5,
                        2.5
                    ],
                    "rotationOrigin": [
                        13.0,
                        0.0,
                        1.0
                    ],
                    "faces": {
                        "north": {
                            "texture": "#wood",
                            "uv": [
                                13.5,
                                0.5,
                                15.0,
                                1.5
                            ]
                        },
                        "south": {
                            "texture": "#wood",
                            "uv": [
                                13.5,
                                0.5,
                                15.0,
                                1.5
                            ]
                        },
                        "east": {
                            "texture": "#wood",
                            "uv": [
                                1.5,
                                0.5,
                                2.5,
                                1.5
                            ]
                        },
                        "up": {
                            "texture": "#wood",
                            "uv": [
                                13.5,
                                1.5,
                                15.0,
                                2.5
                            ]
                        },
                        "down": {
                            "texture": "#wood",
                            "uv": [
                                13.5,
                                1.5,
                                15.0,
                                2.5
                            ]
                        }
                    }
                },
                {
                    "name": "Crankshaft7",
                    "from": [
                        9.5,
                        0.5,
                        4.0
                    ],
                    "to": [
                        12.5,
                        1.5,
                        5.0
                    ],
                    "rotationOrigin": [
                        9.0,
                        0.0,
                        4.0
                    ],
                    "faces": {
                        "north": {
                            "texture": "#wood",
                            "uv": [
                                9.5,
                                0.5,
                                12.5,
                                1.5
                            ]
                        },
                        "south": {
                            "texture": "#wood",
                            "uv": [
                                9.5,
                                0.5,
                                12.5,
                                1.5
                            ]
                        },
                        "up": {
                            "texture": "#wood",
                            "uv": [
                                9.5,
                                4.0,
                                12.5,
                                5.0
                            ]
                        },
                        "down": {
                            "texture": "#wood",
                            "uv": [
                                9.5,
                                4.0,
                                12.5,
                                5.0
                            ]
                        }
                    }
                }
            ]
        }
    ]
}
