{
    "editor": {},
    "textureWidth": 16,
    "textureHeight": 16,
    "textureSizes": {},
    "textures": {
        "ceramic": "game:block/clay/ceramic"
    },
    "elements": [
        {
            "name": "ChamberN",
            "from": [
                1.0,
                -8.0,
                1.0
            ],
            "to": [
                15.0,
                2.0,
                2.0
            ],
            "rotationOrigin": [
                1.0,
                -8.0,
                1.0
            ],
            "faces": {
            },
            "children": [
                {
                    "name": "DisplacerPiston",
                    "from": [
                        9.0,
                        7.5,
                        6.0
                    ],
                    "to": [
                        11.0,
                        14.5,
                        8.0
                    ],
                    "rotationOrigin": [
                        9.0,
                        10.0,
                        6.0
                    ],
                    "faces": {
                        "north": {
                            "texture": "#ceramic",
                            "uv": [
                                9.0,
                                7.5,
                                11.0,
                                14.5
                            ]
                        },
                        "south": {
                            "texture": "#ceramic",
                            "uv": [
                                9.0,
                                7.5,
                                11.0,
                                14.5
                            ]
                        },
                        "east": {
                            "texture": "#ceramic",
                            "uv": [
                                6.0,
                                7.5,
                                8.0,
                                14.5
                            ]
                        },
                        "west": {
                            "texture": "#ceramic",
                            "uv": [
                                6.0,
                                7.5,
                                8.0,
                                14.5
                            ]
                        }
                    },
                    "children": [
                        {
                            "name": "DisplacerPistonBottom",
                            "from": [
                                0.0,
                                7.0,
                                -3.0
                            ],
                            "to": [
                                2.0,
                                8.0,
                                5.0
                            ],
                            "rotationOrigin": [
                                0.0,
                                7.0,
                                -3.0
                            ],
                            "faces": {
                                "north": {
                                    "texture": "#ceramic",
                                    "uv": [
                                        0.0,
                                        7.0,
                                        2.0,
                                        8.0
                                    ]
                                },
                                "south": {
                                    "texture": "#ceramic",
                                    "uv": [
                                        0.0,
                                        7.0,
                                        2.0,
                                        8.0
                                    ]
                                },
                                "east": {
                                    "texture": "#ceramic",
                                    "uv": [
                                        5.0,
                                        7.0,
                                        13.0,
                                        8.0
                                    ]
                                },
                                "west": {
                                    "texture": "#ceramic",
                                    "uv": [
                                        5.0,
                                        7.0,
                                        13.0,
                                        8.0
                                    ]
                                },
                                "up": {
                                    "texture": "#ceramic",
                                    "uv": [
                                        0.0,
                                        5.0,
                                        2.0,
                                        13.0
                                    ]
                                },
                                "down": {
                                    "texture": "#ceramic",
                                    "uv": [
                                        0.0,
                                        5.0,
                                        2.0,
                                        13.0
                                    ]
                                }
                            }
                        },
                        {
                            "name": "DisplacerPistonTop",
                            "from": [
                                0.0,
                                9.0,
                                -3.0
                            ],
                            "to": [
                                2.0,
                                10.0,
                                5.0
                            ],
                            "rotationOrigin": [
                                0.0,
                                9.0,
                                -3.0
                            ],
                            "faces": {
                                "north": {
                                    "texture": "#ceramic",
                                    "uv": [
                                        0.0,
                                        9.0,
                                        2.0,
                                        10.0
                                    ]
                                },
                                "south": {
                                    "texture": "#ceramic",
                                    "uv": [
                                        0.0,
                                        9.0,
                                        2.0,
                                        10.0
                                    ]
                                },
                                "east": {
                                    "texture": "#ceramic",
                                    "uv": [
                                        5.0,
                                        9.0,
                                        13.0,
                                        10.0
                                    ]
                                },
                                "west": {
                                    "texture": "#ceramic",
                                    "uv": [
                                        5.0,
                                        9.0,
                                        13.0,
                                        10.0
                                    ]
                                },
                                "up": {
                                    "texture": "#ceramic",
                                    "uv": [
                                        0.0,
                                        5.0,
                                        2.0,
                                        13.0
                                    ]
                                },
                                "down": {
                                    "texture": "#ceramic",
                                    "uv": [
                                        0.0,
                                        5.0,
                                        2.0,
                                        13.0
                                    ]
                                }
                            }
                        },
                        {
                            "name": "DisplacerPistonHoopN",
                            "from": [
                                0.0,
                                8.0,
                                -3.0
                            ],
                            "to": [
                                2.0,
                                9.0,
                                -2.0
                            ],
                            "rotationOrigin": [
                                0.0,
                                8.0,
                                -3.0
                            ],
                            "faces": {
                                "north": {
                                    "texture": "#ceramic",
                                    "uv": [
                                        0.0,
                                        8.0,
                                        2.0,
                                        9.0
                                    ]
                                },
                                "south": {
                                    "texture": "#ceramic",
                                    "uv": [
                                        0.0,
                                        8.0,
                                        2.0,
                                        9.0
                                    ]
                                },
                                "east": {
                                    "texture": "#ceramic",
                                    "uv": [
                                        13.0,
                                        8.0,
                                        14.0,
                                        9.0
                                    ]
                                },
                                "west": {
                                    "texture": "#ceramic",
                                    "uv": [
                                        13.0,
                                        8.0,
                                        14.0,
                                        9.0
                                    ]
                                }
                            }
                        },
                        {
                            "name": "DisplacerPistonHoopS",
                            "from": [
                                0.0,
                                8.0,
                                4.0
                            ],
                            "to": [
                                2.0,
                                9.0,
                                5.0
                            ],
                            "rotationOrigin": [
                                0.0,
                                8.0,
                                3.0
                            ],
                            "faces": {
                                "north": {
                                    "texture": "#ceramic",
                                    "uv": [
                                        0.0,
                                        8.0,
                                        2.0,
                                        9.0
                                    ]
                                },
                                "south": {
                                    "texture": "#ceramic",
                                    "uv": [
                                        0.0,
                                        8.0,
                                        2.0,
                                        9.0
                                    ]
                                },
                                "east": {
                                    "texture": "#ceramic",
                                    "uv": [
                                        4.0,
                                        8.0,
                                        5.0,
                                        9.0
                                    ]
                                },
                                "west": {
                                    "texture": "#ceramic",
                                    "uv": [
                                        4.0,
                                        8.0,
                                        5.0,
                                        9.0
                                    ]
                                }
                            }
                        }
                    ]
                }
            ]
        }
    ]
}
