{
    "editor": {},
    "textureWidth": 16,
    "textureHeight": 16,
    "textureSizes": {},
    "textures": {
        "ceramic": "game:block/clay/ceramic"
    },
    "elements": [
        {
            "name": "ChamberN",
            "from": [
                1.0,
                -8.0,
                1.0
            ],
            "to": [
                15.0,
                2.0,
                2.0
            ],
            "rotationOrigin": [
                1.0,
                -8.0,
                1.0
            ],
            "faces": {
            },
            "children": [
                {
                    "name": "WorkPiston",
                    "from": [
                        2.0,
                        11.0,
                        2.0
                    ],
                    "to": [
                        6.0,
                        13.0,
                        12.0
                    ],
                    "rotationOrigin": [
                        2.0,
                        11.0,
                        2.0
                    ],
                    "faces": {
                        "up": {
                            "texture": "#ceramic",
                            "uv": [
                                2.0,
                                2.0,
                                6.0,
                                12.0
                            ]
                        }
                    },
                    "children": [
                        {
                            "name": "WorkPistonStem",
                            "from": [
                                1.0,
                                2.0,
                                4.0
                            ],
                            "to": [
                                3.0,
                                5.0,
                                6.0
                            ],
                            "rotationOrigin": [
                                1.0,
                                2.0,
                                4.0
                            ],
                            "faces": {
                                "north": {
                                    "texture": "#ceramic",
                                    "uv": [
                                        1.0,
                                        2.0,
                                        3.0,
                                        5.0
                                    ]
                                },
                                "south": {
                                    "texture": "#ceramic",
                                    "uv": [
                                        1.0,
                                        2.0,
                                        3.0,
                                        5.0
                                    ]
                                },
                                "east": {
                                    "texture": "#ceramic",
                                    "uv": [
                                        4.0,
                                        2.0,
                                        6.0,
                                        5.0
                                    ]
                                },
                                "west": {
                                    "texture": "#ceramic",
                                    "uv": [
                                        4.0,
                                        2.0,
                                        6.0,
                                        5.0
                                    ]
                                }
                            }
                        },
                        {
                            "name": "WorkPistonHoopBottom",
                            "from": [
                                1.0,
                                5.0,
                                2.5
                            ],
                            "to": [
                                3.0,
                                6.0,
                                7.5
                            ],
                            "rotationOrigin": [
                                1.0,
                                5.0,
                                2.0
                            ],
                            "faces": {
                                "north": {
                                    "texture": "#ceramic",
                                    "uv": [
                                        1.0,
                                        5.0,
                                        3.0,
                                        6.0
                                    ]
                                },
                                "south": {
                                    "texture": "#ceramic",
                                    "uv": [
                                        1.0,
                                        5.0,
                                        3.0,
                                        6.0
                                    ]
                                },
                                "east": {
                                    "texture": "#ceramic",
                                    "uv": [
                                        2.5,
                                        5.0,
                                        7.5,
                                        6.0
                                    ]
                                },
                                "west": {
                                    "texture": "#ceramic",
                                    "uv": [
                                        2.5,
                                        5.0,
                                        7.5,
                                        6.0
                                    ]
                                },
                                "up": {
                                    "texture": "#ceramic",
                                    "uv": [
                                        1.0,
                                        2.5,
                                        3.0,
                                        7.5
                                    ]
                                },
                                "down": {
                                    "texture": "#ceramic",
                                    "uv": [
                                        1.0,
                                        2.5,
                                        3.0,
                                        7.5
                                    ]
                                }
                            }
                        },
                        {
                            "name": "WorkPistonHoopTop",
                            "from": [
                                1.0,
                                7.0,
                                2.5
                            ],
                            "to": [
                                3.0,
                                8.0,
                                7.5
                            ],
                            "rotationOrigin": [
                                1.0,
                                7.0,
                                2.0
                            ],
                            "faces": {
                                "north": {
                                    "texture": "#ceramic",
                                    "uv": [
                                        1.0,
                                        7.0,
                                        3.0,
                                        8.0
                                    ]
                                },
                                "south": {
                                    "texture": "#ceramic",
                                    "uv": [
                                        1.0,
                                        7.0,
                                        3.0,
                                        8.0
                                    ]
                                },
                                "east": {
                                    "texture": "#ceramic",
                                    "uv": [
                                        2.5,
                                        7.0,
                                        7.5,
                                        8.0
                                    ]
                                },
                                "west": {
                                    "texture": "#ceramic",
                                    "uv": [
                                        2.5,
                                        7.0,
                                        7.5,
                                        8.0
                                    ]
                                },
                                "up": {
                                    "texture": "#ceramic",
                                    "uv": [
                                        1.0,
                                        2.5,
                                        3.0,
                                        7.5
                                    ]
                                },
                                "down": {
                                    "texture": "#ceramic",
                                    "uv": [
                                        1.0,
                                        2.5,
                                        3.0,
                                        7.5
                                    ]
                                }
                            }
                        },
                        {
                            "name": "WorkPistonHoopN",
                            "from": [
                                1.0,
                                6.0,
                                2.5
                            ],
                            "to": [
                                3.0,
                                7.0,
                                3.5
                            ],
                            "rotationOrigin": [
                                1.0,
                                6.0,
                                2.0
                            ],
                            "faces": {
                                "north": {
                                    "texture": "#ceramic",
                                    "uv": [
                                        1.0,
                                        6.0,
                                        3.0,
                                        7.0
                                    ]
                                },
                                "south": {
                                    "texture": "#ceramic",
                                    "uv": [
                                        1.0,
                                        6.0,
                                        3.0,
                                        7.0
                                    ]
                                },
                                "east": {
                                    "texture": "#ceramic",
                                    "uv": [
                                        2.5,
                                        6.0,
                                        3.5,
                                        7.0
                                    ]
                                },
                                "west": {
                                    "texture": "#ceramic",
                                    "uv": [
                                        2.5,
                                        6.0,
                                        3.5,
                                        7.0
                                    ]
                                }
                            }
                        },
                        {
                            "name": "WorkPistonHoopS",
                            "from": [
                                1.0,
                                6.0,
                                6.5
                            ],
                            "to": [
                                3.0,
                                7.0,
                                7.5
                            ],
                            "rotationOrigin": [
                                1.0,
                                6.0,
                                6.0
                            ],
                            "faces": {
                                "north": {
                                    "texture": "#ceramic",
                                    "uv": [
                                        1.0,
                                        6.0,
                                        3.0,
                                        7.0
                                    ]
                                },
                                "south": {
                                    "texture": "#ceramic",
                                    "uv": [
                                        1.0,
                                        6.0,
                                        3.0,
                                        7.0
                                    ]
                                },
                                "east": {
                                    "texture": "#ceramic",
                                    "uv": [
                                        6.5,
                                        6.0,
                                        7.5,
                                        7.0
                                    ]
                                },
                                "west": {
                                    "texture": "#ceramic",
                                    "uv": [
                                        6.5,
                                        6.0,
                                        7.5,
                                        7.0
                                    ]
                                }
                            }
                        }
                    ]
                }
            ]
        }
    ]
}
