{
    "editor": {},
    "textureWidth": 16,
    "textureHeight": 16,
    "textureSizes": {},
    "textures": {
        "metal": "game:item/resource/plate/copper",
        "fireceramic": "game:block/clay/hardened/fire2",
        "wood": "game:block/wood/planks/generic",
        "ceramic": "game:block/clay/ceramic"
    },
    "elements": [
        {
            "name": "NWLeg",
            "from": [
                0.5,
                -16.0,
                0.5
            ],
            "to": [
                3.0,
                0.0,
                3.0
            ],
            "faces": {
                "north": {
                    "texture": "#ceramic",
                    "uv": [
                        0.5,
                        0.0,
                        3.0,
                        16.0
                    ]
                },
                "south": {
                    "texture": "#ceramic",
                    "uv": [
                        0.5,
                        0.0,
                        3.0,
                        16.0
                    ]
                },
                "east": {
                    "texture": "#ceramic",
                    "uv": [
                        0.5,
                        0.0,
                        3.0,
                        16.0
                    ]
                },
                "west": {
                    "texture": "#ceramic",
                    "uv": [
                        0.5,
                        0.0,
                        3.0,
                        16.0
                    ]
                },
                "down": {
                    "texture": "#ceramic",
                    "uv": [
                        0.5,
                        0.5,
                        3.0,
                        3.0
                    ]
                }
            },
            "children": [
                {
                    "name": "NWLegUp",
                    "from": [
                        0.0,
                        16.0,
                        0.0
                    ],
                    "to": [
                        2.5,
                        19.0,
                        2.5
                    ],
                    "rotationOrigin": [
                        0.0,
                        16.0,
                        0.0
                    ],
                    "faces": {
                        "north": {
                            "texture": "#ceramic",
                            "uv": [
                                0.0,
                                0.0,
                                2.5,
                                3.0
                            ]
                        },
                        "south": {
                            "texture": "#ceramic",
                            "uv": [
                                0.0,
                                0.0,
                                2.5,
                                3.0
                            ]
                        },
                        "east": {
                            "texture": "#ceramic",
                            "uv": [
                                0.0,
                                0.0,
                                2.5,
                                3.0
                            ]
                        },
                        "west": {
                            "texture": "#ceramic",
                            "uv": [
                                0.0,
                                0.0,
                                2.5,
                                3.0
                            ]
                        },
                        "up": {
                            "texture": "#ceramic",
                            "uv": [
                                0.0,
                                0.0,
                                2.5,
                                2.5
                            ]
                        }
                    }
                }
            ]
        },
        {
            "name": "SWLeg",
            "from": [
                0.5,
                -16.0,
                13.0
            ],
            "to": [
                3.0,
                0.0,
                15.5
            ],
            "rotationOrigin": [
                0.0,
                0.0,
                13.0
            ],
            "faces": {
                "north": {
                    "texture": "#ceramic",
                    "uv": [
                        0.5,
                        0.0,
                        3.0,
                        16.0
                    ]
                },
                "south": {
                    "texture": "#ceramic",
                    "uv": [
                        0.5,
                        0.0,
                        3.0,
                        16.0
                    ]
                },
                "east": {
                    "texture": "#ceramic",
                    "uv": [
                        13.0,
                        0.0,
                        15.5,
                        16.0
                    ]
                },
                "west": {
                    "texture": "#ceramic",
                    "uv": [
                        13.0,
                        0.0,
                        15.5,
                        16.0
                    ]
                },
                "down": {
                    "texture": "#ceramic",
                    "uv": [
                        0.5,
                        13.0,
                        3.0,
                        15.5
                    ]
                }
            },
            "children": [
                {
                    "name": "SWLegUp",
                    "from": [
                        0.0,
                        16.0,
                        0.0
                    ],
                    "to": [
                        2.5,
                        19.0,
                        2.5
                    ],
                    "rotationOrigin": [
                        0.0,
                        16.0,
                        -13.0
                    ],
                    "faces": {
                        "north": {
                            "texture": "#ceramic",
                            "uv": [
                                0.0,
                                0.0,
                                2.5,
                                3.0
                            ]
                        },
                        "south": {
                            "texture": "#ceramic",
                            "uv": [
                                0.0,
                                0.0,
                                2.5,
                                3.0
                            ]
                        },
                        "east": {
                            "texture": "#ceramic",
                            "uv": [
                                0.0,
                                0.0,
                                2.5,
                                3.0
                            ]
                        },
                        "west": {
                            "texture": "#ceramic",
                            "uv": [
                                0.0,
                                0.0,
                                2.5,
                                3.0
                            ]
                        },
                        "up": {
                            "texture": "#ceramic",
                            "uv": [
                                0.0,
                                0.0,
                                2.5,
                                2.5
                            ]
                        }
                    }
                }
            ]
        },
        {
            "name": "NELeg",
            "from": [
                13.0,
                -16.0,
                0.5
            ],
            "to": [
                15.5,
                0.0,
                3.0
            ],
            "faces": {
                "north": {
                    "texture": "#ceramic",
                    "uv": [
                        13.0,
                        0.0,
                        15.5,
                        16.0
                    ]
                },
                "south": {
                    "texture": "#ceramic",
                    "uv": [
                        13.0,
                        0.0,
                        15.5,
                        16.0
                    ]
                },
                "east": {
                    "texture": "#ceramic",
                    "uv": [
                        0.5,
                        0.0,
                        3.0,
                        16.0
                    ]
                },
                "west": {
                    "texture": "#ceramic",
                    "uv": [
                        0.5,
                        0.0,
                        3.0,
                        16.0
                    ]
                },
                "down": {
                    "texture": "#ceramic",
                    "uv": [
                        13.0,
                        0.5,
                        15.5,
                        3.0
                    ]
                }
            },
            "children": [
                {
                    "name": "NELegUp",
                    "from": [
                        0.0,
                        16.0,
                        0.0
                    ],
                    "to": [
                        2.5,
                        19.0,
                        2.5
                    ],
                    "rotationOrigin": [
                        -13.0,
                        16.0,
                        0.0
                    ],
                    "faces": {
                        "north": {
                            "texture": "#ceramic",
                            "uv": [
                                0.0,
                                0.0,
                                2.5,
                                3.0
                            ]
                        },
                        "south": {
                            "texture": "#ceramic",
                            "uv": [
                                0.0,
                                0.0,
                                2.5,
                                3.0
                            ]
                        },
                        "east": {
                            "texture": "#ceramic",
                            "uv": [
                                0.0,
                                0.0,
                                2.5,
                                3.0
                            ]
                        },
                        "west": {
                            "texture": "#ceramic",
                            "uv": [
                                0.0,
                                0.0,
                                2.5,
                                3.0
                            ]
                        },
                        "up": {
                            "texture": "#ceramic",
                            "uv": [
                                0.0,
                                0.0,
                                2.5,
                                2.5
                            ]
                        }
                    }
                }
            ]
        },
        {
            "name": "SELeg",
            "from": [
                13.0,
                -16.0,
                13.0
            ],
            "to": [
                15.5,
                0.0,
                15.5
            ],
            "faces": {
                "north": {
                    "texture": "#ceramic",
                    "uv": [
                        13.0,
                        0.0,
                        15.5,
                        16.0
                    ]
                },
                "south": {
                    "texture": "#ceramic",
                    "uv": [
                        13.0,
                        0.0,
                        15.5,
                        16.0
                    ]
                },
                "east": {
                    "texture": "#ceramic",
                    "uv": [
                        13.0,
                        0.0,
                        15.5,
                        16.0
                    ]
                },
                "west": {
                    "texture": "#ceramic",
                    "uv": [
                        13.0,
                        0.0,
                        15.5,
                        16.0
                    ]
                },
                "down": {
                    "texture": "#ceramic",
                    "uv": [
                        13.0,
                        13.0,
                        15.5,
                        15.5
                    ]
                }
            },
            "children": [
                {
                    "name": "SELegUp",
                    "from": [
                        0.0,
                        16.0,
                        0.0
                    ],
                    "to": [
                        2.5,
                        19.0,
                        2.5
                    ],
                    "rotationOrigin": [
                        -13.0,
                        16.0,
                        -13.0
                    ],
                    "faces": {
                        "north": {
                            "texture": "#ceramic",
                            "uv": [
                                0.0,
                                0.0,
                                2.5,
                                3.0
                            ]
                        },
                        "south": {
                            "texture": "#ceramic",
                            "uv": [
                                0.0,
                                0.0,
                                2.5,
                                3.0
                            ]
                        },
                        "east": {
                            "texture": "#ceramic",
                            "uv": [
                                0.0,
                                0.0,
                                2.5,
                                3.0
                            ]
                        },
                        "west": {
                            "texture": "#ceramic",
                            "uv": [
                                0.0,
                                0.0,
                                2.5,
                                3.0
                            ]
                        },
                        "up": {
                            "texture": "#ceramic",
                            "uv": [
                                0.0,
                                0.0,
                                2.5,
                                2.5
                            ]
                        }
                    }
                }
            ]
        },
        {
            "name": "ChamberN",
            "from": [
                1.0,
                -8.0,
                1.0
            ],
            "to": [
                15.0,
                2.0,
                2.0
            ],
            "rotationOrigin": [
                1.0,
                -8.0,
                1.0
            ],
            "faces": {
                "north": {
                    "texture": "#fireceramic",
                    "uv": [
                        1.0,
                        0.0,
                        15.0,
                        10.0
                    ]
                },
                "up": {
                    "texture": "#fireceramic",
                    "uv": [
                        1.0,
                        1.0,
                        15.0,
                        2.0
                    ]
                },
                "down": {
                    "texture": "#fireceramic",
                    "uv": [
                        1.0,
                        1.0,
                        15.0,
                        2.0
                    ]
                }
            },
            "children": [
                {
                    "name": "WorkSleeveW",
                    "from": [
                        1.0,
                        10.0,
                        1.0
                    ],
                    "to": [
                        2.0,
                        13.0,
                        13.0
                    ],
                    "rotationOrigin": [
                        1.0,
                        10.0,
                        1.0
                    ],
                    "faces": {
                        "north": {
                            "texture": "#fireceramic",
                            "uv": [
                                1.0,
                                10.0,
                                2.0,
                                13.0
                            ]
                        },
                        "south": {
                            "texture": "#fireceramic",
                            "uv": [
                                1.0,
                                10.0,
                                2.0,
                                13.0
                            ]
                        },
                        "east": {
                            "texture": "#fireceramic",
                            "uv": [
                                1.0,
                                10.0,
                                13.0,
                                13.0
                            ]
                        },
                        "west": {
                            "texture": "#fireceramic",
                            "uv": [
                                1.0,
                                10.0,
                                13.0,
                                13.0
                            ]
                        },
                        "up": {
                            "texture": "#fireceramic",
                            "uv": [
                                1.0,
                                1.0,
                                2.0,
                                13.0
                            ]
                        }
                    }
                },
                {
                    "name": "WorkSleeveE",
                    "from": [
                        6.0,
                        10.0,
                        1.0
                    ],
                    "to": [
                        7.0,
                        13.0,
                        13.0
                    ],
                    "rotationOrigin": [
                        6.0,
                        10.0,
                        1.0
                    ],
                    "faces": {
                        "north": {
                            "texture": "#fireceramic",
                            "uv": [
                                6.0,
                                10.0,
                                7.0,
                                13.0
                            ]
                        },
                        "south": {
                            "texture": "#fireceramic",
                            "uv": [
                                6.0,
                                10.0,
                                7.0,
                                13.0
                            ]
                        },
                        "east": {
                            "texture": "#fireceramic",
                            "uv": [
                                1.0,
                                10.0,
                                13.0,
                                13.0
                            ]
                        },
                        "west": {
                            "texture": "#fireceramic",
                            "uv": [
                                1.0,
                                10.0,
                                13.0,
                                13.0
                            ]
                        },
                        "up": {
                            "texture": "#fireceramic",
                            "uv": [
                                6.0,
                                1.0,
                                7.0,
                                13.0
                            ]
                        }
                    }
                },
                {
                    "name": "WorkSleeveN",
                    "from": [
                        2.0,
                        10.0,
                        1.0
                    ],
                    "to": [
                        6.0,
                        13.0,
                        2.0
                    ],
                    "rotationOrigin": [
                        2.0,
                        10.0,
                        1.0
                    ],
                    "faces": {
                        "north": {
                            "texture": "#fireceramic",
                            "uv": [
                                2.0,
                                10.0,
                                6.0,
                                13.0
                            ]
                        },
                        "south": {
                            "texture": "#fireceramic",
                            "uv": [
                                2.0,
                                10.0,
                                6.0,
                                13.0
                            ]
                        },
                        "east": {
                            "texture": "#fireceramic",
                            "uv": [
                                1.0,
                                10.0,
                                2.0,
                                13.0
                            ]
                        },
                        "west": {
                            "texture": "#fireceramic",
                            "uv": [
                                1.0,
                                10.0,
                                2.0,
                                13.0
                            ]
                        },
                        "up": {
                            "texture": "#fireceramic",
                            "uv": [
                                2.0,
                                1.0,
                                6.0,
                                2.0
                            ]
                        }
                    }
                },
                {
                    "name": "WorkSleeveS",
                    "from": [
                        2.0,
                        10.0,
                        12.0
                    ],
                    "to": [
                        6.0,
                        13.0,
                        13.0
                    ],
                    "rotationOrigin": [
                        2.0,
                        10.0,
                        12.0
                    ],
                    "faces": {
                        "north": {
                            "texture": "#fireceramic",
                            "uv": [
                                2.0,
                                10.0,
                                6.0,
                                13.0
                            ]
                        },
                        "south": {
                            "texture": "#fireceramic",
                            "uv": [
                                2.0,
                                10.0,
                                6.0,
                                13.0
                            ]
                        },
                        "east": {
                            "texture": "#fireceramic",
                            "uv": [
                                12.0,
                                10.0,
                                13.0,
                                13.0
                            ]
                        },
                        "west": {
                            "texture": "#fireceramic",
                            "uv": [
                                12.0,
                                10.0,
                                13.0,
                                13.0
                            ]
                        },
                        "up": {
                            "texture": "#fireceramic",
                            "uv": [
                                2.0,
                                12.0,
                                6.0,
                                13.0
                            ]
                        }
                    }
                },
                {
                    "name": "ChamberS",
                    "from": [
                        0.0,
                        0.0,
                        13.0
                    ],
                    "to": [
                        14.0,
                        10.0,
                        14.0
                    ],
                    "rotationOrigin": [
                        0.0,
                        0.0,
                        13.0
                    ],
                    "faces": {
                        "south": {
                            "texture": "#fireceramic",
                            "uv": [
                                0.0,
                                0.0,
                                14.0,
                                10.0
                            ]
                        },
                        "up": {
                            "texture": "#fireceramic",
                            "uv": [
                                0.0,
                                13.0,
                                14.0,
                                14.0
                            ]
                        },
                        "down": {
                            "texture": "#fireceramic",
                            "uv": [
                                0.0,
                                13.0,
                                14.0,
                                14.0
                            ]
                        }
                    }
                },
                {
                    "name": "ChamberE",
                    "from": [
                        0.0,
                        0.0,
                        1.0
                    ],
                    "to": [
                        1.0,
                        10.0,
                        13.0
                    ],
                    "rotationOrigin": [
                        0.0,
                        0.0,
                        1.0
                    ],
                    "faces": {
                        "west": {
                            "texture": "#fireceramic",
                            "uv": [
                                1.0,
                                0.0,
                                13.0,
                                10.0
                            ]
                        },
                        "up": {
                            "texture": "#fireceramic",
                            "uv": [
                                0.0,
                                1.0,
                                1.0,
                                13.0
                            ]
                        },
                        "down": {
                            "texture": "#fireceramic",
                            "uv": [
                                0.0,
                                1.0,
                                1.0,
                                13.0
                            ]
                        }
                    }
                },
                {
                    "name": "ChamberW",
                    "from": [
                        13.0,
                        0.0,
                        1.0
                    ],
                    "to": [
                        14.0,
                        10.0,
                        13.0
                    ],
                    "rotationOrigin": [
                        13.0,
                        0.0,
                        1.0
                    ],
                    "faces": {
                        "east": {
                            "texture": "#fireceramic",
                            "uv": [
                                1.0,
                                0.0,
                                13.0,
                                10.0
                            ]
                        },
                        "up": {
                            "texture": "#fireceramic",
                            "uv": [
                                13.0,
                                1.0,
                                14.0,
                                13.0
                            ]
                        },
                        "down": {
                            "texture": "#fireceramic",
                            "uv": [
                                13.0,
                                1.0,
                                14.0,
                                13.0
                            ]
                        }
                    }
                },
                {
                    "name": "ChamberTop",
                    "from": [
                        7.0,
                        0.0,
                        1.0
                    ],
                    "to": [
                        13.0,
                        10.0,
                        13.0
                    ],
                    "rotationOrigin": [
                        7.0,
                        0.0,
                        1.0
                    ],
                    "faces": {
                        "up": {
                            "texture": "#fireceramic",
                            "uv": [
                                7.0,
                                1.0,
                                13.0,
                                13.0
                            ]
                        }
                    }
                },
                {
                    "name": "HotPlate",
                    "from": [
                        1.0,
                        0.0,
                        1.0
                    ],
                    "to": [
                        13.0,
                        10.0,
                        13.0
                    ],
                    "rotationOrigin": [
                        1.0,
                        0.0,
                        1.0
                    ],
                    "faces": {
                        "down": {
                            "texture": "#metal",
                            "uv": [
                                1.0,
                                1.0,
                                13.0,
                                13.0
                            ]
                        }
                    }
                }
            ]
        }
    ]
}
