﻿[
  {
    "op": "add",
    "path": "/ingredients/1/validStacks/-",
    "value": {
      "type": "item",
      "code": "wildcraft:herbs-*",
      "shapeElement": "bowl/vegetable 1/*",
      "textureMapping": [
        "vegetable",
        "group10"
      ]
    },
    "file": "recipes/mixing/pastacold.json",
    "side": "server",
    dependsOn: [{ "modid": "wildcraft" }]
  },
  {
    "op": "add",
    "path": "/ingredients/2/validStacks/-",
    "value": {
      "type": "item",
      "code": "wildcraft:herbs-*",
      "shapeElement": "bowl/vegetable 2/*",
      "textureMapping": [
        "vegetable",
        "group10"
      ]
    },
    "file": "recipes/mixing/pastacold.json",
    "side": "server",
    dependsOn: [{ "modid": "wildcraft" }]
  },
  {
    "op": "addeach",
    "path": "/ingredients/4/validStacks/-",
    "value": [{ type: "item", code: "expandedfoods:sausageherb-bushmeat-partbaked",  shapeElement: "bowl/meatnugget 1/*", textureMapping: ["meatnugget", "redmeat-raw"]  }, { type: "item", code: "expandedfoods:sausageherb-bushmeat-driedpartbaked",  shapeElement: "bowl/meatnugget 1/*", textureMapping: ["meatnugget", "redmeat-raw"] }, { type: "item", code: "expandedfoods:sausageherb-bushmeatcheese-partbaked",  shapeElement: "bowl/meatnugget 1/*", textureMapping: ["meatnugget", "redmeat-raw"]  }, { type: "item", code: "expandedfoods:sausageherb-bushmeatcheese-driedpartbaked",  shapeElement: "bowl/meatnugget 1/*", textureMapping: ["meatnugget", "redmeat-raw"]  }, { type: "item", code: "expandedfoods:sausageherb-poultry-partbaked",  shapeElement: "bowl/meatnugget 1/*", textureMapping: ["meatnugget", "poultry-raw"]  }, { type: "item", code: "expandedfoods:sausageherb-poultry-driedpartbaked",  shapeElement: "bowl/meatnugget 1/*", textureMapping: ["meatnugget", "poultry-raw"]  }, { type: "item", code: "expandedfoods:sausageherb-poultrycheese-partbaked",  shapeElement: "bowl/meatnugget 1/*", textureMapping: ["meatnugget", "poultry-raw"]  }, { type: "item", code: "expandedfoods:sausageherb-poultrycheese-driedpartbaked",  shapeElement: "bowl/meatnugget 1/*", textureMapping: ["meatnugget", "poultry-raw"]  }, { type: "item", code: "expandedfoods:sausageherb-redmeat-partbaked",  shapeElement: "bowl/meatnugget 1/*", textureMapping: ["meatnugget", "redmeat-raw"]  }, { type: "item", code: "expandedfoods:sausageherb-redmeat-driedpartbaked",  shapeElement: "bowl/meatnugget 1/*", textureMapping: ["meatnugget", "redmeat-raw"]  }, { type: "item", code: "expandedfoods:sausageherb-redmeatcheese-partbaked",  shapeElement: "bowl/meatnugget 1/*", textureMapping: ["meatnugget", "redmeat-raw"]  }, { type: "item", code: "expandedfoods:sausageherb-redmeatcheese-driedpartbaked",  shapeElement: "bowl/meatnugget 1/*", textureMapping: ["meatnugget", "redmeat-raw"]  }, { type: "item", code: "expandedfoods:sausageherb-bushmeat-cooked",  shapeElement: "bowl/meatnugget 1/*", textureMapping: ["meatnugget", "redmeat-raw"]  }, { type: "item", code: "expandedfoods:sausageherb-bushmeat-driedcooked",  shapeElement: "bowl/meatnugget 1/*", textureMapping: ["meatnugget", "redmeat-raw"]  }, { type: "item", code: "expandedfoods:sausageherb-bushmeatcheese-cooked",  shapeElement: "bowl/meatnugget 1/*", textureMapping: ["meatnugget", "redmeat-raw"]  }, { type: "item", code: "expandedfoods:sausageherb-bushmeatcheese-driedcooked",  shapeElement: "bowl/meatnugget 1/*", textureMapping: ["meatnugget", "redmeat-raw"]  }, { type: "item", code: "expandedfoods:sausageherb-poultry-cooked",  shapeElement: "bowl/meatnugget 1/*", textureMapping: ["meatnugget", "poultry-raw"]  }, { type: "item", code: "expandedfoods:sausageherb-poultry-driedcooked",  shapeElement: "bowl/meatnugget 1/*", textureMapping: ["meatnugget", "poultry-raw"]  }, { type: "item", code: "expandedfoods:sausageherb-poultrycheese-cooked",  shapeElement: "bowl/meatnugget 1/*", textureMapping: ["meatnugget", "poultry-raw"]  }, { type: "item", code: "expandedfoods:sausageherb-poultrycheese-driedcooked",  shapeElement: "bowl/meatnugget 1/*", textureMapping: ["meatnugget", "poultry-raw"]  }, { type: "item", code: "expandedfoods:sausageherb-redmeat-cooked",  shapeElement: "bowl/meatnugget 1/*", textureMapping: ["meatnugget", "redmeat-raw"]  }, { type: "item", code: "expandedfoods:sausageherb-redmeat-driedcooked",  shapeElement: "bowl/meatnugget 1/*", textureMapping: ["meatnugget", "redmeat-raw"]  }, { type: "item", code: "expandedfoods:sausageherb-redmeatcheese-cooked",  shapeElement: "bowl/meatnugget 1/*", textureMapping: ["meatnugget", "redmeat-raw"]  }, { type: "item", code: "expandedfoods:sausageherb-redmeatcheese-driedcooked",  shapeElement: "bowl/meatnugget 1/*", textureMapping: ["meatnugget", "redmeat-raw"]  }, { type: "item", code: "expandedfoods:sausageherb-bushmeat-charred",  shapeElement: "bowl/meatnugget 1/*", textureMapping: ["meatnugget", "redmeat-raw"]  }, { type: "item", code: "expandedfoods:sausageherb-bushmeat-driedcharred",  shapeElement: "bowl/meatnugget 1/*", textureMapping: ["meatnugget", "redmeat-raw"]  }, { type: "item", code: "expandedfoods:sausageherb-bushmeatcheese-charred",  shapeElement: "bowl/meatnugget 1/*", textureMapping: ["meatnugget", "redmeat-raw"]  }, { type: "item", code: "expandedfoods:sausageherb-bushmeatcheese-driedcharred",  shapeElement: "bowl/meatnugget 1/*", textureMapping: ["meatnugget", "redmeat-raw"]  }, { type: "item", code: "expandedfoods:sausageherb-poultry-charred",  shapeElement: "bowl/meatnugget 1/*", textureMapping: ["meatnugget", "poultry-raw"]  }, { type: "item", code: "expandedfoods:sausageherb-poultry-driedcharred",  shapeElement: "bowl/meatnugget 1/*", textureMapping: ["meatnugget", "poultry-raw"]  }, { type: "item", code: "expandedfoods:sausageherb-poultrycheese-charred",  shapeElement: "bowl/meatnugget 1/*", textureMapping: ["meatnugget", "poultry-raw"]  }, { type: "item", code: "expandedfoods:sausageherb-poultrycheese-driedcharred",  shapeElement: "bowl/meatnugget 1/*", textureMapping: ["meatnugget", "poultry-raw"]  }, { type: "item", code: "expandedfoods:sausageherb-redmeat-charred",  shapeElement: "bowl/meatnugget 1/*", textureMapping: ["meatnugget", "redmeat-raw"]  }, { type: "item", code: "expandedfoods:sausageherb-redmeat-driedcharred",  shapeElement: "bowl/meatnugget 1/*", textureMapping: ["meatnugget", "redmeat-raw"]  }, { type: "item", code: "expandedfoods:sausageherb-redmeatcheese-charred",  shapeElement: "bowl/meatnugget 1/*", textureMapping: ["meatnugget", "redmeat-raw"]  }, { type: "item", code: "expandedfoods:sausageherb-redmeatcheese-driedcharred",  shapeElement: "bowl/meatnugget 1/*", textureMapping: ["meatnugget", "redmeat-raw"]  },],
    "file": "recipes/mixing/pastacold.json",
    "side": "server",
    dependsOn: [{ "modid": "wildcraft" }]
  },
]