{
	code: "dryablepeatbrick",
	shapeinventory: { base: "game:block/peatbrick" },
	creativeinventory: { "general": ["*"], "items": ["*"] },
	blockmaterial: "Soil",
	replaceable: 700,
	resistance: 2,
	textures: {
		"material": { base: "item/peat" },
		"top": { base: "item/peat" }
	},
	shape: { base: "game:item/brick" },
	sounds: {
		place: "game:block/dirt",
		break: "game:block/dirt",
		hit: "game:block/dirt",
	},
	maxStackSize: 128,
	combustibleProps: {
		burnTemperature: 500,
		burnDuration: 20,
	},
	guiTransform: {
		translation: { x: 2, y: 0, z: 0 },
		rotation: { x: 164, y: -37, z: 1 },
		origin: { x: 0.5, y: 0.2, z: 0.5 },
		scale: 2.78
	},
	fpHandTransform: {
		translation: { x: 0, y: 0.1, z: 0 },
		rotation: { x: 111, y: 69, z: -57 },
		origin: { x: 0.5, y: 0.1, z: 0.5 },
		scale: 1.57
	},
	tpHandTransform: {
		translation: { x: 0, y: 0, z: 0 },
		rotation: { x: -17, y: 8, z: -19 },
		origin: { x: 0.14, y: 0.04, z: 0.18 },
		scale: 0.46
	},
	groundTransform: {
		translation: { x: 0, y: 0, z: 0 },
		rotation: { x: 0, y: 0, z: 0 },
		origin: { x: 0.5, y: 0, z: 0.5 },
		scale: 3
	},
	transitionablePropsByType: {
		"*":
			[{
				type: "Cure",
				freshHours: { avg: 0 },
				transitionHours: { avg: 120 },
				transitionedStack: { type: "item", code: "driedpeat:driedpeat" },
				transitionRatio: 1
			}]
	}
}