{
	"ingredient": { "type": "item", "code": "game:ingot-*", "name": "metal", "allowedVariants": ["copper", "tinbronze", "bismuthbronze", "blackbronze", "silver", "gold", "iron", "meteoriciron", "steel", "electrum", "cupronickel", "platinum", "titanium", "stainlesssteel", "uranium"] },
	"name": "paxelhead",
	"pattern": [
		[
			"__###____",
			"_#####___",
			"#######__",
			"#######__",
			"#######__",
			"#######__",
			"#######__",
			"_########",
			"_#_______"
		],
		[
			"__###____",
			"_#####___",
			"#######__",
			"#######__",
			"#######__",
			"#######__",
			"#######__",
			"_########",
			"_#_______"
		]],
	"output": { "type": "item", "code": "paxel:paxelhead-{metal}", "quantity": 1  }
}