[
	{
		"ingredientPattern": "SBS,_L_",
		"ingredients": {
			"L": { "type": "block", "code": "game:linen-*" },
			"S": { "type": "item", "code": "game:powderedsulfur" },
			"B": { "type": "block", "code": "bricklayers:porcelainbowl-burnt-*" }
		},
		"attributes": {
			"liquidContainerProps": { "requiresContent": { "type": "item", "code": "game:honeyportion" }, "requiresLitres": 0.25 }
		},
		"width": 3,
		"height": 2,
		"output": { "type": "item", "code": "game:poultice-linen-honey-sulfur", "quantity": 4 }
	},
	{
		"ingredientPattern": "SBS,_C_",
		"ingredients": {
			"C": { "type": "item", "code": "game:cattailtops", "quantity": 2 },
			"S": { "type": "item", "code": "game:powderedsulfur" },
			"B": { "type": "block", "code": "bricklayers:porcelainbowl-burnt-*" }
		},
		"attributes": {
			"liquidContainerProps": { "requiresContent": { "type": "item", "code": "game:honeyportion" }, "requiresLitres": 0.25 }
		},
		"width": 3,
		"height": 2,
		"output": { "type": "item", "code": "game:poultice-reed-honey-sulfur", "quantity": 4 }
	},
	{
		"ingredientPattern": "SBS,_P_",
		"ingredients": {
			"P": { "type": "item", "code": "game:papyrustops", "quantity": 2 },
			"S": { "type": "item", "code": "game:powderedsulfur" },
			"B": { "type": "block", "code": "bricklayers:porcelainbowl-burnt-*" }
		},
		"attributes": {
			"liquidContainerProps": { "requiresContent": { "type": "item", "code": "game:honeyportion" }, "requiresLitres": 0.25 }
		},
		"width": 3,
		"height": 2,
		"output": { "type": "item", "code": "game:poultice-reed-honey-sulfur", "quantity": 4 }
	},
	{
		"ingredientPattern": "AB",
		"ingredients": {
			"B": { "type": "item", "code": "game:bandage-clean" },
			"A": { "type": "block", "code": "bricklayers:porcelainbowl-burnt-*" }
		},
		"attributes": {
			"liquidContainerProps": { "requiresContent": { "type": "item", "code": "game:alcoholportion" }, "requiresLitres": 0.2 }
		},
		"width": 2,
		"height": 1,
		"output": { "type": "item", "code": "game:bandage-alcoholed", "quantity": 1 }
	}
]
