[
	{
		"comment": "This recipe looks odd, because the sealing happens in code in BlockCrock.cs",
		"ingredientPattern": "C,F",
		"ingredients": {
			"C": { "type": "block", "code": "bricklayers:crockcolored-burned-*-east", "name": "color" },
			"F": { "type": "item", "code": "game:fat" }
		},
		"width": 1,
		"height": 2,
		"shapeless": true,
		"output": { "type": "block", "code": "bricklayers:crockcolored-burned-{color}-east", "quantity": 1  }
	},
	{
		"ingredientPattern": "C,B",
		"ingredients": {
			"C": { "type": "block", "code": "bricklayers:crockcolored-burned-*-east", "name": "color" },
			"B": { "type": "item", "code": "game:beeswax" }
		},
		"width": 1,
		"height": 2,
		"shapeless": true,
		"output": { "type": "block", "code": "bricklayers:crockcolored-burned-{color}-east", "quantity": 1  }
	}

]
