{
	code: "yogurt",
	class: "ExpandedLiquid",
	matterState: "liquid",
	attributes: {
		handbook: {
			ignoreCreativeInvStacks: true
		},
		"inBowlShape": { "base": "game:block/food/meal/liquid" },
		nutritionPropsWhenInMeal: { saturation: 150, Health: 5, foodcategory: "Dairy" },
		waterTightContainerProps: {
			containable: true,
			itemsPerLitre: 100,
			isopaque: true,
			texture: { base: "game:item/liquid/yogurt/{type}" },
			allowSpill: true,
			whenSpilled: { 
				action: "DropContents",
				stack: { type: "item", code: "yogurt-{type}" } 
			},
			nutritionPropsPerLitreByType: {
				"@*-(plain|birch|maple|honey|huckleberry|snowberry|strawberry|raspberry|honeysuckle|gooseberry|brambleberry|cloudberry|dogrose|elderberry|apple|blueberry|cranberry|redcurrant|whitecurrant|blackcurrant|saguaro|pineapple|cherry|peach|pear|orange|mango|breadfruit|lychee|pomegranate)":
				{ saturation: 300, "health": 10, foodcategory: "Dairy" }, 
			}, 
		},
		expandedNutritionPropsByType: {
			"@*-(plain|birch|maple|honey|huckleberry|snowberry|strawberry|raspberry|honeysuckle|gooseberry|brambleberry|cloudberry|dogrose|elderberry|apple|blueberry|cranberry|redcurrant|whitecurrant|blackcurrant|saguaro|pineapple|cherry|peach|pear|orange|mango|breadfruit|lychee|pomegranate)": {
				"expandedfoods:yogurt-starter": { saturation: 3, Health: 0.1, foodcategory: "Dairy" },
				"expandedfoods:yogurt-ferment": { saturation: 3, Health: 0.1, foodcategory: "Dairy" },
				"expandedfoods:yogurt-plain": { saturation: 3, Health: 0.1, foodcategory: "Dairy" },
				"expandedfoods:pasteurizedmilkportion": { saturation: 0, health: 0.0, foodcategory: "Dairy" },
				"game:honeyportion": { saturation: 4, foodcategory: "Fruit" },
				"expandedfoods:fruitsyrupportion-saguaro": { saturation: 12, "health": 0.2, foodcategory: "Fruit" },
				"expandedfoods:fruitsyrupportion-*": { saturation: 12, "health": 0.1, foodcategory: "Fruit" },
				"expandedfoods:wildfruitsyrupportion-*": { saturation: 12, "health": 0.1, foodcategory: "Fruit" },
				"expandedfoods:treesyrupportion-*": { saturation: 9.6, "health": 0.1, foodcategory: "Fruit" },
			},
		},
	},
	variantgroups: [
		{ code: "type", states: ["starter", "ferment", "plain", "birch", "maple", "honey", "huckleberry", "snowberry", "strawberry", "raspberry", "honeysuckle", "gooseberry", "brambleberry", "cloudberry", "dogrose", "elderberry", "apple", "blueberry", "cranberry", "redcurrant", "whitecurrant", "blackcurrant", "saguaro", "pineapple", "cherry", "peach", "pear", "orange", "mango", "breadfruit", "lychee", "pomegranate"] },
	],
	shape: { base: "game:item/liquid" },
	texture: { base: "game:item/liquid/yogurt/{type}" },
	creativeinventoryStacks: [ { tabs: ["general", "liquids", "expandedfoods"], stacks: [ { type: "block", code: "game:woodbucket", attributes: { ucontents: [ { type:"item", code: "expandedfoods:yogurt-{type}", makefull: true } ] } } ] } ],
	maxstacksize: 5000,
	materialDensity: 200,
	transitionablePropsByType: {
		"*-ferment":[{
    			type: "Perish",
    			freshHours: { avg: 96 },
    			transitionHours: { avg: 96 },
    			transitionedStack: { type: "item", code: "game:rot" },
				transitionRatio: 0.005
  		},
		{
    			type: "Cure",
    			freshHours: { avg: 192 },
    			transitionHours: { avg: 286 },
    			transitionedStack: { type: "item", code: "yogurt-plain" },
    			transitionRatio: 1
  		}],
		"*-starter":[{
    			type: "Perish",
    			freshHours: { avg: 96 },
    			transitionHours: { avg: 96 },
    			transitionedStack: { type: "item", code: "game:rot" },
				transitionRatio: 0.005
  		}],
		"*":[{
    			type: "Perish",
    			freshHours: { avg: 120 },
    			transitionHours: { avg: 120 },
    			transitionedStack: { type: "item", code: "game:rot" },
				transitionRatio: 0.005
  		},
		{
    			type: "Cure",
    			freshHours: { avg: 240 },
    			transitionHours: { avg: 360 },
    			transitionedStack: { type: "item", code: "yogurt-starter" },
    			transitionRatio: 1
  		}],
	},
	nutritionProps: { saturation: 3, Health: 0.1, foodcategory: "Dairy" },
	guiTransform: {
		rotation: { x: 123, y: -33, z: -13 },
		origin: { x: 0.5, y: 0, z: 0.5 },
		scale: 1.4
	},
	fpHandTransform: {
		translation: { x: 0, y: 0, z: 0 },
		rotation: { x: 25, y: 157, z: -5 }
	},
	tpHandTransform: {
		translation: { x: -1.5, y: -1, z: -1.4 }
	}
}