[
  {
      "op": "add",
      "path": "/variantgroups/0/states/-",
      "value": "douglasfir",
      "file": "game:itemtypes/resource/treeseed.json"
  },
  {
      "op": "add",
      "path": "/variantgroups/0/states/-",
      "value": "willow",
      "file": "game:itemtypes/resource/treeseed.json"
  },
  {
      "op": "add",
      "path": "/variantgroups/0/states/-",
      "value": "honeylocust",
      "file": "game:itemtypes/resource/treeseed.json"
  },
  {
      "op": "add",
      "path": "/variantgroups/0/states/-",
      "value": "bearnut",
      "file": "game:itemtypes/resource/treeseed.json"
  },
  {
      "op": "add",
      "path": "/variantgroups/0/states/-",
      "value": "alder",
      "file": "game:itemtypes/resource/treeseed.json"
  },
  {
      "op": "add",
      "path": "/variantgroups/0/states/-",
      "value": "brideinwhite",
      "file": "game:itemtypes/resource/treeseed.json"
  },
  {
      "op": "add",
      "path": "/variantgroups/0/states/-",
      "value": "blackpoplar",
      "file": "game:itemtypes/resource/treeseed.json"
  },
  {
      "op": "add",
      "path": "/variantgroups/0/states/-",
      "value": "pyramidalpoplar",
      "file": "game:itemtypes/resource/treeseed.json"
  },
  {
      "op": "add",
      "path": "/variantgroups/0/states/-",
      "value": "beech",
      "file": "game:itemtypes/resource/treeseed.json"
  },
  {
      "op": "add",
      "path": "/variantgroups/0/states/-",
      "value": "catalpa",
      "file": "game:itemtypes/resource/treeseed.json"
  },
  {
      "op": "add",
      "path": "/variantgroups/0/states/-",
      "value": "cedar",
      "file": "game:itemtypes/resource/treeseed.json"
  },
  {
      "op": "add",
      "path": "/variantgroups/0/states/-",
      "value": "elm",
      "file": "game:itemtypes/resource/treeseed.json"
  },
  {
      "op": "add",
      "path": "/variantgroups/0/states/-",
      "value": "eucalyptus",
      "file": "game:itemtypes/resource/treeseed.json"
  },
  {
      "op": "add",
      "path": "/variantgroups/0/states/-",
      "value": "mahogany",
      "file": "game:itemtypes/resource/treeseed.json"
  },
  {
      "op": "add",
      "path": "/variantgroups/0/states/-",
      "value": "sal",
      "file": "game:itemtypes/resource/treeseed.json"
  },
  {
      "op": "add",
      "path": "/variantgroups/0/states/-",
      "value": "saxaul",
      "file": "game:itemtypes/resource/treeseed.json"
  },
  {
      "op": "add",
      "path": "/variantgroups/0/states/-",
      "value": "sycamore",
      "file": "game:itemtypes/resource/treeseed.json"
  },
  {
      "op": "add",
      "path": "/variantgroups/0/states/-",
      "value": "spruce",
      "file": "game:itemtypes/resource/treeseed.json"
  },
  {
      "op": "add",
      "path": "/variantgroups/0/states/-",
      "value": "bluespruce",
      "file": "game:itemtypes/resource/treeseed.json"
  },

  {
    "op": "add",
    "path": "/guiTransformByType/*-douglasfir",
    "value": {
			"translation": { "x": 0, "y": 0, "z": 0 },
			"rotation": { "x": 19, "y": 133, "z": 133 },
			"origin": { "x": 0.42, "y": 0.14, "z": 0.52 },
			"scale": 3.3
		},
    "file": "game:itemtypes/resource/treeseed.json"
  },
  {
    "op": "add",
    "path": "/guiTransformByType/*-spruce",
    "value": {
			"translation": { "x": 0, "y": 0, "z": 0 },
			"rotation": { "x": 19, "y": 133, "z": 133 },
			"origin": { "x": 0.42, "y": 0.14, "z": 0.52 },
			"scale": 3.3
		},
    "file": "game:itemtypes/resource/treeseed.json"
  },
  {
    "op": "add",
    "path": "/guiTransformByType/*-bluespruce",
    "value": {
			"translation": { "x": 0, "y": 0, "z": 0 },
			"rotation": { "x": 19, "y": 133, "z": 133 },
			"origin": { "x": 0.42, "y": 0.14, "z": 0.52 },
			"scale": 3.3
		},
    "file": "game:itemtypes/resource/treeseed.json"
  },
  {
    "op": "add",
    "path": "/guiTransformByType/*-brideinwhite",
    "value": {
			"translation": { "x": 0, "y": 0, "z": 0 },
			"rotation": { "x": 19, "y": 133, "z": 133 },
			"origin": { "x": 0.42, "y": -0.03, "z": 0.52 },
			"scale": 3.3
		},
    "file": "game:itemtypes/resource/treeseed.json"
  },
  {
    "op": "add",
    "path": "/guiTransformByType/*-honeylocust",
    "value": {
			"translation": { "x": 5, "y": 0.2, "z": 0 },
			"rotation": { "x": 100, "y": 138, "z": 118 },
			"origin": { "x": 0.56, "y": 0.17, "z": 0.47 },
			"scale": 2.5
		},
    "file": "game:itemtypes/resource/treeseed.json"
  },
  {
    "op": "add",
    "path": "/guiTransformByType/*-blackpoplar",
    "value": {
			"translation": { "x": 0, "y": 0, "z": 0 },
			"rotation": { "x": 174, "y": 81, "z": 133 },
			"origin": { "x": 0.58, "y": 0.16, "z": 0.51 },
			"scale": 3.88
		},
    "file": "game:itemtypes/resource/treeseed.json"
  },
  {
    "op": "add",
    "path": "/guiTransformByType/*-pyrimidalpoplar",
    "value": {
			"translation": { "x": 0, "y": 0, "z": 0 },
			"rotation": { "x": 174, "y": 81, "z": 133 },
			"origin": { "x": 0.58, "y": 0.16, "z": 0.51 },
			"scale": 3.88
		},
    "file": "game:itemtypes/resource/treeseed.json"
  },
  {
    "op": "add",
    "path": "/guiTransformByType/*-bearnut",
    "value": {
			"translation": { "x": 0, "y": 0, "z": 0 },
			"rotation": { "x": -5, "y": -34, "z": -166 },
			"origin": { "x": 0.5, "y": 0.1, "z": -0.25 },
			"scale": 2.91
		},
		
    "file": "game:itemtypes/resource/treeseed.json"
  },
  {
    "op": "add",
    "path": "/guiTransformByType/*-willow",
    "value": {
			"translation": { "x": -10.1, "y": -5.1, "z": 0 },
			"rotation": { "x": -44, "y": -37, "z": 19 },
			"origin": { "x": 0.2, "y": 0.6, "z": 0 },
			"scale": 2.53
    },
    "file": "game:itemtypes/resource/treeseed.json"
  },
  {
    "op": "add",
    "path": "/guiTransformByType/*-alder",
    "value": {
			"translation": { "x": 3, "y": -8.8, "z": 0 },
			"rotation": { "x": -54, "y": 8, "z": -5 },
			"origin": { "x": 0.6, "y": 0.6, "z": 0 },
			"scale": 2.16
    },
    "file": "game:itemtypes/resource/treeseed.json"
  },
  {
    "op": "add",
    "path": "/guiTransformByType/*-saxaul",
    "value": {
			"translation": { "x": 9.8, "y": -3, "z": 0 },
			"rotation": { "x": -51, "y": -14, "z": -175 },
			"origin": { "x": 0.5, "y": -0.46, "z": 0 },
			"scale": 6.5
    },
    "file": "game:itemtypes/resource/treeseed.json"
  },
  {
    "op": "add",
    "path": "/guiTransformByType/*-sycamore",
    "value": {
			"translation": { "x": -3, "y": -6, "z": 0 },
			"rotation": { "x": -25, "y": 35, "z": 0 },
			"origin": { "x": 0.8, "y": 0.4, "z": 0 },
			"scale": 3.95
    },
    "file": "game:itemtypes/resource/treeseed.json"
  },
  
  {
    "op": "add",
    "path": "/groundTransformByType/*-alder",
    "value": {
			"translation": { "x": 0, "y": 0, "z": 0 },
			"rotation": { "x": 1, "y": 0, "z": 0 },
			"origin": { "x": 0.5, "y": 0, "z": 0.5299 },
			"scale": 2.4
		},
    "file": "game:itemtypes/resource/treeseed.json"
  },
  {
    "op": "add",
    "path": "/groundTransformByType/*-douglasfir",
    "value": {
			"translation": { "x": 0, "y": 0, "z": 0 },
			"rotation": { "x": 80, "y": 0, "z": 0 },
			"origin": { "x": 0.5, "y": 0.1, "z": 0.6 },
			"scale": 2
		},
    "file": "game:itemtypes/resource/treeseed.json"
  },
  {
    "op": "add",
    "path": "/groundTransformByType/*-spruce",
    "value": {
			"translation": { "x": 0, "y": 0, "z": 0 },
			"rotation": { "x": 80, "y": 0, "z": 0 },
			"origin": { "x": 0.5, "y": 0.1, "z": 0.6 },
			"scale": 2
		},
    "file": "game:itemtypes/resource/treeseed.json"
  },
  {
    "op": "add",
    "path": "/groundTransformByType/*-bluespruce",
    "value": {
			"translation": { "x": 0, "y": 0, "z": 0 },
			"rotation": { "x": 80, "y": 0, "z": 0 },
			"origin": { "x": 0.5, "y": 0.1, "z": 0.6 },
			"scale": 2
		},
    "file": "game:itemtypes/resource/treeseed.json"
  },
  {
    "op": "add",
    "path": "/groundTransformByType/*-brideinwhite",
    "value": {
			"translation": { "x": 0, "y": 0, "z": 0 },
			"rotation": { "x": 23, "y": 0, "z": 0 },
			"origin": { "x": 0.5, "y": 0, "z": 0.6 },
			"scale": 2.75
		},
    "file": "game:itemtypes/resource/treeseed.json"
  },
  {
    "op": "add",
    "path": "/groundTransformByType/*-honeylocust",
    "value": {
			"translation": { "x": 0, "y": 0, "z": 0 },
			"rotation": { "x": 90, "y": 0, "z": -30 },
			"origin": { "x": 0.5, "y": 0, "z": 0.6 },
			"scale": 2.6
		},
    "file": "game:itemtypes/resource/treeseed.json"
  },
  {
    "op": "add",
    "path": "/groundTransformByType/*-blackpoplar",
    "value": {
			"translation": { "x": 0, "y": 0, "z": 0 },
			"rotation": { "x": 0, "y": 0, "z": 0 },
			"origin": { "x": 0.5, "y": 0, "z": 0.5 },
			"scale": 2.27
		},
    "file": "game:itemtypes/resource/treeseed.json"
  },
  {
    "op": "add",
    "path": "/groundTransformByType/*-pyrimidalpoplar",
    "value": {
			"translation": { "x": 0, "y": 0, "z": 0 },
			"rotation": { "x": 0, "y": 0, "z": 0 },
			"origin": { "x": 0.5, "y": 0, "z": 0.5 },
			"scale": 2.27
		},
    "file": "game:itemtypes/resource/treeseed.json"
  },
  {
    "op": "add",
    "path": "/groundTransformByType/*-bearnut",
    "value": {
			"translation": { "x": 0, "y": 0, "z": 0 },
			"rotation": { "x": 4, "y": 0, "z": 0 },
			"origin": { "x": 0.5, "y": 0, "z": 0.5 },
			"scale": 3
		},
    "file": "game:itemtypes/resource/treeseed.json"
  },
  {
    "op": "add",
    "path": "/groundTransformByType/*-willow",
    "value": {
      "translation": { "x": -0.1, "y": 0, "z": 0 },
      "rotation": { "x": -21, "y": 90, "z": 13 },
      "origin": { "x": 0.4, "y": -0.26, "z": -0.5 },
      "scale": 1.45
    },
    "file": "game:itemtypes/resource/treeseed.json"
  },
  {
    "op": "add",
    "path": "/groundTransformByType/*-saxaul",
    "value": {
      "translation": { "x": 0, "y": 0, "z": 0 },
      "rotation": { "x": 90, "y": 0, "z": 0 },
      "origin": { "x": 0.5, "y": 0.5, "z": 0.53 },
      "scale": 5
    },
    "file": "game:itemtypes/resource/treeseed.json"
  },
{
    "op": "add",
    "path": "/groundTransformByType/*-sycamore",
    "value": {
      "translation": { "x": 0, "y": 0, "z": 0 },
      "rotation": { "x": 90, "y": 0, "z": 0 },
      "origin": { "x": 0.5, "y": 0.5, "z": 0.64 },
      "scale": 5
    },
    "file": "game:itemtypes/resource/treeseed.json"
  },

  
  
  {
    "op": "add",
    "path": "/fpHandTransformByType/*-bearnut",
    "value": {
			"translation": { "x": -0.1, "y": 0.4, "z": 0 },
			"rotation": { "x": -21, "y": 90, "z": -13 },
			"origin": { "x": 0.5, "y": 0.14, "z": 0.5 },
			"scale": 1.45
		},
    "file": "game:itemtypes/resource/treeseed.json"
  },
  {
    "op": "add",
    "path": "/fpHandTransformByType/*-brideinwhite",
    "value": {
			"translation": { "x": -0.1, "y": 0, "z": 0 },
			"rotation": { "x": -35, "y": 14, "z": -97 },
			"origin": { "x": 0.5, "y": 0.14, "z": 0.5 },
			"scale": 1.45
		},
    "file": "game:itemtypes/resource/treeseed.json"
  },
  {
    "op": "add",
    "path": "/fpHandTransformByType/*-willow",
    "value": {
      "translation": { "x": -0.1, "y": 0.3, "z": 0 },
      "rotation": { "x": -21, "y": 90, "z": 13 },
      "origin": { "x": 0.7, "y": 0.94, "z": 0.5},
      "scale": 1.22
    },
    "file": "game:itemtypes/resource/treeseed.json"
  },
  {
    "op": "add",
    "path": "/fpHandTransformByType/*-honeylocust",
    "value": {
      "translation": { "x": -0.1, "y": 0.3, "z": 0 },
      "rotation": { "x": -21, "y": 101, "z": 30 },
      "origin": { "x": 0.5, "y": 0.14, "z": 0.5},
      "scale": 1.45
    },
    "file": "game:itemtypes/resource/treeseed.json"
  },
  {
    "op": "add",
    "path": "/fpHandTransformByType/*-alder",
    "value": {
      "translation": { "x": -0.1, "y": 0.2, "z": 0 },
      "rotation": { "x": 51, "y": 160, "z": 33 },
      "origin": { "x": 0.5, "y": 0.14, "z": 0.5},
      "scale": 1.45
    },
    "file": "game:itemtypes/resource/treeseed.json"
  },
  {
    "op": "add",
    "path": "/fpHandTransformByType/*-saxaul",
    "value": {
      "translation": { "x": -0.1, "y": 0.3, "z": -0.7 },
      "rotation": { "x": -20, "y": 105, "z": 40 },
      "origin": { "x": 0.5, "y": 0.14, "z": 0.5},
      "scale": 4.8
    },
    "file": "game:itemtypes/resource/treeseed.json"
  },
  {
    "op": "add",
    "path": "/fpHandTransformByType/*-sycamore",
    "value": {
      "translation": { "x": -0.2, "y": 0.6, "z": 0 },
      "rotation": { "x": -21, "y": 137, "z": 174 },
      "origin": { "x": 0, "y": 0, "z": 0},
      "scale": 3
    },
    "file": "game:itemtypes/resource/treeseed.json"
  },
  {
    "op": "add",
    "path": "/fpHandTransformByType/*-blackpoplar",
    "value": {
      "translation": { "x": -0.1, "y": 0.5, "z": -0.2 },
      "rotation": { "x": 75, "y": 74, "z": -47 },
      "origin": { "x": 0.5, "y": 0.14, "z": 0},
      "scale": 2.5
    },
    "file": "game:itemtypes/resource/treeseed.json"
  },
{
    "op": "add",
    "path": "/fpHandTransformByType/*-pyramidalpoplar",
    "value": {
       "translation": { "x": -0.1, "y": 0.5, "z": -0.2 },
      "rotation": { "x": 75, "y": 74, "z": -47 },
      "origin": { "x": 0.5, "y": 0.14, "z": 0},
      "scale": 2.5
    },
    "file": "game:itemtypes/resource/treeseed.json"
  },

  {
    "op": "add",
    "path": "/tpHandTransformByType/*-bearnut",
    "value": {
			"translation": { "x": -0.64, "y": -0.17, "z": -1.1 },
			"rotation": { "x": -12, "y": 7, "z": -56 },
			"origin": { "x": 0.55, "y": 0.1, "z": 0.57 },
			"scale": 0.5
		},
    "file": "game:itemtypes/resource/treeseed.json"
  },  
  {
    "op": "add",
    "path": "/tpHandTransformByType/*-willow",
    "value": {
      "translation": { "x": -1.24,  "y": -0.17, "z": -1.1 },
      "rotation": { "x": -13, "y": -1, "z": -95 },
      "origin": { "x": 0.55, "y": -0.15, "z": 0.35 },
      "scale": 0.42
    },
    "file": "game:itemtypes/resource/treeseed.json"
  },
  {
    "op": "add",
    "path": "/tpHandTransformByType/*-saxaul",
    "value": {
      "translation": { "x": -0.58,  "y": -0.14, "z": -0.2 },
      "rotation": { "x": 0, "y": 0, "z": -90 },
      "origin": { "x": 0.6, "y": 0.1, "z": 0.4 },
      "scale": 1.35
    },
    "file": "game:itemtypes/resource/treeseed.json"
  },
  {
    "op": "add",
    "path": "/tpHandTransformByType/*-sycamore",
    "value": {
      "translation": { "x": -0.9,  "y": -0.17, "z": -1.1 },
      "rotation": { "x": -12, "y": 7, "z": 80 },
      "origin": { "x": 0.4, "y": 0.2, "z": 0.12 },
      "scale": 1.6
    },
    "file": "game:itemtypes/resource/treeseed.json"
  },
  {
    "op": "add",
    "path": "/tpHandTransformByType/*-blackpoplar",
    "value": {
      "translation": { "x": -1.04,  "y": 0.03, "z": -0.9 },
      "rotation": { "x": -77, "y": -114, "z": 2 },
      "origin": { "x": 0.4, "y": 0.1, "z": 0.5 },
      "scale": 0.55
    },
    "file": "game:itemtypes/resource/treeseed.json"
  },
  {
    "op": "add",
    "path": "/tpHandTransformByType/*-pyramidalpoplar",
    "value": {
      "translation": { "x": -1.04,  "y": 0.03, "z": -0.9 },
      "rotation": { "x": -77, "y": -114, "z": 2 },
      "origin": { "x": 0.4, "y": 0.1, "z": 0.5 },
      "scale": 0.55
    },
    "file": "game:itemtypes/resource/treeseed.json"
  }
  
]