[
		{
			"op": "add",
			"path": "/treegens/-",
			"value": {
				"Generator": "coastdouglasfir",
				"MinSize": 0.5,
				"MaxSize": 0.85,
				"Weight": 60,
				"SuitabilitySizeBonus": 0.8,
				"MinTemp": -5,
				"MaxTemp": 13,
				"MinRain": 160,
				"MaxRain": 255,
				"MinFert": 30,
				"MaxFert": 255,
				"MinForest": 40,
				"MaxForest": 255,
				"MinHeight": 0.2,
				"MaxHeight": 0.7
			},
			"file": "game:worldgen/treengenproperties.json"
		},
		{
				"op": "add",
				"path": "/treegens/-",
				"value": {
					"Generator": "mountaindouglasfir",
					"MinSize": 0.5,
					"MaxSize": 0.85,
					"Weight": 80,
					"SuitabilitySizeBonus": 0.8,
					"MinTemp": -15,
					"MaxTemp": 14,
					"MinRain": 70,
					"MaxRain": 255,
					"MinFert": 30,
					"MaxFert": 255,
					"MinForest": 40,
					"MaxForest": 255,
					"MinHeight": 0.4,
					"MaxHeight": 0.7
				},
				"file": "game:worldgen/treengenproperties.json"
		},
		{
			"op": "add",
			"path": "/treegens/-",
			"value": {
				"Generator": "mountaindouglasfir",
				"MinSize": 0.2,
				"MaxSize": 0.5,
				"Weight": 50,
				"SuitabilitySizeBonus": 0.5,
				"MinTemp": -15,
				"MaxTemp": 14,
				"MinRain": 20,
				"MaxRain": 180,
				"MinFert": 10,
				"MaxFert": 180,
				"MinForest": 40,
				"MaxForest": 255,
				"MinHeight": 0.6,
				"MaxHeight": 1.0
			},
			"file": "game:worldgen/treengenproperties.json"
		},
		{
				"op": "add",
				"path": "/treegens/-",
				"value": {
					"Generator": "redalder",
					"MinSize": 0.65,
					"MaxSize": 0.9,
					"Weight": 100,
					"SuitabilitySizeBonus": 0.8,
					"MinTemp": -2,
					"MaxTemp": 16,
					"MinRain": 160,
					"MaxRain": 255,
					"MinFert": 30,
					"MaxFert": 255,
					"MinForest": 50,
					"MaxForest": 255,
					"MinHeight": 0.4,
					"MaxHeight": 1
				},
				"file": "game:worldgen/treengenproperties.json"
		},
		
		{
				"op": "add",
				"path": "/treegens/-",
				"value": {
					"Generator": "blackpoplar",
					"MinSize": 0.6,
					"MaxSize": 1,
					"SuitabilitySizeBonus": 0.8,
					"Weight": 60,
					"MinTemp": -4,
					"MaxTemp": 18,
					"MinRain": 130,
					"MaxRain": 255,
					"MinFert": 30,
					"MaxFert": 255,
					"MinForest": 50,
					"MaxForest": 255,
					"MinHeight": 0.4,
					"MaxHeight": 1
				},
				"file": "game:worldgen/treengenproperties.json"
		},
		{
				"op": "add",
				"path": "/treegens/-",
				"value": {
					"Generator": "pyramidalpoplar",
					"MinSize": 0.6,
					"MaxSize": 1,
					"SuitabilitySizeBonus": 0.8,
					"Weight": 60,
					"MinTemp": -2,
					"MaxTemp": 16,
					"MinRain": 130,
					"MaxRain": 255,
					"MinFert": 30,
					"MaxFert": 255,
					"MinForest": 50,
					"MaxForest": 255,
					"MinHeight": 0.4,
					"MaxHeight": 1
				},
				"file": "game:worldgen/treengenproperties.json"
		},
		{
				"op": "add",
				"path": "/treegens/-",
				"value": {
					"Generator": "brideinwhite",
					"MinSize": 0.5,
					"MaxSize": 1,
					"SuitabilitySizeBonus": 0.5,
					"Weight": 60,
					"MinTemp": -5,
					"MaxTemp": 15,
					"MinRain": 90,
					"MaxRain": 255,
					"MinFert": 10,
					"MaxFert": 125,
					"MinForest": 20,
					"MaxForest": 255,
					"MinHeight": 0.5,
					"MaxHeight": 1
				},
				"file": "game:worldgen/treengenproperties.json"
		},
		{
				"op": "add",
				"path": "/treegens/-",
				"value": {
					"Generator": "honeylocust",
					"MinSize": 0.6,
					"MaxSize": 0.8,
					"SuitabilitySizeBonus": 0.5,
					"Weight": 40,
					"MinTemp": 13,
					"MaxTemp": 35,
					"MinRain": 40,
					"MaxRain": 150,
					"MinFert": 10,
					"MaxFert": 175,
					"MinForest": 0,
					"MaxForest": 175,
					"MinHeight": 0.4,
					"MaxHeight": 1
				},
				"file": "game:worldgen/treengenproperties.json"
		},
		{
				"op": "add",
				"path": "/treegens/-",
				"value": {
					"Generator": "bearnut",
					"MinSize": 0.5,
					"MaxSize": 0.8,
					"SuitabilitySizeBonus": 0.5,
					"Weight": 50,
					"MinTemp": 8,
					"MaxTemp": 24,
					"MinRain": 80,
					"MaxRain": 225,
					"MinFert": 50,
					"MaxFert": 175,
					"MinForest": 0,
					"MaxForest": 175,
					"MinHeight": 0.4,
					"MaxHeight": 1
				},
				"file": "game:worldgen/treengenproperties.json"
		},
		{
			"op": "add",
			"path": "/treegens/-",
			"value": {
			"Generator": "willowswamp",
			"habitat": "Water",
			"MinSize": 0.3,
			"MaxSize": 0.9,
			"SuitabilitySizeBonus": 0.3,
			"Weight": 60,
			"MinTemp": 5,
			"MaxTemp": 22,
			"MinRain": 100,
			"MaxRain": 255,
			"MinFert": 50,
			"MaxFert": 255,
			"MinForest": 60,
			"MaxForest": 255,
			"MinHeight": 0.2,
			"MaxHeight": 0.7
		},
		"file": "game:worldgen/treengenproperties.json"
		},
		{
			"op": "add",
			"path": "/treegens/-",
			"value": {
			"Generator": "willow",
			"MinSize": 0.65,
			"MaxSize": 1.0,
			"SuitabilitySizeBonus": 0.3,
			"Weight": 60,
			"MinTemp": 2,
			"MaxTemp": 22,
			"MinRain": 130,
			"MaxRain": 255,
			"MinFert": 20,
			"MaxFert": 255,
			"MinForest": 60,
			"MaxForest": 255,
			"MinHeight": 0.3,
			"MaxHeight": 0.7
		},
		"file": "game:worldgen/treengenproperties.json"
		},
		{
			"op": "add",
			"path": "/treegens/-",
			"value": {
			"Generator": "smallwillow",
			"MinSize": 0.2,
			"MaxSize": 0.6,
			"SuitabilitySizeBonus": 0.3,
			"Weight": 60,
			"MinTemp": 2,
			"MaxTemp": 22,
			"MinRain": 130,
			"MaxRain": 255,
			"MinFert": 20,
			"MaxFert": 255,
			"MinForest": 60,
			"MaxForest": 180,
			"MinHeight": 0.0,
			"MaxHeight": 0.8
		},
		"file": "game:worldgen/treengenproperties.json"
		},
	{
				"op": "add",
				"path": "/treegens/-",
				"value": {
					"Generator": "pyramidalpoplarthin",
					"MinSize": 0.5,
					"MaxSize": 1,
					"SuitabilitySizeBonus": 0.8,
					"Weight": 60,
					"MinTemp": -3,
					"MaxTemp": 12,
					"MinRain": 160,
					"MaxRain": 255,
					"MinFert": 30,
					"MaxFert": 255,
					"MinForest": 50,
					"MaxForest": 255,
					"MinHeight": 0.2,
					"MaxHeight": 1
				},
				"file": "game:worldgen/treengenproperties.json"
		},
	{
				"op": "add",
				"path": "/treegens/-",
				"value": {
					"Generator": "pyramidalpoplarthin",
					"MinSize": 0.2,
					"MaxSize": 0.6,
					"SuitabilitySizeBonus": 0.8,
					"Weight": 60,
					"MinTemp": -2,
					"MaxTemp": 12,
					"MinRain": 70,
					"MaxRain": 200,
					"MinFert": 30,
					"MaxFert": 255,
					"MinForest": 10,
					"MaxForest": 180,
					"MinHeight": 0.2,
					"MaxHeight": 1
				},
				"file": "game:worldgen/treengenproperties.json"
		},
	{
			"op": "add",
			"path": "/treegens/-",
			"value": {
				"Generator": "mahogany",
				"MinSize": 0.5,
				"MaxSize": 0.85,
				"Weight": 100,
				"SuitabilitySizeBonus": 0.8,
				"MinTemp": 20,
				"MaxTemp": 28,
				"MinRain": 178,
				"MaxRain": 255,
				"MinFert": 30,
				"MaxFert": 255,
				"MinForest": 165,
				"MaxForest": 255,
				"MinHeight": 0,
				"MaxHeight": 0.5
			},
			"file": "game:worldgen/treengenproperties.json"
		},
		{
			"op": "add",
			"path": "/treegens/-",
			"value": {
				"Generator": "catalpa",
				"MinSize": 0.5,
				"MaxSize": 0.85,
				"Weight": 100,
				"SuitabilitySizeBonus": 0.8,
				"MinTemp": 20,
				"MaxTemp": 28,
				"MinRain": 178,
				"MaxRain": 255,
				"MinFert": 30,
				"MaxFert": 255,
				"MinForest": 165,
				"MaxForest": 255,
				"MinHeight": 0,
				"MaxHeight": 0.5
			},
			"file": "game:worldgen/treengenproperties.json"
		},
		{
			"op": "add",
			"path": "/treegens/-",
			"value": {
				"Generator": "sal",
				"MinSize": 0.5,
				"MaxSize": 0.85,
				"Weight": 200,
				"SuitabilitySizeBonus": 0.8,
				"MinTemp": 24,
				"MaxTemp": 34,
				"MinRain": 178,
				"MaxRain": 255,
				"MinFert": 30,
				"MaxFert": 255,
				"MinForest": 165,
				"MaxForest": 255,
				"MinHeight": 0,
				"MaxHeight": 0.5
			},
			"file": "game:worldgen/treengenproperties.json"
		},
		{
			"op": "add",
			"path": "/treegens/-",
			"value": {
				"Generator": "eucalyptus",
				"MinSize": 0.5,
				"MaxSize": 0.85,
				"Weight": 200,
				"SuitabilitySizeBonus": 0.8,
				"MinTemp": 24,
				"MaxTemp": 42,
				"MinRain": 40,
				"MaxRain": 160,
				"MinFert": 30,
				"MaxFert": 255,
				"MinForest": 75,
				"MaxForest": 200,
				"MinHeight": 0,
				"MaxHeight": 0.6
			},
			"file": "game:worldgen/treengenproperties.json"
		},
		{
			"op": "add",
			"path": "/treegens/-",
			"value": {
				"Generator": "saxaul",
				"MinSize": 0.5,
				"MaxSize": 0.85,
				"Weight": 200,
				"SuitabilitySizeBonus": 0.8,
				"MinTemp": 22,
				"MaxTemp": 45,
				"MinRain": 10,
				"MaxRain": 100,
				"MinFert": 30,
				"MaxFert": 255,
				"MinForest": 5,
				"MaxForest": 100,
				"MinHeight": 0,
				"MaxHeight": 0.5
			},
			"file": "game:worldgen/treengenproperties.json"
		},
		{
			"op": "add",
			"path": "/treegens/-",
			"value": {
				"Generator": "sycamore",
				"MinSize": 0.5,
				"MaxSize": 0.85,
				"Weight": 200,
				"SuitabilitySizeBonus": 0.8,
				"MinTemp": 0,
				"MaxTemp": 15,
				"MinRain": 127,
				"MaxRain": 204,
				"MinFert": 30,
				"MaxFert": 255,
				"MinForest": 165,
				"MaxForest": 255,
				"MinHeight": 0,
				"MaxHeight": 0.6
			},
			"file": "game:worldgen/treengenproperties.json"
		},
		{
			"op": "add",
			"path": "/treegens/-",
			"value": {
				"Generator": "elm",
				"MinSize": 0.5,
				"MaxSize": 0.85,
				"Weight": 200,
				"SuitabilitySizeBonus": 0.8,
				"MinTemp": 0,
				"MaxTemp": 15,
				"MinRain": 127,
				"MaxRain": 204,
				"MinFert": 30,
				"MaxFert": 255,
				"MinForest": 165,
				"MaxForest": 255,
				"MinHeight": 0,
				"MaxHeight": 0.6
			},
			"file": "game:worldgen/treengenproperties.json"
		},
		{
			"op": "add",
			"path": "/treegens/-",
			"value": {
				"Generator": "spruce",
				"MinSize": 0.5,
				"MaxSize": 0.85,
				"Weight": 200,
				"SuitabilitySizeBonus": 0.8,
				"MinTemp": -20,
				"MaxTemp": 3,
				"MinRain": 100,
				"MaxRain": 255,
				"MinFert": 30,
				"MaxFert": 255,
				"MinForest": 150,
				"MaxForest": 255,
				"MinHeight": 0,
				"MaxHeight": 0.7
			},
			"file": "game:worldgen/treengenproperties.json"
		},
		{
			"op": "add",
			"path": "/treegens/-",
			"value": {
				"Generator": "bluespruce",
				"MinSize": 0.5,
				"MaxSize": 0.85,
				"Weight": 200,
				"SuitabilitySizeBonus": 0.8,
				"MinTemp": -16,
				"MaxTemp": 8,
				"MinRain": 75,
				"MaxRain": 200,
				"MinFert": 0,
				"MaxFert": 255,
				"MinForest": 125,
				"MaxForest": 235,
				"MinHeight": 0.4,
				"MaxHeight": 0.9
			},
			"file": "game:worldgen/treengenproperties.json"
		},
		{
			"op": "add",
			"path": "/treegens/-",
			"value": {
				"Generator": "beech",
				"MinSize": 0.5,
				"MaxSize": 0.85,
				"Weight": 200,
				"SuitabilitySizeBonus": 0.8,
				"MinTemp": 0,
				"MaxTemp": 15,
				"MinRain": 127,
				"MaxRain": 204,
				"MinFert": 30,
				"MaxFert": 255,
				"MinForest": 165,
				"MaxForest": 255,
				"MinHeight": 0,
				"MaxHeight": 0.6
			},
			"file": "game:worldgen/treengenproperties.json"
		},
		{
			"op": "add",
			"path": "/treegens/-",
			"value": {
				"Generator": "cedar",
				"MinSize": 0.5,
				"MaxSize": 0.85,
				"Weight": 200,
				"SuitabilitySizeBonus": 0.8,
				"MinTemp": -8,
				"MaxTemp": 10,
				"MinRain": 80,
				"MaxRain": 255,
				"MinFert": 30,
				"MaxFert": 255,
				"MinForest": 120,
				"MaxForest": 255,
				"MinHeight": 0,
				"MaxHeight": 0.7
			},
			"file": "game:worldgen/treengenproperties.json"
		},
	{
		"op": "add",
		"path": "/treegens/-",
		"value": {
			"Generator": "coconuttree-coconut-trunk10",
			"Weight": 90,
			"MinTemp": 26,
			"MaxTemp": 40,
			"MinRain": 110,
			"MaxRain": 255
		},
		"file": "game:worldgen/treengenproperties.json"
	},
	
	{
		"op": "add",
		"path": "/shrubgens/-",
		"value": {
			"Generator": "shrubwillow",
			"Weight": 100,
			"MinTemp": -3,
			"MaxTemp": 18,
			"MinRain": 110,
			"MaxRain": 255,
			"MinFert": 10,
			"MaxFert": 180,
			"MinForest": 10,
			"MaxForest": 255,
			"MinHeight": 0.0,
			"MaxHeight": 0.6
		},
		"file": "game:worldgen/treengenproperties.json"
	},
	{
		"op": "add",
		"path": "/shrubgens/-",
		"value": {
			"Generator": "shrubalder",
			"Weight": 50,
			"MinTemp": -3,
			"MaxTemp": 18,
			"MinRain": 50,
			"MaxRain": 255,
			"MinFert": 20,
			"MaxFert": 180,
			"MinForest": 1,
			"MaxForest": 255,
			"MinHeight": 0.1,
			"MaxHeight": 1.0
		},
		"file": "game:worldgen/treengenproperties.json"
	},
	{
			"op": "add",
			"path": "/shrubgens/-",
			"value": {
				"Generator": "mountaindouglasfir",
				"MinSize": 0.08,
				"MaxSize": 0.15,
				"Weight": 50,
				"SuitabilitySizeBonus": 0.1,
				"MinTemp": -15,
				"MaxTemp": 12,
				"MinRain": 20,
				"MaxRain": 180,
				"MinFert": 10,
				"MaxFert": 180,
				"MinForest": 40,
				"MaxForest": 255,
				"MinHeight": 0.6,
				"MaxHeight": 1.0
			},
			"file": "game:worldgen/treengenproperties.json"
	}
]