[
    {
        "op": "add",
        "path": "/variantgroups/0/states/-",
        "value": "brideinwhite",
        "file": "game:blocktypes/plant/plaintreesapling.json"
    },
    {
        "op": "add",
        "path": "/variantgroups/0/states/-",
        "value": "alder",
        "file": "game:blocktypes/plant/plaintreesapling.json"
    },



    {
        "op": "add",
        "path": "/attributes/treeGenByType/*-alder-*",
        "value": "redalder",
        "file": "game:blocktypes/plant/plaintreesapling.json"
    },
    {
        "op": "add",
        "path": "/attributes/treeGenByType/*-bearnut-*",
        "value": "bearnut",
        "file": "game:blocktypes/plant/plaintreesapling.json"
    },
    {
        "op": "add",
        "path": "/attributes/treeGenByType/*-blackpoplar-*",
        "value": "blackpoplar",
        "file": "game:blocktypes/plant/plaintreesapling.json"
    },
    {
        "op": "add",
        "path": "/attributes/treeGenByType/*-brideinwhite-*",
        "value": "brideinwhite",
        "file": "game:blocktypes/plant/plaintreesapling.json"
    },
    {
        "op": "add",
        "path": "/attributes/treeGenByType/*-douglasfir-*",
        "value": "mountaindouglasfir",
        "file": "game:blocktypes/plant/plaintreesapling.json"
    },
    {
        "op": "add",
        "path": "/attributes/treeGenByType/*-honeylocust-*",
        "value": "honeylocust",
        "file": "game:blocktypes/plant/plaintreesapling.json"
    },
    {
        "op": "add",
        "path": "/attributes/treeGenByType/*-pyramidalpoplar-*",
        "value": "pyramidalpoplar",
        "file": "game:blocktypes/plant/plaintreesapling.json"
    },
    {
        "op": "add",
        "path": "/attributes/treeGenByType/*-willow-*",
        "value": "willowswamp",
        "file": "game:blocktypes/plant/plaintreesapling.json"
    },
    {
        "op": "add",
        "path": "/attributes/treeGenByType/*-beech-*",
        "value": "beech",
        "file": "game:blocktypes/plant/plaintreesapling.json"
    },
    {
        "op": "add",
        "path": "/attributes/treeGenByType/*-catalpa-*",
        "value": "catalpa",
        "file": "game:blocktypes/plant/plaintreesapling.json"
    },
	{
        "op": "add",
        "path": "/attributes/treeGenByType/*-cedar-*",
        "value": "cedar",
        "file": "game:blocktypes/plant/plaintreesapling.json"
    },
	{
        "op": "add",
        "path": "/attributes/treeGenByType/*-elm-*",
        "value": "elm",
        "file": "game:blocktypes/plant/plaintreesapling.json"
    },
	{
        "op": "add",
        "path": "/attributes/treeGenByType/*-eucalyptus-*",
        "value": "eucalyptus",
        "file": "game:blocktypes/plant/plaintreesapling.json"
    },
	{
        "op": "add",
        "path": "/attributes/treeGenByType/*-mahogany-*",
        "value": "mahogany",
        "file": "game:blocktypes/plant/plaintreesapling.json"
    },
	{
        "op": "add",
        "path": "/attributes/treeGenByType/*-sal-*",
        "value": "sal",
        "file": "game:blocktypes/plant/plaintreesapling.json"
    },
    {
        "op": "add",
        "path": "/attributes/treeGenByType/*-saxaul-*",
        "value": "saxaul",
        "file": "game:blocktypes/plant/plaintreesapling.json"
    },
    {
        "op": "add",
        "path": "/attributes/treeGenByType/*-bluespruce-*",
        "value": "bluespruce",
        "file": "game:blocktypes/plant/plaintreesapling.json"
    },
    {
        "op": "add",
        "path": "/attributes/treeGenByType/*-spruce-*",
        "value": "spruce",
        "file": "game:blocktypes/plant/plaintreesapling.json"
    },
    {
        "op": "add",
        "path": "/attributes/treeGenByType/*-sycamore-*",
        "value": "sycamore",
        "file": "game:blocktypes/plant/plaintreesapling.json"
    }
]