{
  "type": "content",
  "textureSize": 32,
  "name": "YABBA Forge",
  "version": "1.4.12",
  "networkVersion": "1.4.12",
  "description": "Providing Accessibiltiy through More Molds - And Other Forge Things",
  "website": "https://mods.vintagestory.at/moremolds",
  "modid": "moremolds",
  "authors": ["FuzzyMods (Quixjote)"],
  "contributors": ["SpearAndFang", "JakeCool19", "BotenRedWolf", "BaconQueen", "macoto_hino"],
  "side": "Universal",
  "requiredOnClient": true,
  "requiredOnCerver": true,
  "dependencies": {}
}