﻿{
    "ingredient": {
        "type": "item",
        "code": "game:ingot-*",
        "name": "metal",
        "allowedVariants": [ "brass" ]
    },
    "name": "flywheelsection",
    "pattern": [
        [
            "__________###_",
            "__________###_",
            "__________###_",
            "___________###",
            "___________###",
            "##############",
            "##############",
            "___________###",
            "___________###",
            "__________###_",
            "__________###_",
            "__________###_"
        ],
        [
            "__________###_",
            "__________###_",
            "__________###_",
            "___________###",
            "___________###",
            "##############",
            "##############",
            "___________###",
            "___________###",
            "__________###_",
            "__________###_",
            "__________###_"
        ]
    ],
    "output": {
        "type": "item",
        "code": "flywheelsection"
    }
}