﻿{
    "ingredient": {
        "type": "item",
        "code": "game:ingot-*",
        "name": "metal",
        "allowedVariants": [ "brass" ]
    },
    "name": "gear",
    "pattern": [
        [
            "__#_#_#__",
            "_#######_",
            "#########",
            "_#######_",
            "#########",
            "_#######_",
            "#########",
            "_#######_",
            "__#_#_#__"
        ]
    ],
    "output": {
        "type": "item",
        "code": "gear"
    }
}