﻿{
    "ingredient": {
        "type": "item",
        "code": "game:ingot-*",
        "name": "metal",
        "allowedVariants": [ "iron" ]
    },
    "name": "pistonbottom",
    "pattern": [
        [
            "######",
            "######",
            "######",
            "######",
            "######",
            "######"
        ],
        [
            "######",
            "######",
            "##__##",
            "##__##",
            "######",
            "######"
        ]
    ],
    "output": {
        "type": "item",
        "code": "pistonbottom"
    }
}