{
  "code": "clothes",
  "class": "ItemWearable",
  "variantgroups": [
    { "code": "category", "states": ["lowerbody"] },
    { "code": "lowerbody", "combine": "SelectiveMultiply", "onVariant": "category", "states": [
      "homespun-cottonpants", "homespun-woolenleggings", "denim-pants", "denim-shorts"
      ] }
  ],
  "shape": { "base": "game:entity/humanoid/seraph" },
  "storageFlags": 128,
  "attributes":{
    "clothescategory": "lowerbody"
  },
  "attributesByType": {
    "*-woolenleggings":
    {
      "warmth": 2.5
    },
    "*-shorts":
    {
      "warmth": 1.0
    },
    "*": {
      "warmth": 2
    }
  },
  "textures": {
    "seraph": { "base": "entity/humanoid/seraphclothes/{category}/{lowerbody}" }
  },
  "creativeinventory": { "general": ["*"], "items": ["*"], "clothing": ["*"], "hideandfabric": ["*"] },
  "renderAlphaTest": 0.25,
  "fpHandTransform": {
    "translation": { "x": -0.25, "y": -0.1, "z": 0.5 },
    "rotation": { "x": 180, "y": 159, "z": 150 },
    "scale": 2
  },
  "tpHandTransform": {
    "translation": { "x": -0.6, "y": -0.9, "z": -0.7 },
    "rotation": { "x": -71, "y": 180, "z": 83 },
    "scale": 0.55
  },
  "guiTransformByType": {
    "*": {
      "rotate": false,
      "translation": { "x": 0, "y": 0, "z": 0 },
      "rotation": { "x": -173, "y": -79, "z": 38 },
      "origin": { "x": 0.5, "y": 0.63, "z": 0.6 },
      "scale": 1.4
    }
  },
  "groundTransform": {
    "translation": { "x": 0.05, "y": 0.05, "z": 0 },
    "rotation": { "x": 0, "y": 0, "z": -87 },
    "origin": { "x": 0.5, "y": 0.5, "z": 0.5299 },
    "scale": 2.19
  }
}
