[

{	"__comment": "shopsign",
	ingredientPattern: "LCR",
	ingredients: {
		"L": { type: "item", code: "game:hammer-*", isTool: true },
		"C": { type: "item", code: "game:metalnailsandstrips-*", quantity: 1, },
		"R": { type: "item", code: "game:plank-*", quantity: 9, name: "wood" },
	},
	width: 1,
	height: 3,
	output: { type: "block", code: "shopsign-{wood}-wall-north"}
},
{   "__comment": "sign quadratisch",
	ingredientPattern: "LCR",
	ingredients: {
		"L": { type: "item", code: "game:hammer-*", isTool: true },
		"C": { type: "item", code: "game:metalnailsandstrips-*", quantity: 1, },
		"R": { type: "item", code: "game:plank-*", quantity: 2, name: "wood" },
	},
	width: 1,
	height: 3,
	output: { type: "block", code: "sign-{wood}-wall-north"}
},
{   "__comment": "smallsign1",
	ingredientPattern: "LCR",
	ingredients: {
		"L": { type: "item", code: "game:hammer-*", isTool: true },
		"C": { type: "item", code: "game:chisel-*", isTool: true, },
		"R": { type: "item", code: "game:stone-*", quantity: 2, name: "stone" },
	},
	width: 1,
	height: 3,
	output: { type: "block", code: "smallsign1-{stone}-wall-north"}
},
{   "__comment": "streetbanner 4 blocks",
	ingredientPattern: "LCR",
	ingredients: {
		"L": { type: "item", code: "game:shears-*", isTool: true },
		"C": { type: "block", code: "game:linen-normal-down", quantity: 4},
		"R": { type: "item", code: "game:rope", quantity: 2, },
	},
	width: 1,
	height: 3,
	output: { type: "block", code: "streetbanner4-wall-north"}
},
{   "__comment": "pavement sign",
	ingredientPattern: "LCR",
	ingredients: {
		"L": { type: "item", code: "game:knife-*", isTool: true },
		"C": { type: "item", code: "game:mortar", quantity: 4 },
		"R": { type: "item", code: "game:stone-granite", quantity: 4},
	},
	width: 1,
	height: 3,
	output: { type: "block", code: "pavementsign-ground-north"}
}

]