{
	"editor": {
		"allAngles": false,
		"entityTextureMode": false
	},
	"textureWidth": 16,
	"textureHeight": 16,
	"textureSizes": {
	},
	"textures": {
		"copper1": "/Users/HARPWNER/AppData/Roaming/Vintagestory/assets/survival/textures/block/metal/sheet/copper1"
	},
	"elements": [
		{
			"name": "Core",
			"from": [ 8.0, 8.0, 8.0 ], 
			"to": [ 8.0, 8.0, 8.0 ], 
			"rotationOrigin": [ 8.0, 8.0, 8.0 ],
			"faces": {
				"north": { "texture": "#copper1", "uv": [ 0.0, 0.0, 0.5, 0.5 ], "reflectiveMode": 2},
				"east": { "texture": "#copper1", "uv": [ 0.0, 0.0, 0.5, 0.5 ], "reflectiveMode": 2},
				"south": { "texture": "#copper1", "uv": [ 0.0, 0.0, 0.5, 0.5 ], "reflectiveMode": 2},
				"west": { "texture": "#copper1", "uv": [ 0.0, 0.0, 0.5, 0.5 ], "reflectiveMode": 2},
				"up": { "texture": "#copper1", "uv": [ 0.0, 0.0, 0.5, 0.5 ], "reflectiveMode": 2},
				"down": { "texture": "#copper1", "uv": [ 0.0, 0.0, 0.5, 0.5 ], "reflectiveMode": 2}
			},
			"children": [
				{
					"name": "top",
					"from": [ -1.0, -2.0, -1.0 ], 
					"to": [ 1.0, -1.0, 1.0 ], 
					"rotationOrigin": [ 0.0, 0.0, 0.0 ],
					"rotationZ": 180.0,
					"faces": {
						"north": { "texture": "#copper1", "uv": [ 0.0, 0.0, 2.0, 1.0 ], "reflectiveMode": 2},
						"east": { "texture": "#copper1", "uv": [ 0.0, 0.0, 2.0, 1.0 ], "reflectiveMode": 2},
						"south": { "texture": "#copper1", "uv": [ 0.0, 0.0, 2.0, 1.0 ], "reflectiveMode": 2},
						"west": { "texture": "#copper1", "uv": [ 0.0, 0.0, 2.0, 1.0 ], "reflectiveMode": 2},
						"up": { "texture": "#copper1", "uv": [ 0.0, 0.0, 2.0, 2.0 ], "reflectiveMode": 2},
						"down": { "texture": "#copper1", "uv": [ 0.0, 0.0, 2.0, 2.0 ], "reflectiveMode": 2}
					}
				},
				{
					"name": "north",
					"from": [ -1.0, -2.0, -1.0 ], 
					"to": [ 1.0, -1.0, 1.0 ], 
					"rotationOrigin": [ 0.0, 0.0, 0.0 ],
					"rotationX": 90.0,
					"faces": {
						"north": { "texture": "#copper1", "uv": [ 0.0, 0.0, 2.0, 1.0 ], "reflectiveMode": 2},
						"east": { "texture": "#copper1", "uv": [ 0.0, 0.0, 2.0, 1.0 ], "reflectiveMode": 2},
						"south": { "texture": "#copper1", "uv": [ 0.0, 0.0, 2.0, 1.0 ], "reflectiveMode": 2},
						"west": { "texture": "#copper1", "uv": [ 0.0, 0.0, 2.0, 1.0 ], "reflectiveMode": 2},
						"up": { "texture": "#copper1", "uv": [ 0.0, 0.0, 2.0, 2.0 ], "reflectiveMode": 2},
						"down": { "texture": "#copper1", "uv": [ 0.0, 0.0, 2.0, 2.0 ], "reflectiveMode": 2}
					}
				}
			]
		},
		{
			"name": "CoreFrame",
			"from": [ 8.0, 8.0, 8.0 ], 
			"to": [ 8.0, 8.0, 8.0 ], 
			"rotationOrigin": [ 8.0, 8.0, 8.0 ],
			"faces": {
				"north": { "texture": "#copper1", "uv": [ 0.0, 0.0, 0.5, 0.5 ], "reflectiveMode": 2},
				"east": { "texture": "#copper1", "uv": [ 0.0, 0.0, 0.5, 0.5 ], "reflectiveMode": 2},
				"south": { "texture": "#copper1", "uv": [ 0.0, 0.0, 0.5, 0.5 ], "reflectiveMode": 2},
				"west": { "texture": "#copper1", "uv": [ 0.0, 0.0, 0.5, 0.5 ], "reflectiveMode": 2},
				"up": { "texture": "#copper1", "uv": [ 0.0, 0.0, 0.5, 0.5 ], "reflectiveMode": 2},
				"down": { "texture": "#copper1", "uv": [ 0.0, 0.0, 0.5, 0.5 ], "reflectiveMode": 2}
			},
			"children": [
				{
					"name": "frame",
					"from": [ -2.0, 1.0, 1.0 ], 
					"to": [ 2.0, 2.0, 2.0 ], 
					"rotationOrigin": [ -2.0, 1.0, 1.0 ],
					"faces": {
						"north": { "texture": "#copper1", "uv": [ 0.0, 0.0, 4.0, 1.0 ], "reflectiveMode": 2},
						"east": { "texture": "#copper1", "uv": [ 0.0, 0.0, 1.0, 1.0 ], "reflectiveMode": 2},
						"south": { "texture": "#copper1", "uv": [ 0.0, 0.0, 4.0, 1.0 ], "reflectiveMode": 2},
						"west": { "texture": "#copper1", "uv": [ 0.0, 0.0, 1.0, 1.0 ], "reflectiveMode": 2},
						"up": { "texture": "#copper1", "uv": [ 0.0, 0.0, 4.0, 1.0 ], "reflectiveMode": 2},
						"down": { "texture": "#copper1", "uv": [ 0.0, 0.0, 4.0, 1.0 ], "reflectiveMode": 2}
					}
				},
				{
					"name": "frame10",
					"from": [ -2.0, -2.0, 1.0 ], 
					"to": [ 2.0, -1.0, 2.0 ], 
					"rotationOrigin": [ -2.0, -2.0, 1.0 ],
					"faces": {
						"north": { "texture": "#copper1", "uv": [ 0.0, 0.0, 4.0, 1.0 ], "reflectiveMode": 2},
						"east": { "texture": "#copper1", "uv": [ 0.0, 0.0, 1.0, 1.0 ], "reflectiveMode": 2},
						"south": { "texture": "#copper1", "uv": [ 0.0, 0.0, 4.0, 1.0 ], "reflectiveMode": 2},
						"west": { "texture": "#copper1", "uv": [ 0.0, 0.0, 1.0, 1.0 ], "reflectiveMode": 2},
						"up": { "texture": "#copper1", "uv": [ 0.0, 0.0, 4.0, 1.0 ], "reflectiveMode": 2},
						"down": { "texture": "#copper1", "uv": [ 0.0, 0.0, 4.0, 1.0 ], "reflectiveMode": 2}
					}
				},
				{
					"name": "frame11",
					"from": [ -2.0, -2.0, -2.0 ], 
					"to": [ 2.0, -1.0, -1.0 ], 
					"rotationOrigin": [ -2.0, -2.0, -2.0 ],
					"faces": {
						"north": { "texture": "#copper1", "uv": [ 0.0, 0.0, 4.0, 1.0 ], "reflectiveMode": 2},
						"east": { "texture": "#copper1", "uv": [ 0.0, 0.0, 1.0, 1.0 ], "reflectiveMode": 2},
						"south": { "texture": "#copper1", "uv": [ 0.0, 0.0, 4.0, 1.0 ], "reflectiveMode": 2},
						"west": { "texture": "#copper1", "uv": [ 0.0, 0.0, 1.0, 1.0 ], "reflectiveMode": 2},
						"up": { "texture": "#copper1", "uv": [ 0.0, 0.0, 4.0, 1.0 ], "reflectiveMode": 2},
						"down": { "texture": "#copper1", "uv": [ 0.0, 0.0, 4.0, 1.0 ], "reflectiveMode": 2}
					}
				},
				{
					"name": "frame12",
					"from": [ -2.0, 1.0, -2.0 ], 
					"to": [ 2.0, 2.0, -1.0 ], 
					"rotationOrigin": [ -2.0, 1.0, -2.0 ],
					"faces": {
						"north": { "texture": "#copper1", "uv": [ 0.0, 0.0, 4.0, 1.0 ], "reflectiveMode": 2},
						"east": { "texture": "#copper1", "uv": [ 0.0, 0.0, 1.0, 1.0 ], "reflectiveMode": 2},
						"south": { "texture": "#copper1", "uv": [ 0.0, 0.0, 4.0, 1.0 ], "reflectiveMode": 2},
						"west": { "texture": "#copper1", "uv": [ 0.0, 0.0, 1.0, 1.0 ], "reflectiveMode": 2},
						"up": { "texture": "#copper1", "uv": [ 0.0, 0.0, 4.0, 1.0 ], "reflectiveMode": 2},
						"down": { "texture": "#copper1", "uv": [ 0.0, 0.0, 4.0, 1.0 ], "reflectiveMode": 2}
					}
				},
				{
					"name": "frame13",
					"from": [ -2.0, 1.0, -1.0 ], 
					"to": [ -1.0, 2.0, 1.0 ], 
					"rotationOrigin": [ -2.0, 0.0, 0.0 ],
					"faces": {
						"north": { "texture": "#copper1", "uv": [ 0.0, 0.0, 1.0, 1.0 ], "reflectiveMode": 2},
						"east": { "texture": "#copper1", "uv": [ 0.0, 0.0, 2.0, 1.0 ], "reflectiveMode": 2},
						"south": { "texture": "#copper1", "uv": [ 0.0, 0.0, 1.0, 1.0 ], "reflectiveMode": 2},
						"west": { "texture": "#copper1", "uv": [ 0.0, 0.0, 2.0, 1.0 ], "reflectiveMode": 2},
						"up": { "texture": "#copper1", "uv": [ 0.0, 0.0, 1.0, 2.0 ], "reflectiveMode": 2},
						"down": { "texture": "#copper1", "uv": [ 0.0, 0.0, 1.0, 2.0 ], "reflectiveMode": 2}
					}
				},
				{
					"name": "frame14",
					"from": [ -2.0, 1.0, -1.0 ], 
					"to": [ -1.0, 2.0, 1.0 ], 
					"rotationOrigin": [ -2.0, 0.0, 0.0 ],
					"rotationX": 90.0,
					"faces": {
						"north": { "texture": "#copper1", "uv": [ 0.0, 0.0, 1.0, 1.0 ], "reflectiveMode": 2},
						"east": { "texture": "#copper1", "uv": [ 0.0, 0.0, 2.0, 1.0 ], "reflectiveMode": 2},
						"south": { "texture": "#copper1", "uv": [ 0.0, 0.0, 1.0, 1.0 ], "reflectiveMode": 2},
						"west": { "texture": "#copper1", "uv": [ 0.0, 0.0, 2.0, 1.0 ], "reflectiveMode": 2},
						"up": { "texture": "#copper1", "uv": [ 0.0, 0.0, 1.0, 2.0 ], "reflectiveMode": 2},
						"down": { "texture": "#copper1", "uv": [ 0.0, 0.0, 1.0, 2.0 ], "reflectiveMode": 2}
					}
				},
				{
					"name": "frame15",
					"from": [ -2.0, 1.0, -1.0 ], 
					"to": [ -1.0, 2.0, 1.0 ], 
					"rotationOrigin": [ -2.0, 0.0, 0.0 ],
					"rotationX": 180.0,
					"faces": {
						"north": { "texture": "#copper1", "uv": [ 0.0, 0.0, 1.0, 1.0 ], "reflectiveMode": 2},
						"east": { "texture": "#copper1", "uv": [ 0.0, 0.0, 2.0, 1.0 ], "reflectiveMode": 2},
						"south": { "texture": "#copper1", "uv": [ 0.0, 0.0, 1.0, 1.0 ], "reflectiveMode": 2},
						"west": { "texture": "#copper1", "uv": [ 0.0, 0.0, 2.0, 1.0 ], "reflectiveMode": 2},
						"up": { "texture": "#copper1", "uv": [ 0.0, 0.0, 1.0, 2.0 ], "reflectiveMode": 2},
						"down": { "texture": "#copper1", "uv": [ 0.0, 0.0, 1.0, 2.0 ], "reflectiveMode": 2}
					}
				},
				{
					"name": "frame16",
					"from": [ -2.0, 1.0, -1.0 ], 
					"to": [ -1.0, 2.0, 1.0 ], 
					"rotationOrigin": [ -2.0, 0.0, 0.0 ],
					"rotationX": -90.0,
					"faces": {
						"north": { "texture": "#copper1", "uv": [ 0.0, 0.0, 1.0, 1.0 ], "reflectiveMode": 2},
						"east": { "texture": "#copper1", "uv": [ 0.0, 0.0, 2.0, 1.0 ], "reflectiveMode": 2},
						"south": { "texture": "#copper1", "uv": [ 0.0, 0.0, 1.0, 1.0 ], "reflectiveMode": 2},
						"west": { "texture": "#copper1", "uv": [ 0.0, 0.0, 2.0, 1.0 ], "reflectiveMode": 2},
						"up": { "texture": "#copper1", "uv": [ 0.0, 0.0, 1.0, 2.0 ], "reflectiveMode": 2},
						"down": { "texture": "#copper1", "uv": [ 0.0, 0.0, 1.0, 2.0 ], "reflectiveMode": 2}
					}
				},
				{
					"name": "frame17",
					"from": [ 1.0, 1.0, -1.0 ], 
					"to": [ 2.0, 2.0, 1.0 ], 
					"rotationOrigin": [ 1.0, 0.0, 0.0 ],
					"rotationX": -90.0,
					"faces": {
						"north": { "texture": "#copper1", "uv": [ 0.0, 0.0, 1.0, 1.0 ], "reflectiveMode": 2},
						"east": { "texture": "#copper1", "uv": [ 0.0, 0.0, 2.0, 1.0 ], "reflectiveMode": 2},
						"south": { "texture": "#copper1", "uv": [ 0.0, 0.0, 1.0, 1.0 ], "reflectiveMode": 2},
						"west": { "texture": "#copper1", "uv": [ 0.0, 0.0, 2.0, 1.0 ], "reflectiveMode": 2},
						"up": { "texture": "#copper1", "uv": [ 0.0, 0.0, 1.0, 2.0 ], "reflectiveMode": 2},
						"down": { "texture": "#copper1", "uv": [ 0.0, 0.0, 1.0, 2.0 ], "reflectiveMode": 2}
					}
				},
				{
					"name": "frame18",
					"from": [ 1.0, 1.0, -1.0 ], 
					"to": [ 2.0, 2.0, 1.0 ], 
					"rotationOrigin": [ 1.0, 0.0, 0.0 ],
					"faces": {
						"north": { "texture": "#copper1", "uv": [ 0.0, 0.0, 1.0, 1.0 ], "reflectiveMode": 2},
						"east": { "texture": "#copper1", "uv": [ 0.0, 0.0, 2.0, 1.0 ], "reflectiveMode": 2},
						"south": { "texture": "#copper1", "uv": [ 0.0, 0.0, 1.0, 1.0 ], "reflectiveMode": 2},
						"west": { "texture": "#copper1", "uv": [ 0.0, 0.0, 2.0, 1.0 ], "reflectiveMode": 2},
						"up": { "texture": "#copper1", "uv": [ 0.0, 0.0, 1.0, 2.0 ], "reflectiveMode": 2},
						"down": { "texture": "#copper1", "uv": [ 0.0, 0.0, 1.0, 2.0 ], "reflectiveMode": 2}
					}
				},
				{
					"name": "frame19",
					"from": [ 1.0, 1.0, -1.0 ], 
					"to": [ 2.0, 2.0, 1.0 ], 
					"rotationOrigin": [ 1.0, 0.0, 0.0 ],
					"rotationX": 90.0,
					"faces": {
						"north": { "texture": "#copper1", "uv": [ 0.0, 0.0, 1.0, 1.0 ], "reflectiveMode": 2},
						"east": { "texture": "#copper1", "uv": [ 0.0, 0.0, 2.0, 1.0 ], "reflectiveMode": 2},
						"south": { "texture": "#copper1", "uv": [ 0.0, 0.0, 1.0, 1.0 ], "reflectiveMode": 2},
						"west": { "texture": "#copper1", "uv": [ 0.0, 0.0, 2.0, 1.0 ], "reflectiveMode": 2},
						"up": { "texture": "#copper1", "uv": [ 0.0, 0.0, 1.0, 2.0 ], "reflectiveMode": 2},
						"down": { "texture": "#copper1", "uv": [ 0.0, 0.0, 1.0, 2.0 ], "reflectiveMode": 2}
					}
				},
				{
					"name": "frame20",
					"from": [ 1.0, 1.0, -1.0 ], 
					"to": [ 2.0, 2.0, 1.0 ], 
					"rotationOrigin": [ 1.0, 0.0, 0.0 ],
					"rotationX": 180.0,
					"faces": {
						"north": { "texture": "#copper1", "uv": [ 0.0, 0.0, 1.0, 1.0 ], "reflectiveMode": 2},
						"east": { "texture": "#copper1", "uv": [ 0.0, 0.0, 2.0, 1.0 ], "reflectiveMode": 2},
						"south": { "texture": "#copper1", "uv": [ 0.0, 0.0, 1.0, 1.0 ], "reflectiveMode": 2},
						"west": { "texture": "#copper1", "uv": [ 0.0, 0.0, 2.0, 1.0 ], "reflectiveMode": 2},
						"up": { "texture": "#copper1", "uv": [ 0.0, 0.0, 1.0, 2.0 ], "reflectiveMode": 2},
						"down": { "texture": "#copper1", "uv": [ 0.0, 0.0, 1.0, 2.0 ], "reflectiveMode": 2}
					}
				}
			]
		},
		{
			"name": "pipe",
			"from": [ 8.0, 8.0, 8.0 ], 
			"to": [ 8.0, 8.0, 8.0 ], 
			"rotationOrigin": [ 8.0, 8.0, 8.0 ],
			"faces": {
				"north": { "texture": "#copper1", "uv": [ 0.0, 0.0, 0.5, 0.5 ], "reflectiveMode": 2},
				"east": { "texture": "#copper1", "uv": [ 0.0, 0.0, 0.5, 0.5 ], "reflectiveMode": 2},
				"south": { "texture": "#copper1", "uv": [ 0.0, 0.0, 0.5, 0.5 ], "reflectiveMode": 2},
				"west": { "texture": "#copper1", "uv": [ 0.0, 0.0, 0.5, 0.5 ], "reflectiveMode": 2},
				"up": { "texture": "#copper1", "uv": [ 0.0, 0.0, 0.5, 0.5 ], "reflectiveMode": 2},
				"down": { "texture": "#copper1", "uv": [ 0.0, 0.0, 0.5, 0.5 ], "reflectiveMode": 2}
			},
			"children": [
				{
					"name": "pipe1",
					"from": [ 2.0, -2.0, 1.0 ], 
					"to": [ 8.0, 2.0, 2.0 ], 
					"rotationOrigin": [ 2.0, -2.0, 1.0 ],
					"faces": {
						"north": { "texture": "#copper1", "uv": [ 0.0, 0.0, 6.0, 4.0 ], "reflectiveMode": 2},
						"east": { "texture": "#copper1", "uv": [ 0.0, 0.0, 1.0, 4.0 ], "reflectiveMode": 2},
						"south": { "texture": "#copper1", "uv": [ 0.0, 0.0, 6.0, 4.0 ], "reflectiveMode": 2},
						"west": { "texture": "#copper1", "uv": [ 0.0, 0.0, 1.0, 4.0 ], "reflectiveMode": 2},
						"up": { "texture": "#copper1", "uv": [ 0.0, 0.0, 6.0, 1.0 ], "reflectiveMode": 2},
						"down": { "texture": "#copper1", "uv": [ 0.0, 0.0, 6.0, 1.0 ], "reflectiveMode": 2}
					}
				},
				{
					"name": "pipe23",
					"from": [ 2.0, -2.0, -2.0 ], 
					"to": [ 8.0, 2.0, -1.0 ], 
					"rotationOrigin": [ 2.0, -2.0, -2.0 ],
					"faces": {
						"north": { "texture": "#copper1", "uv": [ 0.0, 0.0, 6.0, 4.0 ], "reflectiveMode": 2},
						"east": { "texture": "#copper1", "uv": [ 0.0, 0.0, 1.0, 4.0 ], "reflectiveMode": 2},
						"south": { "texture": "#copper1", "uv": [ 0.0, 0.0, 6.0, 4.0 ], "reflectiveMode": 2},
						"west": { "texture": "#copper1", "uv": [ 0.0, 0.0, 1.0, 4.0 ], "reflectiveMode": 2},
						"up": { "texture": "#copper1", "uv": [ 0.0, 0.0, 6.0, 1.0 ], "reflectiveMode": 2},
						"down": { "texture": "#copper1", "uv": [ 0.0, 0.0, 6.0, 1.0 ], "reflectiveMode": 2}
					}
				},
				{
					"name": "pipe24",
					"from": [ 2.0, -2.0, -1.0 ], 
					"to": [ 8.0, -1.0, 1.0 ], 
					"rotationOrigin": [ 2.0, -2.0, -1.0 ],
					"faces": {
						"north": { "texture": "#copper1", "uv": [ 0.0, 0.0, 6.0, 1.0 ], "reflectiveMode": 2},
						"east": { "texture": "#copper1", "uv": [ 0.0, 0.0, 2.0, 1.0 ], "reflectiveMode": 2},
						"south": { "texture": "#copper1", "uv": [ 0.0, 0.0, 6.0, 1.0 ], "reflectiveMode": 2},
						"west": { "texture": "#copper1", "uv": [ 0.0, 0.0, 2.0, 1.0 ], "reflectiveMode": 2},
						"up": { "texture": "#copper1", "uv": [ 0.0, 0.0, 6.0, 2.0 ], "reflectiveMode": 2},
						"down": { "texture": "#copper1", "uv": [ 0.0, 0.0, 6.0, 2.0 ], "reflectiveMode": 2}
					}
				},
				{
					"name": "pipe25",
					"from": [ 2.0, 1.0, -1.0 ], 
					"to": [ 8.0, 2.0, 1.0 ], 
					"rotationOrigin": [ 2.0, 1.0, -1.0 ],
					"faces": {
						"north": { "texture": "#copper1", "uv": [ 0.0, 0.0, 6.0, 1.0 ], "reflectiveMode": 2},
						"east": { "texture": "#copper1", "uv": [ 0.0, 0.0, 2.0, 1.0 ], "reflectiveMode": 2},
						"south": { "texture": "#copper1", "uv": [ 0.0, 0.0, 6.0, 1.0 ], "reflectiveMode": 2},
						"west": { "texture": "#copper1", "uv": [ 0.0, 0.0, 2.0, 1.0 ], "reflectiveMode": 2},
						"up": { "texture": "#copper1", "uv": [ 0.0, 0.0, 6.0, 2.0 ], "reflectiveMode": 2},
						"down": { "texture": "#copper1", "uv": [ 0.0, 0.0, 6.0, 2.0 ], "reflectiveMode": 2}
					}
				}
			]
		},
		{
			"name": "pipe30",
			"from": [ 8.0, 8.0, 8.0 ], 
			"to": [ 8.0, 8.0, 8.0 ], 
			"rotationOrigin": [ 8.0, 8.0, 8.0 ],
			"rotationY": 180.0,
			"faces": {
				"north": { "texture": "#copper1", "uv": [ 0.0, 0.0, 0.5, 0.5 ], "reflectiveMode": 2},
				"east": { "texture": "#copper1", "uv": [ 0.0, 0.0, 0.5, 0.5 ], "reflectiveMode": 2},
				"south": { "texture": "#copper1", "uv": [ 0.0, 0.0, 0.5, 0.5 ], "reflectiveMode": 2},
				"west": { "texture": "#copper1", "uv": [ 0.0, 0.0, 0.5, 0.5 ], "reflectiveMode": 2},
				"up": { "texture": "#copper1", "uv": [ 0.0, 0.0, 0.5, 0.5 ], "reflectiveMode": 2},
				"down": { "texture": "#copper1", "uv": [ 0.0, 0.0, 0.5, 0.5 ], "reflectiveMode": 2}
			},
			"children": [
				{
					"name": "pipe30",
					"from": [ 2.0, -2.0, 1.0 ], 
					"to": [ 8.0, 2.0, 2.0 ], 
					"rotationOrigin": [ 2.0, -2.0, 1.0 ],
					"faces": {
						"north": { "texture": "#copper1", "uv": [ 0.0, 0.0, 6.0, 4.0 ], "reflectiveMode": 2},
						"east": { "texture": "#copper1", "uv": [ 0.0, 0.0, 1.0, 4.0 ], "reflectiveMode": 2},
						"south": { "texture": "#copper1", "uv": [ 0.0, 0.0, 6.0, 4.0 ], "reflectiveMode": 2},
						"west": { "texture": "#copper1", "uv": [ 0.0, 0.0, 1.0, 4.0 ], "reflectiveMode": 2},
						"up": { "texture": "#copper1", "uv": [ 0.0, 0.0, 6.0, 1.0 ], "reflectiveMode": 2},
						"down": { "texture": "#copper1", "uv": [ 0.0, 0.0, 6.0, 1.0 ], "reflectiveMode": 2}
					}
				},
				{
					"name": "pipe30",
					"from": [ 2.0, -2.0, -2.0 ], 
					"to": [ 8.0, 2.0, -1.0 ], 
					"rotationOrigin": [ 2.0, -2.0, -2.0 ],
					"faces": {
						"north": { "texture": "#copper1", "uv": [ 0.0, 0.0, 6.0, 4.0 ], "reflectiveMode": 2},
						"east": { "texture": "#copper1", "uv": [ 0.0, 0.0, 1.0, 4.0 ], "reflectiveMode": 2},
						"south": { "texture": "#copper1", "uv": [ 0.0, 0.0, 6.0, 4.0 ], "reflectiveMode": 2},
						"west": { "texture": "#copper1", "uv": [ 0.0, 0.0, 1.0, 4.0 ], "reflectiveMode": 2},
						"up": { "texture": "#copper1", "uv": [ 0.0, 0.0, 6.0, 1.0 ], "reflectiveMode": 2},
						"down": { "texture": "#copper1", "uv": [ 0.0, 0.0, 6.0, 1.0 ], "reflectiveMode": 2}
					}
				},
				{
					"name": "pipe31",
					"from": [ 2.0, -2.0, -1.0 ], 
					"to": [ 8.0, -1.0, 1.0 ], 
					"rotationOrigin": [ 2.0, -2.0, -1.0 ],
					"faces": {
						"north": { "texture": "#copper1", "uv": [ 0.0, 0.0, 6.0, 1.0 ], "reflectiveMode": 2},
						"east": { "texture": "#copper1", "uv": [ 0.0, 0.0, 2.0, 1.0 ], "reflectiveMode": 2},
						"south": { "texture": "#copper1", "uv": [ 0.0, 0.0, 6.0, 1.0 ], "reflectiveMode": 2},
						"west": { "texture": "#copper1", "uv": [ 0.0, 0.0, 2.0, 1.0 ], "reflectiveMode": 2},
						"up": { "texture": "#copper1", "uv": [ 0.0, 0.0, 6.0, 2.0 ], "reflectiveMode": 2},
						"down": { "texture": "#copper1", "uv": [ 0.0, 0.0, 6.0, 2.0 ], "reflectiveMode": 2}
					}
				},
				{
					"name": "pipe32",
					"from": [ 2.0, 1.0, -1.0 ], 
					"to": [ 8.0, 2.0, 1.0 ], 
					"rotationOrigin": [ 2.0, 1.0, -1.0 ],
					"faces": {
						"north": { "texture": "#copper1", "uv": [ 0.0, 0.0, 6.0, 1.0 ], "reflectiveMode": 2},
						"east": { "texture": "#copper1", "uv": [ 0.0, 0.0, 2.0, 1.0 ], "reflectiveMode": 2},
						"south": { "texture": "#copper1", "uv": [ 0.0, 0.0, 6.0, 1.0 ], "reflectiveMode": 2},
						"west": { "texture": "#copper1", "uv": [ 0.0, 0.0, 2.0, 1.0 ], "reflectiveMode": 2},
						"up": { "texture": "#copper1", "uv": [ 0.0, 0.0, 6.0, 2.0 ], "reflectiveMode": 2},
						"down": { "texture": "#copper1", "uv": [ 0.0, 0.0, 6.0, 2.0 ], "reflectiveMode": 2}
					}
				}
			]
		},
		{
			"name": "pipe29",
			"from": [ 8.0, 8.0, 8.0 ], 
			"to": [ 8.0, 8.0, 8.0 ], 
			"rotationOrigin": [ 8.0, 8.0, 8.0 ],
			"rotationZ": -90.0,
			"faces": {
				"north": { "texture": "#copper1", "uv": [ 0.0, 0.0, 0.5, 0.5 ], "reflectiveMode": 2},
				"east": { "texture": "#copper1", "uv": [ 0.0, 0.0, 0.5, 0.5 ], "reflectiveMode": 2},
				"south": { "texture": "#copper1", "uv": [ 0.0, 0.0, 0.5, 0.5 ], "reflectiveMode": 2},
				"west": { "texture": "#copper1", "uv": [ 0.0, 0.0, 0.5, 0.5 ], "reflectiveMode": 2},
				"up": { "texture": "#copper1", "uv": [ 0.0, 0.0, 0.5, 0.5 ], "reflectiveMode": 2},
				"down": { "texture": "#copper1", "uv": [ 0.0, 0.0, 0.5, 0.5 ], "reflectiveMode": 2}
			},
			"children": [
				{
					"name": "pipe33",
					"from": [ 2.0, -2.0, 1.0 ], 
					"to": [ 8.0, 2.0, 2.0 ], 
					"rotationOrigin": [ 2.0, -2.0, 1.0 ],
					"faces": {
						"north": { "texture": "#copper1", "uv": [ 0.0, 0.0, 6.0, 4.0 ], "reflectiveMode": 2},
						"east": { "texture": "#copper1", "uv": [ 0.0, 0.0, 1.0, 4.0 ], "reflectiveMode": 2},
						"south": { "texture": "#copper1", "uv": [ 0.0, 0.0, 6.0, 4.0 ], "reflectiveMode": 2},
						"west": { "texture": "#copper1", "uv": [ 0.0, 0.0, 1.0, 4.0 ], "reflectiveMode": 2},
						"up": { "texture": "#copper1", "uv": [ 0.0, 0.0, 6.0, 1.0 ], "reflectiveMode": 2},
						"down": { "texture": "#copper1", "uv": [ 0.0, 0.0, 6.0, 1.0 ], "reflectiveMode": 2}
					}
				},
				{
					"name": "pipe33",
					"from": [ 2.0, -2.0, -2.0 ], 
					"to": [ 8.0, 2.0, -1.0 ], 
					"rotationOrigin": [ 2.0, -2.0, -2.0 ],
					"faces": {
						"north": { "texture": "#copper1", "uv": [ 0.0, 0.0, 6.0, 4.0 ], "reflectiveMode": 2},
						"east": { "texture": "#copper1", "uv": [ 0.0, 0.0, 1.0, 4.0 ], "reflectiveMode": 2},
						"south": { "texture": "#copper1", "uv": [ 0.0, 0.0, 6.0, 4.0 ], "reflectiveMode": 2},
						"west": { "texture": "#copper1", "uv": [ 0.0, 0.0, 1.0, 4.0 ], "reflectiveMode": 2},
						"up": { "texture": "#copper1", "uv": [ 0.0, 0.0, 6.0, 1.0 ], "reflectiveMode": 2},
						"down": { "texture": "#copper1", "uv": [ 0.0, 0.0, 6.0, 1.0 ], "reflectiveMode": 2}
					}
				},
				{
					"name": "pipe33",
					"from": [ 2.0, -2.0, -1.0 ], 
					"to": [ 8.0, -1.0, 1.0 ], 
					"rotationOrigin": [ 2.0, -2.0, -1.0 ],
					"faces": {
						"north": { "texture": "#copper1", "uv": [ 0.0, 0.0, 6.0, 1.0 ], "reflectiveMode": 2},
						"east": { "texture": "#copper1", "uv": [ 0.0, 0.0, 2.0, 1.0 ], "reflectiveMode": 2},
						"south": { "texture": "#copper1", "uv": [ 0.0, 0.0, 6.0, 1.0 ], "reflectiveMode": 2},
						"west": { "texture": "#copper1", "uv": [ 0.0, 0.0, 2.0, 1.0 ], "reflectiveMode": 2},
						"up": { "texture": "#copper1", "uv": [ 0.0, 0.0, 6.0, 2.0 ], "reflectiveMode": 2},
						"down": { "texture": "#copper1", "uv": [ 0.0, 0.0, 6.0, 2.0 ], "reflectiveMode": 2}
					}
				},
				{
					"name": "pipe33",
					"from": [ 2.0, 1.0, -1.0 ], 
					"to": [ 8.0, 2.0, 1.0 ], 
					"rotationOrigin": [ 2.0, 1.0, -1.0 ],
					"faces": {
						"north": { "texture": "#copper1", "uv": [ 0.0, 0.0, 6.0, 1.0 ], "reflectiveMode": 2},
						"east": { "texture": "#copper1", "uv": [ 0.0, 0.0, 2.0, 1.0 ], "reflectiveMode": 2},
						"south": { "texture": "#copper1", "uv": [ 0.0, 0.0, 6.0, 1.0 ], "reflectiveMode": 2},
						"west": { "texture": "#copper1", "uv": [ 0.0, 0.0, 2.0, 1.0 ], "reflectiveMode": 2},
						"up": { "texture": "#copper1", "uv": [ 0.0, 0.0, 6.0, 2.0 ], "reflectiveMode": 2},
						"down": { "texture": "#copper1", "uv": [ 0.0, 0.0, 6.0, 2.0 ], "reflectiveMode": 2}
					}
				}
			]
		},
		{
			"name": "pipe34",
			"from": [ 8.0, 8.0, 8.0 ], 
			"to": [ 8.0, 8.0, 8.0 ], 
			"rotationOrigin": [ 8.0, 8.0, 8.0 ],
			"rotationY": -90.0,
			"faces": {
				"north": { "texture": "#copper1", "uv": [ 0.0, 0.0, 0.5, 0.5 ], "reflectiveMode": 2},
				"east": { "texture": "#copper1", "uv": [ 0.0, 0.0, 0.5, 0.5 ], "reflectiveMode": 2},
				"south": { "texture": "#copper1", "uv": [ 0.0, 0.0, 0.5, 0.5 ], "reflectiveMode": 2},
				"west": { "texture": "#copper1", "uv": [ 0.0, 0.0, 0.5, 0.5 ], "reflectiveMode": 2},
				"up": { "texture": "#copper1", "uv": [ 0.0, 0.0, 0.5, 0.5 ], "reflectiveMode": 2},
				"down": { "texture": "#copper1", "uv": [ 0.0, 0.0, 0.5, 0.5 ], "reflectiveMode": 2}
			},
			"children": [
				{
					"name": "pipe34",
					"from": [ 2.0, -2.0, 1.0 ], 
					"to": [ 8.0, 2.0, 2.0 ], 
					"rotationOrigin": [ 2.0, -2.0, 1.0 ],
					"faces": {
						"north": { "texture": "#copper1", "uv": [ 0.0, 0.0, 6.0, 4.0 ], "reflectiveMode": 2},
						"east": { "texture": "#copper1", "uv": [ 0.0, 0.0, 1.0, 4.0 ], "reflectiveMode": 2},
						"south": { "texture": "#copper1", "uv": [ 0.0, 0.0, 6.0, 4.0 ], "reflectiveMode": 2},
						"west": { "texture": "#copper1", "uv": [ 0.0, 0.0, 1.0, 4.0 ], "reflectiveMode": 2},
						"up": { "texture": "#copper1", "uv": [ 0.0, 0.0, 6.0, 1.0 ], "reflectiveMode": 2},
						"down": { "texture": "#copper1", "uv": [ 0.0, 0.0, 6.0, 1.0 ], "reflectiveMode": 2}
					}
				},
				{
					"name": "pipe35",
					"from": [ 2.0, -2.0, -2.0 ], 
					"to": [ 8.0, 2.0, -1.0 ], 
					"rotationOrigin": [ 2.0, -2.0, -2.0 ],
					"faces": {
						"north": { "texture": "#copper1", "uv": [ 0.0, 0.0, 6.0, 4.0 ], "reflectiveMode": 2},
						"east": { "texture": "#copper1", "uv": [ 0.0, 0.0, 1.0, 4.0 ], "reflectiveMode": 2},
						"south": { "texture": "#copper1", "uv": [ 0.0, 0.0, 6.0, 4.0 ], "reflectiveMode": 2},
						"west": { "texture": "#copper1", "uv": [ 0.0, 0.0, 1.0, 4.0 ], "reflectiveMode": 2},
						"up": { "texture": "#copper1", "uv": [ 0.0, 0.0, 6.0, 1.0 ], "reflectiveMode": 2},
						"down": { "texture": "#copper1", "uv": [ 0.0, 0.0, 6.0, 1.0 ], "reflectiveMode": 2}
					}
				},
				{
					"name": "pipe36",
					"from": [ 2.0, -2.0, -1.0 ], 
					"to": [ 8.0, -1.0, 1.0 ], 
					"rotationOrigin": [ 2.0, -2.0, -1.0 ],
					"faces": {
						"north": { "texture": "#copper1", "uv": [ 0.0, 0.0, 6.0, 1.0 ], "reflectiveMode": 2},
						"east": { "texture": "#copper1", "uv": [ 0.0, 0.0, 2.0, 1.0 ], "reflectiveMode": 2},
						"south": { "texture": "#copper1", "uv": [ 0.0, 0.0, 6.0, 1.0 ], "reflectiveMode": 2},
						"west": { "texture": "#copper1", "uv": [ 0.0, 0.0, 2.0, 1.0 ], "reflectiveMode": 2},
						"up": { "texture": "#copper1", "uv": [ 0.0, 0.0, 6.0, 2.0 ], "reflectiveMode": 2},
						"down": { "texture": "#copper1", "uv": [ 0.0, 0.0, 6.0, 2.0 ], "reflectiveMode": 2}
					}
				},
				{
					"name": "pipe37",
					"from": [ 2.0, 1.0, -1.0 ], 
					"to": [ 8.0, 2.0, 1.0 ], 
					"rotationOrigin": [ 2.0, 1.0, -1.0 ],
					"faces": {
						"north": { "texture": "#copper1", "uv": [ 0.0, 0.0, 6.0, 1.0 ], "reflectiveMode": 2},
						"east": { "texture": "#copper1", "uv": [ 0.0, 0.0, 2.0, 1.0 ], "reflectiveMode": 2},
						"south": { "texture": "#copper1", "uv": [ 0.0, 0.0, 6.0, 1.0 ], "reflectiveMode": 2},
						"west": { "texture": "#copper1", "uv": [ 0.0, 0.0, 2.0, 1.0 ], "reflectiveMode": 2},
						"up": { "texture": "#copper1", "uv": [ 0.0, 0.0, 6.0, 2.0 ], "reflectiveMode": 2},
						"down": { "texture": "#copper1", "uv": [ 0.0, 0.0, 6.0, 2.0 ], "reflectiveMode": 2}
					}
				}
			]
		}
	]}