{
	code: "pavementsign",
	creativeinventory: { "general": ["*-north"], "decorative": ["*-north"] },
	class: "BlockSign",
	entityclass: "Sign",
	attributes: {
		maxWidth: 200,
		maxHeight: 100,
		fontSize: 20,
		textVoxelOffsetX: 0,
		textVoxelOffsetY: -0.7,
		textVoxelOffsetZ: 0,
		textVoxelWidth: 13,
		textVoxelHeight: 11
	},
	variantgroups: [
		{ code:"attachment", states: ["ground"] },
		{ code:"side", loadFromProperties: "abstract/horizontalorientation" }
	],
	shapebytype: {
		"*-ground-north": { base: "block/pavementsign", rotateY: 0 },
		"*-ground-east": { base: "block/pavementsign", rotateY: 270 },
		"*-ground-south": { base: "block/pavementsign", rotateY: 180 },
		"*-ground-west": { base: "block/pavementsign", rotateY: 90 },
	},
	textures: {
		sign: { base: "game:block/clay/blueclay" },
		rahmen: { base: "game:block/clay/pot-side" },
		base: { base: "game:block/clay/pot-side" }
	},
	blockmaterial: "stone",
	lightAbsorption: 0,
	sidesolid: {
		all: false
	},
	sideopaque: {
		all: false
	},
	faceCullMode: "NeverCull",
	replaceable: 500,
	resistance: 3,
	selectionboxbytype: {
		"*": { x1: 0.0625, y1: 0, z1: 0.4375, x2: 0.9375, y2: 0.875, z2: 0.625, rotateY: 0 }
	},
	collisionboxbytype: {
		"*": { x1: 0.0625, y1: 0, z1: 0.4375, x2: 0.9375, y2: 0.875, z2: 0.625, rotateY: 0 }
	},
	combustibleProps: {
		burnTemperature: 600,
		burnDuration: 10,
	},
	sounds: {
		"place": "game:block/planks",
		"hit": "game:block/planks",
		"break": "game:block/planks",
		"walk": "game:walk/wood"
	},
	rainPermeable: true,
	materialDensity: 600,
	guiTransform: {
		origin: { x: 0.5, y: 0.5, z: 0.25 }
	},
	tpHandTransform: {
		translation: { x: -0.9, y: 0.1, z: -0.9 },
		rotation: { x: 0, y: 0, z: -89 },
		origin: { x: 0.5, y: 0, z: 0.5 },
		scale: 0.52
	},
	groundTransform: {
		translation: { x: 0, y: 0, z: 0 },
		rotation: { x: -90, y: 0, z: -7 },
		origin: { x: 0.5, y: 0, z: 0.5 },
		scale: 3
	},
	guiTransform: {
		rotation: { x: -22.6, y: 135, z: 0 },
		scale: 1.72
	}
}