{
	code: "smallsign1",
	creativeinventory: { "general": ["*-north"], "decorative": ["*-north"] },
	class: "BlockSign",
	entityclass: "Sign",
	attributes: {
		maxWidth: 200,
		maxHeight: 60,
		fontSize: 20,
		textVoxelOffsetX: 0,
		textVoxelOffsetY: 0.5,
		textVoxelOffsetZ: 0,
		textVoxelWidth: 13,
		textVoxelHeight: 7
	},
	variantgroups: [
		{ code:"type", states: ["andesite", "basalt", "bauxite", "chalk", "chert", "conglomerate", "granite", "greenmarble", "kimberlite", "limestone", "peridotite", "phyllite", "redmarble", "sandstone", "scoria", "shale", "slate", "suevite", "whitemarble"]},
		{ code:"attachment", states: ["wall"] },
		{ code:"side", loadFromProperties: "abstract/horizontalorientation" }
	],
	shapebytype: {
		"*-wall-north": { base: "block/smallsign1", rotateY: 0 },
		"*-wall-east": { base: "block/smallsign1", rotateY: 270 },
		"*-wall-south": { base: "block/smallsign1", rotateY: 180 },
		"*-wall-west": { base: "block/smallsign1", rotateY: 90 },
	},
	textures: {
		sign: { base: "game:block/stone/rock/{type}*" },
		rahmen: { base: "game:item/resource/plate/lead" }
	},
	blockmaterial: "stone",
	lightAbsorption: 0,
	sidesolid: {
		all: false
	},
	sideopaque: {
		all: false
	},
	faceCullMode: "NeverCull",
	replaceable: 500,
	resistance: 3,
	selectionboxbytype: {
		"*-wall-east": { rotateY: 270,  x1: 0.0625, y1: 0.5, z1: 0,  x2: 0.9375, y2: 1, z2: 0.0625 },
		"*-wall-south": { rotateY: 180,  x1: 0.0625, y1: 0.5, z1: 0,  x2: 0.9375, y2: 1, z2: 0.0625 },
		"*-wall-west": { rotateY: 90,  x1: 0.0625, y1: 0.5, z1: 0,  x2: 0.9375, y2: 1, z2: 0.0625 },
		"*-wall-north": { rotateY: 0,  x1: 0.0625, y1: 0.5, z1: 0,  x2: 0.9375, y2: 1, z2: 0.0625 },

		"*": { x1: 0.0625, y1: 0, z1: 0.4375, x2: 0.9375, y2: 0.875, z2: 0.625, rotateY: 0 }
	},
	collisionboxbytype: {	
		"*-wall-east": { rotateY: 270,  x1: 0, y1: 0.5, z1: 0,  x2: 1, y2: 1, z2: 0.12 },
		"*-wall-south": { rotateY: 180,  x1: 0, y1: 0.5, z1: 0,  x2: 1, y2: 1, z2: 0.12 },
		"*-wall-west": { rotateY: 90,  x1: 0, y1: 0.5, z1: 0,  x2: 1, y2: 1, z2: 0.12 },
		"*-wall-north": { rotateY: 0,  x1: 0, y1: 0.5, z1: 0,  x2: 1, y2: 1, z2: 0.12 },
		
		"*": { x1: 0.0625, y1: 0, z1: 0.4375, x2: 0.9375, y2: 0.875, z2: 0.625, rotateY: 0 }
	},
	combustibleProps: {
		burnTemperature: 600,
		burnDuration: 10,
	},
	sounds: {
		walk: "walk/stone",
		byTool: {
			"Pickaxe": { hit: "game:block/rock-hit-pickaxe", break: "game:block/rock-break-pickaxe" },
	},
	tpHandTransform: {
		translation: { x: 0.4, y: 0.6, z: -0.5 },
		rotation: { x: 20, y: -25, z: -30 },
		origin: { x: 0.5, y: 0, z: 0.5 },
		scale: 0.52
	},
	fpHandTransform: {
		translation: { x: 0, y: 0.18, z: 1 },
		rotation: { x: 98, y: 42, z: 90 },
		origin: { x: 0.5, y: 0.7, z: 1 },
		scale: 1.11
	},
	groundTransform: {
		translation: { x: 0, y: 0, z: 0 },
		rotation: { x: -90, y: 0, z: -7 },
		origin: { x: 0.5, y: 0, z: 0.5 },
		scale: 3
	},
	guiTransform: {
		rotation: { x: -22.6, y: 135, z: 0 },
		scale: 2.0
	},
	rainPermeable: true,
	materialDensity: 600,
	guiTransform: {
		origin: { x: 0.5, y: 0.5, z: 0.25 }
	}
}