{
	code: "streetbanner4",
	creativeinventory: { "general": ["*-north"], "decorative": ["*-north"] },
	class: "BlockSign",
	entityclass: "Sign",
	attributes: {
		maxWidth: 300,
		maxHeight: 50,
		fontSize: 20,
		textVoxelOffsetX: -24,
		textVoxelOffsetY: -7,
		textVoxelOffsetZ: 1,
		textVoxelWidth: 40,
		textVoxelHeight: 20
	},
	variantgroups: [
		{ code:"attachment", states: ["wall"] },
		{ code:"side", loadFromProperties: "abstract/horizontalorientation" }
	],
	shapebytype: {
		"*-wall-north": { base: "block/streetbanner4", rotateY: 0 },
		"*-wall-east": { base: "block/streetbanner4", rotateY: 270 },
		"*-wall-south": { base: "block/streetbanner4", rotateY: 180 },
		"*-wall-west": { base: "block/streetbanner4", rotateY: 90 }
	},
	textures: {
		sign: { base: "game:block/fat" },
		band: { base: "game:block/locustnest/stalagmite/rope" }
	},
	blockmaterial: "Wood",
	lightAbsorption: 0,
	sidesolid: {
		all: false
	},
	sideopaque: {
		all: false
	},
	faceCullMode: "NeverCull",
	replaceable: 500,
	resistance: 3,
	selectionboxbytype: {
		"*-wall-east": { rotateY: 270,  x1: 0.0625, y1: 0.3125, z1: 0,  x2: 0.9375, y2: 0.8125, z2: 0.0625 },
		"*-wall-south": { rotateY: 180,  x1: 0.0625, y1: 0.3125, z1: 0,  x2: 0.9375, y2: 0.8125, z2: 0.0625 },
		"*-wall-west": { rotateY: 90,  x1: 0.0625, y1: 0.3125, z1: 0,  x2: 0.9375, y2: 0.8125, z2: 0.0625 },
		"*-wall-north": { rotateY: 0,  x1: 0.0625, y1: 0.3125, z1: 0,  x2: 0.9375, y2: 0.8125, z2: 0.0625 },

		"*": { x1: 0.0625, y1: 0, z1: 0.4375, x2: 0.9375, y2: 0.875, z2: 0.625, rotateY: 0 }
	},
	collisionboxbytype: {	
		"*-wall-east": { rotateY: 270,  x1: 0, y1: 0, z1: 0,  x2: 4, y2: 1, z2: 0.12 },
		"*-wall-south": { rotateY: 180,  x1: 0, y1: 0, z1: 0,  x2: 4, y2: 1, z2: 0.12 },
		"*-wall-west": { rotateY: 90,  x1: 0, y1: 0, z1: 0,  x2: 4, y2: 1, z2: 0.12 },
		"*-wall-north": { rotateY: 0,  x1: 0, y1: 0, z1: 0,  x2: 4, y2: 1, z2: 0.12 },
		
		"*": { x1: 0.0625, y1: 0, z1: 0.4375, x2: 3.9375, y2: 1.875, z2: 0.625, rotateY: 0 }
	},
	sounds: {
		"place": "game:block/planks",
		"hit": "game:block/planks",
		"break": "game:block/planks",
		"walk": "game:walk/wood"
	},
	rainPermeable: true,
	materialDensity: 600,
	guiTransform: {
		origin: { x: 0.5, y: 0.5, z: 0.25 }
	},
	"heldTpIdleAnimation": "holdunderarm",
	tpHandTransform: {
		translation: { x: 0.4, y: 0.6, z: -0.5 },
		rotation: { x: 20, y: -25, z: -30 },
		origin: { x: 0.5, y: 0, z: 0.5 },
		scale: 0.52
	},
	fpHandTransform: {
		translation: { x: 0, y: 0.18, z: 1 },
		rotation: { x: 98, y: 42, z: 90 },
		origin: { x: 0.5, y: 0.7, z: 1 },
		scale: 1.11
	},
	groundTransform: {
		translation: { x: 0, y: 0.3, z: 0 },
		rotation: { x: -90, y: 0, z: 0 },
		origin: { x: 0.5, y: 0, z: 0.5 },
		scale: 3
	},
	guiTransform: {
		rotation: { x: -22.6, y: 135, z: 0 },
		scale: 1.0
	}
}