{
	"editor": {
		"allAngles": false,
		"singleTexture": false
	},
	"textureWidth": 16,
	"textureHeight": 16,
	"textures": {
		"ore": "block/stone/ore/nativesilver2"
	},
	"elements": [
		{
			"name": "origin",
			"from": [ 6.3, -0.5, 6.0 ], 
			"to": [ 6.3, -0.5, 6.0 ], 
			"rotationOrigin": [ 8.0, 0.0, 8.0 ],
			"faces": {
				"north": { "texture": "#native", "uv": [ 6.0, 6.0, 6.0, 6.0 ], "enabled": false },
				"east": { "texture": "#native", "uv": [ 8.0, 8.0, 8.0, 8.0 ], "enabled": false },
				"south": { "texture": "#native", "uv": [ 5.0, 8.0, 5.0, 8.0 ], "enabled": false },
				"west": { "texture": "#native", "uv": [ 7.0, 7.0, 7.0, 7.0 ], "enabled": false },
				"up": { "texture": "#native", "uv": [ 0.0, 12.0, 0.0, 12.0 ], "enabled": false },
				"down": { "texture": "#native", "uv": [ 5.0, 6.0, 5.0, 6.0 ], "enabled": false }
			},
			"children": [
				{
					"name": "native1",
					"from": [ 0.5, 1.0, -0.5 ], 
					"to": [ 2.5, 3.0, 2.5 ], 
					"rotationOrigin": [ 0.0, 0.0, 0.5 ],
					"faces": {
						"north": { "texture": "#ore", "uv": [ 7.0, 7.0, 9.0, 9.0 ] },
						"east": { "texture": "#ore", "uv": [ 4.5, 11.0, 7.5, 13.0 ] },
						"south": { "texture": "#ore", "uv": [ 4.0, 6.0, 6.0, 8.0 ] },
						"west": { "texture": "#ore", "uv": [ 8.5, 10.5, 11.5, 12.5 ] },
						"up": { "texture": "#ore", "uv": [ 4.0, 4.0, 6.0, 7.0 ] },
						"down": { "texture": "#ore", "uv": [ 8.0, 9.5, 10.0, 12.5 ] }
					}
				},
				{
					"name": "native2",
					"from": [ -0.5, 1.5, 0.5 ], 
					"to": [ 2.0, 3.5, 2.0 ], 
					"rotationOrigin": [ -1.5, 0.0, 2.0 ],
					"faces": {
						"north": { "texture": "#ore", "uv": [ 5.0, 10.5, 7.5, 12.5 ] },
						"east": { "texture": "#ore", "uv": [ 5.0, 8.0, 6.5, 10.0 ] },
						"south": { "texture": "#ore", "uv": [ 11.5, 9.5, 14.0, 11.5 ] },
						"west": { "texture": "#ore", "uv": [ 7.0, 7.0, 8.5, 9.0 ] },
						"up": { "texture": "#ore", "uv": [ 10.0, 1.5, 12.5, 3.0 ] },
						"down": { "texture": "#ore", "uv": [ 7.0, 7.0, 9.5, 8.5 ] }
					}
				},
				{
					"name": "native3",
					"from": [ 2.5, 1.0, 0.5 ], 
					"to": [ 4.0, 2.5, 2.5 ], 
					"faces": {
						"north": { "texture": "#ore", "uv": [ 7.5, 6.5, 9.0, 8.0 ] },
						"east": { "texture": "#ore", "uv": [ 10.5, 1.5, 12.5, 3.0 ] },
						"south": { "texture": "#ore", "uv": [ 10.0, 1.5, 11.5, 3.0 ] },
						"west": { "texture": "#ore", "uv": [ 4.0, 8.0, 6.0, 9.5 ], "enabled": false },
						"up": { "texture": "#ore", "uv": [ 7.5, 8.0, 9.0, 10.0 ] },
						"down": { "texture": "#ore", "uv": [ 7.0, 8.0, 8.5, 10.0 ] }
					}
				},
				{
					"name": "native4",
					"from": [ 1.0, 2.0, 1.5 ], 
					"to": [ 3.5, 4.0, 3.0 ], 
					"faces": {
						"north": { "texture": "#ore", "uv": [ 7.5, 6.5, 10.0, 8.5 ] },
						"east": { "texture": "#ore", "uv": [ 7.5, 7.0, 9.0, 9.0 ] },
						"south": { "texture": "#ore", "uv": [ 4.0, 3.5, 6.5, 5.5 ] },
						"west": { "texture": "#ore", "uv": [ 3.5, 2.5, 5.0, 4.5 ] },
						"up": { "texture": "#ore", "uv": [ 1.5, 5.5, 4.0, 7.0 ] },
						"down": { "texture": "#ore", "uv": [ 0.5, 12.0, 3.0, 13.5 ] }
					}
				},
				{
					"name": "native5",
					"from": [ 0.0, 0.5, 0.0 ], 
					"to": [ 3.0, 2.0, 3.5 ], 
					"faces": {
						"north": { "texture": "#ore", "uv": [ 3.5, 4.0, 6.5, 5.5 ] },
						"east": { "texture": "#ore", "uv": [ 3.0, 3.5, 6.5, 5.0 ] },
						"south": { "texture": "#ore", "uv": [ 7.5, 6.5, 10.5, 8.0 ] },
						"west": { "texture": "#ore", "uv": [ 10.0, 1.0, 13.5, 2.5 ] },
						"up": { "texture": "#ore", "uv": [ 0.5, 4.5, 3.5, 8.0 ] },
						"down": { "texture": "#ore", "uv": [ 0.5, 5.5, 3.5, 9.0 ] }
					}
				},
				{
					"name": "native7",
					"from": [ 1.0, 1.5, 3.0 ], 
					"to": [ 2.5, 3.0, 4.0 ], 
					"rotationOrigin": [ 1.0, 1.0, 2.0 ],
					"faces": {
						"north": { "texture": "#ore", "uv": [ 4.5, 0.5, 6.0, 2.0 ], "enabled": false },
						"east": { "texture": "#ore", "uv": [ 10.0, 1.5, 11.0, 3.0 ] },
						"south": { "texture": "#ore", "uv": [ 9.5, 7.0, 11.0, 8.5 ] },
						"west": { "texture": "#ore", "uv": [ 7.5, 6.5, 8.5, 8.0 ] },
						"up": { "texture": "#ore", "uv": [ 13.5, 4.0, 15.0, 5.0 ] },
						"down": { "texture": "#ore", "uv": [ 4.5, 4.0, 6.0, 5.0 ] }
					}
				}
			]
		}
	]}