{
  "enabled": false,
  "code": "foxfurboots",
  "class": "ItemWearable",
  "variantgroups": [{ "code": "coat", "states": ["arctic", "forest"] }],
  "behaviors": [{ "name": "GroundStorable", "properties": { "layout": "Quadrants", "collisionBox": { "x1": 0, "y1": 0, "z1": 0, "x2": 1, "y2": 0.25, "z2": 1 } } }],
  "shape": { "base": "entity/humanoid/seraph/clothing/foot/foxfur-boots" },
  "storageFlags": 128,
  "attributes": {
    "groundStorageTransform": {
      "translation": { "x": 0, "y": 0.011, "z": 0 }
    },
    "onDisplayTransform": {
      "translation": { "x": 0, "y": 0.011, "z": 0 },
      "rotation": { "x": 0, "y": -90, "z": 0 },
      "origin": { "x": 0.5, "y": 0, "z": 0.5 },
      "scale": 0.9
    },
    "clothescategory": "foot",
    "displaycaseable": true,
    "shelvable": true,
    "warmth": 1.5,
    "wearableAttachment": true
  },
  "textures": {
    "seraph": { "base": "game:block/transparent" },
    "shoes-fur": { "base": "entity/humanoid/seraphclothes/foot/foxhide-boots-{coat}-leather" }
  },
  "creativeinventory": { "general": ["*"], "items": ["*"], "clothing": ["*"], "hideandfabric": ["*"] },
  "renderAlphaTest": 0.25,
  "fpHandTransform": {
    "translation": { "x": 0.7, "y": 0.1, "z": -0.4 },
    "rotation": { "x": -33, "y": 10, "z": -24 },
    "scale": 2.5
  },
  "tpHandTransform": {
    "translation": { "x": -0.75, "y": -0.8, "z": -0.9 },
    "rotation": { "x": 48, "y": 88, "z": 54 },
    "scale": 0.6
  },
  "guiTransform": {
    "rotate": false,
    "translation": { "x": 2, "y": 0, "z": 18 },
    "rotation": { "x": 152, "y": -118, "z": -3 },
    "origin": { "x": 0.5, "y": 0.29, "z": 0.55 },
    "scale": 2.2
  },
  "groundTransform": {
    "translation": { "x": 0.05, "y": 0.02, "z": 0 },
    "rotation": { "x": 0, "y": 0, "z": 0 },
    "origin": { "x": 0.5, "y": 0, "z": 0.5 },
    "scale": 3.11
  }
}
