{
  "enabled": false,
  "code": "wolffurboots",
  "class": "ItemWearable",
  "variantgroups": [{ "code": "coat", "states": ["wolf1", "wolf2", "wolf3", "wolf4", "wolf5", "wolf6", "wolf7", "wolf8", "wolf9"] }],
  "behaviors": [{ "name": "GroundStorable", "properties": { "layout": "Quadrants", "collisionBox": { "x1": 0, "y1": 0, "z1": 0, "x2": 1, "y2": 0.25, "z2": 1 } } }],
  "shape": { "base": "entity/humanoid/seraph/clothing/foot/wolffur-boots" },
  "storageFlags": 128,
  "attributesByType": {
    "*": {
      "groundStorageTransform": {
        "translation": { "x": 0, "y": 0.011, "z": 0 }
      },
      "onDisplayTransform": {
        "translation": { "x": 0, "y": 0.011, "z": 0 },
        "rotation": { "x": 0, "y": -90, "z": 0 },
        "origin": { "x": 0.5, "y": 0, "z": 0.5 },
        "scale": 0.9
      },
      "clothescategory": "foot",
      "displaycaseable": true,
      "shelvable": true,
      "warmth": 1.5,
      "wearableAttachment": true
    }
  },
  "texturesByType": {
    "*": {
      "seraph": { "base": "game:block/transparent" },
      "shoes-fur": { "base": "entity/humanoid/seraphclothes/foot/wolfhide-boots-{coat}-leather" }
    }
  },

  "creativeinventory": { "general": ["*"], "items": ["*"], "clothing": ["*"], "hideandfabric": ["*"] },
  "renderAlphaTest": 0.25,
  "fpHandTransformByType": {
    "*": {
      "translation": { "x": 0.7, "y": 0.1, "z": -0.4 },
      "rotation": { "x": -33, "y": 10, "z": -24 },
      "scale": 2.5
    }
  },
  "tpHandTransformByType": {
    "*": {
      "translation": { "x": -0.75, "y": -0.8, "z": -0.9 },
      "rotation": { "x": 48, "y": 88, "z": 54 },
      "scale": 0.6
    }
  },
  "guiTransformByType": {
    "*": {
      "rotate": false,
      "translation": { "x": 2, "y": 0, "z": 18 },
      "rotation": { "x": 152, "y": -118, "z": -3 },
      "origin": { "x": 0.5, "y": 0.29, "z": 0.55 },
      "scale": 2.2
    }
  },
  "groundTransformByType": {
    "*": {
      "translation": { "x": 0.05, "y": 0.02, "z": 0 },
      "rotation": { "x": 0, "y": 0, "z": 0 },
      "origin": { "x": 0.5, "y": 0, "z": 0.5 },
      "scale": 3.11
    }
  }
}
