﻿{
    "ingredientPattern": "PFH,FBF,AFG",
    "ingredients": {
        "H": {
            "type": "item",
            "code": "game:hammer-*",
            "isTool": true,
            "toolDurabilityCost": 5
        },
        "F": {
            "type": "item",
            "code": "flywheelsection",
            "quantity": 2
        },
        "P": {
            "type": "item",
            "code": "game:metalplate-lead",
            "quantity": 8
        },
        "B": {
            "type": "item",
            "code": "game:ingot-brass"
        },
        "G": {
            "type": "item",
            "code": "gear",
            "quantity": 2
        },
        "A": {
            "type": "item",
            "code": "wheelarm"
        }
    },
    "width": 3,
    "height": 3,
    "output": {
        "type": "block",
        "code": "flywheel-north",
        "quantity": 1
    }
}
	