[
  {
    "ingredientPattern": "_ST,S_T,_ST",
    "ingredients": {
      "S": { "type": "item", "code": "game:stick" },
      "T": { "type": "item", "code": "twine-*" }
    },
    "width": 3,
    "height": 3,
    "output": { "type": "item", "code": "game:bow-simple" }
  },
  {
    "ingredientPattern": "_FT,BLT,_FT",
    "recipeGroup": 1,
    "ingredients": {
      "B": { "type": "item", "code": "game:bowstave-long-dry" },
      "T": { "type": "item", "code": "twine-*" },
      "L": { "type": "item", "code": "game:*", "allowedVariants": ["leather-plain", "hide-pelt-small", "hide-pelt-medium"] },
      "F": { "type": "item", "code": "game:fat" }
    },
    "width": 3,
    "height": 3,
    "output": { "type": "item", "code": "game:bow-long" }
  },
  {
    "ingredientPattern": "_FT,BLT,_FT",
    "recipeGroup": 1,
    "ingredients": {
      "B": { "type": "item", "code": "game:bowstave-long-dry" },
      "T": { "type": "item", "code": "twine-*" },
      "L": { "type": "item", "code": "game:*", "allowedVariants": ["leather-plain", "hide-pelt-small", "hide-pelt-medium"] },
      "F": { "type": "item", "code": "game:resin" }
    },
    "width": 3,
    "height": 3,
    "output": { "type": "item", "code": "game:bow-long" }
  },
  {
    "ingredientPattern": "_FT,BLT,_FT",
    "recipeGroup": 1,
    "ingredients": {
      "B": { "type": "item", "code": "game:bowstave-long-dry" },
      "T": { "type": "item", "code": "twine-*" },
      "L": { "type": "item", "code": "game:*", "allowedVariants": ["leather-plain", "hide-pelt-small", "hide-pelt-medium"] },
      "F": { "type": "item", "code": "game:beeswax" }
    },
    "width": 3,
    "height": 3,
    "output": { "type": "item", "code": "game:bow-long" }
  },

  {
    "ingredientPattern": "MFT,BLT,MFT",
    "requiresTrait": "bowyer",
    "ingredients": {
      "B": { "type": "item", "code": "game:bowstave-recurve-dry" },
      "T": { "type": "item", "code": "twine-*" },
      "L": { "type": "item", "code": "game:leather-plain" },
      "F": { "type": "item", "code": "game:bone" },
      "M": { "type": "item", "code": "game:bushmeat-raw" }
    },
    "width": 3,
    "height": 3,
    "output": { "type": "item", "code": "game:bow-recurve" }
  }
]
