[
    {
        "ingredientPattern": "T,C,C",
        "ingredients": {
          "C": { "type": "item", "code": "cloth-jute-plain", "quantity": 3 },
          "T": { "type": "item", "code": "game:flaxtwine" }
        },
        "width": 1,
        "height": 3,
        "output": { "type": "block", "code": "burlapsack-east", "attributes": { "type": "single" } }
    },
    {
        "ingredientPattern": "T,C,C",
        "ingredients": {
          "C": { "type": "item", "code": "cloth-jute-plain", "quantity": 3 },
          "T": { "type": "item", "code": "twine-*" }
        },
        "width": 1,
        "height": 3,
        "output": { "type": "block", "code": "burlapsack-east", "attributes": { "type": "single" } }
    
      }
]