[
  {
    "ingredientPattern": "__S,_SL,SL_",
    "ingredients": {
      "S": { "type": "item", "code": "game:stick", "quantity": 2 },
      "L": { "type": "block", "code": "fabric-cotton-*", "quantity": 2 }
    },
    "width": 3,
    "height": 3,
    "output": { "type": "item", "code": "game:sail", "quantity": 4 }
  },
  {
    "ingredientPattern": "__S,_SL,SL_",
    "ingredients": {
      "S": { "type": "item", "code": "game:stick", "quantity": 2 },
      "L": { "type": "block", "code": "fabric-wool-*", "quantity": 2 }
    },
    "width": 3,
    "height": 3,
    "output": { "type": "item", "code": "game:sail", "quantity": 4 }
  },
  {
    "ingredientPattern": "__S,_SL,SL_",
    "ingredients": {
      "S": { "type": "item", "code": "game:stick", "quantity": 2 },
      "L": { "type": "block", "code": "fabric-jute-*", "quantity": 2 }
    },
    "width": 3,
    "height": 3,
    "output": { "type": "item", "code": "game:sail", "quantity": 4 }
  }
]
