﻿[
	{
		"ingredientPattern": "EEE	WWW",
		"ingredients": {
			"E": {
				"type": "item",
				"code": "game:plank-*",
				"quantity": 2
			},
			"W": {
				"type": "item",
				"code": "game:plank-*"
			}
		},
		"width": 3,
		"height": 2,
		"output": {
			"type": "block",
			"code": "workbenchextended-left-north"
		},
	},

	{
		"ingredientPattern": "ABC",
		"width": 3,
		"height": 1,
		"ingredients": {
			"A": {
				"type": "item",
				"code": "game:knife-*",
				"isTool": true
			},
			"B": {
				"type": "item",
				"code": "game:rope",
				"quantity": 1
			},
			"C": {
				"type": "item",
				"code": "game:stick",
				"quantity": 3
			}
		},
		"output": {
			"type": "block",
			"code": "scaffold-up-north",
			"stackSize": 3
		},
	}
]