﻿[
 {
   file: "expandedfoods:recipes/kneading/acorns/acornberrydough.json",
    "side": "server",
    op: "addeach", 
    path: "/0/ingredients/1/inputs/-", 
    value: [{ type: "item", code: "wildcraft:fruit-*",  quantity: 1 }, { type: "item", code: "expandedfoods:wilddryfruit-*",  quantity: 1 }, { type: "item", code: "expandedfoods:wilddehydratedfruit-*",  quantity: 1 }, { type: "item", code: "expandedfoods:wildcandiedfruit-*",  quantity: 1 }, { type: "item", code: "expandedfoods:gelatin-*", allowedVariants: ["blueberry", "cranberry", "blackcurrant", "redcurrant", "whitecurrant", "saguaro", "plain", "birch", "maple", "honey", "pineapple", "apple", "cherry", "peach", "pear", "orange", "mango", "breadfruit", "lychee", "pomegranate", "huckleberry", "snowberry", "strawberry", "raspberry", "honeysuckle", "gooseberry", "brambleberry", "cloudberry", "dogrose", "elderberry"], quantity: 1 },],
    dependsOn: [{ "modid": "acorns" }, { "modid": "wildcraft" }]
 },
 {
   file: "expandedfoods:recipes/kneading/acorns/acornberrydough.json",
    "side": "server",
    op: "addeach", 
    path: "/0/ingredients/2/inputs/-", 
    value: [{ type: "item", code: "wildcraft:fruit-*",  quantity: 1 }, { type: "item", code: "expandedfoods:wilddryfruit-*",  quantity: 1 }, { type: "item", code: "expandedfoods:wilddehydratedfruit-*",  quantity: 1 }, { type: "item", code: "expandedfoods:wildcandiedfruit-*",  quantity: 1 },],
    dependsOn: [{ "modid": "acorns" }, { "modid": "wildcraft" }]
 },
 {
   file: "expandedfoods:recipes/kneading/acorns/acornberrydough.json",
    "side": "server",
    op: "addeach", 
    path: "/0/ingredients/3/inputs/-", 
    value: [{ type: "item", code: "wildcraft:fruit-*",  quantity: 1 }, { type: "item", code: "expandedfoods:wilddryfruit-*",  quantity: 1 }, { type: "item", code: "expandedfoods:wilddehydratedfruit-*",  quantity: 1 }, { type: "item", code: "expandedfoods:wildcandiedfruit-*",  quantity: 1 },],
    dependsOn: [{ "modid": "acorns" }, { "modid": "wildcraft" }]
 },
 {
   file: "expandedfoods:recipes/kneading/acorns/acornberrydough.json",
    "side": "server",
    op: "addeach", 
    path: "/0/ingredients/4/inputs/-", 
    value: [{ type: "item", code: "wildcraft:fruit-*",  quantity: 1 }, { type: "item", code: "expandedfoods:wilddryfruit-*",  quantity: 1 }, { type: "item", code: "expandedfoods:wilddehydratedfruit-*",  quantity: 1 }, { type: "item", code: "expandedfoods:wildcandiedfruit-*",  quantity: 1 },],
    dependsOn: [{ "modid": "acorns" }, { "modid": "wildcraft" }]
 },
 {
   file: "expandedfoods:recipes/kneading/acorns/acornberrydough.json",
    "side": "server",
    op: "addeach", 
    path: "/0/ingredients/5/inputs/-", 
    value: [{ type: "item", code: "wildcraft:fruit-*",  quantity: 1 }, { type: "item", code: "expandedfoods:wilddryfruit-*",  quantity: 1 }, { type: "item", code: "expandedfoods:wilddehydratedfruit-*",  quantity: 1 }, { type: "item", code: "expandedfoods:wildcandiedfruit-*",  quantity: 1 },],
    dependsOn: [{ "modid": "acorns" }, { "modid": "wildcraft" }]
 },
 {
   file: "expandedfoods:recipes/kneading/acorns/acornberrydough.json",
    "side": "server",
    op: "addeach", 
    path: "/1/ingredients/1/inputs/-", 
    value: [{ type: "item", code: "wildcraft:fruit-*",  quantity: 1 }, { type: "item", code: "expandedfoods:wilddryfruit-*",  quantity: 1 }, { type: "item", code: "expandedfoods:wilddehydratedfruit-*",  quantity: 1 }, { type: "item", code: "expandedfoods:wildcandiedfruit-*",  quantity: 1 }, { type: "item", code: "expandedfoods:gelatin-*", allowedVariants: ["blueberry", "cranberry", "blackcurrant", "redcurrant", "whitecurrant", "saguaro", "plain", "birch", "maple", "honey", "pineapple", "apple", "cherry", "peach", "pear", "orange", "mango", "breadfruit", "lychee", "pomegranate", "huckleberry", "snowberry", "strawberry", "raspberry", "honeysuckle", "gooseberry", "brambleberry", "cloudberry", "dogrose", "elderberry"], quantity: 1 },],
    dependsOn: [{ "modid": "acorns" }, { "modid": "wildcraft" }]
 },
 {
   file: "expandedfoods:recipes/kneading/acorns/acornberrydough.json",
    "side": "server",
    op: "addeach", 
    path: "/1/ingredients/2/inputs/-", 
    value: [{ type: "item", code: "wildcraft:fruit-*",  quantity: 1 }, { type: "item", code: "expandedfoods:wilddryfruit-*",  quantity: 1 }, { type: "item", code: "expandedfoods:wilddehydratedfruit-*",  quantity: 1 }, { type: "item", code: "expandedfoods:wildcandiedfruit-*",  quantity: 1 },],
    dependsOn: [{ "modid": "acorns" }, { "modid": "wildcraft" }]
 },
 {
   file: "expandedfoods:recipes/kneading/acorns/acornberrydough.json",
    "side": "server",
    op: "addeach", 
    path: "/1/ingredients/3/inputs/-", 
    value: [{ type: "item", code: "wildcraft:fruit-*",  quantity: 1 }, { type: "item", code: "expandedfoods:wilddryfruit-*",  quantity: 1 }, { type: "item", code: "expandedfoods:wilddehydratedfruit-*",  quantity: 1 }, { type: "item", code: "expandedfoods:wildcandiedfruit-*",  quantity: 1 },],
    dependsOn: [{ "modid": "acorns" }, { "modid": "wildcraft" }]
 },
 {
   file: "expandedfoods:recipes/kneading/acorns/acornberrydough.json",
    "side": "server",
    op: "addeach", 
    path: "/1/ingredients/4/inputs/-", 
    value: [{ type: "item", code: "wildcraft:fruit-*",  quantity: 1 }, { type: "item", code: "expandedfoods:wilddryfruit-*",  quantity: 1 }, { type: "item", code: "expandedfoods:wilddehydratedfruit-*",  quantity: 1 }, { type: "item", code: "expandedfoods:wildcandiedfruit-*",  quantity: 1 },],
    dependsOn: [{ "modid": "acorns" }, { "modid": "wildcraft" }]
 },
 {
   file: "expandedfoods:recipes/kneading/acorns/acornberrydough.json",
    "side": "server",
    op: "addeach", 
    path: "/2/ingredients/1/inputs/-", 
    value: [{ type: "item", code: "wildcraft:fruit-*",  quantity: 1 }, { type: "item", code: "expandedfoods:wilddryfruit-*",  quantity: 1 }, { type: "item", code: "expandedfoods:wilddehydratedfruit-*",  quantity: 1 }, { type: "item", code: "expandedfoods:wildcandiedfruit-*",  quantity: 1 }, { type: "item", code: "expandedfoods:gelatin-*", allowedVariants: ["blueberry", "cranberry", "blackcurrant", "redcurrant", "whitecurrant", "saguaro", "plain", "birch", "maple", "honey", "pineapple", "apple", "cherry", "peach", "pear", "orange", "mango", "breadfruit", "lychee", "pomegranate", "huckleberry", "snowberry", "strawberry", "raspberry", "honeysuckle", "gooseberry", "brambleberry", "cloudberry", "dogrose", "elderberry"], quantity: 1 },],
    dependsOn: [{ "modid": "acorns" }, { "modid": "wildcraft" }]
 },
 {
   file: "expandedfoods:recipes/kneading/acorns/acornberrydough.json",
    "side": "server",
    op: "addeach", 
    path: "/2/ingredients/2/inputs/-", 
    value: [{ type: "item", code: "wildcraft:fruit-*",  quantity: 1 }, { type: "item", code: "expandedfoods:wilddryfruit-*",  quantity: 1 }, { type: "item", code: "expandedfoods:wilddehydratedfruit-*",  quantity: 1 }, { type: "item", code: "expandedfoods:wildcandiedfruit-*",  quantity: 1 },],
    dependsOn: [{ "modid": "acorns" }, { "modid": "wildcraft" }]
 },
 {
   file: "expandedfoods:recipes/kneading/acorns/acornberrydough.json",
    "side": "server",
    op: "addeach", 
    path: "/2/ingredients/3/inputs/-", 
    value: [{ type: "item", code: "wildcraft:fruit-*",  quantity: 1 }, { type: "item", code: "expandedfoods:wilddryfruit-*",  quantity: 1 }, { type: "item", code: "expandedfoods:wilddehydratedfruit-*",  quantity: 1 }, { type: "item", code: "expandedfoods:wildcandiedfruit-*",  quantity: 1 },],
    dependsOn: [{ "modid": "acorns" }, { "modid": "wildcraft" }]
 },
 {
   file: "expandedfoods:recipes/kneading/acorns/acornberrydough.json",
    "side": "server",
    op: "addeach", 
    path: "/3/ingredients/1/inputs/-", 
    value: [{ type: "item", code: "wildcraft:fruit-*",  quantity: 1 }, { type: "item", code: "expandedfoods:wilddryfruit-*",  quantity: 1 }, { type: "item", code: "expandedfoods:wilddehydratedfruit-*",  quantity: 1 }, { type: "item", code: "expandedfoods:wildcandiedfruit-*",  quantity: 1 }, { type: "item", code: "expandedfoods:gelatin-*", allowedVariants: ["blueberry", "cranberry", "blackcurrant", "redcurrant", "whitecurrant", "saguaro", "plain", "birch", "maple", "honey", "pineapple", "apple", "cherry", "peach", "pear", "orange", "mango", "breadfruit", "lychee", "pomegranate", "huckleberry", "snowberry", "strawberry", "raspberry", "honeysuckle", "gooseberry", "brambleberry", "cloudberry", "dogrose", "elderberry"], quantity: 1 },],
    dependsOn: [{ "modid": "acorns" }, { "modid": "wildcraft" }]
 },
 {
   file: "expandedfoods:recipes/kneading/acorns/acornberrydough.json",
    "side": "server",
    op: "addeach", 
    path: "/3/ingredients/2/inputs/-", 
    value: [{ type: "item", code: "wildcraft:fruit-*",  quantity: 1 }, { type: "item", code: "expandedfoods:wilddryfruit-*",  quantity: 1 }, { type: "item", code: "expandedfoods:wilddehydratedfruit-*",  quantity: 1 }, { type: "item", code: "expandedfoods:wildcandiedfruit-*",  quantity: 1 },],
    dependsOn: [{ "modid": "acorns" }, { "modid": "wildcraft" }]
 },
 {
   file: "expandedfoods:recipes/kneading/acorns/acornberrydough.json",
    "side": "server",
    op: "addeach", 
    path: "/4/ingredients/1/inputs/-", 
    value: [{ type: "item", code: "wildcraft:fruit-*",  quantity: 1 }, { type: "item", code: "expandedfoods:wilddryfruit-*",  quantity: 1 }, { type: "item", code: "expandedfoods:wilddehydratedfruit-*",  quantity: 1 }, { type: "item", code: "expandedfoods:wildcandiedfruit-*",  quantity: 1 }, { type: "item", code: "expandedfoods:gelatin-*", allowedVariants: ["blueberry", "cranberry", "blackcurrant", "redcurrant", "whitecurrant", "saguaro", "plain", "birch", "maple", "honey", "pineapple", "apple", "cherry", "peach", "pear", "orange", "mango", "breadfruit", "lychee", "pomegranate", "huckleberry", "snowberry", "strawberry", "raspberry", "honeysuckle", "gooseberry", "brambleberry", "cloudberry", "dogrose", "elderberry"], quantity: 1 },],
    dependsOn: [{ "modid": "acorns" }, { "modid": "wildcraft" }]
 },
]