{
	"editor": {
		"allAngles": false,
		"entityTextureMode": false
	},
	"textureWidth": 16,
	"textureHeight": 16,
	"textureSizes": {
	},
	"textures": {
		"granite1": "block/stone/rock/granite1"
	},
	"elements": [
		{
			"name": "Sloped",
			"from": [ 0.0, 0.0, 0.0 ], 
			"to": [ 0.0, 0.0, 0.0 ], 
			"faces": {
				"north": { "texture": "#granite1", "uv": [ 0.0, 0.0, 0.5, 0.5 ] },
				"east": { "texture": "#granite1", "uv": [ 0.0, 0.0, 0.5, 0.5 ] },
				"south": { "texture": "#granite1", "uv": [ 0.0, 0.0, 0.5, 0.5 ] },
				"west": { "texture": "#granite1", "uv": [ 0.0, 0.0, 0.5, 0.5 ] },
				"up": { "texture": "#granite1", "uv": [ 0.0, 0.0, 0.5, 0.5 ] },
				"down": { "texture": "#granite1", "uv": [ 0.0, 0.0, 0.5, 0.5 ] }
			},
			"children": [
				{
					"name": "Slope",
					"from": [ -3.3, 6.0, 5.0 ], 
					"to": [ 19.3, 8.0, 11.0 ], 
					"rotationOrigin": [ 8.0, 8.0, 13.0 ],
					"rotationZ": -45.0,
					"faces": {
						"north": { "texture": "#granite1", "uv": [ 0.0, 0.0, 16.0, 2.0 ], "autoUv": false },
						"east": { "texture": "#granite1", "uv": [ 0.0, 0.0, 6.0, 2.0 ] },
						"south": { "texture": "#granite1", "uv": [ 0.0, 1.0, 16.0, 3.0 ], "autoUv": false },
						"west": { "texture": "#granite1", "uv": [ 0.0, 0.0, 6.0, 2.0 ] },
						"up": { "texture": "#granite1", "uv": [ 0.0, 0.0, 16.0, 6.0 ], "autoUv": false },
						"down": { "texture": "#granite1", "uv": [ 0.0, 0.0, 16.0, 16.0 ], "autoUv": false }
					}
				},
				{
					"name": "pilar1",
					"from": [ 2.0, 0.0, 6.0 ], 
					"to": [ 6.0, 9.4, 10.0 ], 
					"rotationOrigin": [ 2.0, 0.0, 6.0 ],
					"faces": {
						"north": { "texture": "#granite1", "uv": [ 0.0, 0.0, 4.0, 9.0 ] },
						"east": { "texture": "#granite1", "uv": [ 0.0, 0.0, 4.0, 9.0 ] },
						"south": { "texture": "#granite1", "uv": [ 0.0, 0.0, 4.0, 9.0 ] },
						"west": { "texture": "#granite1", "uv": [ 0.0, 0.0, 4.0, 9.0 ] },
						"up": { "texture": "#granite1", "uv": [ 0.0, 0.0, 4.0, 4.0 ] },
						"down": { "texture": "#granite1", "uv": [ 0.0, 0.0, 4.0, 4.0 ] }
					}
				},
				{
					"name": "pilar2",
					"from": [ 10.0, 0.0, 6.0 ], 
					"to": [ 14.0, 1.3, 10.0 ], 
					"rotationOrigin": [ 10.0, 0.0, 6.0 ],
					"faces": {
						"north": { "texture": "#granite1", "uv": [ 0.0, 0.0, 4.0, 1.0 ] },
						"east": { "texture": "#granite1", "uv": [ 0.0, 0.0, 4.0, 1.0 ] },
						"south": { "texture": "#granite1", "uv": [ 0.0, 0.0, 4.0, 1.0 ] },
						"west": { "texture": "#granite1", "uv": [ 0.0, 0.0, 4.0, 1.0 ] },
						"up": { "texture": "#granite1", "uv": [ 0.0, 0.0, 4.0, 4.0 ] },
						"down": { "texture": "#granite1", "uv": [ 0.0, 0.0, 4.0, 4.0 ] }
					}
				},
				{
					"name": "pilar5",
					"from": [ 2.0, 9.4, 6.0 ], 
					"to": [ 4.0, 11.7, 10.0 ], 
					"rotationOrigin": [ 2.0, 9.0, 6.0 ],
					"faces": {
						"north": { "texture": "#granite1", "uv": [ 0.0, 0.0, 2.0, 2.0 ] },
						"east": { "texture": "#granite1", "uv": [ 0.0, 0.0, 4.0, 2.0 ] },
						"south": { "texture": "#granite1", "uv": [ 0.0, 0.0, 2.0, 2.0 ] },
						"west": { "texture": "#granite1", "uv": [ 0.0, 0.0, 4.0, 2.0 ] },
						"up": { "texture": "#granite1", "uv": [ 0.0, 0.0, 2.0, 4.0 ] },
						"down": { "texture": "#granite1", "uv": [ 0.0, 0.0, 2.0, 4.0 ] }
					}
				},
				{
					"name": "pilar6",
					"from": [ 10.0, 1.3, 6.0 ], 
					"to": [ 12.0, 3.6, 10.0 ], 
					"rotationOrigin": [ 10.0, 1.0, 6.0 ],
					"faces": {
						"north": { "texture": "#granite1", "uv": [ 0.0, 0.0, 2.0, 2.0 ] },
						"east": { "texture": "#granite1", "uv": [ 0.0, 0.0, 4.0, 2.0 ] },
						"south": { "texture": "#granite1", "uv": [ 0.0, 0.0, 2.0, 2.0 ] },
						"west": { "texture": "#granite1", "uv": [ 0.0, 0.0, 4.0, 2.0 ] },
						"up": { "texture": "#granite1", "uv": [ 0.0, 0.0, 2.0, 4.0 ] },
						"down": { "texture": "#granite1", "uv": [ 0.0, 0.0, 2.0, 4.0 ] }
					}
				}
			]
		}
	]}