{
	"editor": {
		"allAngles": false,
		"entityTextureMode": false
	},
	"textureWidth": 16,
	"textureHeight": 16,
	"textureSizes": {
	},
	"textures": {
		"pilars": "C:/VintageStory/1.17/assets/survival/textures/block/stone/rock/granite2",
		"basis": "C:/VintageStory/1.17/assets/survival/textures/block/stone/cobblestone/granite2",
		"snowcover": "block/snow/normal1"
	},
	"elements": [
		{
			"name": "Sloped",
			"from": [ 0.0, 0.0, 0.0 ], 
			"to": [ 0.0, 0.0, 0.0 ], 
			"faces": {
				"north": { "texture": "#null", "uv": [ 0.0, 0.0, 0.5, 0.5 ] },
				"east": { "texture": "#null", "uv": [ 0.0, 0.0, 0.5, 0.5 ] },
				"south": { "texture": "#null", "uv": [ 0.0, 0.0, 0.5, 0.5 ] },
				"west": { "texture": "#null", "uv": [ 0.0, 0.0, 0.5, 0.5 ] },
				"up": { "texture": "#null", "uv": [ 0.0, 0.0, 0.5, 0.5 ] },
				"down": { "texture": "#null", "uv": [ 0.0, 0.0, 0.5, 0.5 ] }
			},
			"children": [
				{
					"name": "Cube1",
					"from": [ 0.0, 0.0, 0.0 ], 
					"to": [ 14.0, 2.0, 16.0 ], 
					"faces": {
						"north": { "texture": "#basis", "uv": [ 2.0, 14.0, 16.0, 16.0 ], "autoUv": false },
						"east": { "texture": "#basis", "uv": [ 0.0, 0.0, 16.0, 2.0 ] },
						"south": { "texture": "#basis", "uv": [ 0.0, 14.0, 14.0, 16.0 ] },
						"west": { "texture": "#basis", "uv": [ 0.0, 14.0, 16.0, 16.0 ] },
						"up": { "texture": "#basis", "uv": [ 0.0, 0.0, 14.0, 16.0 ] },
						"down": { "texture": "#basis", "uv": [ 0.0, 0.0, 14.0, 16.0 ] }
					}
				},
				{
					"name": "Cube2",
					"from": [ 0.0, 2.0, 0.0 ], 
					"to": [ 12.0, 4.0, 16.0 ], 
					"rotationOrigin": [ 0.0, 2.0, 0.0 ],
					"faces": {
						"north": { "texture": "#basis", "uv": [ 4.0, 12.0, 16.0, 14.0 ] },
						"east": { "texture": "#basis", "uv": [ 0.0, 2.0, 16.0, 4.0 ] },
						"south": { "texture": "#basis", "uv": [ 0.0, 12.0, 12.0, 14.0 ] },
						"west": { "texture": "#basis", "uv": [ 0.0, 10.0, 16.0, 12.0 ] },
						"up": { "texture": "#basis", "uv": [ 0.0, 0.0, 12.0, 16.0 ] },
						"down": { "texture": "#basis", "uv": [ 0.0, 0.0, 12.0, 16.0 ] }
					}
				},
				{
					"name": "Cube3",
					"from": [ 0.0, 4.0, 0.0 ], 
					"to": [ 10.0, 6.0, 16.0 ], 
					"rotationOrigin": [ 0.0, 4.0, 0.0 ],
					"faces": {
						"north": { "texture": "#basis", "uv": [ 6.0, 10.0, 16.0, 12.0 ] },
						"east": { "texture": "#basis", "uv": [ 0.0, 4.0, 16.0, 6.0 ] },
						"south": { "texture": "#basis", "uv": [ 0.0, 10.0, 10.0, 12.0 ] },
						"west": { "texture": "#basis", "uv": [ 0.0, 8.0, 16.0, 10.0 ] },
						"up": { "texture": "#basis", "uv": [ 0.0, 0.0, 10.0, 16.0 ] },
						"down": { "texture": "#basis", "uv": [ 0.0, 0.0, 10.0, 16.0 ] }
					}
				},
				{
					"name": "Cube4",
					"from": [ 0.0, 6.0, 0.0 ], 
					"to": [ 8.0, 8.0, 16.0 ], 
					"rotationOrigin": [ 0.0, 6.0, 0.0 ],
					"faces": {
						"north": { "texture": "#basis", "uv": [ 8.0, 8.0, 16.0, 10.0 ] },
						"east": { "texture": "#basis", "uv": [ 0.0, 6.0, 16.0, 8.0 ] },
						"south": { "texture": "#basis", "uv": [ 0.0, 8.0, 8.0, 10.0 ] },
						"west": { "texture": "#basis", "uv": [ 0.0, 6.0, 16.0, 8.0 ] },
						"up": { "texture": "#basis", "uv": [ 0.0, 0.0, 8.0, 16.0 ] },
						"down": { "texture": "#basis", "uv": [ 0.0, 0.0, 8.0, 16.0 ] }
					}
				},
				{
					"name": "Cube5",
					"from": [ 0.0, 8.0, 0.0 ], 
					"to": [ 6.0, 10.0, 16.0 ], 
					"rotationOrigin": [ 0.0, 8.0, 0.0 ],
					"faces": {
						"north": { "texture": "#basis", "uv": [ 10.0, 6.0, 16.0, 8.0 ] },
						"east": { "texture": "#basis", "uv": [ 0.0, 8.0, 16.0, 10.0 ] },
						"south": { "texture": "#basis", "uv": [ 0.0, 6.0, 6.0, 8.0 ] },
						"west": { "texture": "#basis", "uv": [ 0.0, 4.0, 16.0, 6.0 ] },
						"up": { "texture": "#basis", "uv": [ 0.0, 0.0, 6.0, 16.0 ] },
						"down": { "texture": "#basis", "uv": [ 0.0, 0.0, 6.0, 16.0 ] }
					}
				},
				{
					"name": "Cube6",
					"from": [ 0.0, 10.0, 0.0 ], 
					"to": [ 4.0, 12.0, 16.0 ], 
					"rotationOrigin": [ 0.0, 10.0, 0.0 ],
					"faces": {
						"north": { "texture": "#basis", "uv": [ 12.0, 4.0, 16.0, 6.0 ] },
						"east": { "texture": "#basis", "uv": [ 0.0, 10.0, 16.0, 12.0 ] },
						"south": { "texture": "#basis", "uv": [ 0.0, 4.0, 4.0, 6.0 ] },
						"west": { "texture": "#basis", "uv": [ 0.0, 2.0, 16.0, 4.0 ] },
						"up": { "texture": "#basis", "uv": [ 0.0, 0.0, 4.0, 16.0 ] },
						"down": { "texture": "#basis", "uv": [ 0.0, 0.0, 4.0, 16.0 ] }
					}
				},
				{
					"name": "Cube7",
					"from": [ 0.0, 12.0, 0.0 ], 
					"to": [ 2.0, 14.0, 16.0 ], 
					"rotationOrigin": [ 0.0, 12.0, 0.0 ],
					"faces": {
						"north": { "texture": "#basis", "uv": [ 14.0, 2.0, 16.0, 4.0 ] },
						"east": { "texture": "#basis", "uv": [ 0.0, 12.0, 16.0, 14.0 ] },
						"south": { "texture": "#basis", "uv": [ 0.0, 2.0, 2.0, 4.0 ] },
						"west": { "texture": "#basis", "uv": [ 0.0, 0.0, 16.0, 2.0 ] },
						"up": { "texture": "#basis", "uv": [ 0.0, 0.0, 2.0, 16.0 ] },
						"down": { "texture": "#basis", "uv": [ 0.0, 0.0, 2.0, 16.0 ] }
					}
				},
				{
					"name": "Slope",
					"from": [ -3.3, 6.0, -0.1 ], 
					"to": [ 19.3, 8.0, 16.1 ], 
					"rotationOrigin": [ 8.0, 8.0, 8.0 ],
					"rotationZ": -45.0,
					"faces": {
						"north": { "texture": "#pilars", "uv": [ 0.0, 0.0, 16.0, 2.0 ], "autoUv": false },
						"east": { "texture": "#pilars", "uv": [ 0.0, 0.0, 16.0, 2.0 ] },
						"south": { "texture": "#pilars", "uv": [ 0.0, 1.0, 16.0, 3.0 ], "autoUv": false },
						"west": { "texture": "#pilars", "uv": [ 0.0, 0.0, 16.0, 2.0 ] },
						"up": { "texture": "#pilars", "uv": [ 0.0, 0.0, 16.0, 16.0 ], "autoUv": false },
						"down": { "texture": "#pilars", "uv": [ 0.0, 0.0, 16.0, 16.0 ], "autoUv": false }
					}
				},
				{
					"name": "pilar1",
					"from": [ 2.0, 1.0, 6.0 ], 
					"to": [ 6.0, 16.0, 10.0 ], 
					"rotationOrigin": [ 2.0, 1.0, 6.0 ],
					"faces": {
						"north": { "texture": "#pilars", "uv": [ 0.0, 0.0, 4.0, 15.0 ] },
						"east": { "texture": "#pilars", "uv": [ 0.0, 0.0, 4.0, 15.0 ] },
						"south": { "texture": "#pilars", "uv": [ 0.0, 0.0, 4.0, 15.0 ] },
						"west": { "texture": "#pilars", "uv": [ 0.0, 0.0, 4.0, 15.0 ] },
						"up": { "texture": "#pilars", "uv": [ 0.0, 0.0, 4.0, 4.0 ] },
						"down": { "texture": "#pilars", "uv": [ 0.0, 0.0, 4.0, 4.0 ] }
					}
				},
				{
					"name": "pilar2",
					"from": [ 10.0, 1.0, 6.0 ], 
					"to": [ 14.0, 16.0, 10.0 ], 
					"rotationOrigin": [ 10.0, 1.0, 6.0 ],
					"faces": {
						"north": { "texture": "#pilars", "uv": [ 0.0, 0.0, 4.0, 15.0 ] },
						"east": { "texture": "#pilars", "uv": [ 0.0, 0.0, 4.0, 15.0 ] },
						"south": { "texture": "#pilars", "uv": [ 0.0, 0.0, 4.0, 15.0 ] },
						"west": { "texture": "#pilars", "uv": [ 0.0, 0.0, 4.0, 15.0 ] },
						"up": { "texture": "#pilars", "uv": [ 0.0, 0.0, 4.0, 4.0 ] },
						"down": { "texture": "#pilars", "uv": [ 0.0, 0.0, 4.0, 4.0 ] }
					}
				},
				{
					"name": "Snow",
					"from": [ -2.73, 7.7, -0.02 ], 
					"to": [ 19.87, 9.1, 4.02 ], 
					"rotationOrigin": [ 9.3, 10.0, 8.0 ],
					"rotationZ": -45.0,
					"faces": {
						"north": { "texture": "#snowcover", "uv": [ 0.0, 0.0, 16.0, 2.0 ], "autoUv": false },
						"east": { "texture": "#snowcover", "uv": [ 0.0, 0.0, 4.0, 1.0 ] },
						"south": { "texture": "#snowcover", "uv": [ 0.0, 1.0, 16.0, 3.0 ], "autoUv": false },
						"west": { "texture": "#snowcover", "uv": [ 0.0, 0.0, 4.0, 1.0 ] },
						"up": { "texture": "#snowcover", "uv": [ 0.0, 0.0, 16.0, 6.0 ], "autoUv": false },
						"down": { "texture": "#snowcover", "uv": [ 0.0, 0.0, 16.0, 16.0 ], "autoUv": false }
					}
				},
				{
					"name": "Snow2",
					"from": [ -2.73, 7.7, 11.98 ], 
					"to": [ 19.87, 9.1, 16.02 ], 
					"rotationOrigin": [ 9.3, 10.0, 20.0 ],
					"rotationZ": -45.0,
					"faces": {
						"north": { "texture": "#snowcover", "uv": [ 0.0, 0.0, 16.0, 2.0 ], "autoUv": false },
						"east": { "texture": "#snowcover", "uv": [ 0.0, 0.0, 4.0, 1.0 ] },
						"south": { "texture": "#snowcover", "uv": [ 0.0, 1.0, 16.0, 3.0 ], "autoUv": false },
						"west": { "texture": "#snowcover", "uv": [ 0.0, 0.0, 4.0, 1.0 ] },
						"up": { "texture": "#snowcover", "uv": [ 0.0, 0.0, 16.0, 6.0 ], "autoUv": false },
						"down": { "texture": "#snowcover", "uv": [ 0.0, 0.0, 16.0, 16.0 ], "autoUv": false }
					}
				}
			]
		}
	]}