[
  {
    "ingredientPattern": "TLT,L_L",
    "ingredients": {
      "L": { "type": "block", "code": "fabric-*-normal-down", "name": "fabric", "allowedVariants": [ "cotton", "wool" ] },
      "T": { "type": "item", "code": "twine-*", "name": "fabric", "allowedVariants": [ "cotton", "wool" ] }
    },
    "width": 3,
    "height": 2,
    "name": "Gambeson helmet",
    "output": { "type": "item", "code": "{fabric}armor-head-sewn" }
  },
  {
    "ingredientPattern": "L_L,MMM,LLL",
    "ingredients": {
      "L": { "type": "block", "code": "fabric-*-normal-down", "name": "fabric", "allowedVariants": [ "cotton", "wool" ] },
      "M": { "type": "block", "code": "fabric-*-normal-down", "name": "fabric", "quantity": 2, "allowedVariants": [ "cotton", "wool" ] }
    },
    "width": 3,
    "height": 3,
    "name": "Gambeson body armor",
    "output": { "type": "item", "code": "{fabric}armor-body-sewn" }
  },
  {
    "ingredientPattern": "LLL,L_L,T_T",
    "ingredients": {
      "L": { "type": "block", "code": "fabric-*-normal-down", "name": "fabric", "allowedVariants": [ "cotton", "wool" ] },
      "T": { "type": "item", "code": "twine-*", "name": "fabric", "allowedVariants": [ "cotton", "wool" ] }
    },
    "width": 3,
    "height": 3,
    "name": "Gambeson leg armor",
    "output": { "type": "item", "code": "{fabric}armor-legs-sewn" }
  }
]
