[
    
    {
        "ingredientPattern": "_H_,THT",
        "ingredients": {
            "H": { "type": "item", "code": "hide-medium-wolf-normal" },
            "T": { "type": "item", "code": "twine-*", "allowedVariants": [ "cotton", "wool", "jute" ] }
        },
        "width": 3,
        "height": 2,
        "name": "wolf hide helmet",
        "output": { "type": "item", "code": "hidearmor-headbasic-wolfhide" }
    },
    {
        "ingredientPattern": "_H_,THT",
        "ingredients": {
            "H": { "type": "item", "code": "hide-medium-wolf-normal" },
            "T": { "type": "item", "code": "game:flaxtwine" }
        },
        "width": 3,
        "height": 2,
        "name": "wolf hide helmet",
        "output": { "type": "item", "code": "hidearmor-headbasic-wolfhide" }
    },
    {
      "ingredientPattern": "THT",
      "ingredients": {
          "H": { "type": "item", "code": "hide-huge-bear-*" },
          "T": { "type": "item", "code": "twine-*", "allowedVariants": [ "cotton", "wool", "jute" ] }
        },
      "width": 3,
      "height": 1,
      "name": "bear hide helmet",
      "output": { "type": "item", "code": "hidearmor-headbasic-bearhide" }
    },
    {
        "ingredientPattern": "THT",
        "ingredients": {
          "H": { "type": "item", "code": "hide-huge-bear-*" },
          "T": { "type": "item", "code": "game:flaxtwine" }
        },
        "width": 3,
        "height": 1,
        "name": "bear hide helmet",
        "output": { "type": "item", "code": "hidearmor-headbasic-bearhide" }
    },
    {
        "enabled": false,
        "ingredientPattern": "BHB,THT",
        "ingredients": {
            "B": { "type": "item", "code": "game:bone" },
            "H": { "type": "item", "code": "hide-medium-wolf-normal" },
            "T": { "type": "item", "code": "twine-*", "allowedVariants": [ "cotton", "wool", "jute" ] }
        },
        "width": 3,
        "height": 2,
        "name": "wolf hide helmet",
        "output": { "type": "item", "code": "hidearmor-head-wolfhide" }
    },
    {
        "enabled": false,
        "ingredientPattern": "BHB,THT",
        "ingredients": {
            "B": { "type": "item", "code": "game:bone" },
            "H": { "type": "item", "code": "hide-medium-wolf-normal" },
            "T": { "type": "item", "code": "game:flaxtwine" }
        },
        "width": 3,
        "height": 2,
        "name": "wolf hide helmet",
        "output": { "type": "item", "code": "hidearmor-head-wolfhide" }
    },
    {
      "enabled": false,
      "ingredientPattern": "B_B,THT",
      "ingredients": {
          "B": { "type": "item", "code": "game:bone" },
          "H": { "type": "item", "code": "hide-huge-bear-*" },
          "T": { "type": "item", "code": "twine-*", "allowedVariants": [ "cotton", "wool", "jute" ] }
        },
      "width": 3,
      "height": 2,
      "name": "bear hide helmet",
      "output": { "type": "item", "code": "hidearmor-head-bearhide" }
    },
    {
        "enabled": false,
        "ingredientPattern": "B_B,THT",
        "ingredients": {
          "B": { "type": "item", "code": "game:bone" },
          "H": { "type": "item", "code": "hide-huge-bear-*" },
          "T": { "type": "item", "code": "game:flaxtwine" }
          },
        "width": 3,
        "height": 2,
        "name": "bear hide helmet",
        "output": { "type": "item", "code": "hidearmor-head-bearhide" }
    },


    {
        "ingredientPattern": "TPT,THT,SHS",
        "ingredients": {
          "H": { "type": "item", "code": "hide-medium-wolf-normal", "quantity": 2 },
		      "S": { "type": "item", "code": "hide-medium-wolf-normal", "quantity": 1 },
          "P": { "type": "item", "code": "game:hide-pelt-*", "allowedVariants": [ "small", "medium"], "quantity": 2 },
          "T": { "type": "item", "code": "twine-*", "quantity": 2, "allowedVariants": [ "cotton", "wool", "jute" ] }
          },
        "width": 3,
        "height": 3,
        "name": "wolf hide body armor",
        "output": { "type": "item", "code": "hidearmor-body-wolfhide" }
      },
      {
          "ingredientPattern": "TPT,THT,SHS",
          "ingredients": {
            "H": { "type": "item", "code": "hide-medium-wolf-normal", "quantity": 2 },
			      "S": { "type": "item", "code": "hide-medium-wolf-normal", "quantity": 1 },
            "P": { "type": "item", "code": "game:hide-pelt-large"},
            "T": { "type": "item", "code": "twine-*", "quantity": 2, "allowedVariants": [ "cotton", "wool", "jute" ] }
          },
          "width": 3,
          "height": 3,
          "name": "wolf hide body armor",
          "output": { "type": "item", "code": "hidearmor-body-wolfhide" }
      },
      {
         "ingredientPattern": "TPT,THT,SHS",
         "ingredients": {
            "H": { "type": "item", "code": "hide-medium-wolf-normal", "quantity": 2 },
		        "S": { "type": "item", "code": "hide-medium-wolf-normal", "quantity": 1 },
            "P": { "type": "item", "code": "game:hide-pelt-*", "allowedVariants": [ "small", "medium"], "quantity": 2 },
            "T": { "type": "item", "code": "game:flaxtwine", "quantity": 2 }
          },
          "width": 3,
          "height": 3,
          "name": "wolf hide body armor",
          "output": { "type": "item", "code": "hidearmor-body-wolfhide" }
      },
      {
          "ingredientPattern": "TPT,THT,SHS",
          "ingredients": {
            "H": { "type": "item", "code": "hide-medium-wolf-normal", "quantity": 2 },
		        "S": { "type": "item", "code": "hide-medium-wolf-normal", "quantity": 1 },
            "P": { "type": "item", "code": "game:hide-pelt-large" },
            "T": { "type": "item", "code": "game:flaxtwine", "quantity": 2 }
          },
          "width": 3,
          "height": 3,
          "name": "wolf hide body armor",
          "output": { "type": "item", "code": "hidearmor-body-wolfhide" }
    },

    {
      "ingredientPattern": "TPT,THT,_H_",
      "ingredients": {
          "H": { "type": "item", "code": "hide-huge-bear-*" },
          "P": { "type": "item", "code": "game:hide-pelt-*", "allowedVariants": [ "small", "medium"], "quantity": 2 },
          "T": { "type": "item", "code": "twine-*", "quantity": 2, "allowedVariants": [ "cotton", "wool", "jute" ] }
        },
      "width": 3,
      "height": 3,
      "name": "bear hide body armor",
      "output": { "type": "item", "code": "hidearmor-body-bearhide" }
    },
    {
        "ingredientPattern": "TPT,THT,_H_",
        "ingredients": {
            "H": { "type": "item", "code": "hide-huge-bear-*" },
            "P": { "type": "item", "code": "game:hide-pelt-large"},
            "T": { "type": "item", "code": "twine-*", "quantity": 2, "allowedVariants": [ "cotton", "wool", "jute" ] }
          },
        "width": 3,
        "height": 3,
        "name": "bear hide body armor",
        "output": { "type": "item", "code": "hidearmor-body-bearhide" }
    },
    {
        "ingredientPattern": "TPT,THT,_H_",
        "ingredients": {
            "H": { "type": "item", "code": "hide-huge-bear-*" },
            "P": { "type": "item", "code": "game:hide-pelt-*", "allowedVariants": [ "small", "medium"], "quantity": 2 },
            "T": { "type": "item", "code": "game:flaxtwine", "quantity": 2 }
          },
        "width": 3,
        "height": 3,
        "name": "bear hide body armor",
        "output": { "type": "item", "code": "hidearmor-body-bearhide" }
    },
    {
        "ingredientPattern": "TPT,THT,_H_",
        "ingredients": {
            "H": { "type": "item", "code": "hide-huge-bear-*" },
            "P": { "type": "item", "code": "game:hide-pelt-large" },
            "T": { "type": "item", "code": "game:flaxtwine", "quantity": 2 }
          },
        "width": 3,
        "height": 3,
        "name": "bear hide body armor",
        "output": { "type": "item", "code": "hidearmor-body-bearhide" }
    },

    {
        "ingredientPattern": "THT,TPT",
        "ingredients": {
            "H": { "type": "item", "code": "hide-huge-bear-*" },
            "P": { "type": "item", "code": "game:hide-pelt-*", "allowedVariants": [ "small", "medium"], "quantity": 2 },
            "T": { "type": "item", "code": "twine-*", "allowedVariants": [ "cotton", "wool", "jute" ] , "quantity": 2 }
          },
        "width": 3,
        "height": 2,
        "name": "bear hide leg armor",
        "output": { "type": "item", "code": "hidearmor-legs-bearhide" }
    },
    {
        "ingredientPattern": "THT,TPT",
        "ingredients": {
            "H": { "type": "item", "code": "hide-huge-bear-*" },
            "P": { "type": "item", "code": "game:hide-pelt-large" },
            "T": { "type": "item", "code": "twine-*", "allowedVariants": [ "cotton", "wool", "jute" ] , "quantity": 2 }
          },
        "width": 3,
        "height": 2,
        "name": "bear hide leg armor",
        "output": { "type": "item", "code": "hidearmor-legs-bearhide" }
    },
    {
        "ingredientPattern": "THT,TPT",
        "ingredients": {
            "H": { "type": "item", "code": "hide-huge-bear-*" },
            "P": { "type": "item", "code": "game:hide-pelt-*", "allowedVariants": [ "small", "medium"], "quantity": 2 },
            "T": { "type": "item", "code": "game:flaxtwine", "quantity": 2 }
          },
        "width": 3,
        "height": 2,
        "name": "bear hide leg armor",
        "output": { "type": "item", "code": "hidearmor-legs-bearhide" }
      },
    {
      "ingredientPattern": "THT,TPT",
      "ingredients": {
          "H": { "type": "item", "code": "hide-huge-bear-*" },
          "P": { "type": "item", "code": "game:hide-pelt-large" },
          "T": { "type": "item", "code": "game:flaxtwine", "quantity": 2 }
        },
      "width": 3,
      "height": 2,
      "name": "bear hide leg armor",
      "output": { "type": "item", "code": "hidearmor-legs-bearhide" }
    },

    {
        "ingredientPattern": "THT,TPT",
        "ingredients": {
            "H": { "type": "item", "code": "hide-medium-wolf-normal", "quantity": 3 },
            "P": { "type": "item", "code": "game:hide-pelt-*", "allowedVariants": [ "small", "medium"], "quantity": 2 },
            "T": { "type": "item", "code": "twine-*", "allowedVariants": [ "cotton", "wool", "jute" ] , "quantity": 2 }
          },
        "width": 3,
        "height": 2,
        "name": "wolf hide leg armor",
        "output": { "type": "item", "code": "hidearmor-legs-wolfhide" }
    },
    {
        "ingredientPattern": "THT,TPT",
        "ingredients": {
            "H": { "type": "item", "code": "hide-medium-wolf-normal", "quantity": 3 },
            "P": { "type": "item", "code": "game:hide-pelt-large" },
            "T": { "type": "item", "code": "twine-*", "allowedVariants": [ "cotton", "wool", "jute" ] , "quantity": 2 }
          },
        "width": 3,
        "height": 2,
        "name": "wolf hide leg armor",
        "output": { "type": "item", "code": "hidearmor-legs-wolfhide" }
    },
    {
        "ingredientPattern": "THT,TPT",
        "ingredients": {
            "H": { "type": "item", "code": "hide-medium-wolf-normal", "quantity": 3 },
            "P": { "type": "item", "code": "game:hide-pelt-*", "allowedVariants": [ "small", "medium"], "quantity": 2 },
            "T": { "type": "item", "code": "game:flaxtwine", "quantity": 2 }
          },
        "width": 3,
        "height": 2,
        "name": "wolf hide leg armor",
        "output": { "type": "item", "code": "hidearmor-legs-wolfhide" }
      },
    {
      "ingredientPattern": "THT,TPT",
      "ingredients": {
          "H": { "type": "item", "code": "hide-medium-wolf-normal", "quantity": 3 },
          "P": { "type": "item", "code": "game:hide-pelt-large" },
          "T": { "type": "item", "code": "game:flaxtwine", "quantity": 2 }
        },
      "width": 3,
      "height": 2,
      "name": "wolf hide leg armor",
      "output": { "type": "item", "code": "hidearmor-legs-wolfhide" }
    }
  ]
  