[
  {
    "ingredientPattern": "TST,L_L",
    "requiresTrait": "clothier",
    "ingredients": {
      "L": { "type": "item", "code": "cloth-cotton-*", "name": "color", allowedVariants: ["plain", "blue", "brown", "gray", "black", "green", "orange", "pink", "purple", "red", "white", "yellow"] },
      "T": { "type": "item", "code": "twine-cotton"},
      "S": { "type": "item", "code": "game:sewingkit"}
    },
    "width": 3,
    "height": 2,
    "name": "Cotton Tailored Gambeson helmet",
    "output": { "type": "item", "code": "cottonarmor-head-tailored-{color}" }
  },
  {
    "ingredientPattern": "L_L,MMM,LSL",
    "requiresTrait": "clothier",
    "ingredients": {
      "L": { "type": "item", "code": "cloth-cotton-*", "name": "color", allowedVariants: ["plain", "blue", "brown", "gray", "black", "green", "orange", "pink", "purple", "red", "white", "yellow"] },
      "M": { "type": "item", "code": "cloth-cotton-*", "quantity": 2, "name": "color", allowedVariants: ["plain", "blue", "brown", "gray", "black", "green", "orange", "pink", "purple", "red", "white", "yellow"] },
      "S": { "type": "item", "code": "game:sewingkit"}
    },
    "width": 3,
    "height": 3,
    "name": "Cotton Tailored Gambeson body armor",
    "output": { "type": "item", "code": "cottonarmor-body-tailored-{color}" }
  },
  {
    "ingredientPattern": "LSL,L_L,T_T",
    "requiresTrait": "clothier",
    "ingredients": {
      "L": { "type": "item", "code": "cloth-cotton-*", "name": "color", allowedVariants: ["plain", "blue", "brown", "gray", "black", "green", "orange", "pink", "purple", "red", "white", "yellow"] },
      "T": { "type": "item", "code": "twine-cotton"},
      "S": { "type": "item", "code": "game:sewingkit"}
    },
    "width": 3,
    "height": 3,
    "name": "Cotton Tailored Gambeson leg armor",
    "output": { "type": "item", "code": "cottonarmor-legs-tailored-{color}" }
  },
  {
    "ingredientPattern": "TST,L_L",
    "requiresTrait": "clothier",
    "ingredients": {
      "L": { "type": "item", "code": "cloth-wool-*", "name": "color", allowedVariants: ["plain", "blue", "brown", "gray", "black", "green", "orange", "pink", "purple", "red", "white", "yellow"] },
      "T": { "type": "item", "code": "twine-wool"},
      "S": { "type": "item", "code": "game:sewingkit"}
    },
    "width": 3,
    "height": 2,
    "name": "Wool Tailored Gambeson helmet",
    "output": { "type": "item", "code": "woolarmor-head-tailored-{color}" }
  },
  {
    "ingredientPattern": "L_L,MMM,LSL",
    "requiresTrait": "clothier",
    "ingredients": {
      "L": { "type": "item", "code": "cloth-wool-*", "name": "color", allowedVariants: ["plain", "blue", "brown", "gray", "black", "green", "orange", "pink", "purple", "red", "white", "yellow"] },
      "M": { "type": "item", "code": "cloth-wool-*", "quantity": 2, "name": "color", allowedVariants: ["plain", "blue", "brown", "gray", "black", "green", "orange", "pink", "purple", "red", "white", "yellow"] },
      "S": { "type": "item", "code": "game:sewingkit"}
    },
    "width": 3,
    "height": 3,
    "name": "Wool Tailored Gambeson body armor",
    "output": { "type": "item", "code": "woolarmor-body-tailored-{color}" }
  },
  {
    "ingredientPattern": "LSL,L_L,T_T",
    "requiresTrait": "clothier",
    "ingredients": {
      "L": { "type": "item", "code": "cloth-wool-*", "name": "color", allowedVariants: ["plain", "blue", "brown", "gray", "black", "green", "orange", "pink", "purple", "red", "white", "yellow"] },
      "T": { "type": "item", "code": "twine-wool"},
      "S": { "type": "item", "code": "game:sewingkit"}
    },
    "width": 3,
    "height": 3,
    "name": "Wool Tailored Gambeson leg armor",
    "output": { "type": "item", "code": "woolarmor-legs-tailored-{color}" }
  }
]
