{
	"editor": {
		"allAngles": true,
		"entityTextureMode": false
	},
	"textureWidth": 16,
	"textureHeight": 16,
	"textureSizes": {
	},
	"textures": {
		"steel": "game:block/metal/ingot/steel",
		"clearquartz": "game:item/resource/ungraded/clearquartz"
	},
	"elements": [
		{
			"name": "origin",
			"from": [ 16.0, 0.5, 8.0 ], 
			"to": [ 16.0, 0.5, 8.0 ], 
			"rotationOrigin": [ 4.0, 0.0, 8.0 ],
			"faces": {
				"north": { "texture": "#steel", "uv": [ 0.0, 0.0, 0.5, 0.5 ] },
				"east": { "texture": "#steel", "uv": [ 0.0, 0.0, 0.5, 0.5 ] },
				"south": { "texture": "#steel", "uv": [ 0.0, 0.0, 0.5, 0.5 ] },
				"west": { "texture": "#steel", "uv": [ 0.0, 0.0, 0.5, 0.5 ] },
				"up": { "texture": "#steel", "uv": [ 0.0, 0.0, 0.5, 0.5 ] },
				"down": { "texture": "#steel", "uv": [ 0.0, 0.0, 0.5, 0.5 ] }
			},
			"children": [
				{
					"name": "handleNW",
					"from": [ -12.0, -0.5, -1.5 ], 
					"to": [ -10.0, 0.5, -1.0 ], 
					"rotationOrigin": [ -12.0, -0.5, -1.0 ],
					"faces": {
						"north": { "texture": "#steel", "uv": [ 0.0, 5.0, 2.0, 6.0 ] },
						"east": { "texture": "#steel", "uv": [ 2.0, 5.0, 2.5, 6.0 ] },
						"south": { "texture": "#steel", "uv": [ 0.0, 8.0, 2.0, 9.0 ] },
						"west": { "texture": "#steel", "uv": [ 2.0, 6.0, 2.5, 7.0 ] },
						"up": { "texture": "#steel", "uv": [ 8.0, 2.0, 10.0, 2.5 ] },
						"down": { "texture": "#steel", "uv": [ 0.0, 3.0, 2.0, 3.5 ] }
					}
				},
				{
					"name": "handleW",
					"from": [ -12.0, -0.5, -1.0 ], 
					"to": [ -11.5, 0.5, 1.0 ], 
					"rotationOrigin": [ -12.0, -0.5, 0.0 ],
					"faces": {
						"north": { "texture": "#steel", "uv": [ 0.0, 5.0, 0.5, 6.0 ] },
						"east": { "texture": "#steel", "uv": [ 2.0, 5.0, 4.0, 6.0 ] },
						"south": { "texture": "#steel", "uv": [ 0.0, 8.0, 0.5, 9.0 ] },
						"west": { "texture": "#steel", "uv": [ 2.0, 6.0, 4.0, 7.0 ] },
						"up": { "texture": "#steel", "uv": [ 8.0, 2.0, 8.5, 4.0 ] },
						"down": { "texture": "#steel", "uv": [ 0.0, 3.0, 0.5, 5.0 ] }
					}
				},
				{
					"name": "handleN",
					"from": [ -10.0, -0.3, -1.5 ], 
					"to": [ -3.0, 0.3, -1.0 ], 
					"rotationOrigin": [ -10.0, -0.3, -1.0 ],
					"rotationY": 5.0,
					"faces": {
						"north": { "texture": "#steel", "uv": [ 0.0, 5.0, 7.0, 5.5 ] },
						"east": { "texture": "#steel", "uv": [ 2.0, 5.0, 2.5, 5.5 ] },
						"south": { "texture": "#steel", "uv": [ 0.0, 8.0, 7.0, 8.5 ] },
						"west": { "texture": "#steel", "uv": [ 2.0, 6.0, 2.5, 6.5 ] },
						"up": { "texture": "#steel", "uv": [ 8.0, 2.0, 15.0, 2.5 ] },
						"down": { "texture": "#steel", "uv": [ 0.0, 3.0, 7.0, 3.5 ] }
					},
					"children": [
						{
							"name": "BladeEdgeN",
							"from": [ 3.0, 0.2, 0.5 ], 
							"to": [ 9.0, 0.4, 1.5 ], 
							"rotationOrigin": [ 3.0, 0.1, 1.0 ],
							"faces": {
								"north": { "texture": "#clearquartz", "uv": [ 0.0, 5.0, 6.0, 5.5 ] },
								"east": { "texture": "#clearquartz", "uv": [ 2.0, 5.0, 3.0, 5.5 ] },
								"south": { "texture": "#clearquartz", "uv": [ 0.0, 8.0, 6.0, 8.5 ] },
								"west": { "texture": "#clearquartz", "uv": [ 2.0, 6.0, 3.0, 6.5 ] },
								"up": { "texture": "#clearquartz", "uv": [ 8.0, 0.0, 9.0, 6.0 ], "rotation": 90 },
								"down": { "texture": "#clearquartz", "uv": [ 0.0, 5.0, 6.0, 6.0 ] }
							}
						},
						{
							"name": "BladeTaperN",
							"from": [ 7.0, 0.15, 0.0 ], 
							"to": [ 9.0, 0.45, 0.5 ], 
							"rotationOrigin": [ 7.0, 0.1, 0.0 ],
							"rotationY": -15.0,
							"faces": {
								"north": { "texture": "#steel", "uv": [ 0.0, 5.0, 2.0, 5.5 ] },
								"east": { "texture": "#steel", "uv": [ 2.0, 5.0, 2.5, 5.5 ] },
								"south": { "texture": "#steel", "uv": [ 0.0, 8.0, 2.0, 8.5 ] },
								"west": { "texture": "#steel", "uv": [ 2.0, 6.0, 2.5, 6.5 ] },
								"up": { "texture": "#steel", "uv": [ 8.0, 0.0, 8.5, 2.0 ], "rotation": 90 },
								"down": { "texture": "#steel", "uv": [ 0.0, 5.0, 2.0, 5.5 ] }
							}
						}
					]
				},
				{
					"name": "handleSW",
					"from": [ -12.0, -0.5, 1.0 ], 
					"to": [ -10.0, 0.5, 1.5 ], 
					"rotationOrigin": [ -12.0, -0.5, 1.5 ],
					"faces": {
						"north": { "texture": "#steel", "uv": [ 0.0, 5.0, 2.0, 6.0 ] },
						"east": { "texture": "#steel", "uv": [ 2.0, 5.0, 2.5, 6.0 ] },
						"south": { "texture": "#steel", "uv": [ 0.0, 8.0, 2.0, 9.0 ] },
						"west": { "texture": "#steel", "uv": [ 2.0, 6.0, 2.5, 7.0 ] },
						"up": { "texture": "#steel", "uv": [ 8.0, 2.0, 10.0, 2.5 ] },
						"down": { "texture": "#steel", "uv": [ 0.0, 3.0, 2.0, 3.5 ] }
					}
				},
				{
					"name": "handleS",
					"from": [ -10.0, -0.3, 1.0 ], 
					"to": [ -3.0, 0.3, 1.5 ], 
					"rotationOrigin": [ -10.0, -0.3, 1.0 ],
					"rotationY": -5.0,
					"faces": {
						"north": { "texture": "#steel", "uv": [ 0.0, 5.0, 7.0, 5.5 ] },
						"east": { "texture": "#steel", "uv": [ 2.0, 5.0, 2.5, 5.5 ] },
						"south": { "texture": "#steel", "uv": [ 0.0, 8.0, 7.0, 8.5 ] },
						"west": { "texture": "#steel", "uv": [ 2.0, 6.0, 2.5, 6.5 ] },
						"up": { "texture": "#steel", "uv": [ 8.0, 2.0, 15.0, 2.5 ] },
						"down": { "texture": "#steel", "uv": [ 0.0, 3.0, 7.0, 3.5 ] }
					},
					"children": [
						{
							"name": "BladeEdgeS",
							"from": [ 3.0, 0.2, -1.0 ], 
							"to": [ 9.0, 0.4, 0.0 ], 
							"rotationOrigin": [ 3.0, 0.1, -0.5 ],
							"faces": {
								"north": { "texture": "#clearquartz", "uv": [ 0.0, 5.0, 6.0, 5.5 ] },
								"east": { "texture": "#clearquartz", "uv": [ 2.0, 5.0, 3.0, 5.5 ] },
								"south": { "texture": "#clearquartz", "uv": [ 0.0, 8.0, 6.0, 8.5 ] },
								"west": { "texture": "#clearquartz", "uv": [ 2.0, 6.0, 3.0, 6.5 ] },
								"up": { "texture": "#clearquartz", "uv": [ 8.0, 0.0, 9.0, 6.0 ], "rotation": 90 },
								"down": { "texture": "#clearquartz", "uv": [ 0.0, 5.0, 6.0, 6.0 ] }
							}
						},
						{
							"name": "BladeTaperS",
							"from": [ 7.0, 0.15, 0.0 ], 
							"to": [ 9.0, 0.45, 0.5 ], 
							"rotationOrigin": [ 7.0, 0.1, 0.5 ],
							"rotationY": 15.0,
							"faces": {
								"north": { "texture": "#steel", "uv": [ 0.0, 5.0, 2.0, 5.5 ] },
								"east": { "texture": "#steel", "uv": [ 2.0, 5.0, 2.5, 5.5 ] },
								"south": { "texture": "#steel", "uv": [ 0.0, 8.0, 2.0, 8.5 ] },
								"west": { "texture": "#steel", "uv": [ 2.0, 6.0, 2.5, 6.5 ] },
								"up": { "texture": "#steel", "uv": [ 8.0, 0.0, 8.5, 2.0 ], "rotation": 90 },
								"down": { "texture": "#steel", "uv": [ 0.0, 5.0, 2.0, 5.5 ] }
							}
						}
					]
				}
			]
		}
	]}