{
	"editor": {
		"allAngles": false,
		"singleTexture": false
	},
	"textureWidth": 16,
	"textureHeight": 16,
	"textures": {
		"top": "specializedbags:item/bag/forestrybag/top",
		"linen": "specializedbags:item/bag/forestrybag/linen"
	},
	"elements": [
		{
			"name": "floor",
			"from": [ 6.0, 0.0, 6.0 ], 
			"to": [ 10.0, 6.0, 10.0 ], 
			"faces": {
				"north": { "texture": "#linen", "uv": [ 8.0, 4.0, 12.0, 10.0 ] },
				"east": { "texture": "#linen", "uv": [ 5.0, 3.0, 9.0, 9.0 ] },
				"south": { "texture": "#linen", "uv": [ 2.0, 6.0, 6.0, 12.0 ] },
				"west": { "texture": "#linen", "uv": [ 6.0, 5.0, 10.0, 11.0 ] },
				"up": { "texture": "#linen", "uv": [ 12.0, 0.0, 16.0, 4.0 ] },
				"down": { "texture": "#linen", "uv": [ 0.0, 0.0, 4.0, 4.0 ] }
			},
			"children": [
				{
					"name": "N",
					"from": [ 0.0, 0.0, -1.0 ], 
					"to": [ 4.0, 5.0, 0.0 ], 
					"faces": {
						"north": { "texture": "#linen", "uv": [ 6.0, 11.0, 10.0, 16.0 ] },
						"east": { "texture": "#linen", "uv": [ 4.0, 11.0, 5.0, 16.0 ] },
						"south": { "texture": "#linen", "uv": [ 1.0, 10.0, 5.0, 15.0 ], "enabled": false },
						"west": { "texture": "#linen", "uv": [ 6.0, 11.0, 7.0, 16.0 ] },
						"up": { "texture": "#linen", "uv": [ 4.0, 5.0, 8.0, 6.0 ] },
						"down": { "texture": "#linen", "uv": [ 3.0, 15.0, 7.0, 16.0 ] }
					}
				},
				{
					"name": "S",
					"from": [ 0.0, 0.0, 4.0 ], 
					"to": [ 4.0, 5.0, 5.0 ], 
					"faces": {
						"north": { "texture": "#linen", "uv": [ 0.0, 0.0, 4.0, 5.0 ], "enabled": false },
						"east": { "texture": "#linen", "uv": [ 0.0, 11.0, 1.0, 16.0 ] },
						"south": { "texture": "#linen", "uv": [ 2.0, 11.0, 6.0, 16.0 ] },
						"west": { "texture": "#linen", "uv": [ 6.0, 11.0, 7.0, 16.0 ] },
						"up": { "texture": "#linen", "uv": [ 2.0, 6.0, 6.0, 7.0 ] },
						"down": { "texture": "#linen", "uv": [ 3.0, 15.0, 7.0, 16.0 ] }
					}
				},
				{
					"name": "W",
					"from": [ -1.0, 0.0, 0.0 ], 
					"to": [ 0.0, 5.0, 4.0 ], 
					"faces": {
						"north": { "texture": "#linen", "uv": [ 12.0, 11.0, 13.0, 16.0 ] },
						"east": { "texture": "#linen", "uv": [ 5.0, 3.0, 9.0, 8.0 ], "enabled": false },
						"south": { "texture": "#linen", "uv": [ 6.0, 11.0, 7.0, 16.0 ] },
						"west": { "texture": "#linen", "uv": [ 3.0, 11.0, 7.0, 16.0 ] },
						"up": { "texture": "#linen", "uv": [ 9.0, 3.0, 10.0, 7.0 ] },
						"down": { "texture": "#linen", "uv": [ 4.0, 15.0, 8.0, 16.0 ], "rotation": 90 }
					}
				},
				{
					"name": "E",
					"from": [ 4.0, 0.0, 0.0 ], 
					"to": [ 5.0, 5.0, 4.0 ], 
					"faces": {
						"north": { "texture": "#linen", "uv": [ 12.0, 11.0, 13.0, 16.0 ] },
						"east": { "texture": "#linen", "uv": [ 6.0, 11.0, 10.0, 16.0 ] },
						"south": { "texture": "#linen", "uv": [ 8.0, 11.0, 9.0, 16.0 ] },
						"west": { "texture": "#linen", "uv": [ 0.0, 0.0, 4.0, 5.0 ], "enabled": false },
						"up": { "texture": "#linen", "uv": [ 8.0, 2.0, 9.0, 6.0 ] },
						"down": { "texture": "#linen", "uv": [ 2.0, 15.0, 6.0, 16.0 ], "rotation": 90 }
					}
				},
				{
					"name": "top",
					"from": [ 1.5, 6.0, 1.5 ], 
					"to": [ 2.5, 7.0, 2.5 ], 
					"faces": {
						"north": { "texture": "#linen", "uv": [ 2.0, 15.0, 3.0, 16.0 ] },
						"east": { "texture": "#linen", "uv": [ 9.0, 15.0, 10.0, 16.0 ] },
						"south": { "texture": "#linen", "uv": [ 9.0, 15.0, 10.0, 16.0 ] },
						"west": { "texture": "#linen", "uv": [ 12.0, 15.0, 13.0, 16.0 ] },
						"up": { "texture": "#linen", "uv": [ 3.0, 15.0, 4.0, 16.0 ] },
						"down": { "texture": "#linen", "uv": [ 5.0, 15.0, 6.0, 16.0 ] }
					},
					"children": [
						{
							"name": "Cube1",
							"from": [ 0.5, -1.0, -2.0 ], 
							"to": [ 0.5, 3.0, 3.0 ], 
							"rotationOrigin": [ 0.5, 0.0, 0.0 ],
							"rotationZ": -22.5,
							"faces": {
								"north": { "texture": "#null", "uv": [ 0.0, 0.0, 0.0, 4.0 ], "enabled": false },
								"east": { "texture": "#null", "uv": [ 0.0, 0.0, 5.0, 4.0 ], "enabled": false },
								"south": { "texture": "#null", "uv": [ 0.0, 0.0, 0.0, 4.0 ], "enabled": false },
								"west": { "texture": "#top", "uv": [ 5.0, 0.0, 10.0, 4.0 ] },
								"up": { "texture": "#null", "uv": [ 0.0, 0.0, 0.0, 5.0 ], "enabled": false },
								"down": { "texture": "#null", "uv": [ 0.0, 0.0, 0.0, 5.0 ], "enabled": false }
							}
						},
						{
							"name": "Cube8",
							"from": [ -2.0, -1.0, 0.5 ], 
							"to": [ 3.0, 3.0, 0.5 ], 
							"rotationOrigin": [ 0.0, 0.0, 0.5 ],
							"rotationX": -22.5,
							"faces": {
								"north": { "texture": "#top", "uv": [ 0.0, 0.0, 5.0, 4.0 ] },
								"east": { "texture": "#linen", "uv": [ 0.0, 0.0, 0.0, 4.0 ], "enabled": false },
								"south": { "texture": "#linen", "uv": [ 0.0, 0.0, 5.0, 4.0 ], "enabled": false },
								"west": { "texture": "#linen", "uv": [ 6.0, 6.0, 6.0, 10.0 ], "enabled": false },
								"up": { "texture": "#linen", "uv": [ 0.0, 0.0, 5.0, 0.0 ], "enabled": false },
								"down": { "texture": "#linen", "uv": [ 0.0, 0.0, 5.0, 0.0 ], "enabled": false }
							}
						},
						{
							"name": "Cube9",
							"from": [ 0.5, -1.0, -2.0 ], 
							"to": [ 0.5, 3.0, 3.0 ], 
							"rotationOrigin": [ 0.5, 0.0, 0.0 ],
							"rotationZ": 22.5,
							"faces": {
								"north": { "texture": "#null", "uv": [ 0.0, 0.0, 0.0, 4.0 ], "enabled": false },
								"east": { "texture": "#null", "uv": [ 0.0, 0.0, 5.0, 4.0 ], "enabled": false },
								"south": { "texture": "#null", "uv": [ 0.0, 0.0, 0.0, 4.0 ], "enabled": false },
								"west": { "texture": "#top", "uv": [ 5.0, 0.0, 10.0, 4.0 ] },
								"up": { "texture": "#null", "uv": [ 0.0, 0.0, 0.0, 5.0 ], "enabled": false },
								"down": { "texture": "#null", "uv": [ 0.0, 0.0, 0.0, 5.0 ], "enabled": false }
							}
						},
						{
							"name": "Cube10",
							"from": [ -2.0, -1.0, 0.5 ], 
							"to": [ 3.0, 3.0, 0.5 ], 
							"rotationOrigin": [ 0.0, 0.0, 0.5 ],
							"rotationX": 22.5,
							"faces": {
								"north": { "texture": "#top", "uv": [ 0.0, 0.0, 5.0, 4.0 ] },
								"east": { "texture": "#linen", "uv": [ 0.0, 0.0, 0.0, 4.0 ], "enabled": false },
								"south": { "texture": "#linen", "uv": [ 0.0, 0.0, 5.0, 4.0 ], "enabled": false },
								"west": { "texture": "#linen", "uv": [ 6.0, 6.0, 6.0, 10.0 ], "enabled": false },
								"up": { "texture": "#linen", "uv": [ 0.0, 0.0, 5.0, 0.0 ], "enabled": false },
								"down": { "texture": "#linen", "uv": [ 0.0, 0.0, 5.0, 0.0 ], "enabled": false }
							}
						}
					]
				}
			]
		}
	]}