{
	"code": "rawclaybrick",
	"maxstacksize": 64,
	"attributes": {
		"handbook": {
			"groupBy": [ "rawclaybrick-*"]
		},
		"displaycaseable": true,
		"shelvable": true
	},
	"behaviors": [ {
		"name": "GroundStorable",
		"properties": {
			"layout": "Stacking",
			"placeRemoveSound": "game:sounds/block/dirt1",
			"stackingModel": "bricklayers:block/clay/smallbrickpile",
			"tessQuantityElements": 1,
			"stackingCapacity": 32,
			"transferQuantity": 1,
			"bulkTransferQuantity": 4,
			"collisionBox": { "x1": 0, "y1": 0, "z1": 0, "x2": 1, "y2": 0.25, "z2": 1 },
			"cbScaleYByLayer": 0.125,
			"maxFireable": 16
		}
	} ],
	"variantgroups": [
		{ "code": "clay", "states": [ "red", "brown" ] }
	],
	"materialDensity": 2600,
	"shape": { "base": "bricklayers:item/brick" },
	"textures": { "all": { "base": "bricklayers:block/clay/brickpile/raw/{clay}" } },
	"creativeinventory": { "general": ["*"], "items": ["*"], "construction": ["*"] },
	"combustibleProps": {
		"smeltingPoint": 850,
		"meltingDuration": 15,
		"smeltingType": "fire",
		"smeltedStack": { "type": "item", "code": "game:burnedbrick-{clay}" },
		"requiresContainer": false
	},
	"guiTransform": {
		"translation": { "x": 2, "y": 0, "z": 0 },
		"rotation": { "x": 164, "y": -37, "z": 1 },
		"origin": { "x": 0.5, "y": 0.2, "z": 0.5 },
		"scale": 2.78
	},
	"fpHandTransform": {
		"translation": { "x": 0, "y": 0.1, "z": 0 },
		"rotation": { "x": 111, "y": 69, "z": -57 },
		"origin": { "x": 0.5, "y": 0.1, "z": 0.5 },
		"scale": 1.57
	},
	"tpHandTransform": {
		"translation": { "x": 0, "y": 0, "z": 0 },
		"rotation": { "x": -17, "y": 8, "z": -19 },
		"origin": { "x": 0.14, "y": 0.04, "z": 0.18 },
		"scale": 0.46
	},
	"groundTransform": {
		"translation": { "x": 0, "y": 0, "z": 0 },
		"rotation": { "x": 0, "y": 0, "z": 0 },
		"origin": { "x": 0.5, "y": 0, "z": 0.5 },
		"scale": 3
	}
}
