{
	code: "cellardoor",
	class: "BlockDoor",
	behaviors: [ {name:"Lockable" } ],
	attributes: {
		triggerSound: "game:sounds/block/vesselclose"
	},
	variantgroups: [
		{ loadFromProperties: "game:abstract/horizontalorientation" },
		{ code: "part", states: ["down", "up"] },
		{ code: "state", states: ["closed", "opened"] },
		{ code: "knobOrientation", states: ["left","right"] }
	],
	creativeinventory: { "general": ["cellardoor-north-down-closed-left"], "decorative": ["cellardoor-north-down-closed-left"] },
	shapeinventory: { base: "ceramicdoorinventory" },
	guiTransform: {
		origin: { x: 0.5, y: 1, z: 0.5 },
		scale: 0.75
	},
	fpHandTransform: {
		translation: { x: -0.27, y: -0.12, z: 1.12 },
		rotation: { x: -44, y: 42, z: 0 },
		scale: 1.02
	},
	tpHandTransform: {
		translation: { x: -1.1, y: -0.7, z: -0.6 },
		rotation: { x: 14, y: 0, z: 59 },
		scale: 0.6
	},
	groundTransform: {
		rotation: { x: -90, y: 0, z: 0 },
		origin: { x: 0.5, y: 0, z: 0.44 },
		scale: 2.15
	},
	blockmaterial: "Ceramic",
	lightAbsorption: 100,
	sideopaque: {
		all: false
	},
	sidesolid: {
		all: false
	},
	heldTpIdleAnimation: "holdunderarm",
	sounds: {
		walk: "game:walk/stone",
		break: "game:block/ceramicplace",
		hit: "game:block/ceramichit",
		place: "block/ceramicplace"
	},
	selectionbox: { x1: 0, y1: 0, z1: 0.75, x2: 1, y2: 1, z2: 1,
		rotateYByType: {
			"*-north-*-opened-left": 90,
			"*-north-*-closed-left": 0,
			"*-west-*-opened-left": 180,
			"*-west-*-closed-left": 90,

			"*-east-*-opened-left": 0,
			"*-east-*-closed-left": 270,
			"*-south-*-opened-left": 270,
			"*-south-*-closed-left": 180,

			"*-north-*-opened-right": 270,
			"*-north-*-closed-right": 0,
			"*-west-*-opened-right": 0,
			"*-west-*-closed-right": 90,

			"*-east-*-opened-right": 180,
			"*-east-*-closed-right": 270,
			"*-south-*-opened-right": 90,
			"*-south-*-closed-right": 180
		}
	},
	collisionbox: { x1: 0, y1: 0, z1: 0.875, x2: 1, y2: 1, z2: 1,
		rotateYByType: {
			"*-north-*-opened-left": 90,
			"*-north-*-closed-left": 0,
			"*-west-*-opened-left": 180,
			"*-west-*-closed-left": 90,

			"*-east-*-opened-left": 0,
			"*-east-*-closed-left": 270,
			"*-south-*-opened-left": 270,
			"*-south-*-closed-left": 180,

			"*-north-*-opened-right": 270,
			"*-north-*-closed-right": 0,
			"*-west-*-opened-right": 0,
			"*-west-*-closed-right": 90,

			"*-east-*-opened-right": 180,
			"*-east-*-closed-right": 270,
			"*-south-*-opened-right": 90,
			"*-south-*-closed-right": 180
		}
	},
	shapebytype: {
		"*-south-down-closed-left": { base: "ceramicdoorbottom", rotateY: 0},
		"*-south-up-closed-left": { base: "ceramicdoortop", rotateY: 0},
		"*-south-down-opened-left": { base: "ceramicdoorbottom", rotateY: 90},
		"*-south-up-opened-left": { base: "ceramicdoortop", rotateY: 90},
		"*-north-down-closed-left": { base: "ceramicdoorbottom", rotateY: 180},
		"*-north-up-closed-left": { base: "ceramicdoortop", rotateY: 180},
		"*-north-down-opened-left": { base: "ceramicdoorbottom", rotateY: 270},
		"*-north-up-opened-left": { base: "ceramicdoortop", rotateY: 270},
		"*-west-down-closed-left": { base: "ceramicdoorbottom", rotateY: -90},
		"*-west-up-closed-left": { base: "ceramicdoortop", rotateY: -90},
		"*-west-down-opened-left": { base: "ceramicdoorbottom", rotateY: 0},
		"*-west-up-opened-left": { base: "ceramicdoortop", rotateY: 0},
		"*-east-down-closed-left": { base: "ceramicdoorbottom", rotateY: 90},
		"*-east-up-closed-left": { base: "ceramicdoortop", rotateY: 90},
		"*-east-down-opened-left": { base: "ceramicdoorbottom", rotateY: 180},
		"*-east-up-opened-left": { base: "ceramicdoortop", rotateY: 180},
		"*-south-down-closed-right": { base: "ceramicdoorbottom", rotateY: 0},
		"*-south-up-closed-right": { base: "ceramicdoortop", rotateY: 0},
		"*-south-down-opened-right": { base: "ceramicdoorbottom", rotateY: -90},
		"*-south-up-opened-right": { base: "ceramicdoortop", rotateY: -90},
		"*-north-down-closed-right": { base: "ceramicdoorbottom", rotateY: 180},
		"*-north-up-closed-right": { base: "ceramicdoortop", rotateY: 180},
		"*-north-down-opened-right": { base: "ceramicdoorbottom", rotateY: 90},
		"*-north-up-opened-right": { base: "ceramicdoortop", rotateY: 90},
		"*-west-down-closed-right": { base: "ceramicdoorbottom", rotateY: -90},
		"*-west-up-closed-right": { base: "ceramicdoortop", rotateY: -90},
		"*-west-down-opened-right": { base: "ceramicdoorbottom", rotateY: -180},
		"*-west-up-opened-right": { base: "ceramicdoortop", rotateY: -180},
		"*-east-down-closed-right": { base: "ceramicdoorbottom", rotateY: 90},
		"*-east-up-closed-right": { base: "ceramicdoortop", rotateY: 90},
		"*-east-down-opened-right": { base: "ceramicdoorbottom", rotateY: 0},
		"*-east-up-opened-right": { base: "ceramicdoortop", rotateY: 0}
	}
}