[
  {
    "op": "add",
    "path": "/behaviorsByType/*/-",
    "value": { "name": "Carryable", "properties": { "scale": 0.6 } },
    "file": "bricklayers:blocktypes/clay/vat_planter_small_colored.json",
    "side": "Server"
  },
  {
    "op": "add",
    "path": "/behaviors/-",
    "value": { "name": "Carryable", "properties": { "scale": 0.6 } },
    "file": "bricklayers:blocktypes/clay/vat_liquid_small_colored.json",
    "side": "Server"
  },
  {
    "op": "add",
    "path": "/behaviors/-",
    "value": { "name": "Carryable", "properties": { "scale": 0.6 } },
    "file": "bricklayers:blocktypes/clay/vat_small_colored.json",
    "side": "Server"
  }
]
