[
  {
    "op": "add",
    "path": "/behaviorsByType/*/-",
    "value": { "name": "Carryable", "properties": { "translation": [ -0.125, 0, 0 ], "slots": { "Hands": { }, "Back": { } } } },
    "file": "bricklayers:blocktypes/clay/storagevesselcolored.json",
    "side": "Server"
  },
  {
    "op": "add",
    "path": "/behaviors/-",
    "value": { "name": "Carryable", "properties": { "translation": [ -0.125, 0, 0 ], "slots": { "Hands": { }, "Back": { } } } },
    "file": "bricklayers:blocktypes/clay/storagevesselcolored_planter.json",
    "side": "Server"
  }
]
