[
  {
    "op": "add",
    "path": "/behaviorsByType/*/-",
    "value": { "name": "Carryable", "properties": { "scale": 0.6 } },
    "file": "bricklayers:blocktypes/clay/planterglazed.json",
    "side": "Server"
  },
  {
    "op": "add",
    "path": "/behaviorsByType/*/-",
    "value": { "name": "Carryable", "properties": { "scale": 0.6 } },
    "file": "bricklayers:blocktypes/clay/plantercolored.json",
    "side": "Server"
  },
  {
    "op": "add",
    "path": "/behaviorsByType/*/-",
    "value": { "name": "Carryable", "properties": { "scale": 0.6 } },
    "file": "bricklayers:blocktypes/clay/planterglazed_salt.json",
    "side": "Server"
  },
  {
    "op": "add",
    "path": "/behaviors/-",
    "value": { "name": "Carryable", "properties": { "translation": [ -0.125, 0, 0 ], "slots": { "Hands": { }, "Back": { } } } },
    "file": "bricklayers:blocktypes/wood/barrel_planter.json",
    "side": "Server"
  }
]
