{
	"editor": {
		"allAngles": false,
		"entityTextureMode": false
	},
	"textureWidth": 8,
	"textureHeight": 8,
	"textureSizes": {
	},
	"textures": {
		"yellowbanana": "block/plant/palm/yellowbanana"
	},
	"elements": [
		{
			"name": "root",
			"from": [ 8.0, 0.0, 8.0 ], 
			"to": [ 8.0, 0.0, 8.0 ], 
			"rotationOrigin": [ 8.0, 0.0, 8.0 ],
			"faces": {
				"north": { "texture": "#null", "uv": [ 0.0, 0.0, 0.5, 0.5 ], "enabled": false },
				"east": { "texture": "#null", "uv": [ 0.0, 0.0, 0.5, 0.5 ], "enabled": false, "windMode": [-1,-1,-1,-1] },
				"south": { "texture": "#null", "uv": [ 0.0, 0.0, 0.5, 0.5 ], "enabled": false, "windMode": [-1,-1,-1,-1] },
				"west": { "texture": "#null", "uv": [ 0.0, 0.0, 0.5, 0.5 ], "enabled": false, "windMode": [-1,-1,-1,-1] },
				"up": { "texture": "#null", "uv": [ 0.0, 0.0, 0.5, 0.5 ], "enabled": false, "windMode": [-1,-1,-1,-1] },
				"down": { "texture": "#null", "uv": [ 0.0, 0.0, 0.5, 0.5 ], "enabled": false, "windMode": [-1,-1,-1,-1] }
			},
			"children": [
				{
					"name": "middle",
					"from": [ -1.5, 0.0, -1.5 ], 
					"to": [ 1.0, 4.0, 1.0 ], 
					"rotationOrigin": [ -0.125, 0.0, -0.12 ],
					"faces": {
						"north": { "texture": "#yellowbanana", "uv": [ 0.5, 3.0, 3.0, 7.0 ], "autoUv": false },
						"east": { "texture": "#yellowbanana", "uv": [ 0.0, 4.0, 2.5, 8.0 ] },
						"south": { "texture": "#yellowbanana", "uv": [ 0.5, 4.0, 3.0, 8.0 ] },
						"west": { "texture": "#yellowbanana", "uv": [ 5.0, 4.0, 7.5, 8.0 ] },
						"up": { "texture": "#yellowbanana", "uv": [ 1.0, 1.0, 3.5, 3.5 ] },
						"down": { "texture": "#yellowbanana", "uv": [ 0.5, 5.0, 3.0, 7.5 ], "autoUv": false }
					},
					"children": [
						{
							"name": "upper1",
							"from": [ 0.25, 3.5, 0.4 ], 
							"to": [ 2.25, 6.0, 2.4 ], 
							"rotationOrigin": [ 1.25, 3.5, 1.35 ],
							"rotationX": -22.0,
							"faces": {
								"north": { "texture": "#yellowbanana", "uv": [ 0.0, 4.5, 2.0, 7.0 ] },
								"east": { "texture": "#yellowbanana", "uv": [ 1.5, 2.5, 3.5, 5.0 ] },
								"south": { "texture": "#yellowbanana", "uv": [ 5.5, 5.0, 7.5, 7.5 ] },
								"west": { "texture": "#yellowbanana", "uv": [ 2.0, 2.5, 4.0, 5.0 ] },
								"up": { "texture": "#yellowbanana", "uv": [ 0.0, 3.0, 2.0, 5.0 ] },
								"down": { "texture": "#yellowbanana", "uv": [ 2.0, 2.0, 4.0, 4.0 ] }
							},
							"children": [
								{
									"name": "upper2",
									"from": [ 0.25, 2.0, 0.4 ], 
									"to": [ 1.75, 4.5, 1.9 ], 
									"rotationOrigin": [ 0.95, 2.0, 0.96 ],
									"rotationX": -22.0,
									"faces": {
										"north": { "texture": "#yellowbanana", "uv": [ 1.0, 5.0, 2.5, 7.5 ] },
										"east": { "texture": "#yellowbanana", "uv": [ 6.0, 5.5, 7.5, 8.0 ] },
										"south": { "texture": "#yellowbanana", "uv": [ 0.5, 3.5, 2.0, 6.0 ] },
										"west": { "texture": "#yellowbanana", "uv": [ 1.5, 4.5, 3.0, 6.5 ], "autoUv": false },
										"up": { "texture": "#yellowbanana", "uv": [ 1.5, 1.5, 3.0, 3.0 ], "autoUv": false },
										"down": { "texture": "#yellowbanana", "uv": [ 1.0, 1.0, 2.5, 2.5 ] }
									},
									"children": [
										{
											"name": "upper3",
											"from": [ 0.5, 2.5, 0.5 ], 
											"to": [ 1.0, 3.0, 1.0 ], 
											"rotationOrigin": [ 0.75, 2.5, 0.75 ],
											"faces": {
												"north": { "texture": "#yellowbanana", "uv": [ 4.5, 0.5, 5.0, 1.0 ] },
												"east": { "texture": "#yellowbanana", "uv": [ 4.5, 1.0, 5.0, 1.5 ] },
												"south": { "texture": "#yellowbanana", "uv": [ 4.5, 1.5, 5.0, 2.0 ] },
												"west": { "texture": "#yellowbanana", "uv": [ 4.5, 1.0, 5.0, 1.5 ] },
												"up": { "texture": "#yellowbanana", "uv": [ 4.5, 1.5, 5.0, 2.0 ] },
												"down": { "texture": "#yellowbanana", "uv": [ 4.5, 0.5, 5.0, 1.0 ] }
											}
										}
									]
								}
							]
						},
						{
							"name": "lower1",
							"from": [ 0.25, -2.0, 0.4 ], 
							"to": [ 2.25, 0.5, 2.4 ], 
							"rotationOrigin": [ 1.25, 0.5, 1.35 ],
							"rotationX": 22.0,
							"faces": {
								"north": { "texture": "#yellowbanana", "uv": [ 0.0, 4.5, 2.0, 7.0 ] },
								"east": { "texture": "#yellowbanana", "uv": [ 1.5, 2.5, 3.5, 5.0 ] },
								"south": { "texture": "#yellowbanana", "uv": [ 5.5, 5.0, 7.5, 7.5 ] },
								"west": { "texture": "#yellowbanana", "uv": [ 2.0, 2.5, 4.0, 5.0 ] },
								"up": { "texture": "#yellowbanana", "uv": [ 0.0, 3.0, 2.0, 5.0 ] },
								"down": { "texture": "#yellowbanana", "uv": [ 2.0, 2.0, 4.0, 4.0 ] }
							},
							"children": [
								{
									"name": "lower2",
									"from": [ 0.25, -2.2, 0.4 ], 
									"to": [ 1.75, 0.3, 1.9 ], 
									"rotationOrigin": [ 0.95, 0.3, 0.96 ],
									"rotationX": 21.0,
									"faces": {
										"north": { "texture": "#yellowbanana", "uv": [ 1.0, 5.0, 2.5, 7.5 ] },
										"east": { "texture": "#yellowbanana", "uv": [ 6.0, 5.5, 7.5, 8.0 ] },
										"south": { "texture": "#yellowbanana", "uv": [ 0.5, 3.5, 2.0, 6.0 ] },
										"west": { "texture": "#yellowbanana", "uv": [ 1.5, 4.5, 3.0, 6.5 ], "autoUv": false },
										"up": { "texture": "#yellowbanana", "uv": [ 1.5, 1.5, 3.0, 3.0 ], "autoUv": false },
										"down": { "texture": "#yellowbanana", "uv": [ 1.0, 1.0, 2.5, 2.5 ] }
									}
								}
							]
						}
					]
				}
			]
		},
		{
			"name": "root8",
			"from": [ 8.0, 0.0, 16.0 ], 
			"to": [ 8.0, 0.0, 16.0 ], 
			"rotationOrigin": [ 8.0, 0.0, 16.0 ],
			"faces": {
				"north": { "texture": "#null", "uv": [ 0.0, 0.0, 0.5, 0.5 ], "enabled": false },
				"east": { "texture": "#null", "uv": [ 0.0, 0.0, 0.5, 0.5 ], "enabled": false },
				"south": { "texture": "#null", "uv": [ 0.0, 0.0, 0.5, 0.5 ], "enabled": false },
				"west": { "texture": "#null", "uv": [ 0.0, 0.0, 0.5, 0.5 ], "enabled": false },
				"up": { "texture": "#null", "uv": [ 0.0, 0.0, 0.5, 0.5 ], "enabled": false },
				"down": { "texture": "#null", "uv": [ 0.0, 0.0, 0.5, 0.5 ], "enabled": false }
			},
			"children": [
				{
					"name": "middle9",
					"from": [ -1.5, 0.0, -1.5 ], 
					"to": [ 1.5, 4.0, 1.5 ], 
					"rotationOrigin": [ -0.125, 0.0, -0.12 ],
					"faces": {
						"north": { "texture": "#yellowbanana", "uv": [ 0.5, 3.0, 3.0, 7.0 ], "autoUv": false },
						"east": { "texture": "#yellowbanana", "uv": [ 0.0, 4.0, 3.0, 8.0 ] },
						"south": { "texture": "#yellowbanana", "uv": [ 0.5, 4.0, 3.5, 8.0 ] },
						"west": { "texture": "#yellowbanana", "uv": [ 5.0, 4.0, 8.0, 8.0 ] },
						"up": { "texture": "#yellowbanana", "uv": [ 1.0, 1.0, 4.0, 4.0 ] },
						"down": { "texture": "#yellowbanana", "uv": [ 0.5, 5.0, 3.0, 7.5 ], "autoUv": false }
					},
					"children": [
						{
							"name": "upper10",
							"from": [ 0.25, 3.5, 0.4 ], 
							"to": [ 2.75, 5.5, 2.9 ], 
							"rotationOrigin": [ 1.25, 3.5, 1.35 ],
							"rotationX": -10.0,
							"faces": {
								"north": { "texture": "#yellowbanana", "uv": [ 0.0, 4.5, 2.5, 6.5 ] },
								"east": { "texture": "#yellowbanana", "uv": [ 1.5, 2.5, 4.0, 4.5 ] },
								"south": { "texture": "#yellowbanana", "uv": [ 5.5, 5.0, 8.0, 7.0 ] },
								"west": { "texture": "#yellowbanana", "uv": [ 2.0, 2.5, 4.5, 4.5 ] },
								"up": { "texture": "#yellowbanana", "uv": [ 0.0, 3.0, 2.5, 5.5 ] },
								"down": { "texture": "#yellowbanana", "uv": [ 2.0, 2.0, 4.5, 4.5 ] }
							},
							"children": [
								{
									"name": "upper11",
									"from": [ 0.25, 1.5, 0.4 ], 
									"to": [ 2.25, 3.5, 2.4 ], 
									"rotationOrigin": [ 0.95, 1.5, 0.96 ],
									"rotationX": -10.0,
									"faces": {
										"north": { "texture": "#yellowbanana", "uv": [ 1.0, 5.0, 3.0, 7.0 ] },
										"east": { "texture": "#yellowbanana", "uv": [ 6.0, 5.5, 8.0, 7.5 ] },
										"south": { "texture": "#yellowbanana", "uv": [ 0.5, 3.5, 2.5, 5.5 ] },
										"west": { "texture": "#yellowbanana", "uv": [ 1.5, 4.5, 3.0, 6.5 ], "autoUv": false },
										"up": { "texture": "#yellowbanana", "uv": [ 1.5, 1.5, 3.0, 3.0 ], "autoUv": false },
										"down": { "texture": "#yellowbanana", "uv": [ 1.0, 1.0, 3.0, 3.0 ] }
									},
									"children": [
										{
											"name": "upper12",
											"from": [ 0.5, 2.0, 0.5 ], 
											"to": [ 1.5, 2.5, 1.5 ], 
											"rotationOrigin": [ 0.75, 2.0, 0.75 ],
											"faces": {
												"north": { "texture": "#yellowbanana", "uv": [ 4.5, 0.5, 5.5, 1.0 ] },
												"east": { "texture": "#yellowbanana", "uv": [ 4.5, 1.0, 5.5, 1.5 ] },
												"south": { "texture": "#yellowbanana", "uv": [ 4.5, 1.5, 5.5, 2.0 ] },
												"west": { "texture": "#yellowbanana", "uv": [ 4.5, 1.0, 5.5, 1.5 ] },
												"up": { "texture": "#yellowbanana", "uv": [ 4.5, 1.5, 5.5, 2.5 ] },
												"down": { "texture": "#yellowbanana", "uv": [ 4.5, 0.5, 5.5, 1.5 ] }
											}
										}
									]
								}
							]
						},
						{
							"name": "lower13",
							"from": [ 0.25, -1.5, 0.4 ], 
							"to": [ 2.75, 0.5, 2.9 ], 
							"rotationOrigin": [ 1.25, 1.0, 1.35 ],
							"rotationX": 10.0,
							"faces": {
								"north": { "texture": "#yellowbanana", "uv": [ 0.0, 4.5, 2.5, 6.5 ] },
								"east": { "texture": "#yellowbanana", "uv": [ 1.5, 2.5, 4.0, 4.5 ] },
								"south": { "texture": "#yellowbanana", "uv": [ 5.5, 5.0, 8.0, 7.0 ] },
								"west": { "texture": "#yellowbanana", "uv": [ 2.0, 2.5, 4.5, 4.5 ] },
								"up": { "texture": "#yellowbanana", "uv": [ 0.0, 3.0, 2.5, 5.5 ] },
								"down": { "texture": "#yellowbanana", "uv": [ 2.0, 2.0, 4.5, 4.5 ] }
							},
							"children": [
								{
									"name": "lower14",
									"from": [ 0.25, -1.5, 0.4 ], 
									"to": [ 2.15, 0.5, 2.3 ], 
									"rotationOrigin": [ 0.95, 0.5, 0.96 ],
									"rotationX": 10.0,
									"faces": {
										"north": { "texture": "#yellowbanana", "uv": [ 1.0, 5.0, 2.5, 7.0 ] },
										"east": { "texture": "#yellowbanana", "uv": [ 6.0, 5.5, 7.5, 7.5 ] },
										"south": { "texture": "#yellowbanana", "uv": [ 0.5, 3.5, 2.0, 5.5 ] },
										"west": { "texture": "#yellowbanana", "uv": [ 1.5, 4.5, 3.0, 6.5 ], "autoUv": false },
										"up": { "texture": "#yellowbanana", "uv": [ 1.5, 1.5, 3.0, 3.0 ], "autoUv": false },
										"down": { "texture": "#yellowbanana", "uv": [ 1.0, 1.0, 2.5, 2.5 ] }
									}
								}
							]
						}
					]
				}
			]
		}
	]}