﻿{
	"code": "arm",
	"heldTpHitAnimation": "placeblock",
	"maxstacksize": 1,
	"shape": { "base": "block/wattengine/lever_arm" },
	"textures": {
		"brass1": { "base": "game:block/metal/sheet/brass1" }
	},
	"creativeinventory": {
		"general": [ "*" ],
		"harpmechanics": [ "*" ]
	},
	"guiTransform": {
		"rotation": {
			"x": 0,
			"y": 15,
			"z": 15
		},
		"origin": {
			"x": 0.5,
			"y": 0.5,
			"z": 0.5
		},
		"scale": 0.5
	},
	"groundTransform": {
		"translation": {
			"x": 0,
			"y": 0,
			"z": 0
		},
		"rotation": {
			"x": 0,
			"y": 0,
			"z": 0
		},
		"origin": {
			"x": 0.5,
			"y": 0,
			"z": 0.1
		},
		"scale": 2.9
	},
	"fpHandTransform": {
		"translation": {
			"x": -1,
			"y": 0,
			"z": 0.2
		},
		"rotation": {
			"x": 0,
			"y": 180,
			"z": 0
		},
		"origin": {
			"x": 0.5,
			"y": 0.5,
			"z": 0.5
		},
		"scale": 2
	},
	"heldTpIdleAnimation": "holdbothhandslarge",
	"heldTpUseAnimation": "twohandplaceblock",
	"tpHandTransform": {
		"translation": {
			"x": -1.8,
			"y": -0.91,
			"z": -0.6
		},
		"rotation": {
			"x": 100,
			"y": 0,
			"z": -78
		},
		"scale": 0.4
	}
}