﻿{
	"code": "bracketpiece",
	"heldTpHitAnimation": "placeblock",
	"maxstacksize": 2,
	"shape": { "base": "item/wattengine/bracket_piece" },
	"textures": {
		"iron": { "base": "game:block/metal/plate/iron" }
	},
	"creativeinventory": {
		"general": [ "*" ],
		"harpmechanics": [ "*" ]
	},
	"guiTransform": {
		"rotation": {
			"x": 90,
			"y": 15,
			"z": 0
		},
		"origin": {
			"x": 0.48,
			"y": 0.09,
			"z": 0.5
		},
		"scale": 2.4
	},
	"fpHandTransform": {
		"translation": {
			"x": 0,
			"y": -0.1,
			"z": 0
		},
		"rotation": {
			"x": 6,
			"y": 49,
			"z": 20
		}
	},
	"tpHandTransform": {
		"translation": {
			"x": -1.9,
			"y": -1.6,
			"z": -1.2
		},
		"rotation": {
			"x": -25,
			"y": 15,
			"z": -92
		}
	},
	"groundTransform": {
		"translation": {
			"x": 0,
			"y": 0.17,
			"z": 0
		},
		"rotation": {
			"x": 0,
			"y": 0,
			"z": 0
		},
		"origin": {
			"x": 0.5,
			"y": 0,
			"z": 0.5
		},
		"scale": 4
	}
}