[
 {
	ingredients: [
		{inputs: [{ type: "item", code: "expandedfoods:plaindoughball-dough", quantity: 1 }]},
		{inputs: [{ type: "item", code: "game:fruit-*", quantity: 1 }, { type: "item", code: "expandedfoods:dryfruit-*", quantity: 1 }, { type: "item", code: "expandedfoods:dehydratedfruit-*", quantity: 1 }, { "type": "item", "code": "expandedfoods:choppedvegetable-pumpkin", "quantity": 1}, { type: "item", code: "expandedfoods:candiedfruit-*", quantity: 1 }, { type: "item", code: "expandedfoods:gelatin-*", allowedVariants: ["blueberry", "cranberry", "blackcurrant", "redcurrant", "whitecurrant", "plain", "birch", "maple", "honey", "pineapple", "apple", "cherry", "peach", "pear", "orange", "mango", "breadfruit", "lychee", "pomegranate", "saguaro"], quantity: 1 }]},
		{inputs: [{ type: "item", code: "game:fruit-*", quantity: 1 }, { type: "item", code: "expandedfoods:dryfruit-*", quantity: 1 }, { type: "item", code: "expandedfoods:dehydratedfruit-*", quantity: 1 }, { "type": "item", "code": "expandedfoods:choppedvegetable-pumpkin", "quantity": 1}, { type: "item", code: "expandedfoods:candiedfruit-*", quantity: 1 }]},
		{inputs: [{ type: "item", code: "game:fruit-*", quantity: 1 }, { type: "item", code: "expandedfoods:dryfruit-*", quantity: 1 }, { type: "item", code: "expandedfoods:dehydratedfruit-*", quantity: 1 }, { "type": "item", "code": "expandedfoods:choppedvegetable-pumpkin", "quantity": 1}, { type: "item", code: "expandedfoods:candiedfruit-*", quantity: 1 }]},
		{inputs: [{ type: "item", code: "game:fruit-*", quantity: 1 }, { type: "item", code: "expandedfoods:dryfruit-*", quantity: 1 }, { type: "item", code: "expandedfoods:dehydratedfruit-*", quantity: 1 }, { "type": "item", "code": "expandedfoods:choppedvegetable-pumpkin", "quantity": 1}, { type: "item", code: "expandedfoods:candiedfruit-*", quantity: 1 }]},
		{inputs: [{ type: "item", code: "game:fruit-*", quantity: 1 }, { type: "item", code: "expandedfoods:dryfruit-*", quantity: 1 }, { type: "item", code: "expandedfoods:dehydratedfruit-*", quantity: 1 }, { "type": "item", "code": "expandedfoods:choppedvegetable-pumpkin", "quantity": 1}, { type: "item", code: "expandedfoods:candiedfruit-*", quantity: 1 }]}	
	],
	output: { type: "item", code: "expandedfoods:muffin-dough", stackSize: 1}
 },
 {
	ingredients: [
		{inputs: [{ type: "item", code: "expandedfoods:plaindoughball-dough", quantity: 1 }]},
		{inputs: [{ type: "item", code: "game:fruit-*", quantity: 1 }, { type: "item", code: "expandedfoods:dryfruit-*", quantity: 1 }, { type: "item", code: "expandedfoods:dehydratedfruit-*", quantity: 1 }, { "type": "item", "code": "expandedfoods:choppedvegetable-pumpkin", "quantity": 1}, { type: "item", code: "expandedfoods:candiedfruit-*", quantity: 1 }, { type: "item", code: "expandedfoods:gelatin-*", allowedVariants: ["blueberry", "cranberry", "blackcurrant", "redcurrant", "whitecurrant", "plain", "birch", "maple", "honey", "pineapple", "apple", "cherry", "peach", "pear", "orange", "mango", "breadfruit", "lychee", "pomegranate", "saguaro"], quantity: 1 }]},
		{inputs: [{ type: "item", code: "game:fruit-*", quantity: 1 }, { type: "item", code: "expandedfoods:dryfruit-*", quantity: 1 }, { type: "item", code: "expandedfoods:dehydratedfruit-*", quantity: 1 }, { "type": "item", "code": "expandedfoods:choppedvegetable-pumpkin", "quantity": 1}, { type: "item", code: "expandedfoods:candiedfruit-*", quantity: 1 }]},
		{inputs: [{ type: "item", code: "game:fruit-*", quantity: 1 }, { type: "item", code: "expandedfoods:dryfruit-*", quantity: 1 }, { type: "item", code: "expandedfoods:dehydratedfruit-*", quantity: 1 }, { "type": "item", "code": "expandedfoods:choppedvegetable-pumpkin", "quantity": 1}, { type: "item", code: "expandedfoods:candiedfruit-*", quantity: 1 }]},
		{inputs: [{ type: "item", code: "game:fruit-*", quantity: 1 }, { type: "item", code: "expandedfoods:dryfruit-*", quantity: 1 }, { type: "item", code: "expandedfoods:dehydratedfruit-*", quantity: 1 }, { "type": "item", "code": "expandedfoods:choppedvegetable-pumpkin", "quantity": 1}, { type: "item", code: "expandedfoods:candiedfruit-*", quantity: 1 }]}
	],
	output: { type: "item", code: "expandedfoods:muffin-dough", stackSize: 1}
 },
 {
	ingredients: [
		{inputs: [{ type: "item", code: "expandedfoods:plaindoughball-dough", quantity: 1 }]},
		{inputs: [{ type: "item", code: "game:fruit-*", quantity: 1 }, { type: "item", code: "expandedfoods:dryfruit-*", quantity: 1 }, { type: "item", code: "expandedfoods:dehydratedfruit-*", quantity: 1 }, { "type": "item", "code": "expandedfoods:choppedvegetable-pumpkin", "quantity": 1}, { type: "item", code: "expandedfoods:candiedfruit-*", quantity: 1 }]},
		{inputs: [{ type: "item", code: "game:fruit-*", quantity: 1 }, { type: "item", code: "expandedfoods:dryfruit-*", quantity: 1 }, { type: "item", code: "expandedfoods:dehydratedfruit-*", quantity: 1 }, { "type": "item", "code": "expandedfoods:choppedvegetable-pumpkin", "quantity": 1}, { type: "item", code: "expandedfoods:candiedfruit-*", quantity: 1 }]},
		{inputs: [{ type: "item", code: "game:fruit-*", quantity: 1 }, { type: "item", code: "expandedfoods:dryfruit-*", quantity: 1 }, { type: "item", code: "expandedfoods:dehydratedfruit-*", quantity: 1 }, { "type": "item", "code": "expandedfoods:choppedvegetable-pumpkin", "quantity": 1}, { type: "item", code: "expandedfoods:candiedfruit-*", quantity: 1 }]}
	],
	output: { type: "item", code: "expandedfoods:muffin-dough", stackSize: 1}
 },
 {
	ingredients: [
		{inputs: [{ type: "item", code: "expandedfoods:plaindoughball-dough", quantity: 1 }]},
		{inputs: [{ type: "item", code: "game:fruit-*", quantity: 1 }, { type: "item", code: "expandedfoods:dryfruit-*", quantity: 1 }, { type: "item", code: "expandedfoods:dehydratedfruit-*", quantity: 1 }, { "type": "item", "code": "expandedfoods:choppedvegetable-pumpkin", "quantity": 1}, { type: "item", code: "expandedfoods:candiedfruit-*", quantity: 1 }]},
		{inputs: [{ type: "item", code: "game:fruit-*", quantity: 1 }, { type: "item", code: "expandedfoods:dryfruit-*", quantity: 1 }, { type: "item", code: "expandedfoods:dehydratedfruit-*", quantity: 1 }, { "type": "item", "code": "expandedfoods:choppedvegetable-pumpkin", "quantity": 1}, { type: "item", code: "expandedfoods:candiedfruit-*", quantity: 1 }]}
	],
	output: { type: "item", code: "expandedfoods:muffin-dough", stackSize: 1}
 },
 {
	ingredients: [
		{inputs: [{ type: "item", code: "expandedfoods:plaindoughball-dough", quantity: 1 }]},
		{inputs: [{ type: "item", code: "game:fruit-*", quantity: 1 }, { type: "item", code: "expandedfoods:dryfruit-*", quantity: 1 }, { type: "item", code: "expandedfoods:dehydratedfruit-*", quantity: 1 }, { "type": "item", "code": "expandedfoods:choppedvegetable-pumpkin", "quantity": 1}, { type: "item", code: "expandedfoods:candiedfruit-*", quantity: 1 }, { type: "item", code: "expandedfoods:gelatin-*", allowedVariants: ["blueberry", "cranberry", "blackcurrant", "redcurrant", "whitecurrant", "plain", "birch", "maple", "honey", "pineapple", "apple", "cherry", "peach", "pear", "orange", "mango", "breadfruit", "lychee", "pomegranate", "saguaro"], quantity: 1 }]},
		],
	output: { type: "item", code: "expandedfoods:muffin-dough", stackSize: 1}
 },
]