[
  {
    "ingredientPattern": "AS,LP",
    "ingredients": {
      "P": { "type": "item", "code": "game:pickaxe-silver" },
      "A": { "type": "item", "code": "game:axe-felling-silver" },
      "S": { "type": "item", "code": "game:shovel-silver" },
      "L": { "type": "item", "code": "game:flaxtwine", "quantity": 4 }
    },
    "width": 2,
    "height": 2,
    "recipeGroup": 1,
    "shapeless": false,
    "output": { "type": "item", "code": "paxel:paxel-silver", "quantity": 1 }
  },
  {
    "ingredientPattern": "_AS,_TP,TL_",
    "ingredients": {
      "P": { "type": "item", "code": "game:pickaxehead-silver" },
      "A": { "type": "item", "code": "game:axehead-silver" },
      "S": { "type": "item", "code": "game:shovelhead-silver" },
      "T": { "type": "item", "code": "game:stick", "quantity": 2 },
      "L": { "type": "item", "code": "game:flaxtwine", "quantity": 4 }
    },
    "width": 3,
    "height": 3,
    "recipeGroup": 2,
    "shapeless": false,
    "output": { "type": "item", "code": "paxel:paxel-silver", "quantity": 1 }
  },
  {
    "ingredientPattern": "__P,_T_,TL_",
    "ingredients": {
      "P": { "type": "item", "code": "paxel:paxelhead-silver" },
      "T": { "type": "item", "code": "game:stick", "quantity": 2 },
      "L": { "type": "item", "code": "game:flaxtwine", "quantity": 4 }
    },
    "width": 3,
    "height": 3,
    "recipeGroup": 3,
    "shapeless": false,
    "output": { "type": "item", "code": "paxel:paxel-silver", "quantity": 1 }
  },
  {
    "ingredientPattern": "AS,_P",
    "ingredients": {
      "P": { "type": "item", "code": "game:pickaxehead-silver" },
      "A": { "type": "item", "code": "game:axehead-silver" },
      "S": { "type": "item", "code": "game:shovelhead-silver" }
    },
    "width": 2,
    "height": 2,
    "shapeless": false,
    "output": { "type": "item", "code": "paxel:paxelhead-silver", "quantity": 1 }
  },
  {
    "ingredientPattern": "HCP",
    "ingredients": {
      "H": { "type": "item", "code": "game:hammer-*", "allowedVariants": [ "copper", "blackbronze", "tinbronze", "bismuthbronze", "silver", "gold", "iron", "meteoriciron", "steel" ], "isTool": true, "toolDurabilityCost": 30 },
      "C": { "type": "item", "code": "game:chisel-*", "allowedVariants": [ "copper", "blackbronze", "tinbronze", "bismuthbronze", "iron", "meteoriciron", "steel" ], "isTool": true, "toolDurabilityCost": 30 },
      "P": { "type": "item", "code": "paxel:paxelhead-silver", "returnedStack": { "type": "item", "code": "game:pickaxehead-silver", "quantity": 1 } }
    },
    "width": 3,
    "height": 1,
    "shapeless": true,
    "output": { "type": "item", "code": "paxel:axelhead-silver", "quantity": 1 }
  },
  {
    "ingredientPattern": "HCA",
    "ingredients": {
      "H": { "type": "item", "code": "game:hammer-*", "allowedVariants": [ "copper", "blackbronze", "tinbronze", "bismuthbronze", "silver", "gold", "iron", "meteoriciron", "steel" ], "isTool": true, "toolDurabilityCost": 30 },
      "C": { "type": "item", "code": "game:chisel-*", "allowedVariants": [ "copper", "blackbronze", "tinbronze", "bismuthbronze", "iron", "meteoriciron", "steel" ], "isTool": true, "toolDurabilityCost": 30 },
      "A": { "type": "item", "code": "paxel:axelhead-silver", "returnedStack": { "type": "item", "code": "game:axehead-silver", "quantity": 1 } }
    },
    "width": 3,
    "height": 1,
    "shapeless": true,
    "output": { "type": "item", "code": "game:shovelhead-silver", "quantity": 1 }
  }
]
