[
  {
    "ingredientPattern": "_AS,ROP",
    "ingredients": {
      "P": { "type": "item", "code": "game:hoe-andesite" },
      "A": { "type": "item", "code": "game:axe-andesite" },
      "S": { "type": "item", "code": "game:shovel-andesite" },
      "R": { "type": "item", "code": "game:resin", "quantity": 2 },
      "O": { "type": "item", "code": "game:rope", "quantity": 4 }
    },
    "width": 3,
    "height": 2,
    "recipeGroup": 1,
    "shapeless": false,
    "output": { "type": "item", "code": "paxel:paxel-andesite", "quantity": 1 }
  },
  {
    "ingredientPattern": "_AS,RTP,TO_",
    "ingredients": {
      "P": { "type": "item", "code": "game:hoehead-andesite" },
      "A": { "type": "item", "code": "game:axehead-andesite" },
      "S": { "type": "item", "code": "game:shovelhead-andesite" },
      "R": { "type": "item", "code": "game:resin", "quantity": 2 },
      "T": { "type": "item", "code": "game:stick", "quantity": 2 },
      "O": { "type": "item", "code": "game:rope", "quantity": 4 }
    },
    "width": 3,
    "height": 3,
    "recipeGroup": 2,
    "shapeless": false,
    "output": { "type": "item", "code": "paxel:paxel-andesite", "quantity": 1 }
  },
  {
    "ingredientPattern": "__P,_S_,SO_",
    "ingredients": {
      "P": { "type": "item", "code": "paxel:paxelhead-andesite" },
      "S": { "type": "item", "code": "game:stick", "quantity": 2 },
      "O": { "type": "item", "code": "game:rope", "quantity": 4 }
    },
    "width": 3,
    "height": 3,
    "recipeGroup": 3,
    "shapeless": false,
    "output": { "type": "item", "code": "paxel:paxel-andesite", "quantity": 1 }
  },

 {
    "ingredientPattern": "AS,RP",
    "ingredients": {
      "P": { "type": "item", "code": "game:hoehead-andesite" },
      "A": { "type": "item", "code": "game:axehead-andesite" },
      "S": { "type": "item", "code": "game:shovelhead-andesite" },
      "R": { "type": "item", "code": "game:resin", "quantity": 2 }
    },
    "width": 2,
    "height": 2,
    "shapeless": false,
    "output": { "type": "item", "code": "paxel:paxelhead-andesite", "quantity": 1 },
    "condition": { "when": "PaxelAndesiteRecipeEnabled", "isValue": "true" }
 },

]

