{
        "code": "powdered-ore",
	"variantgroups": [
		{ "code": "type", "states": [
			"bauxite", "boneash",
			"cassiterite", "cinnabar", "chromite", "chromiumoxide", "coal", "corundum", "cupronickel",
			"electrum",
			"fluorite",
			"galena", "granite", "graphite",
			"hematite",
			"ilmenite",
			"kernite",
			"lapislazuli", "limonite", "litharge", "leadoxide",
			"magnetite", "malachite", "massicot",
			"olivine",
			"pentlandite", "phosphorite",
			"redphosphorus", "rhodochrosite",
			"quartz", "sphalerite",
			"whitelead", "whitephosphorus",
			"yellowcake", "zincoxide"
		] }
	],
	"attributes": {
		"inContainerTexture": { "base": "em:item/resource/powdered/ore/incontainer/{type}" },
		"displaycaseable": true,
		"shelvable": true,
		"onDisplayTransform": {
			"translation": { "x": 0.05, "y": 0, "z": 0 },
			"origin": { "x": 0.5, "y": 0, "z": 0.5 },
			"scale": 0.65
		},
		"handbook": { "extraSections": [ { "title": "handbook-item-usage", "text": "handbook-item-usage-powdered-ore-{type}" } ] }
	},
	"attributesByType": {
		"powdered-ore-boneash": {
			"fertilizerProps": { "n": 0, "p": 42, "k": 0 },
			"fertilizerTextureCode": "bonemeal"
		},
		"powdered-ore-coal": {
			"dissolveInWater": true
		},
		"powdered-ore-corundum": {
			"dissolveInWater": true
		},
		"powdered-ore-kernite": {
			"dissolveInWater": true
		},
		"powdered-ore-quartz": {
			"dissolveInWater": true
		}
	},
	"lightHsvByType": {
		"powdered-ore-fluorite": [ 11, 1, 3 ],
		"powdered-ore-phosphorite": [ 10, 1, 3 ],
		"powdered-ore-redphosphorus": [ 1, 3, 4 ],
		"powdered-ore-whitephosphorus": [ 47, 1, 4 ],
		"powdered-ore-yellowcake": [ 14, 4, 4 ]
	},
	"vertexFlagsByType": {
		"powdered-ore-fluorite": { "glowLevel": 80 },
		"powdered-ore-phosphorite": { "glowLevel": 100 },
		"powdered-ore-redphosphorus": { "glowLevel": 220 },
		"powdered-ore-whitephosphorus": { "glowLevel": 255 },
		"powdered-ore-yellowcake": { "glowLevel": 255 }
	},
	"glowLevelByType": {
		"powdered-ore-fluorite": 90,
		"powdered-ore-phosphorite": 110,
		"powdered-ore-whitephosphorus": 240,
		"powdered-ore-redphosphorus": 100,
		"powdered-ore-yellowcake": 200
	},
	"texturesByType": {
		"*": { "all": { "base": "em:item/resource/powdered/ore/{type}" } }
	},
        "shapeByType": {
		"@^powdered-ore-(fluorite|phosphorite|whitephosphorus|redphosphorus|yellowcake)": { "base": "em:item/resource/powdered_glow" },
		"*": { "base": "em:item/resource/powdered" }
	},
        "creativeinventoryByType": {
		"@^powdered-ore-(fluorite)": { "general": ["*"], "items": ["*"], "glass": ["*"], "luminous": ["*"] },
		"*": { "general": ["*"], "items": ["*"], "ceramics": ["*"] }
	},
	"combustiblePropsByType": {
		"powdered-ore-bauxite": {
			"meltingPoint": 1150,
			"meltingDuration": 12,
			"smeltingType": "convert",
			"smeltedStack": { "type": "item", "code": "em:powdered-ore-corundum" },
			"requiresContainer": false
		},
		"powdered-ore-boneash": {
			"meltingPoint": 1310,
			"meltingDuration": 18,
			"smeltingType": "convert",
			"smeltedStack": { "type": "item", "code": "em:powdered-ore-whitephosphorus" },
			"requiresContainer": false
		},
		"powdered-ore-coal": {
			"burnTemperature": 1100,
			"burnDuration": 18
		},
		"powdered-ore-chromite": {
			"meltingPoint": 1000,
			"meltingDuration": 6,
			"smeltingType": "convert",
			"smeltedStack": { "type": "item", "code": "em:powdered-ore-chromiumoxide" },
			"requiresContainer": false
		},
		"powdered-ore-galena": {
			"meltingPoint": 1000,
			"meltingDuration": 6,
			"smeltingType": "convert",
			"smeltedStack": { "type": "item", "code": "em:powdered-ore-leadoxide" },
			"requiresContainer": false
		},
		"powdered-ore-leadoxide": {
			"meltingPoint": 600,
			"meltingDuration": 12,
			"smeltingType": "convert",
			"smeltedStack": { "type": "item", "code": "em:powdered-ore-massicot" },
			"requiresContainer": false
		},
		"powdered-ore-massicot": {
			"meltingPoint": 488,
			"meltingDuration": 16,
			"smeltingType": "convert",
			"smeltedStack": { "type": "item", "code": "em:powdered-ore-litharge" },
			"requiresContainer": false
		},
		"powdered-ore-litharge": {
			"meltingPoint": 488,
			"meltingDuration": 16,
			"smeltingType": "convert",
			"smeltedStack": { "type": "item", "code": "em:powdered-ore-massicot" },
			"requiresContainer": false
		},
		"powdered-ore-limonite": {
			"meltingPoint": 950,
			"meltingDuration": 18,
			"smeltingType": "convert",
			"smeltedStack": { "type": "item", "code": "em:powdered-ore-hematite" },
			"requiresContainer": false
		},
		"powdered-ore-pentlandite": {
			"meltingPoint": 950,
			"meltingDuration": 18,
			"smeltingType": "convert",
			"smeltedStack": { "type": "item", "code": "em:powdered-metal-nickel" },
			"requiresContainer": false
		},
		"powdered-ore-phosphorite": {
			"meltingPoint": 1310,
			"meltingDuration": 11,
			"smeltingType": "convert",
			"smeltedStack": { "type": "item", "code": "em:powdered-ore-whitephosphorus" },
			"requiresContainer": false
		},
		"powdered-ore-sphalerite": {
			"meltingPoint": 950,
			"meltingDuration": 11,
			"smeltingType": "convert",
			"smeltedStack": { "type": "item", "code": "em:powdered-metal-zinc" },
			"requiresContainer": false
		},
		"powdered-ore-whitephosphorus": {
			"meltingPoint": 300,
			"meltingDuration": 20,
			"smeltingType": "convert",
			"smeltedStack": { "type": "item", "code": "em:powdered-ore-redphosphorus" },
			"requiresContainer": false
		}
        },
        "maxstacksize": 128,
        "materialDensity": 500,
	"heldTpIdleAnimation": "holdbothhands",
	"tpHandTransform": {
		"translation": { "x": -1.67, "y": -1.25, "z": -0.8 },
		"rotation": { "x": 70, "y": 11, "z": -65 },
		"scale": 0.41
        },
        "fpHandTransform": {
		"translation": { "x": 0, "y": 0, "z": 0.15 },
		"rotation": { "x": -170, "y": 90, "z": -172 },
		"scale": 1.4
        },
	"guiTransform": {
		"translation": { "x": -2, "y": 1, "z": -25 },
                "rotation": { "x": 158, "y": 28, "z": 3 },
		"origin": { "x": 0.29, "y": -0.05, "z": 0.8 },
		"scale": 2.5
        }
}
