﻿[
 {
   file: "expandedfoods:recipes/kneading/wildcraft/herbstuff/pemmicanherb.json",
    op: "addeach", 
    path: "/0/ingredients/4/inputs/-", 
    value: [{ type: "item", code: "expandedfoods:saltedmeatnugget-*-raw", quantity: 1}],
    "side": "server",
    dependsOn: [{ "modid": "ancienttools" }, { "modid": "wildcraft" }]
 },
 {
   file: "expandedfoods:recipes/kneading/wildcraft/herbstuff/pemmicanherb.json",
    op: "addeach", 
    path: "/0/ingredients/5/inputs/-", 
    value: [{ type: "item", code: "expandedfoods:saltedmeatnugget-*-raw", quantity: 1}],
    "side": "server",
    dependsOn: [{ "modid": "ancienttools" }, { "modid": "wildcraft" }]
 },
 {
   file: "expandedfoods:recipes/kneading/wildcraft/herbstuff/pemmicanherb.json",
    op: "addeach", 
    path: "/1/ingredients/4/inputs/-", 
    value: [{ type: "item", code: "expandedfoods:saltedmeatnugget-*-raw", quantity: 1}],
    "side": "server",
    dependsOn: [{ "modid": "ancienttools" }, { "modid": "wildcraft" }]
 },
 {
   file: "expandedfoods:recipes/kneading/wildcraft/herbstuff/pemmicanherb.json",
    op: "addeach", 
    path: "/1/ingredients/5/inputs/-", 
    value: [{ type: "item", code: "expandedfoods:saltedmeatnugget-*-raw", quantity: 1}],
    "side": "server",
    dependsOn: [{ "modid": "ancienttools" }, { "modid": "wildcraft" }]
 },
]