[
  {
    "op": "addeach",
	"path": "/ingredients/4/validStacks/-",
	"value": [
        {
          "type": "item",
          "code": "morecrops:vegetable-*",
          "shapeElement": "bowl/vegetable 1/*"
        },
		{
          "type": "item",
          "code": "morecrops:pickledvegetable-*",
          "shapeElement": "bowl/vegetable 1/*"
        },
		{
          "type": "item",
          "code": "morecrops:choppedvegetable-*",
          "shapeElement": "bowl/vegetable 1/*"
        }
      ],
    "side": "server",
    "file": "recipes/cooking/meatystew.json"
  },
  {
    "op": "addeach",
	"path": "/ingredients/5/validStacks/-",
	"value": [
        {
          "type": "item",
          "code": "morecrops:vegetable-*",
          "shapeElement": "bowl/vegetable 2/*"
        },
		{
          "type": "item",
          "code": "morecrops:pickledvegetable-*",
          "shapeElement": "bowl/vegetable 2/*"
        },
		{
          "type": "item",
          "code": "morecrops:choppedvegetable-*",
          "shapeElement": "bowl/vegetable 2/*"
        }
      ],
    "side": "server",
    "file": "recipes/cooking/meatystew.json"
  }
]