{
	"editor": {
		"allAngles": false,
		"entityTextureMode": false
	},
	"textureWidth": 16,
	"textureHeight": 16,
	"textureSizes": {
	},
	"textures": {
		"brass": "/Users/HARPWNER/AppData/Roaming/Vintagestory/assets/survival/textures/block/metal/plate/brass"
	},
	"elements": [
		{
			"name": "spoke39",
			"from": [ 9.0, 19.1, 6.5 ], 
			"to": [ 25.0, 20.9, 8.5 ], 
			"rotationOrigin": [ 8.0, 20.0, 6.0 ],
			"rotationZ": -90.0,
			"faces": {
				"north": { "texture": "#brass", "uv": [ 0.0, 0.0, 16.0, 1.5 ] },
				"east": { "texture": "#brass", "uv": [ 0.0, 0.0, 2.0, 1.5 ] },
				"south": { "texture": "#brass", "uv": [ 0.0, 0.0, 16.0, 1.5 ] },
				"west": { "texture": "#brass", "uv": [ 0.0, 0.0, 2.0, 1.5 ] },
				"up": { "texture": "#brass", "uv": [ 0.0, 0.0, 16.0, 2.0 ] },
				"down": { "texture": "#brass", "uv": [ 0.0, 0.0, 16.0, 2.0 ] }
			},
			"children": [
				{
					"name": "Outer28",
					"from": [ 16.0, -1.74, -0.499 ], 
					"to": [ 19.0, 3.54, 2.501 ], 
					"rotationOrigin": [ -1.0, 0.9, -0.5 ],
					"rotationZ": 15.0,
					"faces": {
						"north": { "texture": "#brass", "uv": [ 0.0, 0.0, 3.0, 5.0 ] },
						"east": { "texture": "#brass", "uv": [ 0.0, 0.0, 3.0, 5.0 ] },
						"south": { "texture": "#brass", "uv": [ 0.0, 0.0, 3.0, 5.0 ] },
						"west": { "texture": "#brass", "uv": [ 0.0, 0.0, 3.0, 5.0 ] },
						"up": { "texture": "#brass", "uv": [ 0.0, 0.0, 3.0, 3.0 ] },
						"down": { "texture": "#brass", "uv": [ 0.0, 0.0, 3.0, 3.0 ] }
					}
				},
				{
					"name": "Outer27",
					"from": [ 16.0, -1.74, -0.5 ], 
					"to": [ 19.0, 3.54, 2.5 ], 
					"rotationOrigin": [ -1.0, 0.9, -0.5 ],
					"faces": {
						"north": { "texture": "#brass", "uv": [ 0.0, 0.0, 3.0, 5.0 ] },
						"east": { "texture": "#brass", "uv": [ 0.0, 0.0, 3.0, 5.0 ] },
						"south": { "texture": "#brass", "uv": [ 0.0, 0.0, 3.0, 5.0 ] },
						"west": { "texture": "#brass", "uv": [ 0.0, 0.0, 3.0, 5.0 ] },
						"up": { "texture": "#brass", "uv": [ 0.0, 0.0, 3.0, 3.0 ] },
						"down": { "texture": "#brass", "uv": [ 0.0, 0.0, 3.0, 3.0 ] }
					}
				},
				{
					"name": "Outer26",
					"from": [ 16.0, -1.74, -0.499 ], 
					"to": [ 19.0, 3.54, 2.501 ], 
					"rotationOrigin": [ -1.0, 0.9, -0.5 ],
					"rotationZ": -15.0,
					"faces": {
						"north": { "texture": "#brass", "uv": [ 0.0, 0.0, 3.0, 5.0 ] },
						"east": { "texture": "#brass", "uv": [ 0.0, 0.0, 3.0, 5.0 ] },
						"south": { "texture": "#brass", "uv": [ 0.0, 0.0, 3.0, 5.0 ] },
						"west": { "texture": "#brass", "uv": [ 0.0, 0.0, 3.0, 5.0 ] },
						"up": { "texture": "#brass", "uv": [ 0.0, 0.0, 3.0, 3.0 ] },
						"down": { "texture": "#brass", "uv": [ 0.0, 0.0, 3.0, 3.0 ] }
					}
				}
			]
		}
	]}