{
	"editor": {
		"allAngles": false,
		"entityTextureMode": false
	},
	"textureWidth": 16,
	"textureHeight": 16,
	"textureSizes": {
	},
	"textures": {
		"iron": "/Users/HARPWNER/AppData/Roaming/Vintagestory/assets/survival/textures/block/metal/plate/iron"
	},
	"elements": [
		{
			"name": "Arm",
			"from": [ 7.5, 7.0, 7.5 ], 
			"to": [ 8.5, 13.5, 8.5 ], 
			"rotationOrigin": [ 8.0, 7.0, 8.0 ],
			"faces": {
				"north": { "texture": "#iron", "uv": [ 0.0, 0.0, 1.0, 6.5 ] },
				"east": { "texture": "#iron", "uv": [ 0.0, 0.0, 1.0, 6.5 ] },
				"south": { "texture": "#iron", "uv": [ 0.0, 0.0, 1.0, 6.5 ] },
				"west": { "texture": "#iron", "uv": [ 0.0, 0.0, 1.0, 6.5 ] },
				"up": { "texture": "#iron", "uv": [ 0.0, 0.0, 1.0, 1.0 ] },
				"down": { "texture": "#iron", "uv": [ 0.0, 0.0, 1.0, 1.0 ] }
			},
			"children": [
				{
					"name": "Cube4",
					"from": [ -0.5, 6.5, -0.5 ], 
					"to": [ 1.5, 8.5, 1.5 ], 
					"rotationOrigin": [ -1.0, 7.0, -1.0 ],
					"faces": {
						"north": { "texture": "#iron", "uv": [ 0.0, 0.0, 2.0, 2.0 ] },
						"east": { "texture": "#iron", "uv": [ 0.0, 0.0, 2.0, 2.0 ] },
						"south": { "texture": "#iron", "uv": [ 0.0, 0.0, 2.0, 2.0 ] },
						"west": { "texture": "#iron", "uv": [ 0.0, 0.0, 2.0, 2.0 ] },
						"up": { "texture": "#iron", "uv": [ 0.0, 0.0, 2.0, 2.0 ] },
						"down": { "texture": "#iron", "uv": [ 0.0, 0.0, 2.0, 2.0 ] }
					}
				},
				{
					"name": "Cube1",
					"from": [ -0.5, -7.0, -0.5 ], 
					"to": [ 1.5, 0.0, 1.5 ], 
					"rotationOrigin": [ 0.5, -7.0, 0.5 ],
					"rotationY": 45.0,
					"faces": {
						"north": { "texture": "#iron", "uv": [ 0.0, 0.0, 2.0, 7.0 ] },
						"east": { "texture": "#iron", "uv": [ 0.0, 0.0, 2.0, 7.0 ] },
						"south": { "texture": "#iron", "uv": [ 0.0, 0.0, 2.0, 7.0 ] },
						"west": { "texture": "#iron", "uv": [ 0.0, 0.0, 2.0, 7.0 ] },
						"up": { "texture": "#iron", "uv": [ 0.0, 0.0, 2.0, 2.0 ] },
						"down": { "texture": "#iron", "uv": [ 0.0, 0.0, 2.0, 2.0 ] }
					}
				}
			]
		}
	]}