{
	"editor": {
		"allAngles": false,
		"entityTextureMode": false
	},
	"textureWidth": 16,
	"textureHeight": 16,
	"textureSizes": {
	},
	"textures": {
		"iron": "/Users/HARPWNER/AppData/Roaming/Vintagestory/assets/survival/textures/block/metal/plate/iron"
	},
	"elements": [
		{
			"name": "Piston",
			"from": [ 5.0, 0.0, 5.0 ], 
			"to": [ 11.0, 3.0, 11.0 ], 
			"rotationOrigin": [ 5.0, 0.0, 5.0 ],
			"faces": {
				"north": { "texture": "#iron", "uv": [ 0.0, 0.0, 6.0, 3.0 ] },
				"east": { "texture": "#iron", "uv": [ 0.0, 0.0, 6.0, 3.0 ] },
				"south": { "texture": "#iron", "uv": [ 0.0, 0.0, 6.0, 3.0 ] },
				"west": { "texture": "#iron", "uv": [ 0.0, 0.0, 6.0, 3.0 ] },
				"up": { "texture": "#iron", "uv": [ 0.0, 0.0, 6.0, 6.0 ] },
				"down": { "texture": "#iron", "uv": [ 0.0, 0.0, 6.0, 6.0 ] }
			}
		}
	]}