[
	{
		"ingredientPattern": "_T_,PLP,SSS",
		"ingredients": {
			"T": { "type": "item", "code": "game:flaxtwine" },
			"L": { "type": "block", "code": "game:linen-*" },
			"S": { "type": "item", "code": "game:seeds-*" },
			"P": { "type": "item", "code": "game:metalplate-*", "allowedVariants": ["tinbronze", "bismuthbronze", "blackbronze"] }
		},
		"width": 3,
		"height": 3,
		"name": "agriculturebag",
		"output": { "type": "item", "code": "specializedbags:agriculturebag"  }
	},
	{
		"ingredientPattern": "PLP,SSS",
		"ingredients": {
			"L": { "type": "item", "code": "game:linensack" },
			"S": { "type": "item", "code": "game:seeds-*" },
			"P": { "type": "item", "code": "game:metalplate-*", "allowedVariants": ["tinbronze", "bismuthbronze", "blackbronze"] }
		},
		"width": 3,
		"height": 2,
		"name": "agriculturebag",
		"output": { "type": "item", "code": "specializedbags:agriculturebag"  }
	}
]