[
	{
		"ingredientPattern": "_T_,PLP,RRR",
		"ingredients": {
			"T": { "type": "item", "code": "game:flaxtwine" },
			"L": { "type": "block", "code": "game:linen-*" },
			"R": { "type": "block", "code": "game:rock-*" },
			"P": { "type": "item", "code": "game:metalplate-*", "allowedVariants": ["tinbronze", "bismuthbronze", "blackbronze"] }
		},
		"width": 3,
		"height": 3,
		"name": "builderbag",
		"output": { "type": "item", "code": "specializedbags:builderbag"  }
	},
	{
		"ingredientPattern": "PLP,RRR",
		"ingredients": {
			"L": { "type": "item", "code": "game:linensack" },
			"R": { "type": "block", "code": "game:rock-*" },
			"P": { "type": "item", "code": "game:metalplate-*", "allowedVariants": ["tinbronze", "bismuthbronze", "blackbronze"] }
		},
		"width": 3,
		"height": 2,
		"name": "builderbag",
		"output": { "type": "item", "code": "specializedbags:builderbag"  }
	}
]