[
	{
		"ingredientPattern": "_T_,PLP,WWW",
		"ingredients": {
			"T": { "type": "item", "code": "game:flaxtwine" },
			"L": { "type": "block", "code": "game:linen-*" },
			"W": { "type": "block", "code": "game:log-*" },
			"P": { "type": "item", "code": "game:metalplate-*", "allowedVariants": ["tinbronze", "bismuthbronze", "blackbronze"] }
		},
		"width": 3,
		"height": 3,
		"name": "forestrybag",
		"output": { "type": "item", "code": "specializedbags:forestrybag"  }
	},
	{
		"ingredientPattern": "PLP,WWW",
		"ingredients": {
			"L": { "type": "item", "code": "game:linensack" },
			"W": { "type": "block", "code": "game:log-*" },
			"P": { "type": "item", "code": "game:metalplate-*", "allowedVariants": ["tinbronze", "bismuthbronze", "blackbronze"] }
		},
		"width": 3,
		"height": 2,
		"name": "forestrybag",
		"output": { "type": "item", "code": "specializedbags:forestrybag"  }
	}
]