{
	"editor": {
		"backDropShape": "game:entity/humanoid/seraph",
		"allAngles": true,
		"entityTextureMode": false
	},
	"textureWidth": 16,
	"textureHeight": 16,
	"textureSizes": {
		"pendants2": [16,16]
	},
	"textures": {
		"gold": "game:block/metal/ingot/gold"
	},
	"elements": [
		{
			"name": "origin",
			"stepParentName": "Neck",
			"from": [ 1.0, 2.0, 1.3 ], 
			"to": [ 1.0, 2.0, 1.3 ], 
			"rotationOrigin": [ 1.0, 2.0, 1.3 ],
			"rotationZ": -14.0,
			"faces": {
				"north": { "texture": "#gold", "uv": [ 0.0, 0.0, 0.5, 0.5 ], "enabled": false },
				"east": { "texture": "#gold", "uv": [ 0.0, 0.0, 0.5, 0.5 ], "enabled": false },
				"south": { "texture": "#gold", "uv": [ 0.0, 0.0, 0.5, 0.5 ], "enabled": false },
				"west": { "texture": "#gold", "uv": [ 0.0, 0.0, 0.5, 0.5 ], "enabled": false },
				"up": { "texture": "#gold", "uv": [ 0.0, 0.0, 0.5, 0.5 ], "enabled": false },
				"down": { "texture": "#gold", "uv": [ 0.0, 0.0, 0.5, 0.5 ], "enabled": false }
			},
			"children": [
				{
					"name": "Cube19",
					"from": [ -1.0, -1.0, -1.5 ], 
					"to": [ 2.0, 0.0, -1.0 ], 
					"rotationOrigin": [ -1.0, -1.0, -1.0 ],
					"rotationZ": 9.0,
					"faces": {
						"north": { "texture": "#gold", "uv": [ 13.0, 8.0, 16.0, 9.0 ] },
						"east": { "texture": "#gold", "uv": [ 9.5, 8.0, 10.0, 9.0 ] },
						"south": { "texture": "#gold", "uv": [ 6.5, 8.0, 9.5, 9.0 ] },
						"west": { "texture": "#gold", "uv": [ 6.5, 8.0, 7.0, 9.0 ] },
						"up": { "texture": "#gold", "uv": [ 6.5, 8.0, 9.5, 8.5 ] },
						"down": { "texture": "#gold", "uv": [ 8.0, 8.5, 11.0, 9.0 ] }
					}
				},
				{
					"name": "Cube3",
					"from": [ -1.0, -1.0, 1.4 ], 
					"to": [ 2.0, 0.0, 1.9 ], 
					"rotationOrigin": [ -1.0, -1.0, 1.4 ],
					"rotationZ": 9.0,
					"faces": {
						"north": { "texture": "#gold", "uv": [ 5.0, 8.0, 8.0, 9.0 ] },
						"east": { "texture": "#gold", "uv": [ 6.0, 8.0, 6.5, 9.0 ] },
						"south": { "texture": "#gold", "uv": [ 10.5, 8.0, 13.5, 9.0 ] },
						"west": { "texture": "#gold", "uv": [ 2.5, 8.0, 3.0, 9.0 ] },
						"up": { "texture": "#gold", "uv": [ 11.0, 8.0, 14.0, 8.5 ] },
						"down": { "texture": "#gold", "uv": [ 11.0, 8.5, 14.0, 9.0 ] }
					}
				},
				{
					"name": "Cube1",
					"from": [ -1.0, -1.5, -1.0 ], 
					"to": [ -0.5, -0.5, -0.5 ], 
					"rotationOrigin": [ -1.0, -1.5, -1.0 ],
					"rotationZ": 7.0,
					"faces": {
						"north": { "texture": "#gold", "uv": [ 5.0, 8.5, 5.5, 9.5 ] },
						"east": { "texture": "#gold", "uv": [ 11.5, 8.5, 12.0, 9.5 ] },
						"south": { "texture": "#gold", "uv": [ 3.5, 8.5, 4.0, 9.5 ] },
						"west": { "texture": "#gold", "uv": [ 11.5, 8.5, 12.0, 9.5 ] },
						"up": { "texture": "#gold", "uv": [ 12.0, 8.0, 12.5, 8.5 ], "rotation": 90 },
						"down": { "texture": "#gold", "uv": [ 9.0, 8.5, 9.5, 9.0 ], "rotation": 90 }
					}
				},
				{
					"name": "Cube5",
					"from": [ 1.8, -0.6, -1.4 ], 
					"to": [ 2.3, 0.4, 1.8 ], 
					"rotationOrigin": [ 1.8, -0.6, -1.4 ],
					"rotationZ": 12.0,
					"faces": {
						"north": { "texture": "#gold", "uv": [ 2.0, 8.0, 2.5, 9.0 ] },
						"east": { "texture": "#gold", "uv": [ 7.5, 8.0, 10.5, 9.0 ] },
						"south": { "texture": "#gold", "uv": [ 3.0, 8.0, 3.5, 9.0 ] },
						"west": { "texture": "#gold", "uv": [ 11.5, 8.0, 14.5, 9.0 ] },
						"up": { "texture": "#gold", "uv": [ 4.0, 8.0, 7.0, 8.5 ], "rotation": 90 },
						"down": { "texture": "#gold", "uv": [ 0.5, 8.5, 3.5, 9.0 ], "rotation": 90 }
					}
				},
				{
					"name": "Cube6",
					"from": [ -1.0, -1.5, 0.9 ], 
					"to": [ -0.5, -0.5, 1.4 ], 
					"rotationOrigin": [ -1.0, -1.5, 1.4 ],
					"rotationZ": 7.0,
					"faces": {
						"north": { "texture": "#gold", "uv": [ 11.5, 8.5, 12.0, 9.5 ] },
						"east": { "texture": "#gold", "uv": [ 11.5, 8.5, 12.0, 9.5 ] },
						"south": { "texture": "#gold", "uv": [ 13.5, 8.5, 14.0, 9.5 ] },
						"west": { "texture": "#gold", "uv": [ 11.5, 8.5, 12.0, 9.5 ] },
						"up": { "texture": "#gold", "uv": [ 10.0, 8.5, 10.5, 9.0 ], "rotation": 90 },
						"down": { "texture": "#gold", "uv": [ 9.0, 8.5, 9.5, 9.0 ], "rotation": 90 }
					}
				}
			]
		}
	]}