{
	"editor": {
		"allAngles": false,
		"entityTextureMode": false
	},
	"textureWidth": 16,
	"textureHeight": 16,
	"textureSizes": {
	},
	"textures": {
		"sidesWE": "block/vines/basket/normal-westeast",
		"sides2": "block/wood/trunk/sides",
		"lid": "block/vines/basket/normal-lid",
		"accessories": "block/wood/trunk/accessories",
		"sidesSN": "block/vines/basket/normal-northsouth"
	},
	"elements": [
		{
			"name": "N",
			"from": [ 2.0, 0.0, 2.0 ], 
			"to": [ 14.0, 8.0, 3.0 ], 
			"faces": {
				"north": { "texture": "#sidesSN", "uv": [ 2.5, 6.0, 14.5, 14.0 ] },
				"east": { "texture": "#sidesSN", "uv": [ 3.0, 5.0, 4.0, 13.0 ] },
				"south": { "texture": "#sidesSN", "uv": [ 4.0, 3.0, 16.0, 11.0 ] },
				"west": { "texture": "#sidesSN", "uv": [ 3.0, 3.0, 4.0, 11.0 ] },
				"up": { "texture": "#sidesSN", "uv": [ 1.0, 2.5, 13.0, 3.5 ] },
				"down": { "texture": "#sidesSN", "uv": [ 1.0, 2.5, 13.0, 3.5 ] }
			}
		},
		{
			"name": "S",
			"from": [ 2.0, 0.0, 12.0 ], 
			"to": [ 14.0, 8.0, 13.0 ], 
			"faces": {
				"north": { "texture": "#sidesSN", "uv": [ 4.0, 2.0, 16.0, 10.0 ] },
				"east": { "texture": "#sidesSN", "uv": [ 15.0, 3.0, 16.0, 11.0 ] },
				"south": { "texture": "#sidesSN", "uv": [ 3.5, 6.0, 15.5, 14.0 ] },
				"west": { "texture": "#sidesSN", "uv": [ 3.5, 2.0, 4.5, 10.0 ] },
				"up": { "texture": "#sidesSN", "uv": [ 1.0, 2.5, 13.0, 3.5 ], "rotation": 180 },
				"down": { "texture": "#sidesSN", "uv": [ 1.0, 2.0, 13.0, 3.0 ] }
			}
		},
		{
			"name": "W",
			"from": [ 2.0, 0.0, 3.0 ], 
			"to": [ 3.0, 8.0, 12.0 ], 
			"faces": {
				"north": { "texture": "#sidesWE", "uv": [ 0.0, 0.0, 1.0, 8.0 ], "enabled": false },
				"east": { "texture": "#sidesWE", "uv": [ 3.5, 2.0, 12.5, 10.0 ] },
				"south": { "texture": "#sidesWE", "uv": [ 0.0, 0.0, 1.0, 8.0 ], "enabled": false },
				"west": { "texture": "#sidesWE", "uv": [ 2.0, 6.0, 11.0, 14.0 ] },
				"up": { "texture": "#sidesWE", "uv": [ 2.0, 2.5, 11.0, 3.5 ], "rotation": 90 },
				"down": { "texture": "#sidesWE", "uv": [ 2.0, 2.5, 11.0, 3.5 ], "rotation": 90 }
			}
		},
		{
			"name": "E",
			"from": [ 13.0, 0.0, 3.0 ], 
			"to": [ 14.0, 8.0, 12.0 ], 
			"faces": {
				"north": { "texture": "#sidesWE", "uv": [ 0.0, 0.0, 1.0, 8.0 ], "enabled": false },
				"east": { "texture": "#sidesWE", "uv": [ 2.0, 6.0, 11.0, 14.0 ] },
				"south": { "texture": "#sidesWE", "uv": [ 0.0, 0.0, 1.0, 8.0 ], "enabled": false },
				"west": { "texture": "#sidesWE", "uv": [ 2.0, 6.0, 11.0, 14.0 ] },
				"up": { "texture": "#sidesWE", "uv": [ 2.0, 2.5, 11.0, 3.5 ], "rotation": 90 },
				"down": { "texture": "#sidesWE", "uv": [ 2.0, 2.5, 11.0, 3.5 ], "rotation": 90 }
			}
		},
		{
			"name": "floor",
			"from": [ 3.0, 0.0, 3.0 ], 
			"to": [ 13.0, 1.0, 12.0 ], 
			"faces": {
				"north": { "texture": "#basket-top", "uv": [ 0.0, 0.0, 10.0, 1.0 ], "enabled": false },
				"east": { "texture": "#basket-top", "uv": [ 0.0, 0.0, 9.0, 1.0 ], "enabled": false },
				"south": { "texture": "#basket-top", "uv": [ 0.0, 0.0, 10.0, 1.0 ], "enabled": false },
				"west": { "texture": "#basket-top", "uv": [ 0.0, 0.0, 9.0, 1.0 ], "enabled": false },
				"up": { "texture": "#sidesWE", "uv": [ 0.0, 0.0, 10.0, 9.0 ], "windMode": [-1,-1,-1,-1] },
				"down": { "texture": "#sidesWE", "uv": [ 2.0, 2.0, 12.0, 11.0 ] }
			}
		},
		{
			"name": "lid",
			"from": [ 3.0, 6.0, 3.0 ], 
			"to": [ 13.0, 7.0, 12.0 ], 
			"rotationOrigin": [ 8.0, 8.5, 2.0 ],
			"faces": {
				"north": { "texture": "#lid", "uv": [ 0.0, 0.0, 10.0, 1.0 ] },
				"east": { "texture": "#lid", "uv": [ 0.0, 0.0, 9.0, 1.0 ] },
				"south": { "texture": "#lid", "uv": [ 0.0, 0.0, 10.0, 1.0 ] },
				"west": { "texture": "#lid", "uv": [ 0.0, 0.0, 9.0, 1.0 ] },
				"up": { "texture": "#lid", "uv": [ 0.0, 0.0, 10.0, 9.0 ] },
				"down": { "texture": "#lid", "uv": [ 0.0, 0.0, 10.0, 9.0 ] }
			},
			"children": [
				{
					"name": "handle",
					"from": [ 3.5, 1.0, 3.5 ], 
					"to": [ 6.5, 2.0, 5.5 ], 
					"faces": {
						"north": { "texture": "#lid", "uv": [ 11.0, 9.5, 12.0, 12.5 ], "rotation": 270 },
						"east": { "texture": "#lid", "uv": [ 0.0, 0.0, 2.0, 1.0 ] },
						"south": { "texture": "#lid", "uv": [ 13.0, 10.5, 14.0, 13.5 ], "rotation": 270 },
						"west": { "texture": "#lid", "uv": [ 0.0, 0.0, 2.0, 1.0 ] },
						"up": { "texture": "#lid", "uv": [ 11.5, 10.5, 13.5, 13.5 ], "rotation": 90 },
						"down": { "texture": "#lid", "uv": [ 0.0, 0.0, 3.0, 2.0 ] }
					}
				}
			]
		},
		{
			"name": "origin",
			"from": [ 0.0, -2.0, -1.0 ], 
			"to": [ 0.0, -2.0, -1.0 ], 
			"rotationOrigin": [ 8.0, 0.0, 8.0 ],
			"faces": {
				"north": { "texture": "#sides2", "uv": [ 0.0, 0.0, 0.5, 0.5 ], "enabled": false },
				"east": { "texture": "#sides2", "uv": [ 0.0, 0.0, 0.5, 0.5 ], "enabled": false },
				"south": { "texture": "#sides2", "uv": [ 0.0, 0.0, 0.5, 0.5 ], "enabled": false },
				"west": { "texture": "#sides2", "uv": [ 0.0, 0.0, 0.5, 0.5 ], "enabled": false },
				"up": { "texture": "#sides2", "uv": [ 0.0, 0.0, 0.5, 0.5 ], "enabled": false },
				"down": { "texture": "#sides2", "uv": [ 0.0, 0.0, 0.5, 0.5 ], "enabled": false }
			},
			"children": [
				{
					"name": "label",
					"from": [ 3.0, 3.0, 14.0 ], 
					"to": [ 13.0, 9.0, 14.5 ], 
					"rotationOrigin": [ 3.0, 3.0, 14.0 ],
					"faces": {
						"north": { "texture": "#accessories", "uv": [ 0.0, 0.0, 10.0, 6.0 ], "enabled": false },
						"east": { "texture": "#accessories", "uv": [ 0.0, 10.0, 0.5, 16.0 ] },
						"south": { "texture": "#accessories", "uv": [ 0.0, 10.0, 10.0, 16.0 ] },
						"west": { "texture": "#accessories", "uv": [ 9.5, 10.0, 10.0, 16.0 ] },
						"up": { "texture": "#accessories", "uv": [ 0.0, 10.0, 10.0, 10.5 ] },
						"down": { "texture": "#accessories", "uv": [ 0.0, 10.0, 10.0, 10.5 ] }
					}
				}
			]
		}
	],
	"animations": [
		{
			"name": "lidopen",
			"code": "lidopen",
			"quantityframes": 30,
			"onActivityStopped": "Rewind",
			"onAnimationEnd": "Hold",
			"keyframes": [
				{
					"frame": 0,
					"elements": {
						"lid": { "offsetX": 0.0, "offsetY": 0.0, "offsetZ": 0.0, "rotationX": 0.0, "rotationY": 0.0, "rotationZ": 0.0 }
					}
				},
				{
					"frame": 29,
					"elements": {
						"lid": { "offsetX": 0.0, "offsetY": 1.9, "offsetZ": -9.7, "rotationX": -78.0, "rotationY": 0.0, "rotationZ": 0.0 }
					}
				}
			]
		}
	]
}