﻿{
	code: "meteor",
	variantgroups: [
		{ code: "type", loadFromProperties: "game:block/ore-graded" },
		{ code: "rock", loadFromProperties: "game:block/rockwithdeposit" }
	],
	allowedVariants: [
		"meteor-bismuthinite-andesite",
		"meteor-bismuthinite-granite",
		"meteor-bismuthinite-basalt",
		"meteor-bismuthinite-peridotite",
		"meteor-bismuthinite-phyllite",
		"meteor-bismuthinite-slate",
		"meteor-cassiterite-andesite",
		"meteor-cassiterite-granite",
		"meteor-cassiterite-basalt",
		"meteor-cassiterite-peridotite",
		"meteor-cassiterite-phyllite",
		"meteor-cassiterite-slate",
		"meteor-sphalerite-andesite",
		"meteor-sphalerite-granite",
		"meteor-sphalerite-basalt",
		"meteor-sphalerite-peridotite",
		"meteor-sphalerite-claystone",
		"meteor-sphalerite-sandstone",
		"meteor-sphalerite-shale",
		"meteor-sphalerite-chalk",
		"meteor-sphalerite-limestone",
		"meteor-sphalerite-chert",
		"meteor-sphalerite-conglomerate",
		"meteor-sphalerite-phyllite",
		"meteor-sphalerite-slate",
		"meteor-nativecopper-granite",
		"meteor-nativecopper-basalt",
		"meteor-nativecopper-slate",
		"meteor-nativecopper-andesite",
		"meteor-nativecopper-peridotite",
		"meteor-nativecopper-claystone",
		"meteor-nativecopper-sandstone",
		"meteor-nativecopper-shale",
		"meteor-nativecopper-chalk",
		"meteor-nativecopper-chert",
		"meteor-nativecopper-conglomerate",
		"meteor-nativecopper-phyllite",
		"meteor-malachite-limestone",
		"meteor-malachite-whitemarble",
		"meteor-malachite-redmarble",
		"meteor-malachite-greenmarble",
		"meteor-galena-claystone",
		"meteor-galena-sandstone",
		"meteor-galena-shale",
		"meteor-galena-chalk",
		"meteor-galena-limestone",
		"meteor-galena-chert",
		"meteor-galena-conglomerate",
		"meteor-limonite-basalt",
		"meteor-limonite-shale",
		"meteor-limonite-chert",
		"meteor-hematite-granite",
		"meteor-hematite-peridotite",
		"meteor-hematite-sandstone",
		"meteor-hematite-limestone",
		"meteor-hematite-phyllite",
		"meteor-magnetite-andesite",
		"meteor-magnetite-claystone",
		"meteor-magnetite-chalk",
		"meteor-magnetite-conglomerate",
		"meteor-magnetite-slate",
		"meteor-ilmenite-andesite",
		"meteor-ilmenite-granite",
		"meteor-ilmenite-basalt",
		"meteor-ilmenite-peridotite",
		"meteor-ilmenite-kimberlite",
		"meteor-ilmenite-phyllite",
		"meteor-ilmenite-slate",
		"meteor-quartz_nativegold-andesite",
		"meteor-quartz_nativegold-chalk",
		"meteor-quartz_nativegold-chert",
		"meteor-quartz_nativegold-conglomerate",
		"meteor-quartz_nativegold-limestone",
		"meteor-quartz_nativegold-claystone",
		"meteor-quartz_nativegold-granite",
		"meteor-quartz_nativegold-sandstone",
		"meteor-quartz_nativegold-shale",
		"meteor-quartz_nativegold-basalt",
		"meteor-quartz_nativegold-peridotite",
		"meteor-quartz_nativegold-phyllite",
		"meteor-quartz_nativegold-slate",
		"meteor-quartz_nativesilver-andesite",
		"meteor-quartz_nativesilver-chalk",
		"meteor-quartz_nativesilver-chert",
		"meteor-quartz_nativesilver-conglomerate",
		"meteor-quartz_nativesilver-limestone",
		"meteor-quartz_nativesilver-claystone",
		"meteor-quartz_nativesilver-granite",
		"meteor-quartz_nativesilver-sandstone",
		"meteor-quartz_nativesilver-shale",
		"meteor-quartz_nativesilver-basalt",
		"meteor-quartz_nativesilver-peridotite",
		"meteor-quartz_nativesilver-phyllite",
		"meteor-quartz_nativesilver-slate",
		"meteor-galena_nativesilver-chalk",
		"meteor-galena_nativesilver-chert",
		"meteor-galena_nativesilver-conglomerate",
		"meteor-galena_nativesilver-limestone",
		"meteor-galena_nativesilver-claystone",
		"meteor-galena_nativesilver-sandstone",
		"meteor-galena_nativesilver-shale",
	],
	class: "EntityFallingMeteor",
	habitat: "air",
	hitboxSize: { x: 1, y: 1 },
	client: {
		renderer: "Shape",
		textures: {
			"core": {
				base: "game:block/stone/rock/{rock}1",
				overlays: [ "game:block/stone/ore/{type}1" ],
				alternates: [
					{base: "game:block/stone/rock/{rock}1", overlays: [ "game:block/stone/ore/{type}2" ]},
					{base: "game:block/stone/rock/{rock}1", overlays: [ "game:block/stone/ore/{type}3" ]}
				]
			},
			"rock": {
				base: "game:block/stone/rock/{rock}1",
			}
		},
		glowlevel: 255,
		shape: { base: "entity/meteor" },
		size: 1,
		behaviors: [
		{ code: "interpolateposition" },
		{ code: "FallingMeteorMotion",
			horizontalSpeed: { min: 20, max: 50 },
			verticalSpeed: { min: 2, max: 20 }
		},
		{ code: "MeteorExplosion" },
		],
	},
	server: {
		behaviors: [
		{ code: "despawn", minPlayerDistance: 256, minSeconds: 30 },
		{ code: "FallingMeteorMotion",
			horizontalSpeed: { min: 20, max: 50 },
			verticalSpeed: { min: 2, max: 20 }
		},
		{ code: "MeteorExplosion" },
		]
	},
	sounds: {
	},
	attributes: {
	},
	dropsByType: {
		"*-quartz_nativegold-*": [
			{type: "item", code: "game:stone-{rock}", quantity: { avg: 1, var: 0, dist: "gaussian" }},
			{type: "item", code: "game:metalbit-gold", quantity: { avg: 1, var: 0, dist: "gaussian" }},
		],
		"*-quartz_nativesilver-*": [
			{type: "item", code: "game:stone-{rock}", quantity: { avg: 1, var: 0, dist: "gaussian" }},
			{type: "item", code: "game:metalbit-silver", quantity: { avg: 1, var: 0, dist: "gaussian" }},
		],
		"*-galena_nativesilver-*": [
			{type: "item", code: "game:stone-{rock}", quantity: { avg: 1, var: 0, dist: "gaussian" }},
			{type: "item", code: "game:metalbit-silver", quantity: { avg: 1, var: 0, dist: "gaussian" }},
		],
		"*-quartz_nativeplatinum-*": [
			{type: "item", code: "game:stone-{rock}", quantity: { avg: 1, var: 0, dist: "gaussian" }},
			{type: "item", code: "game:metalbit-platinum", quantity: { avg: 1, var: 0, dist: "gaussian" }},
		],
		"*": [
			{type: "item", code: "game:stone-{rock}", quantity: { avg: 1, var: 0, dist: "gaussian" }},
			{type: "item", code: "game:nugget-{type}", quantity: { avg: 1, var: 0, dist: "gaussian" }},
		]
	}
}