[

{
	"ingredientPattern": "TCT",
	"ingredients": 
	{
		"T": 
		{
			"type": "block",
			"code": "game:torch-basic-lit-up"
		},
		"C": 
		{
			"type": "block",
			"code": "game:claybrickchimney-blue-unlit-ns",
		},
					
	},
	"width": 3,
	"height": 1,
	"shapeless": false,
	
	"output": 
	{
		"type": "block",
		"code": "game:claybrickchimney-blue-lit-ns",
		"quantity": 1
	}
},


{
	"ingredientPattern": "TCT",
	"ingredients": 
	{
		"T": 
		{
			"type": "block",
			"code": "game:torch-basic-lit-up"
		},
		"C": 
		{
			"type": "block",
			"code": "game:claybrickchimney-red-unlit-ns",
		},
					
	},
	"width": 3,
	"height": 1,
	"shapeless": false,
	
	"output": 
	{
		"type": "block",
		"code": "game:claybrickchimney-red-lit-ns",
		"quantity": 1
	}
},



{
	"ingredientPattern": "TCT",
	"ingredients": 
	{
		"T": 
		{
			"type": "block",
			"code": "game:torch-basic-lit-up"
		},
		"C": 
		{
			"type": "block",
			"code": "game:claybrickchimney-brown-unlit-ns",
		},
					
	},
	"width": 3,
	"height": 1,
	"shapeless": false,
	
	"output": 
	{
		"type": "block",
		"code": "game:claybrickchimney-brown-lit-ns",
		"quantity": 1
	}
},
	
	
	{
	"ingredientPattern": "TCT",
	"ingredients": 
	{
		"T": 
		{
			"type": "block",
			"code": "game:torch-basic-lit-up"
		},
		"C": 
		{
			"type": "block",
			"code": "game:claybrickchimney-fire-unlit-ns",
		},
					
	},
	"width": 3,
	"height": 1,
	"shapeless": false,
	
	"output": 
	{
		"type": "block",
		"code": "game:claybrickchimney-fire-lit-ns",
		"quantity": 1
	}
}
	
	
	]