{
	code: "fishpemmican",
	maxstacksize: 64,
  	class: "ExpandedFood",
	variantgroups: [
		{ code: "type", states: ["raw", "partbaked", "cooked", "charred"]}
	],
	attributes: {
		displaycaseable: true,
		shelvable: true,
    		"expandedNutritionPropsByType": {
			"*-raw": {
				"game:fat" : {saturation: 100, foodcategory: "Protein"},
				"expandedfoods:lard" : {saturation: 8, "health":  0.05, foodcategory: "Protein"},
				"game:fruit-cranberry" : { saturation: 45, foodcategory: "Fruit" },
				"game:fruit-saguaro" : { saturation: 45, "health": 0.3, foodcategory: "Fruit" },
				"game:fruit-blueberry" : { saturation: 60, foodcategory: "Fruit" },
				"game:fruit-redcurrant" : { saturation: 60, foodcategory: "Fruit" },
				"game:fruit-whitecurrant" : { saturation: 60, foodcategory: "Fruit" },
				"game:fruit-blackcurrant" : { saturation: 60, foodcategory: "Fruit" },
				"game:fruit-pineapple" : { saturation: 60, foodcategory: "Fruit" },
				"game:fruit-cherry" : { saturation: 30, foodcategory: "Fruit" },
				"game:fruit-lychee" : { saturation: 30, foodcategory: "Fruit" },
				"game:fruit-breadfruit" : { saturation: 150, foodcategory: "Fruit" },
				"game:fruit-orange" : { saturation: 60, foodcategory: "Fruit" },
				"game:fruit-mango" : { saturation: 60, foodcategory: "Fruit" },
				"game:fruit-pomegranate" : { saturation: 60, foodcategory: "Fruit" },
				"game:fruit-pinkapple" : { saturation: 60, foodcategory: "Fruit" },
				"game:fruit-redapple" : { saturation: 60, foodcategory: "Fruit" },
				"game:fruit-yellowapple" : { saturation: 60, foodcategory: "Fruit" },
				"game:fruit-pear" : { saturation: 60, foodcategory: "Fruit" },
				"expandedfoods:dryfruit-blueberry" : { saturation: 55, foodcategory: "Fruit" },
				"expandedfoods:dryfruit-blackcurrant" : { saturation: 55, foodcategory: "Fruit" },
				"expandedfoods:dryfruit-redcurrant" : { saturation: 55, foodcategory: "Fruit" },
				"expandedfoods:dryfruit-whitecurrant" : { saturation: 55, foodcategory: "Fruit" },
				"expandedfoods:dryfruit-pineapple" : { saturation: 55, foodcategory: "Fruit" },
				"expandedfoods:dryfruit-cranberry" : { saturation: 40, foodcategory: "Fruit" },
				"expandedfoods:dryfruit-saguaro" : { saturation: 40, "health": 0.3, foodcategory: "Fruit" },
				"expandedfoods:dryfruit-cherry" : { saturation: 30, foodcategory: "Fruit" },
				"expandedfoods:dryfruit-lychee" : { saturation: 30, foodcategory: "Fruit" },
				"expandedfoods:dryfruit-breadfruit" : { saturation: 130, foodcategory: "Fruit" },
				"expandedfoods:dryfruit-pomegranate" : { saturation: 55, foodcategory: "Fruit" },
				"expandedfoods:dryfruit-redapple" : { saturation: 55, foodcategory: "Fruit" },
				"expandedfoods:dryfruit-pinkapple" : { saturation: 55, foodcategory: "Fruit" },
				"expandedfoods:dryfruit-yellowapple" : { saturation: 55, foodcategory: "Fruit" },
				"expandedfoods:dryfruit-orange" : { saturation: 55, foodcategory: "Fruit" },
				"expandedfoods:dryfruit-mango" : { saturation: 55, foodcategory: "Fruit" },
				"expandedfoods:dryfruit-peach" : { saturation: 55, foodcategory: "Fruit" },
				"expandedfoods:dryfruit-pear" : { saturation: 55, foodcategory: "Fruit" },
				"expandedfoods:dehydratedfruit-blueberry" : { saturation: 55, foodcategory: "Fruit" },
				"expandedfoods:dehydratedfruit-blackcurrant" : { saturation: 55, foodcategory: "Fruit" },
				"expandedfoods:dehydratedfruit-redcurrant" : { saturation: 55, foodcategory: "Fruit" },
				"expandedfoods:dehydratedfruit-whitecurrant" : { saturation: 55, foodcategory: "Fruit" },
				"expandedfoods:dehydratedfruit-pineapple" : { saturation: 55, foodcategory: "Fruit" },
				"expandedfoods:dehydratedfruit-cranberry" : { saturation: 40, foodcategory: "Fruit" },
				"expandedfoods:dehydratedfruit-saguaro" : { saturation: 40, "health": 0.3, foodcategory: "Fruit" },
				"expandedfoods:dehydratedfruit-cherry" : { saturation: 30, foodcategory: "Fruit" },
				"expandedfoods:dehydratedfruit-lychee" : { saturation: 30, foodcategory: "Fruit" },
				"expandedfoods:dehydratedfruit-breadfruit" : { saturation: 130, foodcategory: "Fruit" },
				"expandedfoods:dehydratedfruit-pomegranate" : { saturation: 55, foodcategory: "Fruit" },
				"expandedfoods:dehydratedfruit-redapple" : { saturation: 55, foodcategory: "Fruit" },
				"expandedfoods:dehydratedfruit-pinkapple" : { saturation: 55, foodcategory: "Fruit" },
				"expandedfoods:dehydratedfruit-yellowapple" : { saturation: 55, foodcategory: "Fruit" },
				"expandedfoods:dehydratedfruit-orange" : { saturation: 55, foodcategory: "Fruit" },
				"expandedfoods:dehydratedfruit-mango" : { saturation: 55, foodcategory: "Fruit" },
				"expandedfoods:dehydratedfruit-peach" : { saturation: 55, foodcategory: "Fruit" },
				"expandedfoods:dehydratedfruit-pear" : { saturation: 55, foodcategory: "Fruit" },
				"expandedfoods:meatnugget-poultry-cured": {saturation: 95, foodcategory: "Protein"},
				"expandedfoods:meatnugget-redmeat-cured": {saturation: 130, foodcategory: "Protein"},
				"expandedfoods:meatnugget-bushmeat-cured": {saturation: 55, foodcategory: "Protein"},
				"expandedfoods:meatnugget-poultry-raw": {saturation: 110, foodcategory: "Protein"},
				"expandedfoods:meatnugget-redmeat-raw": {saturation: 155, foodcategory: "Protein"},
				"expandedfoods:meatnugget-bushmeat-raw": {saturation: 65, foodcategory: "Protein"},
				"expandedfoods:agedmeat-poultry-raw": {saturation: 170, foodcategory: "Protein"},
				"expandedfoods:agedmeat-redmeat-raw": {saturation: 235, foodcategory: "Protein"},
				"expandedfoods:agedmeat-bushmeat-raw": {saturation: 100, foodcategory: "Protein"},
				"expandedfoods:saltedmeatnugget-poultry-raw": {saturation: 55, foodcategory: "Protein"},
				"expandedfoods:saltedmeatnugget-redmeat-raw": {saturation: 80, foodcategory: "Protein"},
				"expandedfoods:saltedmeatnugget-bushmeat-raw": {saturation: 35, foodcategory: "Protein"},
				"expandedfoods:fishnugget-raw": {saturation: 55, foodcategory: "Protein"},
				"expandedfoods:crabnugget-raw": {saturation: 65, foodcategory: "Protein"},
				"expandedfoods:snakenugget-raw": {saturation: 75, foodcategory: "Protein"},
				"game:salt": {saturation: 10, health: 0.5, foodcategory: "Protein"},
				"wildcraft:fruit-huckleberry" : { saturation: 90, foodcategory: "Fruit" },
				"wildcraft:fruit-brambleberry" : { saturation: 120, foodcategory: "Fruit" },
				"wildcraft:fruit-dogrose" : { saturation: 30, foodcategory: "Fruit" },
				"wildcraft:fruit-gooseberry" : { saturation: 120, foodcategory: "Fruit" },
				"wildcraft:fruit-honeysuckle" : { saturation: 120, foodcategory: "Fruit" },
				"wildcraft:fruit-snowberry" : { saturation: 90, health: -5, foodcategory: "Fruit" },
				"wildcraft:fruit-elderberry" : { saturation: 90, health: -0.5, foodcategory: "Fruit" },
				"wildcraft:fruit-strawberry" : { saturation: 120, foodcategory: "Fruit" },
				"wildcraft:fruit-cloudberry" : { saturation: 180, foodcategory: "Fruit" },
				"wildcraft:fruit-raspberry" : { saturation: 120, foodcategory: "Fruit" },
				"expandedfoods:dryfruit-huckleberry" : { saturation: 65, foodcategory: "Fruit" },
				"expandedfoods:dryfruit-brambleberry" : { saturation: 90, foodcategory: "Fruit" },
				"expandedfoods:dryfruit-dogrose" : { saturation: 24, foodcategory: "Fruit" },
				"expandedfoods:dryfruit-gooseberry" : { saturation: 90, foodcategory: "Fruit" },
				"expandedfoods:dryfruit-honeysuckle" : { saturation: 90, foodcategory: "Fruit" },
				"expandedfoods:dryfruit-snowberry" : { saturation: 65, health: -5, foodcategory: "Fruit" },
				"expandedfoods:dryfruit-elderberry" : { saturation: 65, health: -0.5, foodcategory: "Fruit" },
				"expandedfoods:dryfruit-strawberry" : { saturation: 90, foodcategory: "Fruit" },
				"expandedfoods:dryfruit-cloudberry" : { saturation: 130, foodcategory: "Fruit" },
				"expandedfoods:dryfruit-raspberry" : { saturation: 90, foodcategory: "Fruit" },
				},
			},
     		renderIngredientsByType: {
			"*-raw": {
				"expandedfoods:fishnugget-raw": "expandedfoods:shapes/item/food/pemmican/fishpemmican-ball.json",
			},
			"*-partbaked": {
				"expandedfoods:fishnugget-raw": "expandedfoods:shapes/item/food/pemmican/fishpemmican-plain.json",
			},
			"*-cooked": {
				"expandedfoods:fishnugget-raw": "expandedfoods:shapes/item/food/pemmican/fishpemmican-plain.json",
			},
			"*-charred": {
				"expandedfoods:fishnugget-raw": "expandedfoods:shapes/item/food/pemmican/fishpemmican-plain.json",
			},
		},
		bakingPropertiesByType: {
			"*-raw": {
				temp: 110,
				levelFrom: 0.0,
				levelTo: 0.5,
				startScaleY: 1.0,
				endScaleY: 1.0,
				resultCode: "expandedfoods:fishpemmican-partbaked",
			},
			"*-partbaked": {
				temp: 110,
				levelFrom: 0.5,
				levelTo: 1.0,
				startScaleY: 1.0,
				endScaleY: 1.0,
				resultCode: "expandedfoods:fishpemmican-cooked",
				initialCode: "expandedfoods:fishpemmican-raw"
			},
			"*-cooked": {
				temp: 110,
				levelFrom: 1.0,
				levelTo: 1.5,
				startScaleY: 1.0,
				endScaleY: 1.0,
				resultCode: "expandedfoods:fishpemmican-charred",
				initialCode: "expandedfoods:fishpemmican-partbaked"
			},
			"*-charred": {
				temp: 110,
				levelFrom: 1.5,
				levelTo: 2.0,
				startScaleY: 1.0,
				endScaleY: 1.0,
				initialCode: "expandedfoods:fishpemmican-cooked"
			},
		},
		satMultByType: {
			"*-raw": 0.4,
			"*-partbaked": 0.5,
			"*-cooked": 1,
			"*-charred": 0.75
		},
	},
  	texturesByType: {
		"*-raw": {
			fish: { base: "item/food/pemmican/fish/pemmicanfish-ball"},
		},
		"*-partbaked": {
			fish: { base: "item/food/pemmican/fish/pemmicanfish-partbaked"},
		},
		"*-cooked": {
			fish: { base: "item/food/pemmican/fish/pemmicanfish-plain"},
		},
		"*-charred": {
			fish: { base: "item/food/pemmican/fish/pemmicanfish-charred"},
		},
  	},
	shapeByType:{
		"*-raw": { base: "item/food/pemmican/fishpemmican-ball"},
		"*-partbaked": { base: "item/food/pemmican/fishpemmican-plain"},
		"*-cooked": { base: "item/food/pemmican/fishpemmican-plain"},
		"*-charred": { base: "item/food/pemmican/fishpemmican-plain"},
	},
	nutritionPropsByType: {
		"*-raw": { saturation: 0, foodcategory: "Protein" },
		"*-partbaked": { saturation: 90, foodcategory: "Protein" },
		"*-cooked": { saturation: 100, foodcategory: "Protein" },
		"*-charred": { saturation: 80, foodcategory: "Protein" },
	},
	creativeinventory: { "general": ["*"], "items": ["*"], "expandedfoods": ["*"] },
	materialDensity: 200,
	fpHandTransform: {
		translation: { x: 0, y: -0.1, z: 0 },
		rotation: { x: 180, y: 90, z: 22 }
	},
	combustiblePropsByType: {
		"*-raw": {
			meltingPoint: 110,
			meltingDuration: 20,
			smeltedRatio: 1,
			smeltingType: "cook",
			smeltedStack: { type: "item", code: "expandedfoods:fishpemmican-charred" },
			requiresContainer: false
		},
		"*-partbaked": {
			meltingPoint: 110,
			meltingDuration: 20,
			smeltedRatio: 1,
			smeltingType: "cook",
			smeltedStack: { type: "item", code: "expandedfoods:fishpemmican-charred" },
			requiresContainer: false
		},
		"*-cooked": {
			meltingPoint: 110,
			meltingDuration: 20,
			smeltedRatio: 1,
			smeltingType: "cook",
			smeltedStack: { type: "item", code: "expandedfoods:fishpemmican-charred" },
			requiresContainer: false
		},
	},
	transitionablePropsByType: {
		"*-charred": [{
			type: "Perish",
			freshHours: { avg: 6320 },
			transitionHours: { avg: 224 },
			transitionedStack: { type: "item", code: "game:rot" },
			transitionRatio: 1
		}],
		"*": [{
			type: "Perish",
			freshHours: { avg: 3160 },
			transitionHours: { avg: 112 },
			transitionedStack: { type: "item", code: "game:rot" },
			transitionRatio: 1
		}],
	},
	guiTransform: {
		translation: { x: 3, y: 0, z: 0 },
		rotation: { x: -28, y: 203, z: 180 },
		origin: { x: 0.5, y: 0.07, z: 0.5 },
		scale: 5
	},
	groundTransform: {
		translation: { x: 0, y: 0, z: 0 },
		rotation: { x: 0, y: 0, z: 1 },
		origin: { x: 0.5, y: 0, z: 0.5 },
		scale: 4.5
	},
	tpHandTransform: {
		translation: { x: -0.54, y: -0.16, z: -0.4 },
		rotation: { x: 44, y: -69, z: 2 },
		origin: { x: 0.5, y: 0.13, z: 0.5 },
		scale: 1
	},
	fpHandTransform: {
		translation: { x: 0, y: 0.24, z: 0.3 },
		rotation: { x: 104, y: 0, z: 71 },
		origin: { x: 0.5, y: 0.1, z: 0.5 },
		scale: 2.5
	}
}
