{
	"editor": {
		"allAngles": true,
		"entityTextureMode": false
	},
	"textureWidth": 16,
	"textureHeight": 16,
	"textures": {
	},
	"elements": [
		{
			"name": null,
			"from": [7.0, 0.0, 7.0],
			"to": [9.0, 16.0, 16.0],
			"rotationOrigin": [8.0, 8.0, 11.5],
			"rotationX": 0.0,
			"rotationY": 0.0,
			"rotationZ": 0.0,
			"faces": {
				"north": {"uv": [0.0, 0.0, 16.0, 2.0], "rotation": 90.0, "texture": "#0", "windMode": [6,6,6,6], "windData": [0,1,1,0] },
				"east": {"uv": [0.0, 0.0, 16.0, 9.0], "rotation": 90.0, "texture": "#0", "windMode": [6,6,6,6], "windData": [0,1,1,0] },
				"south": {"uv": [0.0, 8.75, 16.0, 10.75], "rotation": 90.0, "texture": "#0", "windMode": [6,6,6,6], "windData": [0,0,1,1] },
				"west": {"uv": [0.0, 0.0, 16.0, 9.0], "rotation": 90.0, "texture": "#0", "windMode": [6,6,6,6], "windData": [0,0,1,1] },
				"up": {"uv": [6.25, 7.0, 8.25, 16.0], "rotation": 180.0, "texture": "#0", "windMode": [6,6,6,6], "windData": [1,1,1,1] },
				"down": {"uv": [6.75, 7.0, 8.75, 16.0], "rotation": 0.0, "texture": "#0", "windMode": [6,6,6,6] }
			}
		},
		{
			"name": null,
			"from": [7.0, 0.0, 0.0],
			"to": [9.0, 16.0, 5.0],
			"rotationOrigin": [8.0, 8.0, 2.5],
			"rotationX": 0.0,
			"rotationY": 0.0,
			"rotationZ": 0.0,
			"faces": {
				"north": {"uv": [0.0, 9.0, 16.0, 11.0], "rotation": 90.0, "texture": "#0", "windMode": [6,6,6,6], "windData": [0,1,1,0] },
				"east": {"uv": [0.0, 11.0, 16.0, 16.0], "rotation": 90.0, "texture": "#0", "windMode": [6,6,6,6], "windData": [0,1,1,0] },
				"south": {"uv": [0.0, 11.0, 16.0, 16.0], "rotation": 90.0, "texture": "#0", "windMode": [6,6,6,6], "windData": [0,0,1,1] },
				"west": {"uv": [0.0, 10.25, 16.0, 15.25], "rotation": 90.0, "texture": "#0", "windMode": [6,6,6,6], "windData": [0,0,1,1] },
				"up": {"uv": [5.5, 11.0, 7.5, 16.0], "rotation": 180.0, "texture": "#0", "windMode": [6,6,6,6], "windData": [1,1,1,1] },
				"down": {"uv": [6.25, 11.0, 8.25, 16.0], "rotation": 0.0, "texture": "#0", "windMode": [6,6,6,6] }
			}
		},
		{
			"name": null,
			"from": [0.0, 0.0, 7.0],
			"to": [4.0, 16.0, 9.0],
			"rotationOrigin": [2.0, 8.0, 8.0],
			"rotationX": 0.0,
			"rotationY": 0.0,
			"rotationZ": 0.0,
			"faces": {
				"north": {"uv": [0.0, 8.125, 16.0, 12.125], "rotation": 270.0, "texture": "#0", "windMode": [6,6,6,6], "windData": [0,1,1,0] },
				"east": {"uv": [0.0, 12.125, 16.0, 14.125], "rotation": 270.0, "texture": "#0", "windMode": [6,6,6,6], "windData": [0,1,1,0] },
				"south": {"uv": [0.0, 8.25, 16.0, 12.25], "rotation": 270.0, "texture": "#0", "windMode": [6,6,6,6], "windData": [0,0,1,1] },
				"west": {"uv": [0.0, 12.25, 16.0, 14.25], "rotation": 270.0, "texture": "#0", "windMode": [6,6,6,6], "windData": [0,0,1,1] },
				"up": {"uv": [5.125, 12.5, 9.125, 14.5], "rotation": 180.0, "texture": "#0", "windMode": [6,6,6,6], "windData": [1,1,1,1] },
				"down": {"uv": [5.75, 13.0, 9.75, 15.0], "rotation": 0.0, "texture": "#0", "windMode": [6,6,6,6] }
			}
		},
		{
			"name": null,
			"from": [4.0, 0.0, 5.0],
			"to": [12.0, 16.0, 7.0],
			"rotationOrigin": [8.0, 8.0, 6.0],
			"rotationX": 0.0,
			"rotationY": 0.0,
			"rotationZ": 0.0,
			"faces": {
				"north": {"uv": [0.0, 4.25, 16.0, 12.25], "rotation": 90.0, "texture": "#0", "windMode": [6,6,6,6], "windData": [0,1,1,0] },
				"east": {"uv": [0.0, 12.25, 16.0, 14.25], "rotation": 90.0, "texture": "#0", "windMode": [6,6,6,6], "windData": [0,1,1,0] },
				"south": {"uv": [0.0, 4.375, 16.0, 12.375], "rotation": 90.0, "texture": "#0", "windMode": [6,6,6,6], "windData": [0,0,1,1] },
				"west": {"uv": [0.0, 2.125, 16.0, 4.125], "rotation": 90.0, "texture": "#0", "windMode": [6,6,6,6], "windData": [0,0,1,1] },
				"up": {"uv": [3.75, 12.5, 11.75, 14.5], "rotation": 180.0, "texture": "#0", "windMode": [6,6,6,6], "windData": [1,1,1,1] },
				"down": {"uv": [3.875, 12.125, 11.875, 14.125], "rotation": 0.0, "texture": "#0", "windMode": [6,6,6,6] }
			}
		},
		{
			"name": null,
			"from": [12.0, 0.0, 7.0],
			"to": [16.0, 16.0, 9.0],
			"rotationOrigin": [14.0, 8.0, 8.0],
			"rotationX": 0.0,
			"rotationY": 0.0,
			"rotationZ": 0.0,
			"faces": {
				"north": {"uv": [0.0, 1.375, 16.0, 5.375], "rotation": 90.0, "texture": "#0", "windMode": [6,6,6,6], "windData": [0,1,1,0] },
				"east": {"uv": [0.0, 5.125, 16.0, 7.125], "rotation": 90.0, "texture": "#0", "windMode": [6,6,6,6], "windData": [0,1,1,0] },
				"south": {"uv": [0.0, 1.375, 16.0, 5.375], "rotation": 90.0, "texture": "#0", "windMode": [6,6,6,6], "windData": [0,0,1,1] },
				"west": {"uv": [0.0, 5.0, 16.0, 7.0], "rotation": 90.0, "texture": "#0", "windMode": [6,6,6,6], "windData": [0,0,1,1] },
				"up": {"uv": [4.75, 11.75, 8.75, 13.75], "rotation": 180.0, "texture": "#0", "windMode": [6,6,6,6], "windData": [1,1,1,1] },
				"down": {"uv": [5.125, 12.75, 9.125, 14.75], "rotation": 0.0, "texture": "#0", "windMode": [6,6,6,6] }
			}
		},
		{
			"name": null,
			"from": [7.0, 16.0, 7.0],
			"to": [9.0, 17.0, 16.0],
			"rotationOrigin": [8.0, 9.0, 11.5],
			"rotationX": 0.0,
			"rotationY": 0.0,
			"rotationZ": 0.0,
			"faces": {
				"north": {"uv": [9.5, 5.0, 10.5, 7.0], "rotation": 90.0, "texture": "#2", "windMode": [6,6,6,6], "windData": [0,1,1,0] },
				"east": {"uv": [9.5, 3.0, 10.5, 12.0], "rotation": 90.0, "texture": "#2", "windMode": [6,6,6,6], "windData": [0,1,1,0] },
				"south": {"uv": [0.0, 8.75, 1.0, 10.75], "rotation": 90.0, "texture": "#2", "windMode": [6,6,6,6], "windData": [0,0,1,1] },
				"west": {"uv": [4.5, 1.5, 5.5, 10.5], "rotation": 90.0, "texture": "#2", "windMode": [6,6,6,6], "windData": [0,0,1,1] },
				"up": {"uv": [6.25, 7.0, 8.25, 16.0], "rotation": 180.0, "texture": "#2", "windMode": [6,6,6,6], "windData": [1,1,1,1] },
				"down": {"uv": [6.75, 7.0, 8.75, 16.0], "rotation": 0.0, "texture": "#2", "windMode": [6,6,6,6] }
			}
		},
		{
			"name": null,
			"from": [7.0, 16.0, 0.0],
			"to": [9.0, 17.0, 5.0],
			"rotationOrigin": [8.0, 9.0, 2.5],
			"rotationX": 0.0,
			"rotationY": 0.0,
			"rotationZ": 0.0,
			"faces": {
				"north": {"uv": [0.0, 9.0, 1.0, 11.0], "rotation": 90.0, "texture": "#2", "windMode": [6,6,6,6], "windData": [0,1,1,0] },
				"east": {"uv": [0.0, 11.0, 1.0, 16.0], "rotation": 90.0, "texture": "#2", "windMode": [6,6,6,6], "windData": [0,1,1,0] },
				"south": {"uv": [0.0, 11.0, 1.0, 13.0], "rotation": 90.0, "texture": "#2", "windMode": [6,6,6,6], "windData": [0,0,1,1] },
				"west": {"uv": [0.0, 10.25, 1.0, 15.25], "rotation": 90.0, "texture": "#2", "windMode": [6,6,6,6], "windData": [0,0,1,1] },
				"up": {"uv": [5.5, 11.0, 7.5, 16.0], "rotation": 180.0, "texture": "#2", "windMode": [6,6,6,6], "windData": [1,1,1,1] },
				"down": {"uv": [6.25, 11.0, 8.25, 16.0], "rotation": 0.0, "texture": "#2", "windMode": [6,6,6,6] }
			}
		},
		{
			"name": null,
			"from": [0.0, 16.0, 7.0],
			"to": [4.0, 17.0, 9.0],
			"rotationOrigin": [2.0, 9.0, 8.0],
			"rotationX": 0.0,
			"rotationY": 0.0,
			"rotationZ": 0.0,
			"faces": {
				"north": {"uv": [0.0, 8.125, 1.0, 12.125], "rotation": 270.0, "texture": "#2", "windMode": [6,6,6,6], "windData": [0,1,1,0] },
				"east": {"uv": [0.0, 12.125, 1.0, 14.125], "rotation": 270.0, "texture": "#2", "windMode": [6,6,6,6], "windData": [0,1,1,0] },
				"south": {"uv": [0.0, 8.25, 1.0, 12.25], "rotation": 270.0, "texture": "#2", "windMode": [6,6,6,6], "windData": [0,0,1,1] },
				"west": {"uv": [0.0, 12.25, 1.0, 14.25], "rotation": 270.0, "texture": "#2", "windMode": [6,6,6,6], "windData": [0,0,1,1] },
				"up": {"uv": [5.125, 12.5, 9.125, 14.5], "rotation": 180.0, "texture": "#2", "windMode": [6,6,6,6], "windData": [1,1,1,1] },
				"down": {"uv": [5.75, 13.0, 9.75, 15.0], "rotation": 0.0, "texture": "#2", "windMode": [6,6,6,6] }
			}
		},
		{
			"name": null,
			"from": [4.0, 16.0, 5.0],
			"to": [12.0, 17.0, 7.0],
			"rotationOrigin": [8.0, 9.0, 6.0],
			"rotationX": 0.0,
			"rotationY": 0.0,
			"rotationZ": 0.0,
			"faces": {
				"north": {"uv": [0.0, 4.25, 1.0, 12.25], "rotation": 90.0, "texture": "#2", "windMode": [6,6,6,6], "windData": [0,1,1,0] },
				"east": {"uv": [0.0, 12.25, 1.0, 14.25], "rotation": 90.0, "texture": "#2", "windMode": [6,6,6,6], "windData": [0,1,1,0] },
				"south": {"uv": [0.0, 4.375, 1.0, 12.375], "rotation": 90.0, "texture": "#2", "windMode": [6,6,6,6], "windData": [0,0,1,1] },
				"west": {"uv": [0.0, 2.125, 1.0, 4.125], "rotation": 90.0, "texture": "#2", "windMode": [6,6,6,6], "windData": [0,0,1,1] },
				"up": {"uv": [3.75, 12.5, 11.75, 14.5], "rotation": 180.0, "texture": "#2", "windMode": [6,6,6,6], "windData": [1,1,1,1]  },
				"down": {"uv": [3.875, 12.125, 11.875, 14.125], "rotation": 0.0, "texture": "#2", "windMode": [6,6,6,6] }
			}
		},
		{
			"name": null,
			"from": [12.0, 16.0, 7.0],
			"to": [16.0, 17.0, 9.0],
			"rotationOrigin": [14.0, 9.0, 8.0],
			"rotationX": 0.0,
			"rotationY": 0.0,
			"rotationZ": 0.0,
			"faces": {
				"north": {"uv": [0.0, 1.375, 1.0, 5.375], "rotation": 90.0, "texture": "#2", "windMode": [6,6,6,6], "windData": [0,1,1,0] },
				"east": {"uv": [0.0, 5.125, 1.0, 7.125], "rotation": 90.0, "texture": "#2", "windMode": [6,6,6,6], "windData": [0,1,1,0] },
				"south": {"uv": [0.0, 1.375, 1.0, 5.375], "rotation": 90.0, "texture": "#2", "windMode": [6,6,6,6], "windData": [0,0,1,1] },
				"west": {"uv": [0.0, 5.0, 1.0, 7.0], "rotation": 90.0, "texture": "#2", "windMode": [6,6,6,6], "windData": [0,0,1,1] },
				"up": {"uv": [4.75, 11.75, 8.75, 13.75], "rotation": 180.0, "texture": "#2", "windMode": [6,6,6,6], "windData": [1,1,1,1] },
				"down": {"uv": [5.125, 12.75, 9.125, 14.75], "rotation": 0.0, "texture": "#2", "windMode": [6,6,6,6] }
			}
		}
	]
}