{
	"editor": {
		"allAngles": true,
		"entityTextureMode": false
	},
	"textureWidth": 16,
	"textureHeight": 16,
	"textureSizes": {
	},
	"textures": {
	},
	"elements": [
		{
			"name": "Element",
			"from": [ 12.0, 0.0, 7.0 ], 
			"to": [ 16.0, 16.0, 9.0 ], 
			"rotationOrigin": [ 14.0, 8.0, 8.0 ],
			"faces": {
				"north": { "texture": "#0", "uv": [ 0.0, 1.5, 16.0, 5.5 ], "rotation": 90, "windMode": [6,6,6,6], "windData": [0,1,1,0] },
				"east": { "texture": "#0", "uv": [ 0.0, 5.5, 16.0, 7.5 ], "rotation": 90, "windMode": [6,6,6,6], "windData": [0,1,1,0] },
				"south": { "texture": "#0", "uv": [ 0.0, 1.5, 16.0, 5.5 ], "rotation": 90, "windMode": [6,6,6,6], "windData": [0,0,1,1] },
				"west": { "texture": "#0", "uv": [ 0.0, 5.5, 16.0, 7.5 ], "rotation": 90, "windMode": [6,6,6,6], "windData": [0,0,1,1] },
				"up": { "texture": "#0", "uv": [ 5.0, 12.0, 9.0, 14.0 ], "rotation": 180, "windMode": [6,6,6,6], "windData": [1,1,1,1] },
				"down": { "texture": "#0", "uv": [ 5.125, 12.75, 9.125, 14.75 ], "windMode": [6,6,6,6] }
			}
		},
		{
			"name": "Element",
			"from": [ 14.0, 16.0, 7.0 ], 
			"to": [ 16.0, 17.0, 9.0 ], 
			"rotationOrigin": [ 14.0, 9.0, 8.0 ],
			"faces": {
				"north": { "texture": "#2", "uv": [ 0.0, 1.5, 1.0, 3.5 ], "rotation": 90, "windMode": [6,6,6,6], "windData": [1,1,1,1] },
				"east": { "texture": "#2", "uv": [ 0.0, 5.5, 1.0, 7.5 ], "rotation": 90, "windMode": [6,6,6,6], "windData": [1,1,1,1] },
				"south": { "texture": "#2", "uv": [ 0.0, 1.5, 1.0, 3.5 ], "rotation": 90, "windMode": [6,6,6,6], "windData": [1,1,1,1] },
				"west": { "texture": "#2", "uv": [ 0.0, 5.5, 1.0, 7.5 ], "rotation": 90, "windMode": [6,6,6,6], "windData": [1,1,1,1] },
				"up": { "texture": "#2", "uv": [ 5.0, 12.0, 7.0, 14.0 ], "rotation": 180, "windMode": [6,6,6,6], "windData": [1,1,1,1] },
				"down": { "texture": "#2", "uv": [ 5.125, 12.75, 7.125, 14.75 ], "windMode": [6,6,6,6], "windData": [1,1,1,1] }
			}
		},
		{
			"name": "Element",
			"from": [ 12.0, 0.0, 5.0 ], 
			"to": [ 14.0, 16.0, 7.0 ], 
			"rotationOrigin": [ 14.0, 8.0, 6.0 ],
			"faces": {
				"north": { "texture": "#0", "uv": [ 0.0, 2.0, 16.0, 4.0 ], "rotation": 90, "windMode": [6,6,6,6], "windData": [0,1,1,0] },
				"east": { "texture": "#0", "uv": [ 0.0, 6.0, 16.0, 8.0 ], "rotation": 90, "windMode": [6,6,6,6], "windData": [0,1,1,0] },
				"south": { "texture": "#0", "uv": [ 0.0, 2.0, 16.0, 4.0 ], "rotation": 90, "windMode": [6,6,6,6], "windData": [0,0,1,1] },
				"west": { "texture": "#0", "uv": [ 0.0, 6.0, 16.0, 8.0 ], "rotation": 90, "windMode": [6,6,6,6], "windData": [0,0,1,1] },
				"up": { "texture": "#0", "uv": [ 4.5, 11.0, 6.5, 13.0 ], "rotation": 180, "windMode": [6,6,6,6], "windData": [1,1,1,1] },
				"down": { "texture": "#0", "uv": [ 5.5, 12.0, 7.5, 14.0 ], "windMode": [6,6,6,6] }
			}
		},
		{
			"name": "Element",
			"from": [ 4.0, 0.0, 5.0 ], 
			"to": [ 12.0, 2.0, 9.0 ], 
			"rotationOrigin": [ 8.0, 8.0, 6.0 ],
			"faces": {
				"north": { "texture": "#0", "uv": [ 0.5, 4.5, 2.5, 12.5 ], "rotation": 90, "windMode": [6,6,6,6] },
				"east": { "texture": "#0", "uv": [ 0.0, 0.0, 0.0, 0.0 ], "windMode": [6,6,6,6] },
				"south": { "texture": "#0", "uv": [ 0.5, 4.0, 2.5, 12.0 ], "rotation": 90, "windMode": [6,6,6,6] },
				"west": { "texture": "#0", "uv": [ 0.0, 0.0, 0.0, 0.0 ], "windMode": [6,6,6,6] },
				"up": { "texture": "#0", "uv": [ 3.5, 12.0, 11.5, 16.0 ], "rotation": 180, "windMode": [6,6,6,6] },
				"down": { "texture": "#0", "uv": [ 4.0, 11.5, 12.0, 13.5 ], "windMode": [6,6,6,6] }
			}
		},
		{
			"name": "Element",
			"from": [ 3.0, 3.6, 5.6 ], 
			"to": [ 13.0, 4.6, 6.6 ], 
			"rotationOrigin": [ 8.0, 4.6, 5.6 ],
			"rotationZ": -22.5,
			"faces": {
				"north": { "texture": "#1", "uv": [ 13.0, 0.0, 14.0, 10.0 ], "rotation": 90, "windMode": [6,6,6,6] },
				"east": { "texture": "#1", "uv": [ 13.0, 0.0, 14.0, 1.0 ], "rotation": 90, "windMode": [6,6,6,6] },
				"south": { "texture": "#1", "uv": [ 13.0, 0.0, 14.0, 10.0 ], "rotation": 90, "windMode": [6,6,6,6] },
				"west": { "texture": "#1", "uv": [ 13.0, 0.0, 14.0, 1.0 ], "rotation": 90, "windMode": [6,6,6,6] },
				"up": { "texture": "#1", "uv": [ 13.0, 0.0, 14.0, 10.0 ], "rotation": 90, "windMode": [6,6,6,6] },
				"down": { "texture": "#1", "uv": [ 13.0, 0.0, 14.0, 10.0 ], "rotation": 90, "windMode": [6,6,6,6] }
			}
		},
		{
			"name": "Element",
			"from": [ 3.0, 3.6, 5.7 ], 
			"to": [ 13.0, 4.6, 6.7 ], 
			"rotationOrigin": [ 8.0, 3.6, 5.7 ],
			"rotationZ": 22.5,
			"faces": {
				"north": { "texture": "#1", "uv": [ 14.0, 0.0, 15.0, 10.0 ], "rotation": 270, "windMode": [6,6,6,6] },
				"east": { "texture": "#1", "uv": [ 14.0, 0.0, 15.0, 1.0 ], "rotation": 270, "windMode": [6,6,6,6] },
				"south": { "texture": "#1", "uv": [ 14.0, 0.0, 15.0, 10.0 ], "rotation": 270, "windMode": [6,6,6,6] },
				"west": { "texture": "#1", "uv": [ 14.0, 0.0, 15.0, 1.0 ], "rotation": 270, "windMode": [6,6,6,6] },
				"up": { "texture": "#1", "uv": [ 14.0, 0.0, 15.0, 10.0 ], "rotation": 270, "windMode": [6,6,6,6] },
				"down": { "texture": "#1", "uv": [ 14.0, 0.0, 15.0, 10.0 ], "rotation": 270, "windMode": [6,6,6,6] }
			}
		},
		{
			"name": "Element",
			"from": [ 3.0, 7.6, 5.6 ], 
			"to": [ 13.0, 8.6, 6.6 ], 
			"rotationOrigin": [ 8.0, 8.6, 5.6 ],
			"rotationZ": -22.5,
			"faces": {
				"north": { "texture": "#1", "uv": [ 14.0, 0.0, 15.0, 10.0 ], "rotation": 270, "windMode": [6,6,6,6] },
				"east": { "texture": "#1", "uv": [ 14.0, 0.0, 15.0, 1.0 ], "rotation": 270, "windMode": [6,6,6,6] },
				"south": { "texture": "#1", "uv": [ 14.0, 0.0, 15.0, 10.0 ], "rotation": 270, "windMode": [6,6,6,6] },
				"west": { "texture": "#1", "uv": [ 14.0, 0.0, 15.0, 1.0 ], "rotation": 270, "windMode": [6,6,6,6] },
				"up": { "texture": "#1", "uv": [ 14.0, 0.0, 15.0, 10.0 ], "rotation": 270, "windMode": [6,6,6,6] },
				"down": { "texture": "#1", "uv": [ 14.0, 0.0, 15.0, 10.0 ], "rotation": 270, "windMode": [6,6,6,6] }
			}
		},
		{
			"name": "Element",
			"from": [ 3.0, 7.6, 5.7 ], 
			"to": [ 13.0, 8.6, 6.7 ], 
			"rotationOrigin": [ 8.0, 7.6, 5.7 ],
			"rotationZ": 22.5,
			"faces": {
				"north": { "texture": "#1", "uv": [ 14.0, 0.0, 15.0, 10.0 ], "rotation": 270, "windMode": [6,6,6,6] },
				"east": { "texture": "#1", "uv": [ 14.0, 0.0, 15.0, 1.0 ], "rotation": 270, "windMode": [6,6,6,6] },
				"south": { "texture": "#1", "uv": [ 14.0, 0.0, 15.0, 10.0 ], "rotation": 270, "windMode": [6,6,6,6] },
				"west": { "texture": "#1", "uv": [ 14.0, 0.0, 15.0, 1.0 ], "rotation": 270, "windMode": [6,6,6,6] },
				"up": { "texture": "#1", "uv": [ 14.0, 0.0, 15.0, 10.0 ], "rotation": 270, "windMode": [6,6,6,6] },
				"down": { "texture": "#1", "uv": [ 14.0, 0.0, 15.0, 10.0 ], "rotation": 270, "windMode": [6,6,6,6] }
			}
		},
		{
			"name": "Element",
			"from": [ 3.0, 11.6, 5.6 ], 
			"to": [ 13.0, 12.6, 6.6 ], 
			"rotationOrigin": [ 8.0, 12.6, 5.6 ],
			"rotationZ": -22.5,
			"faces": {
				"north": { "texture": "#1", "uv": [ 12.0, 0.0, 13.0, 10.0 ], "rotation": 90, "windMode": [6,6,6,6] },
				"east": { "texture": "#1", "uv": [ 12.0, 0.0, 13.0, 1.0 ], "rotation": 90, "windMode": [6,6,6,6] },
				"south": { "texture": "#1", "uv": [ 12.0, 0.0, 13.0, 10.0 ], "rotation": 90, "windMode": [6,6,6,6] },
				"west": { "texture": "#1", "uv": [ 12.0, 0.0, 13.0, 1.0 ], "rotation": 90, "windMode": [6,6,6,6] },
				"up": { "texture": "#1", "uv": [ 12.0, 0.0, 13.0, 10.0 ], "rotation": 90, "windMode": [6,6,6,6] },
				"down": { "texture": "#1", "uv": [ 12.0, 0.0, 13.0, 10.0 ], "rotation": 90, "windMode": [6,6,6,6] }
			}
		},
		{
			"name": "Element",
			"from": [ 3.0, 11.6, 5.7 ], 
			"to": [ 13.0, 12.6, 6.7 ], 
			"rotationOrigin": [ 8.0, 11.6, 5.7 ],
			"rotationZ": 22.5,
			"faces": {
				"north": { "texture": "#1", "uv": [ 14.0, 0.0, 15.0, 10.0 ], "rotation": 270, "windMode": [6,6,6,6] },
				"east": { "texture": "#1", "uv": [ 14.0, 0.0, 15.0, 1.0 ], "rotation": 270, "windMode": [6,6,6,6] },
				"south": { "texture": "#1", "uv": [ 14.0, 0.0, 15.0, 10.0 ], "rotation": 270, "windMode": [6,6,6,6] },
				"west": { "texture": "#1", "uv": [ 14.0, 0.0, 15.0, 1.0 ], "rotation": 270, "windMode": [6,6,6,6] },
				"up": { "texture": "#1", "uv": [ 14.0, 0.0, 15.0, 10.0 ], "rotation": 270, "windMode": [6,6,6,6] },
				"down": { "texture": "#1", "uv": [ 14.0, 0.0, 15.0, 10.0 ], "rotation": 270, "windMode": [6,6,6,6] }
			}
		},
		{
			"name": "Element",
			"from": [ 4.0, 14.0, 5.0 ], 
			"to": [ 12.0, 16.0, 9.0 ], 
			"rotationOrigin": [ 8.0, 22.0, 6.0 ],
			"faces": {
				"north": { "texture": "#0", "uv": [ 1.0, 4.5, 3.0, 12.5 ], "rotation": 90, "windMode": [6,6,6,6], "windData": [0,1,1,0] },
				"east": { "texture": "#0", "uv": [ 0.0, 0.0, 0.0, 0.0 ], "windMode": [6,6,6,6], "windData": [0,1,1,0] },
				"south": { "texture": "#0", "uv": [ 0.5, 4.0, 2.5, 12.0 ], "rotation": 90, "windMode": [6,6,6,6], "windData": [0,0,1,1] },
				"west": { "texture": "#0", "uv": [ 0.0, 0.0, 0.0, 0.0 ], "windMode": [6,6,6,6], "windData": [0,0,1,1] },
				"up": { "texture": "#0", "uv": [ 3.5, 12.5, 11.5, 16.5 ], "rotation": 180, "windMode": [6,6,6,6], "windData": [1,1,1,1] },
				"down": { "texture": "#0", "uv": [ 4.0, 12.0, 12.0, 14.0 ], "windMode": [6,6,6,6] }
			}
		},
		{
			"name": "Element",
			"from": [ 2.0, 16.0, 5.0 ], 
			"to": [ 14.0, 17.0, 9.0 ], 
			"rotationOrigin": [ 8.0, 23.0, 6.0 ],
			"faces": {
				"north": { "texture": "#2", "uv": [ 1.0, 4.0, 2.0, 16.0 ], "rotation": 90, "windMode": [6,6,6,6], "windData": [1,1,1,1] },
				"east": { "texture": "#2", "uv": [ 0.0, 0.0, 4.0, 1.0 ], "windMode": [6,6,6,6], "windData": [1,1,1,1] },
				"south": { "texture": "#2", "uv": [ 0.5, 4.0, 1.5, 16.0 ], "rotation": 90, "windMode": [6,6,6,6], "windData": [1,1,1,1] },
				"west": { "texture": "#2", "uv": [ 0.0, 0.0, 4.0, 1.0 ], "windMode": [6,6,6,6], "windData": [1,1,1,1] },
				"up": { "texture": "#2", "uv": [ 3.5, 11.5, 15.5, 15.5 ], "rotation": 180, "windMode": [6,6,6,6], "windData": [1,1,1,1] },
				"down": { "texture": "#2", "uv": [ 4.0, 11.0, 16.0, 15.0 ], "windMode": [6,6,6,6], "windData": [1,1,1,1] }
			}
		},
		{
			"name": "Element",
			"from": [ 0.0, 0.0, 7.0 ], 
			"to": [ 4.0, 16.0, 9.0 ], 
			"rotationOrigin": [ 2.0, 8.0, 8.0 ],
			"faces": {
				"north": { "texture": "#0", "uv": [ 0.0, 8.0, 16.0, 12.0 ], "rotation": 270, "windMode": [6,6,6,6], "windData": [0,1,1,0] },
				"east": { "texture": "#0", "uv": [ 0.0, 12.0, 16.0, 14.0 ], "rotation": 270, "windMode": [6,6,6,6], "windData": [0,1,1,0] },
				"south": { "texture": "#0", "uv": [ 0.0, 8.0, 16.0, 12.0 ], "rotation": 270, "windMode": [6,6,6,6], "windData": [0,0,1,1] },
				"west": { "texture": "#0", "uv": [ 0.0, 12.0, 16.0, 14.0 ], "rotation": 270, "windMode": [6,6,6,6], "windData": [0,0,1,1] },
				"up": { "texture": "#0", "uv": [ 5.0, 12.5, 9.0, 14.5 ], "rotation": 180, "windMode": [6,6,6,6], "windData": [1,1,1,1] },
				"down": { "texture": "#0", "uv": [ 5.75, 13.0, 9.75, 15.0 ], "windMode": [6,6,6,6] }
			}
		},
		{
			"name": "Element",
			"from": [ 0.0, 16.0, 7.0 ], 
			"to": [ 2.0, 17.0, 9.0 ], 
			"rotationOrigin": [ 2.0, 9.0, 8.0 ],
			"faces": {
				"north": { "texture": "#2", "uv": [ 0.0, 8.0, 1.0, 10.0 ], "rotation": 270, "windMode": [6,6,6,6], "windData": [1,1,1,1] },
				"east": { "texture": "#2", "uv": [ 0.0, 12.0, 1.0, 14.0 ], "rotation": 270, "windMode": [6,6,6,6], "windData": [1,1,1,1] },
				"south": { "texture": "#2", "uv": [ 0.0, 8.0, 1.0, 10.0 ], "rotation": 270, "windMode": [6,6,6,6], "windData": [1,1,1,1] },
				"west": { "texture": "#2", "uv": [ 0.0, 12.0, 1.0, 14.0 ], "rotation": 270, "windMode": [6,6,6,6], "windData": [1,1,1,1] },
				"up": { "texture": "#2", "uv": [ 5.0, 12.5, 7.0, 14.5 ], "rotation": 180, "windMode": [6,6,6,6], "windData": [1,1,1,1] },
				"down": { "texture": "#2", "uv": [ 5.75, 13.0, 7.75, 15.0 ], "windMode": [6,6,6,6], "windData": [1,1,1,1] }
			}
		},
		{
			"name": "Element",
			"from": [ 2.0, 0.0, 5.0 ], 
			"to": [ 4.0, 16.0, 7.0 ], 
			"rotationOrigin": [ 2.0, 8.0, 6.0 ],
			"faces": {
				"north": { "texture": "#0", "uv": [ 0.0, 8.5, 16.0, 10.5 ], "rotation": 270, "windMode": [6,6,6,6], "windData": [0,1,1,0] },
				"east": { "texture": "#0", "uv": [ 0.0, 11.5, 16.0, 13.5 ], "rotation": 270, "windMode": [6,6,6,6], "windData": [0,1,1,0] },
				"south": { "texture": "#0", "uv": [ 0.0, 7.5, 16.0, 9.5 ], "rotation": 270, "windMode": [6,6,6,6], "windData": [0,0,1,1] },
				"west": { "texture": "#0", "uv": [ 0.0, 11.0, 16.0, 13.0 ], "rotation": 270, "windMode": [6,6,6,6], "windData": [0,0,1,1] },
				"up": { "texture": "#0", "uv": [ 5.0, 11.5, 7.0, 13.5 ], "rotation": 180, "windMode": [6,6,6,6], "windData": [1,1,1,1] },
				"down": { "texture": "#0", "uv": [ 6.0, 12.5, 8.0, 14.5 ], "windMode": [6,6,6,6] }
			}
		}
	]}