{
	"editor": {
		"allAngles": true,
		"entityTextureMode": false
	},
	"textureWidth": 16,
	"textureHeight": 16,
	"textures": {
	},
	"elements": [
		{
			"name": null,
			"from": [7.0, 0.0, 12.0],
			"to": [9.0, 16.0, 16.0],
			"rotationOrigin": [8.0, 8.0, 14.0],
			"rotationX": 0.0,
			"rotationY": 0.0,
			"rotationZ": 0.0,
			"faces": {
				"north": {"uv": [0.0, 11.5, 16.0, 13.5], "rotation": 90.0, "texture": "#0", "windMode": [6,6,6,6], "windData": [0,1,1,0]},
				"east": {"uv": [0.0, 12.0, 16.0, 16.0], "rotation": 90.0, "texture": "#0", "windMode": [6,6,6,6], "windData": [0,1,1,0] },
				"south": {"uv": [0.0, 10.25, 16.0, 12.25], "rotation": 90.0, "texture": "#0", "windMode": [6,6,6,6], "windData": [0,0,1,1] },
				"west": {"uv": [0.0, 12.0, 16.0, 16.0], "rotation": 90.0, "texture": "#0", "windMode": [6,6,6,6], "windData": [0,0,1,1] },
				"up": {"uv": [5.25, 12.25, 9.25, 14.25], "rotation": 270.0, "texture": "#0", "windMode": [6,6,6,6], "windData": [1,1,1,1] },
				"down": {"uv": [5.0, 12.5, 9.0, 14.5], "rotation": 90.0, "texture": "#0", "windMode": [6,6,6,6]}
			}
		},
		{
			"name": null,
			"from": [4.0, 0.0, 5.0],
			"to": [9.0, 16.0, 7.0],
			"rotationOrigin": [6.5, 8.0, 6.0],
			"rotationX": 0.0,
			"rotationY": 0.0,
			"rotationZ": 0.0,
			"faces": {
				"north": {"uv": [0.0, 6.0, 16.0, 11.0], "rotation": 90.0, "texture": "#0", "windMode": [6,6,6,6], "windData": [0,1,1,0]},
				"east": {"uv": [0.0, 10.0, 16.0, 12.0], "rotation": 90.0, "texture": "#0", "windMode": [6,6,6,6], "windData": [0,1,1,0] },
				"south": {"uv": [0.0, 6.0, 16.0, 11.0], "rotation": 90.0, "texture": "#0", "windMode": [6,6,6,6], "windData": [0,0,1,1] },
				"west": {"uv": [0.0, 10.25, 16.0, 12.25], "rotation": 90.0, "texture": "#0", "windMode": [6,6,6,6], "windData": [0,0,1,1] },
				"up": {"uv": [5.25, 12.25, 10.25, 14.25], "rotation": 180.0, "texture": "#0", "windMode": [6,6,6,6], "windData": [1,1,1,1] },
				"down": {"uv": [4.75, 12.5, 9.75, 14.5], "rotation": 0.0, "texture": "#0", "windMode": [6,6,6,6]}
			}
		},
		{
			"name": null,
			"from": [9.0, 0.0, 7.0],
			"to": [11.0, 16.0, 12.0],
			"rotationOrigin": [10.0, 8.0, 9.5],
			"rotationX": 0.0,
			"rotationY": 0.0,
			"rotationZ": 0.0,
			"faces": {
				"north": {"uv": [0.0, 13.75, 16.0, 15.75], "rotation": 90.0, "texture": "#0", "windMode": [6,6,6,6], "windData": [0,1,1,0]},
				"east": {"uv": [0.0, 0.0, 16.0, 5.0], "rotation": 90.0, "texture": "#0", "windMode": [6,6,6,6], "windData": [0,1,1,0] },
				"south": {"uv": [0.0, 4.75, 16.0, 6.75], "rotation": 90.0, "texture": "#0", "windMode": [6,6,6,6], "windData": [0,0,1,1] },
				"west": {"uv": [0.0, 0.0, 16.0, 5.0], "rotation": 90.0, "texture": "#0", "windMode": [6,6,6,6], "windData": [0,0,1,1] },
				"up": {"uv": [4.75, 12.25, 9.75, 14.25], "rotation": 270.0, "texture": "#0", "windMode": [6,6,6,6], "windData": [1,1,1,1] },
				"down": {"uv": [4.5, 12.5, 9.5, 14.5], "rotation": 90.0, "texture": "#0", "windMode": [6,6,6,6]}
			}
		},
		{
			"name": null,
			"from": [7.0, 0.0, 7.0],
			"to": [9.0, 16.0, 9.0],
			"rotationOrigin": [8.0, 8.0, 8.0],
			"rotationX": 0.0,
			"rotationY": 0.0,
			"rotationZ": 0.0,
			"faces": {
				"north": {"uv": [12.0, 0.0, 16.0, 16.0], "rotation": 180.0, "texture": "#1"},
				"east": {"uv": [12.0, 0.0, 16.0, 16.0], "rotation": 0.0, "texture": "#1"},
				"south": {"uv": [12.0, 0.0, 16.0, 16.0], "rotation": 180.0, "texture": "#1"},
				"west": {"uv": [12.0, 0.0, 16.0, 16.0], "rotation": 0.0, "texture": "#1"},
				"up": {"uv": [1.0, 1.0, 7.0, 7.0], "rotation": 90.0, "texture": "#1"},
				"down": {"uv": [1.0, 1.0, 7.0, 7.0], "rotation": 270.0, "texture": "#1"}
			}
		},
		{
			"name": null,
			"from": [0.0, 0.0, 7.0],
			"to": [4.0, 16.0, 9.0],
			"rotationOrigin": [2.0, 8.0, 8.0],
			"rotationX": 0.0,
			"rotationY": 0.0,
			"rotationZ": 0.0,
			"faces": {
				"north": {"uv": [0.0, 0.0, 16.0, 4.0], "rotation": 90.0, "texture": "#0", "windMode": [6,6,6,6], "windData": [0,1,1,0]},
				"east": {"uv": [0.0, 4.0, 16.0, 6.0], "rotation": 90.0, "texture": "#0", "windMode": [6,6,6,6], "windData": [0,1,1,0] },
				"south": {"uv": [0.0, 0.0, 16.0, 4.0], "rotation": 90.0, "texture": "#0", "windMode": [6,6,6,6], "windData": [0,0,1,1] },
				"west": {"uv": [0.0, 4.0, 16.0, 6.0], "rotation": 90.0, "texture": "#0", "windMode": [6,6,6,6], "windData": [0,0,1,1] },
				"up": {"uv": [4.75, 12.25, 8.75, 14.25], "rotation": 180.0, "texture": "#0", "windMode": [6,6,6,6], "windData": [1,1,1,1] },
				"down": {"uv": [4.5, 12.25, 8.5, 14.25], "rotation": 0.0, "texture": "#0", "windMode": [6,6,6,6]}
			}
		}
	]
}