{
	"code": "cob1g",
	creativeinventory: { "general": ["*"], "construction": ["*"] },
	shape: { base: "block/basic/cube" },
	drawtype: "cube",
	blockmaterial: "Soil",
	"textures": {
		horizontals: {  base: "block/cob/cob1g" },
		down: {  base: "game:block/soil/cob/normal*" },
		up: {  base: "game:block/soil/cob/normal*" }
		
		
	},
	"replaceable": 140,
	"fertility": 0,
	resistance: 1.5,
	sounds: {
		place: "block/dirt",
		break: "block/dirt",
		hit: "block/dirt",
		walk: "walk/grass",
		},
	heldTpIdleAnimation: "holdbothhandslarge", heldTpUseAnimation: "twohandplaceblock",
	tpHandTransform: {
		translation: { x: -1.2, y: -1.1, z: -0.8 },
		rotation: { x: -2, y: 25, z: -78 },
		scale: 0.37
	}
}