{
  code: "gemsmount",
  creativeinventory: {
    "general": [
      "gemsmount-north"
    ],
    "decorative": [
      "gemsmount-north"
    ]
  },
  behaviors: [
    {
      name: "HorizontalAttachable"
    }
  ],
  variantgroups: [
    {
      code: "side",
      loadFromProperties: "game:abstract/horizontalorientation"
    }
  ],
  shapeinventory: {
    base: "block/gemshead_mount"
  },
  shapebytype: {
    "*-north": {
      base: "block/gemshead_mount",
      rotateY: 0
    },
    "*-east": {
      base: "block/gemshead_mount",
      rotateY: 270
    },
    "*-south": {
      base: "block/gemshead_mount",
      rotateY: 180
    },
    "*-west": {
      base: "block/gemshead_mount",
      rotateY: 90
    }
  },
  blockmaterial: "Cloth",
  lightAbsorption: 0,
  textures: {
    "gemsbok": {
      base: "entity/gemsbok"
    },
    "plaque": {
      base: "game:block/wood/planks/acacia1"
    },
  },
  sidesolid: {
    all: false
  },
  sideopaque: {
    all: false
  },
  sideao: {
    all: false
  },
  replaceable: 5001,
  resistance: 1,
  collisionbox: null,
  selectionbox: {
    x1: 0,
    y1: 0,
    z1: 0,
    x2: 1,
    y2: 1,
    z2: 0.0625,
    rotateYByType: {
      "*-east": 270,
      "*-south": 180,
      "*-west": 90,
      "*-north": 0
    }
  },
	guiTransform: {
		translation: { x: 2, y: 5, z: 0 },
		rotation: { x: 7, y: 139, z: -4 },
		scale: 1.03
	},
	fpHandTransform: {
		rotation: { x: -17, y: -118, z: 0 },
		scale: 1.85
	},
	tpHandTransform: {
		translation: { x: -1.5, y: -0.9, z: -1 },
		rotation: { x: 16, y: 85, z: 12 },
		scale: 0.6
	},
  sounds: {
    "place": "game:block/planks",
    "break": "game:block/planks",
    "hit": "game:block/planks"
  },
  rainPermeable: true,
  materialDensity: 600
}