{
	"editor": {
		"allAngles": false,
		"entityTextureMode": false
	},
	"textureWidth": 16,
	"textureHeight": 16,
	"textureSizes": {
	},
	"textures": {
		"decor": "game:block/wood/planks/pine1",
		"shield": "game:block/metal/ingot/bismuth"
	},
	"elements": [
		{
			"name": "Base",
			"from": [ 1.0, 1.0, 8.0 ],
			"to": [ 15.0, 15.0, 9.0 ],
			"rotationOrigin": [ 8.0, 8.0, 8.0 ],
			"faces": {
				"north": { "texture": "#shield", "uv": [ 0.0, 0.0, 14.0, 14.0 ] },
				"east": { "texture": "#null", "uv": [ 0.0, 0.0, 1.0, 14.0 ], "enabled": false },
				"south": { "texture": "#shield", "uv": [ 0.0, 0.0, 14.0, 14.0 ] },
				"west": { "texture": "#null", "uv": [ 0.0, 0.0, 1.0, 14.0 ], "enabled": false },
				"up": { "texture": "#null", "uv": [ 0.0, 0.0, 14.0, 1.0 ], "enabled": false },
				"down": { "texture": "#null", "uv": [ 0.0, 0.0, 14.0, 1.0 ], "enabled": false }
			},
			"children": [
				{
					"name": "Left",
					"from": [ -1.0, -1.0, 0.0 ],
					"to": [ 0.0, 15.0, 1.0 ],
					"rotationOrigin": [ -1.0, -1.0, 0.0 ],
					"faces": {
						"north": { "texture": "#decor", "uv": [ 0.0, 0.0, 1.0, 16.0 ] },
						"east": { "texture": "#decor", "uv": [ 0.0, 0.0, 1.0, 16.0 ] },
						"south": { "texture": "#decor", "uv": [ 0.0, 0.0, 1.0, 16.0 ] },
						"west": { "texture": "#decor", "uv": [ 0.0, 0.0, 1.0, 16.0 ] },
						"up": { "texture": "#decor", "uv": [ 0.0, 0.0, 1.0, 1.0 ] },
						"down": { "texture": "#decor", "uv": [ 0.0, 0.0, 1.0, 1.0 ] }
					}
				},
				{
					"name": "Right",
					"from": [ 14.0, -1.0, 0.0 ],
					"to": [ 15.0, 15.0, 1.0 ],
					"rotationOrigin": [ 14.0, -1.0, 0.0 ],
					"faces": {
						"north": { "texture": "#decor", "uv": [ 0.0, 0.0, 1.0, 16.0 ] },
						"east": { "texture": "#decor", "uv": [ 0.0, 0.0, 1.0, 16.0 ] },
						"south": { "texture": "#decor", "uv": [ 0.0, 0.0, 1.0, 16.0 ] },
						"west": { "texture": "#decor", "uv": [ 0.0, 0.0, 1.0, 16.0 ] },
						"up": { "texture": "#decor", "uv": [ 0.0, 0.0, 1.0, 1.0 ] },
						"down": { "texture": "#decor", "uv": [ 0.0, 0.0, 1.0, 1.0 ] }
					}
				},
				{
					"name": "Bottom",
					"from": [ 0.0, -1.0, 0.0 ],
					"to": [ 14.0, 0.0, 1.0 ],
					"rotationOrigin": [ 0.0, -1.0, 0.0 ],
					"faces": {
						"north": { "texture": "#decor", "uv": [ 0.0, 0.0, 14.0, 1.0 ] },
						"east": { "texture": "#decor", "uv": [ 0.0, 0.0, 1.0, 1.0 ] },
						"south": { "texture": "#decor", "uv": [ 0.0, 0.0, 14.0, 1.0 ] },
						"west": { "texture": "#decor", "uv": [ 0.0, 0.0, 1.0, 1.0 ] },
						"up": { "texture": "#decor", "uv": [ 0.0, 0.0, 14.0, 1.0 ] },
						"down": { "texture": "#decor", "uv": [ 0.0, 0.0, 14.0, 1.0 ] }
					}
				},
				{
					"name": "Top",
					"from": [ 0.0, 14.0, 0.0 ],
					"to": [ 14.0, 15.0, 1.0 ],
					"rotationOrigin": [ 0.0, 14.0, 0.0 ],
					"faces": {
						"north": { "texture": "#decor", "uv": [ 0.0, 0.0, 14.0, 1.0 ] },
						"east": { "texture": "#decor", "uv": [ 0.0, 0.0, 1.0, 1.0 ] },
						"south": { "texture": "#decor", "uv": [ 0.0, 0.0, 14.0, 1.0 ] },
						"west": { "texture": "#decor", "uv": [ 0.0, 0.0, 1.0, 1.0 ] },
						"up": { "texture": "#decor", "uv": [ 0.0, 0.0, 14.0, 1.0 ] },
						"down": { "texture": "#decor", "uv": [ 0.0, 0.0, 14.0, 1.0 ] }
					}
				},
				{
					"name": "Center",
					"from": [ 4.0, 4.0, -1.0 ],
					"to": [ 10.0, 10.0, 2.0 ],
					"rotationOrigin": [ 7.0, 7.0, -1.0 ],
					"faces": {
						"north": { "texture": "#decor", "uv": [ 0.0, 0.0, 6.0, 6.0 ] },
						"east": { "texture": "#decor", "uv": [ 0.0, 0.0, 3.0, 6.0 ] },
						"south": { "texture": "#decor", "uv": [ 0.0, 0.0, 6.0, 6.0 ] },
						"west": { "texture": "#decor", "uv": [ 0.0, 0.0, 3.0, 6.0 ] },
						"up": { "texture": "#decor", "uv": [ 0.0, 0.0, 6.0, 3.0 ] },
						"down": { "texture": "#decor", "uv": [ 0.0, 0.0, 6.0, 3.0 ] }
					},
					"children": [
						{
							"name": "Handle1",
							"from": [ 0.0, 2.0, -2.0 ],
							"to": [ 1.0, 4.0, 0.0 ],
							"rotationOrigin": [ 0.0, 2.0, -2.0 ],
							"faces": {
								"north": { "texture": "#decor", "uv": [ 0.0, 0.0, 1.0, 2.0 ] },
								"east": { "texture": "#decor", "uv": [ 0.0, 0.0, 2.0, 2.0 ] },
								"south": { "texture": "#decor", "uv": [ 0.0, 0.0, 1.0, 2.0 ] },
								"west": { "texture": "#decor", "uv": [ 0.0, 0.0, 2.0, 2.0 ] },
								"up": { "texture": "#decor", "uv": [ 0.0, 0.0, 1.0, 2.0 ] },
								"down": { "texture": "#decor", "uv": [ 0.0, 0.0, 1.0, 2.0 ] }
							}
						},
						{
							"name": "Handle2",
							"from": [ 5.0, 2.0, -2.0 ],
							"to": [ 6.0, 4.0, 0.0 ],
							"rotationOrigin": [ 5.0, 2.0, -2.0 ],
							"faces": {
								"north": { "texture": "#decor", "uv": [ 0.0, 0.0, 1.0, 2.0 ] },
								"east": { "texture": "#decor", "uv": [ 0.0, 0.0, 2.0, 2.0 ] },
								"south": { "texture": "#decor", "uv": [ 0.0, 0.0, 1.0, 2.0 ] },
								"west": { "texture": "#decor", "uv": [ 0.0, 0.0, 2.0, 2.0 ] },
								"up": { "texture": "#decor", "uv": [ 0.0, 0.0, 1.0, 2.0 ] },
								"down": { "texture": "#decor", "uv": [ 0.0, 0.0, 1.0, 2.0 ] }
							}
						},
						{
							"name": "Handle3",
							"from": [ 1.0, 2.0, -2.0 ],
							"to": [ 5.0, 4.0, -1.0 ],
							"rotationOrigin": [ 1.0, 2.0, -2.0 ],
							"faces": {
								"north": { "texture": "#decor", "uv": [ 0.0, 0.0, 4.0, 2.0 ] },
								"east": { "texture": "#decor", "uv": [ 0.0, 0.0, 1.0, 2.0 ] },
								"south": { "texture": "#decor", "uv": [ 0.0, 0.0, 4.0, 2.0 ] },
								"west": { "texture": "#decor", "uv": [ 0.0, 0.0, 1.0, 2.0 ] },
								"up": { "texture": "#decor", "uv": [ 0.0, 0.0, 4.0, 1.0 ] },
								"down": { "texture": "#decor", "uv": [ 0.0, 0.0, 4.0, 1.0 ] }
							}
						}
					]
				}
			]
		}
	]}
