{
	"editor": {
		"allAngles": false,
		"entityTextureMode": false
	},
	"textureWidth": 16,
	"textureHeight": 8,
	"textureSizes": {
	},
	"textures": {
		"copper": "tstools:item/copper",
		"handel-k2": "tstools:item/handel-k",
		"handel-k": "tstools:item/handle",
		"iron": "tstools:item/iron",
		"titan-tip": "tstools:item/titan-tip"
	},
	"elements": [
		{
			"name": "handle",
			"from": [ 0.3, 7.5, 7.5 ],
			"to": [ 15.1, 8.5, 8.5 ],
			"rotationOrigin": [ -3.2, 0.0, 8.0 ],
			"faces": {
				"north": { "texture": "#handel-k", "uv": [ 1.0, 3.0, 15.5, 4.0 ] },
				"east": { "texture": "#handel-k", "uv": [ 3.0, 0.0, 4.0, 1.0 ] },
				"south": { "texture": "#handel-k", "uv": [ 1.0, 5.5, 15.5, 6.5 ] },
				"west": { "texture": "#handel-k", "uv": [ 4.0, 0.0, 5.0, 1.0 ] },
				"up": { "texture": "#handel-k", "uv": [ 1.5, 3.0, 16.0, 4.0 ] },
				"down": { "texture": "#handel-k", "uv": [ 1.0, 5.0, 15.5, 6.0 ] }
			}
		},
		{
			"name": "Cube1",
			"from": [ 12.0, 7.7, 6.0 ],
			"to": [ 14.0, 8.3, 10.0 ],
			"rotationOrigin": [ 0.0, 0.7, 0.0 ],
			"faces": {
				"north": { "texture": "#iron", "uv": [ 1.0, 5.0, 3.0, 5.5 ] },
				"east": { "texture": "#iron", "uv": [ 2.0, 1.0, 6.0, 1.5 ] },
				"south": { "texture": "#iron", "uv": [ 2.0, 3.0, 4.0, 3.5 ] },
				"west": { "texture": "#iron", "uv": [ 1.5, 5.25, 5.5, 5.75 ] },
				"up": { "texture": "#iron", "uv": [ 2.0, 3.5, 4.0, 7.5 ] },
				"down": { "texture": "#iron", "uv": [ 0.5, 2.75, 2.5, 6.75 ] }
			}
		},
		{
			"name": "Cube2",
			"from": [ 33.0, 7.7, 4.0 ],
			"to": [ 35.0, 8.3, 8.1 ],
			"rotationOrigin": [ 21.0, 0.7, -2.0 ],
			"rotationY": -90.0,
			"faces": {
				"north": { "texture": "#iron", "uv": [ 1.0, 5.0, 3.0, 5.5 ] },
				"east": { "texture": "#iron", "uv": [ 2.0, 1.0, 6.0, 1.5 ] },
				"south": { "texture": "#iron", "uv": [ 2.0, 3.0, 4.0, 3.5 ] },
				"west": { "texture": "#iron", "uv": [ 1.0, 5.0, 5.0, 5.5 ] },
				"up": { "texture": "#iron", "uv": [ 2.0, 3.5, 4.0, 7.5 ] },
				"down": { "texture": "#iron", "uv": [ 1.0, 3.5, 3.0, 7.5 ] }
			}
		},
		{
			"name": "Cube3",
			"from": [ 33.0, 7.7, -2.0 ],
			"to": [ 35.0, 8.3, 2.1 ],
			"rotationOrigin": [ 21.0, 0.7, -8.0 ],
			"rotationY": -90.0,
			"faces": {
				"north": { "texture": "#iron", "uv": [ 1.0, 5.0, 3.0, 5.5 ] },
				"east": { "texture": "#iron", "uv": [ 2.0, 1.0, 6.0, 1.5 ] },
				"south": { "texture": "#iron", "uv": [ 2.0, 3.0, 4.0, 3.5 ] },
				"west": { "texture": "#iron", "uv": [ 1.0, 5.0, 5.0, 5.5 ] },
				"up": { "texture": "#iron", "uv": [ 1.0, 3.5, 3.0, 7.5 ] },
				"down": { "texture": "#iron", "uv": [ 1.0, 3.5, 3.0, 7.5 ] }
			}
		},
		{
			"name": "Cube6",
			"from": [ 34.5, 7.8, 3.9 ],
			"to": [ 36.5, 8.2, 4.7 ],
			"rotationOrigin": [ 22.0, 0.6, -2.3 ],
			"rotationY": -90.0,
			"faces": {
				"north": { "texture": "#titan-tip", "uv": [ 1.0, 5.0, 3.0, 5.25 ] },
				"east": { "texture": "#titan-tip", "uv": [ 2.0, 1.0, 2.5, 1.25 ] },
				"south": { "texture": "#titan-tip", "uv": [ 2.0, 3.0, 4.0, 3.25 ] },
				"west": { "texture": "#titan-tip", "uv": [ 1.0, 5.0, 1.5, 5.25 ] },
				"up": { "texture": "#titan-tip", "uv": [ 2.0, 6.25, 4.0, 7.0 ] },
				"down": { "texture": "#titan-tip", "uv": [ 1.5, 6.5, 3.5, 7.25 ] }
			}
		},
		{
			"name": "Cube7",
			"from": [ 35.9, 7.8, 3.4 ],
			"to": [ 36.9, 8.2, 4.2 ],
			"rotationOrigin": [ 23.0, 0.3, -3.0 ],
			"rotationY": -90.0,
			"faces": {
				"north": { "texture": "#titan-tip", "uv": [ 1.0, 5.0, 2.0, 5.25 ] },
				"east": { "texture": "#titan-tip", "uv": [ 2.0, 6.5, 2.5, 6.75 ] },
				"south": { "texture": "#titan-tip", "uv": [ 2.0, 3.0, 3.0, 3.25 ] },
				"west": { "texture": "#titan-tip", "uv": [ 1.0, 5.0, 1.5, 5.25 ] },
				"up": { "texture": "#titan-tip", "uv": [ 2.5, 6.5, 3.5, 7.25 ] },
				"down": { "texture": "#titan-tip", "uv": [ 2.5, 6.5, 3.5, 7.25 ] }
			}
		},
		{
			"name": "Cube10",
			"from": [ 34.5, 7.8, -2.5 ],
			"to": [ 36.5, 8.2, -1.7 ],
			"rotationOrigin": [ 22.0, 0.6, -8.7 ],
			"rotationY": -90.0,
			"faces": {
				"north": { "texture": "#titan-tip", "uv": [ 1.0, 5.0, 3.0, 5.25 ] },
				"east": { "texture": "#titan-tip", "uv": [ 2.0, 1.0, 2.5, 1.25 ] },
				"south": { "texture": "#titan-tip", "uv": [ 2.0, 3.0, 4.0, 3.25 ] },
				"west": { "texture": "#titan-tip", "uv": [ 1.0, 5.0, 1.5, 5.25 ] },
				"up": { "texture": "#titan-tip", "uv": [ 1.5, 6.5, 3.5, 7.25 ] },
				"down": { "texture": "#titan-tip", "uv": [ 1.5, 6.5, 3.5, 7.25 ] }
			}
		},
		{
			"name": "Cube11",
			"from": [ 35.9, 7.8, -1.2 ],
			"to": [ 36.9, 8.2, -0.4 ],
			"rotationOrigin": [ 23.0, 0.3, -7.6 ],
			"rotationY": -90.0,
			"faces": {
				"north": { "texture": "#titan-tip", "uv": [ 1.0, 5.0, 2.0, 5.25 ] },
				"east": { "texture": "#titan-tip", "uv": [ 2.0, 1.0, 2.5, 1.25 ] },
				"south": { "texture": "#titan-tip", "uv": [ 2.0, 3.0, 3.0, 3.25 ] },
				"west": { "texture": "#titan-tip", "uv": [ 1.0, 5.0, 1.5, 5.25 ] },
				"up": { "texture": "#titan-tip", "uv": [ 2.5, 6.5, 3.5, 7.25 ] },
				"down": { "texture": "#titan-tip", "uv": [ 2.0, 6.25, 3.0, 7.0 ] }
			}
		},
		{
			"name": "Cube17",
			"from": [ 33.0, 7.8, -2.6 ],
			"to": [ 33.6, 8.2, 1.5 ],
			"rotationOrigin": [ 21.0, 0.8, -8.6 ],
			"rotationY": -90.0,
			"faces": {
				"north": { "texture": "#titan-tip", "uv": [ 1.0, 5.0, 1.5, 5.25 ] },
				"east": { "texture": "#titan-tip", "uv": [ 2.0, 1.0, 6.0, 1.25 ] },
				"south": { "texture": "#titan-tip", "uv": [ 2.0, 3.0, 2.5, 3.25 ] },
				"west": { "texture": "#titan-tip", "uv": [ 1.0, 5.0, 5.0, 5.25 ] },
				"up": { "texture": "#titan-tip", "uv": [ 2.0, 3.25, 2.5, 7.25 ] },
				"down": { "texture": "#titan-tip", "uv": [ 2.5, 3.75, 3.0, 7.75 ] }
			}
		},
		{
			"name": "Cube18",
			"from": [ 33.1, 7.8, 6.05 ],
			"to": [ 33.7, 8.2, 10.25 ],
			"rotationOrigin": [ 21.1, 0.8, 0.0 ],
			"rotationY": -90.0,
			"faces": {
				"north": { "texture": "#titan-tip", "uv": [ 1.0, 5.0, 1.5, 5.25 ] },
				"east": { "texture": "#titan-tip", "uv": [ 2.0, 1.0, 6.0, 1.25 ] },
				"south": { "texture": "#titan-tip", "uv": [ 2.0, 3.0, 2.5, 3.25 ] },
				"west": { "texture": "#titan-tip", "uv": [ 1.0, 5.0, 5.0, 5.25 ] },
				"up": { "texture": "#titan-tip", "uv": [ 1.5, 3.0, 2.0, 7.0 ] },
				"down": { "texture": "#titan-tip", "uv": [ 1.5, 3.5, 2.0, 7.5 ] }
			}
		},
		{
			"name": "Cube12",
			"from": [ 18.96, 7.3, 1.6052 ],
			"to": [ 20.46, 8.8, 1.9052 ],
			"rotationOrigin": [ 7.1, 0.1, -4.6 ],
			"rotationY": -89.98,
			"faces": {
				"north": { "texture": "#copper", "uv": [ 1.0, 5.0, 2.5, 6.5 ] },
				"east": { "texture": "#copper", "uv": [ 2.0, 1.0, 2.5, 2.5 ] },
				"south": { "texture": "#copper", "uv": [ 2.0, 3.0, 3.5, 4.5 ] },
				"west": { "texture": "#copper", "uv": [ 1.0, 5.0, 1.5, 6.5 ] },
				"up": { "texture": "#copper", "uv": [ 5.0, 2.0, 6.5, 2.25 ] },
				"down": { "texture": "#copper", "uv": [ 1.0, 3.0, 2.5, 3.25 ] }
			},
			"children": [
				{
					"name": "Cube13",
					"from": [ 0.03, 0.0, 0.6 ],
					"to": [ 1.53, 1.5, 1.1 ],
					"rotationOrigin": [ -11.87, -7.2, -5.6 ],
					"faces": {
						"north": { "texture": "#copper", "uv": [ 1.0, 5.0, 2.5, 6.5 ] },
						"east": { "texture": "#copper", "uv": [ 2.0, 1.0, 2.5, 2.5 ] },
						"south": { "texture": "#copper", "uv": [ 2.0, 3.0, 3.5, 4.5 ] },
						"west": { "texture": "#copper", "uv": [ 1.0, 5.0, 1.5, 6.5 ] },
						"up": { "texture": "#copper", "uv": [ 5.0, 2.0, 6.5, 2.5 ] },
						"down": { "texture": "#copper", "uv": [ 1.0, 3.0, 2.5, 3.5 ] }
					},
					"children": [
						{
							"name": "Cube14",
							"from": [ 0.25, 0.3, 0.5 ],
							"to": [ 1.25, 1.3, 1.0 ],
							"rotationOrigin": [ -11.6, -6.9, -5.7 ],
							"faces": {
								"north": { "texture": "#copper", "uv": [ 1.0, 5.0, 2.0, 6.0 ] },
								"east": { "texture": "#copper", "uv": [ 2.0, 1.0, 2.5, 2.0 ] },
								"south": { "texture": "#copper", "uv": [ 2.0, 3.0, 3.0, 4.0 ] },
								"west": { "texture": "#copper", "uv": [ 1.0, 5.0, 1.5, 6.0 ] },
								"up": { "texture": "#copper", "uv": [ 5.0, 2.0, 6.0, 2.5 ] },
								"down": { "texture": "#copper", "uv": [ 1.0, 3.0, 2.0, 3.5 ] }
							}
						},
						{
							"name": "Cube22",
							"from": [ -1.65, 11.2, 1.0 ],
							"to": [ -0.65, 12.2, 1.5 ],
							"rotationOrigin": [ -13.4, 4.0, -5.2 ],
							"rotationZ": -45.0,
							"faces": {
								"north": { "texture": "#iron", "uv": [ 1.0, 5.0, 2.0, 6.0 ] },
								"east": { "texture": "#iron", "uv": [ 2.0, 1.0, 2.5, 2.0 ] },
								"south": { "texture": "#iron", "uv": [ 2.0, 3.0, 3.0, 4.0 ] },
								"west": { "texture": "#iron", "uv": [ 1.0, 5.0, 1.5, 6.0 ] },
								"up": { "texture": "#iron", "uv": [ 5.0, 2.0, 6.0, 2.5 ] },
								"down": { "texture": "#iron", "uv": [ 1.0, 3.0, 2.0, 3.5 ] }
							}
						},
						{
							"name": "Cube23",
							"from": [ 0.25, 0.3, 1.1 ],
							"to": [ 1.25, 1.3, 1.6 ],
							"rotationOrigin": [ -11.6, -6.9, -5.1 ],
							"faces": {
								"north": { "texture": "#iron", "uv": [ 1.0, 5.0, 2.0, 6.0 ] },
								"east": { "texture": "#iron", "uv": [ 2.0, 1.0, 2.5, 2.0 ] },
								"south": { "texture": "#iron", "uv": [ 2.0, 3.0, 3.0, 4.0 ] },
								"west": { "texture": "#iron", "uv": [ 1.0, 5.0, 1.5, 6.0 ] },
								"up": { "texture": "#iron", "uv": [ 5.0, 2.0, 6.0, 2.5 ] },
								"down": { "texture": "#iron", "uv": [ 1.0, 3.0, 2.0, 3.5 ] }
							}
						}
					]
				}
			]
		},
		{
			"name": "Cube5",
			"from": [ 29.5, 7.8, -1.2 ],
			"to": [ 30.5, 8.2, -0.4 ],
			"rotationOrigin": [ 16.6, 0.4, -7.6 ],
			"rotationY": -89.98,
			"faces": {
				"north": { "texture": "#titan-tip", "uv": [ 1.0, 5.0, 2.0, 5.25 ] },
				"east": { "texture": "#titan-tip", "uv": [ 2.0, 1.0, 2.75, 1.25 ] },
				"south": { "texture": "#titan-tip", "uv": [ 2.0, 3.0, 3.0, 3.25 ] },
				"west": { "texture": "#titan-tip", "uv": [ 1.0, 5.0, 1.75, 5.25 ] },
				"up": { "texture": "#titan-tip", "uv": [ 5.0, 2.0, 6.0, 2.75 ] },
				"down": { "texture": "#titan-tip", "uv": [ 1.0, 3.0, 2.0, 3.75 ] }
			},
			"children": [
				{
					"name": "Cube4",
					"from": [ -1.6, 0.0, -0.7 ],
					"to": [ 0.4, 0.4, 0.1 ],
					"rotationOrigin": [ -13.4, -7.2, -6.9 ],
					"faces": {
						"north": { "texture": "#titan-tip", "uv": [ 1.0, 5.0, 3.0, 5.25 ] },
						"east": { "texture": "#titan-tip", "uv": [ 2.0, 1.0, 2.75, 1.25 ] },
						"south": { "texture": "#titan-tip", "uv": [ 2.0, 3.0, 4.0, 3.25 ] },
						"west": { "texture": "#titan-tip", "uv": [ 1.0, 5.0, 1.75, 5.25 ] },
						"up": { "texture": "#titan-tip", "uv": [ 5.0, 2.0, 7.0, 2.75 ] },
						"down": { "texture": "#titan-tip", "uv": [ 1.0, 3.0, 3.0, 3.75 ] }
					}
				}
			]
		},
		{
			"name": "Cube8",
			"from": [ 29.4, 7.9, 3.4 ],
			"to": [ 30.4, 8.3, 4.2 ],
			"rotationOrigin": [ 16.4965, 0.4, -3.0 ],
			"rotationY": -89.98,
			"faces": {
				"north": { "texture": "#titan-tip", "uv": [ 1.0, 5.0, 2.0, 5.25 ] },
				"east": { "texture": "#titan-tip", "uv": [ 2.0, 1.0, 2.5, 1.25 ] },
				"south": { "texture": "#titan-tip", "uv": [ 2.0, 3.0, 3.0, 3.25 ] },
				"west": { "texture": "#titan-tip", "uv": [ 1.0, 5.0, 1.5, 5.25 ] },
				"up": { "texture": "#titan-tip", "uv": [ 2.0, 6.75, 3.0, 7.5 ] },
				"down": { "texture": "#titan-tip", "uv": [ 3.0, 6.5, 4.0, 7.25 ] }
			},
			"children": [
				{
					"name": "Cube9",
					"from": [ 0.4, -0.1, -0.8 ],
					"to": [ 2.4, 0.3, 0.0 ],
					"rotationOrigin": [ -11.4, -7.3, -7.0 ],
					"faces": {
						"north": { "texture": "#titan-tip", "uv": [ 1.0, 5.0, 3.0, 5.25 ] },
						"east": { "texture": "#titan-tip", "uv": [ 2.0, 1.0, 2.5, 1.25 ] },
						"south": { "texture": "#titan-tip", "uv": [ 2.0, 3.0, 4.0, 3.25 ] },
						"west": { "texture": "#titan-tip", "uv": [ 1.0, 5.0, 1.5, 5.25 ] },
						"up": { "texture": "#titan-tip", "uv": [ 2.0, 6.5, 4.0, 7.25 ] },
						"down": { "texture": "#titan-tip", "uv": [ 2.5, 6.5, 4.5, 7.25 ] }
					}
				}
			]
		},
		{
			"name": "Cube19",
			"from": [ 32.4, 7.9, -3.2 ],
			"to": [ 33.0, 8.1, -0.2 ],
			"rotationOrigin": [ 20.4, 0.9, -9.2 ],
			"rotationY": -90.0,
			"faces": {
				"north": { "texture": "#titan-tip", "uv": [ 1.0, 5.0, 1.5, 5.25 ] },
				"east": { "texture": "#titan-tip", "uv": [ 2.0, 1.0, 5.0, 1.25 ] },
				"south": { "texture": "#titan-tip", "uv": [ 2.0, 3.0, 2.5, 3.25 ] },
				"west": { "texture": "#titan-tip", "uv": [ 1.0, 5.0, 4.0, 5.25 ] },
				"up": { "texture": "#titan-tip", "uv": [ 2.0, 4.5, 2.5, 7.5 ] },
				"down": { "texture": "#titan-tip", "uv": [ 2.5, 4.25, 3.0, 7.25 ] }
			}
		},
		{
			"name": "Cube20",
			"from": [ 32.4, 7.9, 6.6 ],
			"to": [ 33.0, 8.1, 9.6 ],
			"rotationOrigin": [ 20.4, 0.9, 0.6 ],
			"rotationY": -90.0,
			"faces": {
				"north": { "texture": "#titan-tip", "uv": [ 1.0, 5.0, 1.5, 5.25 ] },
				"east": { "texture": "#titan-tip", "uv": [ 2.0, 1.0, 5.0, 1.25 ] },
				"south": { "texture": "#titan-tip", "uv": [ 2.0, 3.0, 2.5, 3.25 ] },
				"west": { "texture": "#titan-tip", "uv": [ 1.0, 5.0, 4.0, 5.25 ] },
				"up": { "texture": "#titan-tip", "uv": [ 2.0, 4.25, 2.5, 7.25 ] },
				"down": { "texture": "#titan-tip", "uv": [ 1.0, 4.5, 1.5, 7.5 ] }
			}
		},
		{
			"name": "Cube21",
			"from": [ 12.0, 7.4, 7.2 ],
			"to": [ 14.0, 8.6, 8.8 ],
			"rotationOrigin": [ 0.0, 0.4, 1.2 ],
			"faces": {
				"north": { "texture": "#iron", "uv": [ 1.0, 5.0, 3.0, 6.0 ] },
				"east": { "texture": "#iron", "uv": [ 2.0, 1.0, 3.5, 2.0 ] },
				"south": { "texture": "#iron", "uv": [ 2.0, 3.0, 4.0, 4.0 ] },
				"west": { "texture": "#iron", "uv": [ 1.5, 5.25, 3.0, 6.25 ] },
				"up": { "texture": "#iron", "uv": [ 2.0, 3.5, 4.0, 5.0 ] },
				"down": { "texture": "#iron", "uv": [ 0.5, 2.75, 2.5, 4.25 ] }
			}
		},
		{
			"name": "Cube15",
			"from": [ 32.46, 7.3, 1.5906 ],
			"to": [ 33.96, 8.8, 1.8906 ],
			"rotationOrigin": [ 20.5948, 0.1, -4.6094 ],
			"rotationY": -89.98,
			"faces": {
				"north": { "texture": "#copper", "uv": [ 1.0, 5.0, 2.5, 6.5 ] },
				"east": { "texture": "#copper", "uv": [ 2.0, 1.0, 2.5, 2.5 ] },
				"south": { "texture": "#copper", "uv": [ 2.0, 3.0, 3.5, 4.5 ] },
				"west": { "texture": "#copper", "uv": [ 1.0, 5.0, 1.5, 6.5 ] },
				"up": { "texture": "#copper", "uv": [ 5.0, 2.0, 6.5, 2.25 ] },
				"down": { "texture": "#copper", "uv": [ 1.0, 3.0, 2.5, 3.25 ] }
			}
		},
		{
			"name": "Cube16",
			"from": [ 29.86, 7.3, 1.5914 ],
			"to": [ 31.36, 8.8, 1.8914 ],
			"rotationOrigin": [ 17.9948, 0.1, -4.6086 ],
			"rotationY": -89.98,
			"faces": {
				"north": { "texture": "#copper", "uv": [ 1.0, 5.0, 2.5, 6.5 ] },
				"east": { "texture": "#copper", "uv": [ 2.0, 1.0, 2.5, 2.5 ] },
				"south": { "texture": "#copper", "uv": [ 2.0, 3.0, 3.5, 4.5 ] },
				"west": { "texture": "#copper", "uv": [ 1.0, 5.0, 1.5, 6.5 ] },
				"up": { "texture": "#copper", "uv": [ 5.0, 2.0, 6.5, 2.25 ] },
				"down": { "texture": "#copper", "uv": [ 1.0, 3.0, 2.5, 3.25 ] }
			}
		},
		{
			"name": "Cube24",
			"from": [ 19.46, 7.4, 1.69 ],
			"to": [ 20.66, 8.6, 1.89 ],
			"rotationOrigin": [ 7.5948, 0.2, -4.5086 ],
			"rotationY": -89.98,
			"faces": {
				"north": { "texture": "#handel-k2", "uv": [ 1.0, 5.0, 2.0, 6.0 ] },
				"east": { "texture": "#handel-k2", "uv": [ 2.0, 1.0, 2.5, 2.0 ] },
				"south": { "texture": "#handel-k2", "uv": [ 2.0, 3.0, 3.0, 4.0 ] },
				"west": { "texture": "#handel-k2", "uv": [ 1.0, 5.0, 1.5, 6.0 ] },
				"up": { "texture": "#handel-k2", "uv": [ 5.0, 2.0, 6.0, 2.25 ] },
				"down": { "texture": "#handel-k2", "uv": [ 1.0, 3.0, 2.0, 3.25 ] }
			},
			"children": [
				{
					"name": "Cube25",
					"from": [ 1.0E-4, 0.0, -0.24 ],
					"to": [ 1.2001, 1.2, -0.04 ],
					"rotationOrigin": [ -11.8651, -7.2, -6.4986 ],
					"faces": {
						"north": { "texture": "#handel-k2", "uv": [ 1.0, 5.0, 2.0, 6.0 ] },
						"east": { "texture": "#handel-k2", "uv": [ 2.0, 1.0, 2.5, 2.0 ] },
						"south": { "texture": "#handel-k2", "uv": [ 2.0, 3.0, 3.0, 4.0 ] },
						"west": { "texture": "#handel-k2", "uv": [ 1.0, 5.0, 1.5, 6.0 ] },
						"up": { "texture": "#handel-k2", "uv": [ 5.0, 2.0, 6.0, 2.25 ] },
						"down": { "texture": "#handel-k2", "uv": [ 1.0, 3.0, 2.0, 3.25 ] }
					},
					"children": [
						{
							"name": "Cube26",
							"from": [ 1.0E-4, 0.0, -0.25 ],
							"to": [ 1.2001, 1.2, -0.05 ],
							"rotationOrigin": [ -11.8651, -7.2, -6.5586 ],
							"faces": {
								"north": { "texture": "#handel-k2", "uv": [ 1.0, 5.0, 2.0, 6.0 ] },
								"east": { "texture": "#handel-k2", "uv": [ 2.0, 1.0, 2.5, 2.0 ] },
								"south": { "texture": "#handel-k2", "uv": [ 2.0, 3.0, 3.0, 4.0 ] },
								"west": { "texture": "#handel-k2", "uv": [ 1.0, 5.0, 1.5, 6.0 ] },
								"up": { "texture": "#handel-k2", "uv": [ 5.0, 2.0, 6.0, 2.25 ] },
								"down": { "texture": "#handel-k2", "uv": [ 1.0, 3.0, 2.0, 3.25 ] }
							}
						}
					]
				},
				{
					"name": "Cube27",
					"from": [ 3.0E-4, 0.0, -0.73 ],
					"to": [ 1.2003, 1.2, -0.53 ],
					"rotationOrigin": [ -11.8649, -7.2, -6.9986 ],
					"faces": {
						"north": { "texture": "#handel-k2", "uv": [ 1.0, 5.0, 2.0, 6.0 ] },
						"east": { "texture": "#handel-k2", "uv": [ 2.0, 1.0, 2.5, 2.0 ] },
						"south": { "texture": "#handel-k2", "uv": [ 2.0, 3.0, 3.0, 4.0 ] },
						"west": { "texture": "#handel-k2", "uv": [ 1.0, 5.0, 1.5, 6.0 ] },
						"up": { "texture": "#handel-k2", "uv": [ 5.0, 2.0, 6.0, 2.25 ] },
						"down": { "texture": "#handel-k2", "uv": [ 1.0, 3.0, 2.0, 3.25 ] }
					},
					"children": [
						{
							"name": "Cube28",
							"from": [ 1.0E-4, 0.0, -0.24 ],
							"to": [ 1.2001, 1.2, -0.04 ],
							"rotationOrigin": [ -11.8651, -7.2, -6.4986 ],
							"faces": {
								"north": { "texture": "#handel-k2", "uv": [ 1.0, 5.0, 2.0, 6.0 ] },
								"east": { "texture": "#handel-k2", "uv": [ 2.0, 1.0, 2.5, 2.0 ] },
								"south": { "texture": "#handel-k2", "uv": [ 2.0, 3.0, 3.0, 4.0 ] },
								"west": { "texture": "#handel-k2", "uv": [ 1.0, 5.0, 1.5, 6.0 ] },
								"up": { "texture": "#handel-k2", "uv": [ 5.0, 2.0, 6.0, 2.25 ] },
								"down": { "texture": "#handel-k2", "uv": [ 1.0, 3.0, 2.0, 3.25 ] }
							},
							"children": [
								{
									"name": "Cube29",
									"from": [ 1.0E-4, 0.0, -0.25 ],
									"to": [ 1.2001, 1.2, -0.05 ],
									"rotationOrigin": [ -11.8651, -7.2, -6.5586 ],
									"faces": {
										"north": { "texture": "#handel-k2", "uv": [ 1.0, 5.0, 2.0, 6.0 ] },
										"east": { "texture": "#handel-k2", "uv": [ 2.0, 1.0, 2.5, 2.0 ] },
										"south": { "texture": "#handel-k2", "uv": [ 2.0, 3.0, 3.0, 4.0 ] },
										"west": { "texture": "#handel-k2", "uv": [ 1.0, 5.0, 1.5, 6.0 ] },
										"up": { "texture": "#handel-k2", "uv": [ 5.0, 2.0, 6.0, 2.25 ] },
										"down": { "texture": "#handel-k2", "uv": [ 1.0, 3.0, 2.0, 3.25 ] }
									}
								}
							]
						}
					]
				}
			]
		},
		{
			"name": "Cube30",
			"from": [ 20.96, 7.4, 1.72 ],
			"to": [ 22.16, 8.6, 1.92 ],
			"rotationOrigin": [ 9.0948, 0.2, -4.5086 ],
			"rotationY": -89.98,
			"faces": {
				"north": { "texture": "#handel-k2", "uv": [ 1.0, 5.0, 2.0, 6.0 ] },
				"east": { "texture": "#handel-k2", "uv": [ 2.0, 1.0, 2.5, 2.0 ] },
				"south": { "texture": "#handel-k2", "uv": [ 2.0, 3.0, 3.0, 4.0 ] },
				"west": { "texture": "#handel-k2", "uv": [ 1.0, 5.0, 1.5, 6.0 ] },
				"up": { "texture": "#handel-k2", "uv": [ 5.0, 2.0, 6.0, 2.25 ] },
				"down": { "texture": "#handel-k2", "uv": [ 1.0, 3.0, 2.0, 3.25 ] }
			},
			"children": [
				{
					"name": "Cube31",
					"from": [ 1.0E-4, 0.0, -0.24 ],
					"to": [ 1.2001, 1.2, -0.04 ],
					"rotationOrigin": [ -11.8651, -7.2, -6.4986 ],
					"faces": {
						"north": { "texture": "#handel-k2", "uv": [ 1.0, 5.0, 2.0, 6.0 ] },
						"east": { "texture": "#handel-k2", "uv": [ 2.0, 1.0, 2.5, 2.0 ] },
						"south": { "texture": "#handel-k2", "uv": [ 2.0, 3.0, 3.0, 4.0 ] },
						"west": { "texture": "#handel-k2", "uv": [ 1.0, 5.0, 1.5, 6.0 ] },
						"up": { "texture": "#handel-k2", "uv": [ 5.0, 2.0, 6.0, 2.25 ] },
						"down": { "texture": "#handel-k2", "uv": [ 1.0, 3.0, 2.0, 3.25 ] }
					},
					"children": [
						{
							"name": "Cube32",
							"from": [ 1.0E-4, 0.0, -0.25 ],
							"to": [ 1.2001, 1.2, -0.05 ],
							"rotationOrigin": [ -11.8651, -7.2, -6.5586 ],
							"faces": {
								"north": { "texture": "#handel-k2", "uv": [ 1.0, 5.0, 2.0, 6.0 ] },
								"east": { "texture": "#handel-k2", "uv": [ 2.0, 1.0, 2.5, 2.0 ] },
								"south": { "texture": "#handel-k2", "uv": [ 2.0, 3.0, 3.0, 4.0 ] },
								"west": { "texture": "#handel-k2", "uv": [ 1.0, 5.0, 1.5, 6.0 ] },
								"up": { "texture": "#handel-k2", "uv": [ 5.0, 2.0, 6.0, 2.25 ] },
								"down": { "texture": "#handel-k2", "uv": [ 1.0, 3.0, 2.0, 3.25 ] }
							}
						}
					]
				},
				{
					"name": "Cube33",
					"from": [ 3.0E-4, 0.0, -0.73 ],
					"to": [ 1.2003, 1.2, -0.53 ],
					"rotationOrigin": [ -11.8649, -7.2, -6.9986 ],
					"faces": {
						"north": { "texture": "#handel-k2", "uv": [ 1.0, 5.0, 2.0, 6.0 ] },
						"east": { "texture": "#handel-k2", "uv": [ 2.0, 1.0, 2.5, 2.0 ] },
						"south": { "texture": "#handel-k2", "uv": [ 2.0, 3.0, 3.0, 4.0 ] },
						"west": { "texture": "#handel-k2", "uv": [ 1.0, 5.0, 1.5, 6.0 ] },
						"up": { "texture": "#handel-k2", "uv": [ 5.0, 2.0, 6.0, 2.25 ] },
						"down": { "texture": "#handel-k2", "uv": [ 1.0, 3.0, 2.0, 3.25 ] }
					},
					"children": [
						{
							"name": "Cube34",
							"from": [ 1.0E-4, 0.0, -0.24 ],
							"to": [ 1.2001, 1.2, -0.04 ],
							"rotationOrigin": [ -11.8651, -7.2, -6.4986 ],
							"faces": {
								"north": { "texture": "#handel-k2", "uv": [ 1.0, 5.0, 2.0, 6.0 ] },
								"east": { "texture": "#handel-k2", "uv": [ 2.0, 1.0, 2.5, 2.0 ] },
								"south": { "texture": "#handel-k2", "uv": [ 2.0, 3.0, 3.0, 4.0 ] },
								"west": { "texture": "#handel-k2", "uv": [ 1.0, 5.0, 1.5, 6.0 ] },
								"up": { "texture": "#handel-k2", "uv": [ 5.0, 2.0, 6.0, 2.25 ] },
								"down": { "texture": "#handel-k2", "uv": [ 1.0, 3.0, 2.0, 3.25 ] }
							},
							"children": [
								{
									"name": "Cube35",
									"from": [ 1.0E-4, 0.0, -0.25 ],
									"to": [ 1.2001, 1.2, -0.05 ],
									"rotationOrigin": [ -11.8651, -7.2, -6.5586 ],
									"faces": {
										"north": { "texture": "#handel-k2", "uv": [ 1.0, 5.0, 2.0, 6.0 ] },
										"east": { "texture": "#handel-k2", "uv": [ 2.0, 1.0, 2.5, 2.0 ] },
										"south": { "texture": "#handel-k2", "uv": [ 2.0, 3.0, 3.0, 4.0 ] },
										"west": { "texture": "#handel-k2", "uv": [ 1.0, 5.0, 1.5, 6.0 ] },
										"up": { "texture": "#handel-k2", "uv": [ 5.0, 2.0, 6.0, 2.25 ] },
										"down": { "texture": "#handel-k2", "uv": [ 1.0, 3.0, 2.0, 3.25 ] }
									}
								}
							]
						}
					]
				}
			]
		}
	]}