{
	"editor": {
		"allAngles": false,
		"entityTextureMode": false
	},
	"textureWidth": 16,
	"textureHeight": 8,
	"textureSizes": {
	},
	"textures": {
		"biaxehead": "tstools:item/titan-tip",
		"metal": "tstools:item/iron"
	},
	"elements": [
		{
			"name": "Cube1",
			"from": [ 12.0, 7.7, 6.0 ],
			"to": [ 14.0, 8.3, 10.0 ],
			"rotationOrigin": [ 0.0, 0.7, 0.0 ],
			"faces": {
				"north": { "texture": "#metal", "uv": [ 1.0, 5.0, 3.0, 5.5 ] },
				"east": { "texture": "#metal", "uv": [ 2.0, 1.0, 6.0, 1.5 ] },
				"south": { "texture": "#metal", "uv": [ 2.0, 3.0, 4.0, 3.5 ] },
				"west": { "texture": "#metal", "uv": [ 1.5, 5.25, 5.5, 5.75 ] },
				"up": { "texture": "#metal", "uv": [ 2.0, 3.5, 4.0, 7.5 ] },
				"down": { "texture": "#metal", "uv": [ 0.5, 2.75, 2.5, 6.75 ] }
			}
		},
		{
			"name": "Cube2",
			"from": [ 33.0, 7.7, 4.0 ],
			"to": [ 35.0, 8.3, 8.1 ],
			"rotationOrigin": [ 21.0, 0.7, -2.0 ],
			"rotationY": -90.0,
			"faces": {
				"north": { "texture": "#metal", "uv": [ 1.0, 5.0, 3.0, 5.5 ] },
				"east": { "texture": "#metal", "uv": [ 2.0, 1.0, 6.0, 1.5 ] },
				"south": { "texture": "#metal", "uv": [ 2.0, 3.0, 4.0, 3.5 ] },
				"west": { "texture": "#metal", "uv": [ 1.0, 5.0, 5.0, 5.5 ] },
				"up": { "texture": "#metal", "uv": [ 2.0, 3.5, 4.0, 7.5 ] },
				"down": { "texture": "#metal", "uv": [ 1.0, 3.5, 3.0, 7.5 ] }
			}
		},
		{
			"name": "Cube3",
			"from": [ 33.0, 7.7, -2.0 ],
			"to": [ 35.0, 8.3, 2.1 ],
			"rotationOrigin": [ 21.0, 0.7, -8.0 ],
			"rotationY": -90.0,
			"faces": {
				"north": { "texture": "#metal", "uv": [ 1.0, 5.0, 3.0, 5.5 ] },
				"east": { "texture": "#metal", "uv": [ 2.0, 1.0, 6.0, 1.5 ] },
				"south": { "texture": "#metal", "uv": [ 2.0, 3.0, 4.0, 3.5 ] },
				"west": { "texture": "#metal", "uv": [ 1.0, 5.0, 5.0, 5.5 ] },
				"up": { "texture": "#metal", "uv": [ 1.0, 3.5, 3.0, 7.5 ] },
				"down": { "texture": "#metal", "uv": [ 1.0, 3.5, 3.0, 7.5 ] }
			}
		},
		{
			"name": "Cube6",
			"from": [ 34.5, 7.8, 3.9 ],
			"to": [ 36.5, 8.2, 4.7 ],
			"rotationOrigin": [ 22.0, 0.6, -2.3 ],
			"rotationY": -90.0,
			"faces": {
				"north": { "texture": "#biaxehead", "uv": [ 1.0, 5.0, 3.0, 5.25 ] },
				"east": { "texture": "#biaxehead", "uv": [ 2.0, 1.0, 2.5, 1.25 ] },
				"south": { "texture": "#biaxehead", "uv": [ 2.0, 3.0, 4.0, 3.25 ] },
				"west": { "texture": "#biaxehead", "uv": [ 1.0, 5.0, 1.5, 5.25 ] },
				"up": { "texture": "#biaxehead", "uv": [ 2.0, 6.25, 4.0, 7.0 ] },
				"down": { "texture": "#biaxehead", "uv": [ 1.5, 6.5, 3.5, 7.25 ] }
			}
		},
		{
			"name": "Cube7",
			"from": [ 35.9, 7.8, 3.4 ],
			"to": [ 36.9, 8.2, 4.2 ],
			"rotationOrigin": [ 23.0, 0.3, -3.0 ],
			"rotationY": -90.0,
			"faces": {
				"north": { "texture": "#biaxehead", "uv": [ 1.0, 5.0, 2.0, 5.25 ] },
				"east": { "texture": "#biaxehead", "uv": [ 2.0, 6.5, 2.5, 6.75 ] },
				"south": { "texture": "#biaxehead", "uv": [ 2.0, 3.0, 3.0, 3.25 ] },
				"west": { "texture": "#biaxehead", "uv": [ 1.0, 5.0, 1.5, 5.25 ] },
				"up": { "texture": "#biaxehead", "uv": [ 2.5, 6.5, 3.5, 7.25 ] },
				"down": { "texture": "#biaxehead", "uv": [ 2.5, 6.5, 3.5, 7.25 ] }
			}
		},
		{
			"name": "Cube10",
			"from": [ 34.5, 7.8, -2.5 ],
			"to": [ 36.5, 8.2, -1.7 ],
			"rotationOrigin": [ 22.0, 0.6, -8.7 ],
			"rotationY": -90.0,
			"faces": {
				"north": { "texture": "#biaxehead", "uv": [ 1.0, 5.0, 3.0, 5.25 ] },
				"east": { "texture": "#biaxehead", "uv": [ 2.0, 1.0, 2.5, 1.25 ] },
				"south": { "texture": "#biaxehead", "uv": [ 2.0, 3.0, 4.0, 3.25 ] },
				"west": { "texture": "#biaxehead", "uv": [ 1.0, 5.0, 1.5, 5.25 ] },
				"up": { "texture": "#biaxehead", "uv": [ 1.5, 6.5, 3.5, 7.25 ] },
				"down": { "texture": "#biaxehead", "uv": [ 1.5, 6.5, 3.5, 7.25 ] }
			}
		},
		{
			"name": "Cube11",
			"from": [ 35.9, 7.8, -1.2 ],
			"to": [ 36.9, 8.2, -0.4 ],
			"rotationOrigin": [ 23.0, 0.3, -7.6 ],
			"rotationY": -90.0,
			"faces": {
				"north": { "texture": "#biaxehead", "uv": [ 1.0, 5.0, 2.0, 5.25 ] },
				"east": { "texture": "#biaxehead", "uv": [ 2.0, 1.0, 2.5, 1.25 ] },
				"south": { "texture": "#biaxehead", "uv": [ 2.0, 3.0, 3.0, 3.25 ] },
				"west": { "texture": "#biaxehead", "uv": [ 1.0, 5.0, 1.5, 5.25 ] },
				"up": { "texture": "#biaxehead", "uv": [ 2.5, 6.5, 3.5, 7.25 ] },
				"down": { "texture": "#biaxehead", "uv": [ 2.0, 6.25, 3.0, 7.0 ] }
			}
		},
		{
			"name": "Cube17",
			"from": [ 33.0, 7.8, -2.6 ],
			"to": [ 33.6, 8.2, 1.5 ],
			"rotationOrigin": [ 21.0, 0.8, -8.6 ],
			"rotationY": -90.0,
			"faces": {
				"north": { "texture": "#biaxehead", "uv": [ 1.0, 5.0, 1.5, 5.25 ] },
				"east": { "texture": "#biaxehead", "uv": [ 2.0, 1.0, 6.0, 1.25 ] },
				"south": { "texture": "#biaxehead", "uv": [ 2.0, 3.0, 2.5, 3.25 ] },
				"west": { "texture": "#biaxehead", "uv": [ 1.0, 5.0, 5.0, 5.25 ] },
				"up": { "texture": "#biaxehead", "uv": [ 2.0, 3.25, 2.5, 7.25 ] },
				"down": { "texture": "#biaxehead", "uv": [ 2.5, 3.75, 3.0, 7.75 ] }
			}
		},
		{
			"name": "Cube18",
			"from": [ 33.1, 7.8, 6.05 ],
			"to": [ 33.7, 8.2, 10.25 ],
			"rotationOrigin": [ 21.1, 0.8, 0.0 ],
			"rotationY": -90.0,
			"faces": {
				"north": { "texture": "#biaxehead", "uv": [ 1.0, 5.0, 1.5, 5.25 ] },
				"east": { "texture": "#biaxehead", "uv": [ 2.0, 1.0, 6.0, 1.25 ] },
				"south": { "texture": "#biaxehead", "uv": [ 2.0, 3.0, 2.5, 3.25 ] },
				"west": { "texture": "#biaxehead", "uv": [ 1.0, 5.0, 5.0, 5.25 ] },
				"up": { "texture": "#biaxehead", "uv": [ 1.5, 3.0, 2.0, 7.0 ] },
				"down": { "texture": "#biaxehead", "uv": [ 1.5, 3.5, 2.0, 7.5 ] }
			}
		},
		{
			"name": "Cube5",
			"from": [ 29.5, 7.8, -1.2 ],
			"to": [ 30.5, 8.2, -0.4 ],
			"rotationOrigin": [ 16.6, 0.4, -7.6 ],
			"rotationY": -89.98,
			"faces": {
				"north": { "texture": "#biaxehead", "uv": [ 1.0, 5.0, 2.0, 5.25 ] },
				"east": { "texture": "#biaxehead", "uv": [ 2.0, 1.0, 2.75, 1.25 ] },
				"south": { "texture": "#biaxehead", "uv": [ 2.0, 3.0, 3.0, 3.25 ] },
				"west": { "texture": "#biaxehead", "uv": [ 1.0, 5.0, 1.75, 5.25 ] },
				"up": { "texture": "#biaxehead", "uv": [ 5.0, 2.0, 6.0, 2.75 ] },
				"down": { "texture": "#biaxehead", "uv": [ 1.0, 3.0, 2.0, 3.75 ] }
			},
			"children": [
				{
					"name": "Cube4",
					"from": [ -1.6, 0.0, -0.7 ],
					"to": [ 0.4, 0.4, 0.1 ],
					"rotationOrigin": [ -13.4, -7.2, -6.9 ],
					"faces": {
						"north": { "texture": "#biaxehead", "uv": [ 1.0, 5.0, 3.0, 5.25 ] },
						"east": { "texture": "#biaxehead", "uv": [ 2.0, 1.0, 2.75, 1.25 ] },
						"south": { "texture": "#biaxehead", "uv": [ 2.0, 3.0, 4.0, 3.25 ] },
						"west": { "texture": "#biaxehead", "uv": [ 1.0, 5.0, 1.75, 5.25 ] },
						"up": { "texture": "#biaxehead", "uv": [ 5.0, 2.0, 7.0, 2.75 ] },
						"down": { "texture": "#biaxehead", "uv": [ 1.0, 3.0, 3.0, 3.75 ] }
					}
				}
			]
		},
		{
			"name": "Cube8",
			"from": [ 29.4, 7.9, 3.4 ],
			"to": [ 30.4, 8.3, 4.2 ],
			"rotationOrigin": [ 16.4965, 0.4, -3.0 ],
			"rotationY": -89.98,
			"faces": {
				"north": { "texture": "#biaxehead", "uv": [ 1.0, 5.0, 2.0, 5.25 ] },
				"east": { "texture": "#biaxehead", "uv": [ 2.0, 1.0, 2.5, 1.25 ] },
				"south": { "texture": "#biaxehead", "uv": [ 2.0, 3.0, 3.0, 3.25 ] },
				"west": { "texture": "#biaxehead", "uv": [ 1.0, 5.0, 1.5, 5.25 ] },
				"up": { "texture": "#biaxehead", "uv": [ 2.0, 6.75, 3.0, 7.5 ] },
				"down": { "texture": "#biaxehead", "uv": [ 3.0, 6.5, 4.0, 7.25 ] }
			},
			"children": [
				{
					"name": "Cube9",
					"from": [ 0.4, -0.1, -0.8 ],
					"to": [ 2.4, 0.3, 0.0 ],
					"rotationOrigin": [ -11.4, -7.3, -7.0 ],
					"faces": {
						"north": { "texture": "#biaxehead", "uv": [ 1.0, 5.0, 3.0, 5.25 ] },
						"east": { "texture": "#biaxehead", "uv": [ 2.0, 1.0, 2.5, 1.25 ] },
						"south": { "texture": "#biaxehead", "uv": [ 2.0, 3.0, 4.0, 3.25 ] },
						"west": { "texture": "#biaxehead", "uv": [ 1.0, 5.0, 1.5, 5.25 ] },
						"up": { "texture": "#biaxehead", "uv": [ 2.0, 6.5, 4.0, 7.25 ] },
						"down": { "texture": "#biaxehead", "uv": [ 2.5, 6.5, 4.5, 7.25 ] }
					}
				}
			]
		},
		{
			"name": "Cube19",
			"from": [ 32.4, 7.9, -3.2 ],
			"to": [ 33.0, 8.1, -0.2 ],
			"rotationOrigin": [ 20.4, 0.9, -9.2 ],
			"rotationY": -90.0,
			"faces": {
				"north": { "texture": "#biaxehead", "uv": [ 1.0, 5.0, 1.5, 5.25 ] },
				"east": { "texture": "#biaxehead", "uv": [ 2.0, 1.0, 5.0, 1.25 ] },
				"south": { "texture": "#biaxehead", "uv": [ 2.0, 3.0, 2.5, 3.25 ] },
				"west": { "texture": "#biaxehead", "uv": [ 1.0, 5.0, 4.0, 5.25 ] },
				"up": { "texture": "#biaxehead", "uv": [ 2.0, 4.5, 2.5, 7.5 ] },
				"down": { "texture": "#biaxehead", "uv": [ 2.5, 4.25, 3.0, 7.25 ] }
			}
		},
		{
			"name": "Cube20",
			"from": [ 32.4, 7.9, 6.6 ],
			"to": [ 33.0, 8.1, 9.6 ],
			"rotationOrigin": [ 20.4, 0.9, 0.6 ],
			"rotationY": -90.0,
			"faces": {
				"north": { "texture": "#biaxehead", "uv": [ 1.0, 5.0, 1.5, 5.25 ] },
				"east": { "texture": "#biaxehead", "uv": [ 2.0, 1.0, 5.0, 1.25 ] },
				"south": { "texture": "#biaxehead", "uv": [ 2.0, 3.0, 2.5, 3.25 ] },
				"west": { "texture": "#biaxehead", "uv": [ 1.0, 5.0, 4.0, 5.25 ] },
				"up": { "texture": "#biaxehead", "uv": [ 2.0, 4.25, 2.5, 7.25 ] },
				"down": { "texture": "#biaxehead", "uv": [ 1.0, 4.5, 1.5, 7.5 ] }
			}
		},
		{
			"name": "Cube21",
			"from": [ 12.0, 7.4, 7.2 ],
			"to": [ 14.0, 8.6, 8.8 ],
			"rotationOrigin": [ 0.0, 0.4, 1.2 ],
			"faces": {
				"north": { "texture": "#metal", "uv": [ 1.0, 5.0, 3.0, 6.0 ] },
				"east": { "texture": "#metal", "uv": [ 2.0, 1.0, 3.5, 2.0 ] },
				"south": { "texture": "#metal", "uv": [ 2.0, 3.0, 4.0, 4.0 ] },
				"west": { "texture": "#metal", "uv": [ 1.5, 5.25, 3.0, 6.25 ] },
				"up": { "texture": "#metal", "uv": [ 2.0, 3.5, 4.0, 5.0 ] },
				"down": { "texture": "#metal", "uv": [ 0.5, 2.75, 2.5, 4.25 ] }
			}
		}
	]}