{
	"editor": {
		"allAngles": false,
		"entityTextureMode": true
	},
	"textureWidth": 16,
	"textureHeight": 16,
	"textureSizes": {
	},
	"textures": {
		"titan-tip": "tstools:item/titan-tip"
	},
	"elements": [
		{
			"name": "origin",
			"from": [ 8.0, 0.7, 7.7 ],
			"to": [ 8.0, 0.7, 7.7 ],
			"uv": [ 0.0, 0.0 ],
			"rotationOrigin": [ 8.0, 0.0, 8.0 ],
			"faces": {
			},
			"children": [
				{
					"name": "handle",
					"from": [ -8.0, -0.5, -0.5 ],
					"to": [ -5.0, 1.0, 1.1 ],
					"autoUnwrap": false,
					"uv": [ 0.0, 5.0 ],
					"rotationOrigin": [ -9.5, -8.0, 0.0 ],
					"faces": {
						"north": { "texture": "#handle", "uv": [ 0.0, 5.0, 3.0, 6.5 ] },
						"south": { "texture": "#handle", "uv": [ 0.0, 2.0, 3.0, 3.5 ] },
						"up": { "texture": "#handle", "uv": [ 0.0, 6.5, 3.0, 8.0 ] },
						"down": { "texture": "#handle", "uv": [ 0.0, 3.5, 3.0, 5.0 ] }
					},
					"children": [
						{
							"name": "hilt",
							"from": [ 3.0, -0.2, -0.2 ],
							"to": [ 4.0, 1.8, 1.8 ],
							"autoUnwrap": false,
							"uv": [ 8.0, 1.0 ],
							"rotationOrigin": [ 3.0, -0.2, -0.2 ],
							"faces": {
								"north": { "texture": "#handle", "uv": [ 7.0, 4.0, 8.0, 6.0 ] },
								"east": { "texture": "#handle", "uv": [ 5.0, 4.0, 7.0, 6.0 ] },
								"south": { "texture": "#handle", "uv": [ 9.0, 4.0, 10.0, 6.0 ] },
								"west": { "texture": "#handle", "uv": [ 3.0, 4.0, 5.0, 6.0 ] },
								"up": { "texture": "#handle", "uv": [ 8.0, 4.0, 9.0, 6.0 ] },
								"down": { "texture": "#handle", "uv": [ 10.0, 4.0, 11.0, 6.0 ] }
							},
							"children": [
								{
									"name": "symbolbase",
									"from": [ 1.0, 0.7, 0.25 ],
									"to": [ 2.5, 1.3, 1.75 ],
									"autoUnwrap": false,
									"uv": [ 3.5, 2.0 ],
									"rotationOrigin": [ 1.0, 0.7, 0.3 ],
									"faces": {
										"north": { "texture": "#handle", "uv": [ 3.0, 10.0, 4.5, 10.5 ] },
										"east": { "texture": "#handle", "uv": [ 3.0, 10.5, 4.5, 11.0 ] },
										"south": { "texture": "#handle", "uv": [ 3.0, 9.5, 4.5, 10.0 ] },
										"up": { "texture": "#handle", "uv": [ 1.5, 9.5, 3.0, 11.0 ] },
										"down": { "texture": "#handle", "uv": [ 0.0, 9.5, 1.5, 11.0 ] }
									},
									"children": [
										{
											"name": "symbolledge",
											"from": [ 1.5, 0.0, -0.26 ],
											"to": [ 2.0, 0.6, 1.76 ],
											"autoUnwrap": false,
											"uv": [ 10.5, 8.5 ],
											"rotationOrigin": [ 1.5, 0.0, -0.3 ],
											"faces": {
												"north": { "texture": "#handle", "uv": [ 0.0, 9.0, 0.5, 9.5 ] },
												"east": { "texture": "#handle", "uv": [ 0.5, 9.0, 2.5, 9.5 ] },
												"south": { "texture": "#handle", "uv": [ 2.5, 9.0, 3.0, 9.5 ] },
												"west": { "texture": "#handle", "uv": [ 3.0, 9.0, 5.0, 9.5 ] },
												"up": { "texture": "#handle", "uv": [ 5.0, 9.0, 7.0, 9.5 ], "rotation": 90 },
												"down": { "texture": "#handle", "uv": [ 7.0, 9.0, 9.0, 9.5 ], "rotation": 90 }
											}
										},
										{
											"name": "symboledge1",
											"from": [ 2.0, 0.0, -0.26 ],
											"to": [ 2.5, 0.6, 0.24 ],
											"uv": [ 0.0, 8.0 ],
											"rotationOrigin": [ 2.0, 0.0, -0.3 ],
											"faces": {
												"north": { "texture": "#handle", "uv": [ 0.0, 8.5, 0.5, 9.0 ] },
												"east": { "texture": "#handle", "uv": [ 0.5, 8.5, 1.0, 9.0 ] },
												"south": { "texture": "#handle", "uv": [ 1.0, 8.5, 1.5, 9.0 ] },
												"up": { "texture": "#handle", "uv": [ 0.0, 8.0, 0.5, 8.5 ] },
												"down": { "texture": "#handle", "uv": [ 0.5, 8.0, 1.0, 8.5 ] }
											}
										},
										{
											"name": "symboledge2",
											"from": [ 2.0, 0.0, 0.5 ],
											"to": [ 2.5, 0.6, 1.0 ],
											"uv": [ 1.5, 8.0 ],
											"rotationOrigin": [ 2.0, 0.0, 0.5 ],
											"faces": {
												"north": { "texture": "#handle", "uv": [ 1.5, 8.5, 2.0, 9.0 ] },
												"east": { "texture": "#handle", "uv": [ 2.0, 8.5, 2.5, 9.0 ] },
												"south": { "texture": "#handle", "uv": [ 2.5, 8.5, 3.0, 9.0 ] },
												"up": { "texture": "#handle", "uv": [ 1.5, 8.0, 2.0, 8.5 ] },
												"down": { "texture": "#handle", "uv": [ 2.0, 8.0, 2.5, 8.5 ] }
											}
										},
										{
											"name": "symboledge3",
											"from": [ 2.0, 0.0, 1.26 ],
											"to": [ 2.5, 0.6, 1.76 ],
											"uv": [ 3.5, 8.0 ],
											"rotationOrigin": [ 2.0, 0.0, 1.2 ],
											"faces": {
												"north": { "texture": "#handle", "uv": [ 3.5, 8.5, 4.0, 9.0 ] },
												"east": { "texture": "#handle", "uv": [ 4.0, 8.5, 4.5, 9.0 ] },
												"south": { "texture": "#handle", "uv": [ 4.5, 8.5, 5.0, 9.0 ] },
												"up": { "texture": "#handle", "uv": [ 3.5, 8.0, 4.0, 8.5 ] },
												"down": { "texture": "#handle", "uv": [ 4.0, 8.0, 4.5, 8.5 ] }
											}
										},
										{
											"name": "symbolledge2",
											"from": [ 1.5, 0.0, 1.74 ],
											"to": [ 2.0, 0.6, 3.76 ],
											"autoUnwrap": false,
											"uv": [ 10.5, 8.5 ],
											"rotationOrigin": [ 1.5, 0.0, 1.7 ],
											"faces": {
												"north": { "texture": "#titan-tip", "uv": [ 0.0, 9.0, 0.5, 9.5 ] },
												"east": { "texture": "#titan-tip", "uv": [ 0.5, 9.0, 2.5, 9.5 ] },
												"south": { "texture": "#titan-tip", "uv": [ 2.5, 9.0, 3.0, 9.5 ] },
												"west": { "texture": "#titan-tip", "uv": [ 3.0, 9.0, 5.0, 9.5 ] },
												"up": { "texture": "#titan-tip", "uv": [ 5.0, 9.0, 7.0, 9.5 ], "rotation": 90 },
												"down": { "texture": "#titan-tip", "uv": [ 7.0, 9.0, 9.0, 9.5 ], "rotation": 90 }
											}
										},
										{
											"name": "symbolledge3",
											"from": [ 1.5, 0.0, -2.26 ],
											"to": [ 2.0, 0.6, -0.24 ],
											"autoUnwrap": false,
											"uv": [ 10.5, 8.5 ],
											"rotationOrigin": [ 1.5, 0.0, -2.3 ],
											"faces": {
												"north": { "texture": "#titan-tip", "uv": [ 0.0, 9.0, 0.5, 9.5 ] },
												"east": { "texture": "#titan-tip", "uv": [ 0.5, 9.0, 2.5, 9.5 ] },
												"south": { "texture": "#titan-tip", "uv": [ 2.5, 9.0, 3.0, 9.5 ] },
												"west": { "texture": "#titan-tip", "uv": [ 3.0, 9.0, 5.0, 9.5 ] },
												"up": { "texture": "#titan-tip", "uv": [ 5.0, 9.0, 7.0, 9.5 ], "rotation": 90 },
												"down": { "texture": "#titan-tip", "uv": [ 7.0, 9.0, 9.0, 9.5 ], "rotation": 90 }
											}
										},
										{
											"name": "symboledge4",
											"from": [ 2.0, 0.0, -2.26 ],
											"to": [ 2.5, 0.6, -1.76 ],
											"uv": [ 0.0, 8.0 ],
											"rotationOrigin": [ 2.0, 0.0, -2.3 ],
											"faces": {
												"north": { "texture": "#titan-tip", "uv": [ 0.0, 8.5, 0.5, 9.0 ] },
												"east": { "texture": "#titan-tip", "uv": [ 0.5, 8.5, 1.0, 9.0 ] },
												"south": { "texture": "#titan-tip", "uv": [ 1.0, 8.5, 1.5, 9.0 ] },
												"up": { "texture": "#titan-tip", "uv": [ 0.0, 8.0, 0.5, 8.5 ] },
												"down": { "texture": "#titan-tip", "uv": [ 0.5, 8.0, 1.0, 8.5 ] }
											}
										},
										{
											"name": "symboledge5",
											"from": [ 1.0, 0.0, -2.26 ],
											"to": [ 1.5, 0.6, -1.76 ],
											"uv": [ 0.0, 8.0 ],
											"rotationOrigin": [ 1.0, 0.0, -2.3 ],
											"faces": {
												"north": { "texture": "#titan-tip", "uv": [ 0.0, 8.5, 0.5, 9.0 ] },
												"east": { "texture": "#titan-tip", "uv": [ 0.5, 8.5, 1.0, 9.0 ] },
												"south": { "texture": "#titan-tip", "uv": [ 1.0, 8.5, 1.5, 9.0 ] },
												"up": { "texture": "#titan-tip", "uv": [ 0.0, 8.0, 0.5, 8.5 ] },
												"down": { "texture": "#titan-tip", "uv": [ 0.5, 8.0, 1.0, 8.5 ] }
											}
										},
										{
											"name": "symboledge6",
											"from": [ 2.0, 0.0, 3.26 ],
											"to": [ 2.5, 0.6, 3.76 ],
											"uv": [ 3.5, 8.0 ],
											"rotationOrigin": [ 2.0, 0.0, 3.2 ],
											"faces": {
												"north": { "texture": "#titan-tip", "uv": [ 3.5, 8.5, 4.0, 9.0 ] },
												"east": { "texture": "#titan-tip", "uv": [ 4.0, 8.5, 4.5, 9.0 ] },
												"south": { "texture": "#titan-tip", "uv": [ 4.5, 8.5, 5.0, 9.0 ] },
												"up": { "texture": "#titan-tip", "uv": [ 3.5, 8.0, 4.0, 8.5 ] },
												"down": { "texture": "#titan-tip", "uv": [ 4.0, 8.0, 4.5, 8.5 ] }
											}
										},
										{
											"name": "symboledge7",
											"from": [ 1.0, 0.0, 3.26 ],
											"to": [ 1.5, 0.6, 3.76 ],
											"uv": [ 3.5, 8.0 ],
											"rotationOrigin": [ 1.0, 0.0, 3.2 ],
											"faces": {
												"north": { "texture": "#titan-tip", "uv": [ 3.5, 8.5, 4.0, 9.0 ] },
												"east": { "texture": "#titan-tip", "uv": [ 4.0, 8.5, 4.5, 9.0 ] },
												"south": { "texture": "#titan-tip", "uv": [ 4.5, 8.5, 5.0, 9.0 ] },
												"up": { "texture": "#titan-tip", "uv": [ 3.5, 8.0, 4.0, 8.5 ] },
												"down": { "texture": "#titan-tip", "uv": [ 4.0, 8.0, 4.5, 8.5 ] }
											}
										}
									]
								},
								{
									"name": "blademid1",
									"from": [ 1.0, 0.8, 0.2 ],
									"to": [ 6.7, 1.2, 1.8 ],
									"uv": [ 0.0, 0.0 ],
									"rotationOrigin": [ 1.0, 0.8, 0.2 ],
									"faces": {
										"north": { "texture": "#metal", "uv": [ 0.0, 1.5, 5.5, 2.0 ] },
										"east": { "texture": "#metal", "uv": [ 5.5, 1.5, 7.0, 2.0 ] },
										"south": { "texture": "#metal", "uv": [ 7.0, 1.5, 12.5, 2.0 ] },
										"up": { "texture": "#metal", "uv": [ 0.0, 0.0, 5.5, 1.5 ] },
										"down": { "texture": "#metal", "uv": [ 5.5, 0.0, 11.0, 1.5 ] }
									},
									"children": [
										{
											"name": "blademid2",
											"from": [ 5.7, 0.0, 0.2 ],
											"to": [ 10.2, 0.4, 1.4 ],
											"uv": [ 3.0, 2.0 ],
											"rotationOrigin": [ 5.7, 0.0, 0.2 ],
											"faces": {
												"north": { "texture": "#metal", "uv": [ 3.0, 3.0, 7.5, 3.5 ] },
												"east": { "texture": "#metal", "uv": [ 7.5, 3.0, 8.5, 3.5 ] },
												"south": { "texture": "#metal", "uv": [ 8.5, 3.0, 13.0, 3.5 ] },
												"up": { "texture": "#metal", "uv": [ 3.0, 2.0, 7.5, 3.0 ] },
												"down": { "texture": "#metal", "uv": [ 7.5, 2.0, 12.0, 3.0 ] }
											}
										},
										{
											"name": "blademid3",
											"from": [ 10.2, 0.0, 0.5 ],
											"to": [ 14.2, 0.4, 1.1 ],
											"uv": [ 5.0, 8.0 ],
											"rotationOrigin": [ 10.2, 0.0, 0.5 ],
											"faces": {
												"north": { "texture": "#metal", "uv": [ 5.0, 8.5, 9.0, 9.0 ] },
												"east": { "texture": "#metal", "uv": [ 9.0, 8.5, 9.5, 9.0 ] },
												"south": { "texture": "#metal", "uv": [ 9.5, 8.5, 13.5, 9.0 ] },
												"up": { "texture": "#metal", "uv": [ 5.0, 8.0, 9.0, 8.5 ] },
												"down": { "texture": "#metal", "uv": [ 9.0, 8.0, 13.0, 8.5 ] }
											}
										}
									]
								}
							]
						},
						{
							"name": "pommel",
							"from": [ -1.0, -0.2, -0.2 ],
							"to": [ 0.0, 1.8, 1.8 ],
							"autoUnwrap": false,
							"uv": [ 4.5, 3.5 ],
							"rotationOrigin": [ -1.0, -0.2, -0.2 ],
							"faces": {
								"north": { "texture": "#handle", "uv": [ 7.0, 6.0, 8.0, 8.0 ] },
								"east": { "texture": "#handle", "uv": [ 5.0, 6.0, 7.0, 8.0 ] },
								"south": { "texture": "#handle", "uv": [ 9.0, 6.0, 10.0, 8.0 ] },
								"west": { "texture": "#handle", "uv": [ 3.0, 6.0, 5.0, 8.0 ] },
								"up": { "texture": "#handle", "uv": [ 8.0, 6.0, 9.0, 8.0 ] },
								"down": { "texture": "#handle", "uv": [ 10.0, 6.0, 11.0, 8.0 ] }
							}
						}
					]
				},
				{
					"name": "blade1",
					"from": [ -4.0, 0.2, -0.7 ],
					"to": [ 2.0, 0.4, 1.3 ],
					"autoUnwrap": false,
					"uv": [ 0.0, 6.0 ],
					"rotationOrigin": [ -3.0, 0.2, 0.8 ],
					"faces": {
						"north": { "texture": "#titan-tip", "uv": [ 0.0, 11.5, 6.0, 12.0 ] },
						"east": { "texture": "#titan-tip", "uv": [ 6.0, 11.5, 8.0, 12.0 ] },
						"south": { "texture": "#titan-tip", "uv": [ 0.0, 11.0, 6.0, 11.5 ] },
						"up": { "texture": "#titan-tip", "uv": [ 0.0, 12.0, 6.0, 14.0 ] },
						"down": { "texture": "#titan-tip", "uv": [ 0.0, 14.0, 6.0, 16.0 ] }
					},
					"children": [
						{
							"name": "blade2",
							"from": [ 6.0, 0.0, 0.2 ],
							"to": [ 10.5, 0.2, 1.8 ],
							"autoUnwrap": false,
							"uv": [ 3.0, 6.5 ],
							"rotationOrigin": [ 6.0, 0.0, 1.5 ],
							"faces": {
								"north": { "texture": "#titan-tip", "uv": [ 6.0, 12.0, 10.5, 12.5 ] },
								"east": { "texture": "#titan-tip", "uv": [ 6.0, 11.0, 7.5, 11.5 ] },
								"south": { "texture": "#titan-tip", "uv": [ 6.0, 12.5, 10.5, 13.0 ] },
								"up": { "texture": "#titan-tip", "uv": [ 6.0, 13.0, 10.5, 14.5 ] },
								"down": { "texture": "#titan-tip", "uv": [ 6.0, 14.5, 10.5, 16.0 ] }
							},
							"children": [
								{
									"name": "blade3",
									"from": [ 4.5, 0.0, 0.3 ],
									"to": [ 9.5, 0.2, 1.3 ],
									"autoUnwrap": false,
									"uv": [ 7.5, 9.5 ],
									"rotationOrigin": [ 4.5, 0.0, 0.3 ],
									"faces": {
										"north": { "texture": "#titan-tip", "uv": [ 10.5, 13.0, 15.5, 13.5 ] },
										"east": { "texture": "#titan-tip", "uv": [ 10.5, 12.5, 11.5, 13.0 ] },
										"south": { "texture": "#titan-tip", "uv": [ 10.5, 13.5, 15.5, 14.0 ] },
										"up": { "texture": "#titan-tip", "uv": [ 10.5, 14.0, 15.5, 15.0 ] },
										"down": { "texture": "#titan-tip", "uv": [ 10.5, 15.0, 15.5, 16.0 ] }
									}
								},
								{
									"name": "bladetip",
									"from": [ 9.5, 0.0, 0.5 ],
									"to": [ 12.5, 0.2, 1.1 ],
									"uv": [ 5.0, 9.5 ],
									"rotationOrigin": [ 9.5, 0.0, 0.5 ],
									"faces": {
										"north": { "texture": "#titan-tip", "uv": [ 5.0, 10.0, 8.0, 10.5 ] },
										"east": { "texture": "#titan-tip", "uv": [ 8.0, 10.0, 8.5, 10.5 ] },
										"south": { "texture": "#titan-tip", "uv": [ 8.5, 10.0, 11.5, 10.5 ] },
										"up": { "texture": "#titan-tip", "uv": [ 5.0, 9.5, 8.0, 10.0 ] },
										"down": { "texture": "#titan-tip", "uv": [ 8.0, 9.5, 11.0, 10.0 ] }
									}
								}
							]
						}
					]
				}
			]
		}
	]}