{
	"editor": {
		"allAngles": false,
		"entityTextureMode": true
	},
	"textureWidth": 16,
	"textureHeight": 16,
	"textureSizes": {
	},
	"textures": {
		"copper": "tstools:item/copper",
		"ihammer": "tstools:item/ihammer"
	},
	"elements": [
		{
			"name": "origin",
			"from": [ 8.0, 0.7, 7.7 ],
			"to": [ 8.0, 0.7, 7.7 ],
			"uv": [ 0.0, 0.0 ],
			"rotationOrigin": [ 8.0, 0.0, 8.0 ],
			"faces": {
			},
			"children": [
				{
					"name": "blade1",
					"from": [ -4.0, -0.6, -0.7 ],
					"to": [ 2.0, -0.4, 1.3 ],
					"autoUnwrap": false,
					"uv": [ 0.0, 6.0 ],
					"rotationOrigin": [ -3.0, -0.6, 0.8 ],
					"faces": {
						"north": { "texture": "#copper", "uv": [ 2.5, 8.0, 8.5, 8.5 ] },
						"east": { "texture": "#copper", "uv": [ 6.0, 11.5, 8.0, 12.0 ] },
						"south": { "texture": "#copper", "uv": [ 2.0, 3.5, 8.0, 4.0 ] },
						"up": { "texture": "#copper", "uv": [ 5.5, 9.0, 11.5, 11.0 ] },
						"down": { "texture": "#copper", "uv": [ 0.0, 13.0, 6.0, 15.0 ] }
					},
					"children": [
						{
							"name": "blade2",
							"from": [ 4.9, 0.0, 0.2 ],
							"to": [ 8.5, 0.2, 1.8 ],
							"autoUnwrap": false,
							"uv": [ 3.0, 6.5 ],
							"rotationOrigin": [ 4.9, 0.0, 1.5 ],
							"faces": {
								"north": { "texture": "#copper", "uv": [ 11.0, 7.0, 14.5, 7.5 ] },
								"east": { "texture": "#copper", "uv": [ 6.0, 11.0, 7.5, 11.5 ] },
								"south": { "texture": "#copper", "uv": [ 6.0, 12.5, 9.5, 13.0 ] },
								"up": { "texture": "#copper", "uv": [ 6.0, 13.0, 9.5, 14.5 ] },
								"down": { "texture": "#copper", "uv": [ 6.0, 14.5, 9.5, 16.0 ] }
							},
							"children": [
								{
									"name": "blade3",
									"from": [ 3.6, 0.0, 0.3 ],
									"to": [ 5.5, 0.2, 1.3 ],
									"autoUnwrap": false,
									"uv": [ 7.5, 9.5 ],
									"rotationOrigin": [ 3.6, 0.0, 0.3 ],
									"faces": {
										"north": { "texture": "#copper", "uv": [ 10.5, 13.0, 12.0, 13.5 ] },
										"east": { "texture": "#copper", "uv": [ 10.5, 12.5, 11.5, 13.0 ] },
										"south": { "texture": "#copper", "uv": [ 13.0, 11.0, 14.5, 11.5 ] },
										"up": { "texture": "#copper", "uv": [ 10.5, 14.0, 12.0, 15.0 ] },
										"down": { "texture": "#copper", "uv": [ 10.5, 15.0, 12.0, 16.0 ] }
									}
								},
								{
									"name": "bladetip",
									"from": [ 5.5, 0.0, 0.5 ],
									"to": [ 7.5, 0.2, 1.1 ],
									"uv": [ 7.0, 5.0 ],
									"rotationOrigin": [ 5.5, 0.0, 0.5 ],
									"faces": {
										"north": { "texture": "#copper", "uv": [ 7.0, 5.5, 9.0, 6.0 ] },
										"east": { "texture": "#copper", "uv": [ 9.0, 5.5, 9.5, 6.0 ] },
										"south": { "texture": "#copper", "uv": [ 9.5, 5.5, 11.5, 6.0 ] },
										"up": { "texture": "#copper", "uv": [ 7.0, 5.0, 9.0, 5.5 ] },
										"down": { "texture": "#copper", "uv": [ 9.0, 5.0, 11.0, 5.5 ] }
									}
								}
							]
						},
						{
							"name": "blademid1",
							"from": [ 0.0, -0.1, 0.2 ],
							"to": [ 4.4, 0.3, 1.8 ],
							"uv": [ 0.0, 0.0 ],
							"rotationOrigin": [ 0.0, -0.1, 0.2 ],
							"faces": {
								"north": { "texture": "#ihammer", "uv": [ 0.0, 1.5, 4.0, 2.0 ] },
								"east": { "texture": "#ihammer", "uv": [ 4.0, 1.5, 5.5, 2.0 ] },
								"south": { "texture": "#ihammer", "uv": [ 5.5, 1.5, 9.5, 2.0 ] },
								"up": { "texture": "#ihammer", "uv": [ 0.0, 0.0, 4.0, 1.5 ] },
								"down": { "texture": "#ihammer", "uv": [ 4.0, 0.0, 8.0, 1.5 ] }
							},
							"children": [
								{
									"name": "blademid2",
									"from": [ 4.4, 0.0, 0.2 ],
									"to": [ 7.7, 0.4, 1.4 ],
									"uv": [ 3.0, 2.0 ],
									"rotationOrigin": [ 4.4, 0.0, 0.2 ],
									"faces": {
										"north": { "texture": "#ihammer", "uv": [ 3.0, 3.0, 6.0, 3.5 ] },
										"east": { "texture": "#ihammer", "uv": [ 6.0, 3.0, 7.0, 3.5 ] },
										"south": { "texture": "#ihammer", "uv": [ 7.0, 3.0, 10.0, 3.5 ] },
										"up": { "texture": "#ihammer", "uv": [ 3.0, 2.0, 6.0, 3.0 ] },
										"down": { "texture": "#ihammer", "uv": [ 6.0, 2.0, 9.0, 3.0 ] }
									}
								},
								{
									"name": "blademid3",
									"from": [ 7.7, 0.0, 0.5 ],
									"to": [ 9.3, 0.4, 1.1 ],
									"uv": [ 5.0, 8.0 ],
									"rotationOrigin": [ 7.7, 0.0, 0.5 ],
									"faces": {
										"north": { "texture": "#ihammer", "uv": [ 5.0, 8.5, 6.5, 9.0 ] },
										"east": { "texture": "#ihammer", "uv": [ 6.5, 8.5, 7.0, 9.0 ] },
										"south": { "texture": "#ihammer", "uv": [ 7.0, 8.5, 8.5, 9.0 ] },
										"up": { "texture": "#ihammer", "uv": [ 5.0, 8.0, 6.5, 8.5 ] },
										"down": { "texture": "#ihammer", "uv": [ 6.5, 8.0, 8.0, 8.5 ] }
									}
								}
							]
						}
					]
				}
			]
		}
	]}