{
	"editor": {
		"allAngles": false,
		"entityTextureMode": false
	},
	"textureWidth": 16,
	"textureHeight": 16,
	"textureSizes": {
	},
	"textures": {
		"handel-k": "tstools:item/handel-k",
		"string": "tstools:item/string"
	},
	"elements": [
		{
			"name": "origin",
			"from": [ 10.0, 0.5, 7.7 ],
			"to": [ 10.0, 0.5, 7.7 ],
			"rotationOrigin": [ 8.0, 0.0, 8.0 ],
			"faces": {
				"north": { "texture": "#string", "uv": [ 0.0, 0.0, 0.5, 0.5 ] },
				"east": { "texture": "#string", "uv": [ 0.0, 0.0, 0.5, 0.5 ] },
				"south": { "texture": "#string", "uv": [ 0.0, 0.0, 0.5, 0.5 ] },
				"west": { "texture": "#string", "uv": [ 0.0, 0.0, 0.5, 0.5 ] },
				"up": { "texture": "#string", "uv": [ 0.0, 0.0, 0.5, 0.5 ] },
				"down": { "texture": "#string", "uv": [ 0.0, 0.0, 0.5, 0.5 ] }
			},
			"children": [
				{
					"name": "handle",
					"from": [ -8.0, -0.5, -0.5 ],
					"to": [ 7.5, 1.0, 1.0 ],
					"rotationOrigin": [ -9.5, -8.0, 0.0 ],
					"faces": {
						"north": { "texture": "#handel-k", "uv": [ 0.0, 5.5, 15.5, 7.0 ] },
						"east": { "texture": "#handel-k", "uv": [ 0.5, 0.5, 2.0, 2.0 ] },
						"south": { "texture": "#handel-k", "uv": [ 0.0, 10.5, 15.5, 12.0 ] },
						"up": { "texture": "#handel-k", "uv": [ 0.0, 4.5, 15.5, 6.0 ] },
						"down": { "texture": "#handel-k", "uv": [ 0.0, 5.0, 15.5, 6.5 ] }
					}
				},
				{
					"name": "handle16",
					"from": [ -11.0, -0.5, -0.5 ],
					"to": [ -8.0, 1.0, 1.0 ],
					"rotationOrigin": [ -12.5, -8.0, 0.0 ],
					"faces": {
						"north": { "texture": "#handel-k", "uv": [ 0.0, 2.5, 3.0, 0.0 ], "autoUv": false },
						"south": { "texture": "#handel-k", "uv": [ 0.0, 10.5, 3.0, 12.0 ] },
						"west": { "texture": "#handel-k", "uv": [ 14.0, 10.0, 15.5, 11.5 ] },
						"up": { "texture": "#handel-k", "uv": [ 0.0, 4.5, 3.0, 6.0 ] },
						"down": { "texture": "#handel-k", "uv": [ 0.0, 5.0, 3.0, 6.5 ] }
					}
				}
			]
		}
	]}