{
	"editor": {
		"allAngles": false,
		"entityTextureMode": false
	},
	"textureWidth": 16,
	"textureHeight": 8,
	"textureSizes": {
	},
	"textures": {
		"handel-k": "tstools:item/handel-k",
		"metal": "tstools:item/iron",
		"titan-tip": "tstools:item/titan-tip"
	},
	"elements": [
		{
			"name": "handle",
			"from": [ 3.5, 7.5, 7.5 ],
			"to": [ 14.5, 8.5, 8.5 ],
			"rotationOrigin": [ 0.0, 0.0, 8.0 ],
			"faces": {
				"north": { "texture": "#handel-k", "uv": [ 2.0, 3.0, 13.0, 4.0 ] },
				"east": { "texture": "#handel-k", "uv": [ 3.0, 0.0, 4.0, 1.0 ] },
				"south": { "texture": "#handel-k", "uv": [ 1.0, 5.5, 12.0, 6.5 ] },
				"west": { "texture": "#handel-k", "uv": [ 4.0, 0.0, 5.0, 1.0 ] },
				"up": { "texture": "#handel-k", "uv": [ 1.5, 3.0, 12.5, 4.0 ] },
				"down": { "texture": "#handel-k", "uv": [ 0.0, 5.0, 11.0, 6.0 ] }
			}
		},
		{
			"name": "Cube1",
			"from": [ 12.0, 7.0, 6.0 ],
			"to": [ 14.0, 9.0, 10.0 ],
			"faces": {
				"north": { "texture": "#iron", "uv": [ 1.0, 5.0, 3.0, 7.0 ] },
				"east": { "texture": "#metal", "uv": [ 2.0, 1.0, 6.0, 3.0 ] },
				"south": { "texture": "#metal", "uv": [ 2.0, 3.0, 4.0, 5.0 ] },
				"west": { "texture": "#metal", "uv": [ 1.0, 5.0, 5.0, 7.0 ] },
				"up": { "texture": "#metal", "uv": [ 5.0, 2.0, 7.0, 6.0 ] },
				"down": { "texture": "#metal", "uv": [ 1.0, 3.0, 3.0, 7.0 ] }
			}
		},
		{
			"name": "Cube2",
			"from": [ 32.5, 6.8, 4.0 ],
			"to": [ 33.4, 9.2, 7.0 ],
			"rotationOrigin": [ 20.5, -0.2, -2.0 ],
			"rotationY": -90.0,
			"faces": {
				"north": { "texture": "#titan-tip", "uv": [ 1.0, 5.0, 1.5, 7.25 ] },
				"east": { "texture": "#titan-tip", "uv": [ 2.0, 1.0, 5.0, 3.25 ] },
				"south": { "texture": "#titan-tip", "uv": [ 2.0, 3.0, 2.5, 5.25 ] },
				"west": { "texture": "#titan-tip", "uv": [ 1.0, 5.0, 4.0, 7.25 ] },
				"up": { "texture": "#titan-tip", "uv": [ 5.0, 2.0, 5.5, 5.0 ] },
				"down": { "texture": "#titan-tip", "uv": [ 1.0, 3.0, 1.5, 6.0 ] }
			},
			"children": [
				{
					"name": "Cube18",
					"from": [ 0.9, 0.2, 0.5 ],
					"to": [ 1.3, 2.2, 2.7 ],
					"rotationOrigin": [ -11.1, -6.8, -5.5 ],
					"faces": {
						"north": { "texture": "#titan-tip", "uv": [ 1.0, 5.0, 1.5, 7.0 ] },
						"east": { "texture": "#titan-tip", "uv": [ 2.0, 1.0, 4.0, 3.0 ] },
						"south": { "texture": "#titan-tip", "uv": [ 2.0, 3.0, 2.5, 5.0 ] },
						"west": { "texture": "#titan-tip", "uv": [ 1.0, 5.0, 3.0, 7.0 ] },
						"up": { "texture": "#titan-tip", "uv": [ 5.0, 2.0, 5.5, 4.0 ] },
						"down": { "texture": "#titan-tip", "uv": [ 1.0, 3.0, 1.5, 5.0 ] }
					}
				}
			]
		},
		{
			"name": "Cube3",
			"from": [ 32.5, 6.8, -0.9 ],
			"to": [ 33.4, 9.2, 2.1 ],
			"rotationOrigin": [ 20.5, -0.2, -6.9 ],
			"rotationY": -90.0,
			"faces": {
				"north": { "texture": "#titan-tip", "uv": [ 1.0, 5.0, 1.5, 7.25 ] },
				"east": { "texture": "#titan-tip", "uv": [ 2.0, 1.0, 5.0, 3.25 ] },
				"south": { "texture": "#titan-tip", "uv": [ 2.0, 3.0, 2.5, 5.25 ] },
				"west": { "texture": "#titan-tip", "uv": [ 1.0, 5.0, 4.0, 7.25 ] },
				"up": { "texture": "#titan-tip", "uv": [ 5.0, 2.0, 5.5, 5.0 ] },
				"down": { "texture": "#titan-tip", "uv": [ 1.0, 3.0, 1.5, 6.0 ] }
			},
			"children": [
				{
					"name": "Cube17",
					"from": [ -0.4, 0.2, 0.4 ],
					"to": [ 0.0, 2.2, 2.6 ],
					"rotationOrigin": [ -12.4, -6.8, -5.6 ],
					"faces": {
						"north": { "texture": "#titan-tip", "uv": [ 1.0, 5.0, 1.5, 7.0 ] },
						"east": { "texture": "#titan-tip", "uv": [ 2.0, 1.0, 4.0, 3.0 ] },
						"south": { "texture": "#titan-tip", "uv": [ 2.0, 3.0, 2.5, 5.0 ] },
						"west": { "texture": "#titan-tip", "uv": [ 1.0, 5.0, 3.0, 7.0 ] },
						"up": { "texture": "#titan-tip", "uv": [ 5.0, 2.0, 5.5, 4.0 ] },
						"down": { "texture": "#titan-tip", "uv": [ 1.0, 3.0, 1.5, 5.0 ] }
					}
				}
			]
		},
		{
			"name": "Cube13",
			"from": [ 21.5939, 7.2, 1.6052 ],
			"to": [ 23.0939, 8.7, 2.1052 ],
			"rotationOrigin": [ 9.7, 0.0, -4.6 ],
			"rotationY": -89.98,
			"faces": {
				"north": { "texture": "#titan-tip", "uv": [ 1.0, 5.0, 2.5, 6.5 ] },
				"east": { "texture": "#titan-tip", "uv": [ 2.0, 1.0, 2.5, 2.5 ] },
				"south": { "texture": "#titan-tip", "uv": [ 2.0, 3.0, 3.5, 4.5 ] },
				"west": { "texture": "#titan-tip", "uv": [ 1.0, 5.0, 1.5, 6.5 ] },
				"up": { "texture": "#titan-tip", "uv": [ 5.0, 2.0, 6.5, 2.5 ] },
				"down": { "texture": "#titan-tip", "uv": [ 1.0, 3.0, 2.5, 3.5 ] }
			}
		},
		{
			"name": "Cube14",
			"from": [ 21.0437, 7.5, 1.9053 ],
			"to": [ 22.0437, 8.5, 2.4053 ],
			"rotationOrigin": [ 9.2, 0.3, -4.3 ],
			"rotationY": -89.98,
			"faces": {
				"north": { "texture": "#titan-tip", "uv": [ 1.0, 5.0, 2.0, 6.0 ] },
				"east": { "texture": "#titan-tip", "uv": [ 2.0, 1.0, 2.5, 2.0 ] },
				"south": { "texture": "#titan-tip", "uv": [ 2.0, 3.0, 3.0, 4.0 ] },
				"west": { "texture": "#titan-tip", "uv": [ 1.0, 5.0, 1.5, 6.0 ] },
				"up": { "texture": "#titan-tip", "uv": [ 5.0, 2.0, 6.0, 2.5 ] },
				"down": { "texture": "#titan-tip", "uv": [ 1.0, 3.0, 2.0, 3.5 ] }
			}
		},
		{
			"name": "Cube15",
			"from": [ 32.3676, 7.2, 1.6052 ],
			"to": [ 33.8676, 8.7, 1.9052 ],
			"rotationOrigin": [ 20.5, 0.0, -4.6 ],
			"rotationY": -89.98,
			"faces": {
				"north": { "texture": "#titan-tip", "uv": [ 1.0, 5.0, 2.5, 6.5 ] },
				"east": { "texture": "#titan-tip", "uv": [ 2.0, 1.0, 2.5, 2.5 ] },
				"south": { "texture": "#titan-tip", "uv": [ 2.0, 3.0, 3.5, 4.5 ] },
				"west": { "texture": "#titan-tip", "uv": [ 1.0, 5.0, 1.5, 6.5 ] },
				"up": { "texture": "#titan-tip", "uv": [ 5.0, 2.0, 6.5, 2.25 ] },
				"down": { "texture": "#titan-tip", "uv": [ 1.0, 3.0, 2.5, 3.25 ] }
			}
		},
		{
			"name": "Cube16",
			"from": [ 30.0668, 7.2, 1.6052 ],
			"to": [ 31.5668, 8.7, 1.9052 ],
			"rotationOrigin": [ 18.2, 0.0, -4.6 ],
			"rotationY": -89.98,
			"faces": {
				"north": { "texture": "#titan-tip", "uv": [ 1.0, 5.0, 2.5, 6.5 ] },
				"east": { "texture": "#titan-tip", "uv": [ 2.0, 1.0, 2.5, 2.5 ] },
				"south": { "texture": "#titan-tip", "uv": [ 2.0, 3.0, 3.5, 4.5 ] },
				"west": { "texture": "#titan-tip", "uv": [ 1.0, 5.0, 1.5, 6.5 ] },
				"up": { "texture": "#titan-tip", "uv": [ 5.0, 2.0, 6.5, 2.25 ] },
				"down": { "texture": "#titan-tip", "uv": [ 1.0, 3.0, 2.5, 3.25 ] }
			}
		},
		{
			"name": "Cube12",
			"from": [ 22.1641, 7.2, 1.6052 ],
			"to": [ 23.6641, 8.7, 1.9052 ],
			"rotationOrigin": [ 10.3, 0.0, -4.6 ],
			"rotationY": -89.98,
			"faces": {
				"north": { "texture": "#titan-tip", "uv": [ 1.0, 5.0, 2.5, 6.5 ] },
				"east": { "texture": "#titan-tip", "uv": [ 2.0, 1.0, 2.5, 2.5 ] },
				"south": { "texture": "#titan-tip", "uv": [ 2.0, 3.0, 3.5, 4.5 ] },
				"west": { "texture": "#titan-tip", "uv": [ 1.0, 5.0, 1.5, 6.5 ] },
				"up": { "texture": "#titan-tip", "uv": [ 5.0, 2.0, 6.5, 2.25 ] },
				"down": { "texture": "#titan-tip", "uv": [ 1.0, 3.0, 2.5, 3.25 ] }
			}
		}
	]}