{
	"editor": {
		"allAngles": false,
		"entityTextureMode": true
	},
	"textureWidth": 16,
	"textureHeight": 16,
	"textureSizes": {
	},
	"textures": {
		"handel-k": "tstools:item/handel-k",
		"handle": "tstools:item/handle",
		"ihammer": "tstools:item/ihammer",
		"tinbronze": "tstools:item/tinbronze"
	},
	"elements": [
		{
			"name": "origin",
			"from": [ 8.0, 0.7, 7.7 ],
			"to": [ 8.0, 0.7, 7.7 ],
			"uv": [ 0.0, 0.0 ],
			"rotationOrigin": [ 8.0, 0.0, 8.0 ],
			"faces": {
			},
			"children": [
				{
					"name": "handle",
					"from": [ -7.6, 2.0, 5.5 ],
					"to": [ -5.0, 3.2, 6.7 ],
					"autoUnwrap": false,
					"uv": [ 0.0, 5.0 ],
					"rotationOrigin": [ -9.1, -5.5, 6.0 ],
					"rotationX": -45.0,
					"faces": {
						"north": { "texture": "#handel-k", "uv": [ 5.0, 5.0, 7.5, 6.0 ] },
						"south": { "texture": "#handel-k", "uv": [ 3.5, 2.0, 6.0, 3.0 ] },
						"up": { "texture": "#handel-k", "uv": [ 0.0, 6.5, 2.5, 7.5 ] },
						"down": { "texture": "#handel-k", "uv": [ 8.0, 4.0, 10.5, 5.0 ] }
					}
				},
				{
					"name": "blade1",
					"from": [ -4.0, 0.2, -0.7 ],
					"to": [ 2.0, 0.4, 1.3 ],
					"autoUnwrap": false,
					"uv": [ 0.0, 6.0 ],
					"rotationOrigin": [ -3.0, 0.2, 0.8 ],
					"faces": {
						"north": { "texture": "#ihammer", "uv": [ 2.5, 8.0, 8.5, 8.5 ] },
						"east": { "texture": "#ihammer", "uv": [ 6.0, 11.5, 8.0, 12.0 ] },
						"south": { "texture": "#ihammer", "uv": [ 2.0, 3.5, 8.0, 4.0 ] },
						"up": { "texture": "#ihammer", "uv": [ 5.5, 9.0, 11.5, 11.0 ] },
						"down": { "texture": "#ihammer", "uv": [ 0.0, 13.0, 6.0, 15.0 ] }
					},
					"children": [
						{
							"name": "blade2",
							"from": [ 4.9, 0.0, 0.2 ],
							"to": [ 8.5, 0.2, 1.8 ],
							"autoUnwrap": false,
							"uv": [ 3.0, 6.5 ],
							"rotationOrigin": [ 4.9, 0.0, 1.5 ],
							"faces": {
								"north": { "texture": "#ihammer", "uv": [ 11.0, 7.0, 14.5, 7.5 ] },
								"east": { "texture": "#ihammer", "uv": [ 6.0, 11.0, 7.5, 11.5 ] },
								"south": { "texture": "#ihammer", "uv": [ 6.0, 12.5, 9.5, 13.0 ] },
								"up": { "texture": "#ihammer", "uv": [ 6.0, 13.0, 9.5, 14.5 ] },
								"down": { "texture": "#ihammer", "uv": [ 6.0, 14.5, 9.5, 16.0 ] }
							},
							"children": [
								{
									"name": "blade3",
									"from": [ 3.6, 0.0, 0.3 ],
									"to": [ 5.5, 0.2, 1.3 ],
									"autoUnwrap": false,
									"uv": [ 7.5, 9.5 ],
									"rotationOrigin": [ 3.6, 0.0, 0.3 ],
									"faces": {
										"north": { "texture": "#ihammer", "uv": [ 10.5, 13.0, 12.0, 13.5 ] },
										"east": { "texture": "#ihammer", "uv": [ 10.5, 12.5, 11.5, 13.0 ] },
										"south": { "texture": "#ihammer", "uv": [ 13.0, 11.0, 14.5, 11.5 ] },
										"up": { "texture": "#ihammer", "uv": [ 10.5, 14.0, 12.0, 15.0 ] },
										"down": { "texture": "#ihammer", "uv": [ 10.5, 15.0, 12.0, 16.0 ] }
									}
								},
								{
									"name": "bladetip",
									"from": [ 5.5, 0.0, 0.5 ],
									"to": [ 7.5, 0.2, 1.1 ],
									"uv": [ 7.0, 5.0 ],
									"rotationOrigin": [ 5.5, 0.0, 0.5 ],
									"faces": {
										"north": { "texture": "#ihammer", "uv": [ 7.0, 5.5, 9.0, 6.0 ] },
										"east": { "texture": "#ihammer", "uv": [ 9.0, 5.5, 9.5, 6.0 ] },
										"south": { "texture": "#ihammer", "uv": [ 9.5, 5.5, 11.5, 6.0 ] },
										"up": { "texture": "#ihammer", "uv": [ 7.0, 5.0, 9.0, 5.5 ] },
										"down": { "texture": "#ihammer", "uv": [ 9.0, 5.0, 11.0, 5.5 ] }
									}
								}
							]
						},
						{
							"name": "blademid1",
							"from": [ 0.0, -0.1, 0.2 ],
							"to": [ 4.4, 0.3, 1.8 ],
							"uv": [ 6.0, 14.0 ],
							"rotationOrigin": [ 0.0, -0.1, 0.2 ],
							"faces": {
								"north": { "texture": "#tinbronze", "uv": [ 6.0, 14.0, 10.0, 14.5 ], "rotation": 90, "autoUv": false, "windMode": [-1,-1,-1,-1] },
								"east": { "texture": "#tinbronze", "uv": [ 10.0, 14.0, 11.5, 14.5 ] },
								"south": { "texture": "#tinbronze", "uv": [ 10.0, 6.5, 14.5, 7.0 ], "rotation": 90, "autoUv": false },
								"up": { "texture": "#tinbronze", "uv": [ 0.3, 10.7, 8.5, 12.5 ], "rotation": 90, "autoUv": false },
								"down": { "texture": "#tinbronze", "uv": [ 0.5, 5.0, 9.0, 6.5 ], "rotation": 90, "autoUv": false }
							},
							"children": [
								{
									"name": "blademid2",
									"from": [ 4.4, 0.0, 0.2 ],
									"to": [ 7.7, 0.4, 1.4 ],
									"uv": [ 3.5, 3.0 ],
									"rotationOrigin": [ 4.4, 0.0, 0.2 ],
									"faces": {
										"north": { "texture": "#tinbronze", "uv": [ 3.5, 4.0, 6.5, 4.5 ] },
										"east": { "texture": "#tinbronze", "uv": [ 6.5, 4.0, 7.5, 4.5 ] },
										"south": { "texture": "#tinbronze", "uv": [ 7.5, 4.0, 10.5, 4.5 ], "rotation": 90, "autoUv": false },
										"up": { "texture": "#tinbronze", "uv": [ 3.5, 3.0, 6.5, 4.0 ] },
										"down": { "texture": "#tinbronze", "uv": [ 14.8, 2.0, 9.0, 3.0 ], "rotation": 90, "autoUv": false }
									}
								},
								{
									"name": "blademid3",
									"from": [ 7.7, 0.0, 0.5 ],
									"to": [ 9.3, 0.4, 1.1 ],
									"uv": [ 8.0, 8.0 ],
									"rotationOrigin": [ 7.7, 0.0, 0.5 ],
									"faces": {
										"north": { "texture": "#tinbronze", "uv": [ 8.0, 8.5, 9.5, 9.0 ], "rotation": 90, "autoUv": false },
										"east": { "texture": "#tinbronze", "uv": [ 9.5, 8.5, 10.0, 9.0 ], "rotation": 90, "autoUv": false },
										"south": { "texture": "#tinbronze", "uv": [ 10.0, 8.5, 11.5, 9.0 ] },
										"up": { "texture": "#tinbronze", "uv": [ 8.0, 8.0, 9.5, 8.5 ] },
										"down": { "texture": "#tinbronze", "uv": [ 9.5, 8.0, 11.0, 8.5 ] }
									}
								}
							]
						}
					]
				},
				{
					"name": "hilt",
					"from": [ -5.0, 0.3, -0.95 ],
					"to": [ -4.0, 2.1, 0.85 ],
					"autoUnwrap": false,
					"uv": [ 8.0, 1.0 ],
					"rotationOrigin": [ -5.0, 0.3, -0.9 ],
					"rotationX": 45.0,
					"faces": {
						"north": { "texture": "#handle", "uv": [ 7.0, 4.0, 8.0, 5.5 ] },
						"east": { "texture": "#handle", "uv": [ 5.0, 4.0, 6.5, 5.5 ] },
						"south": { "texture": "#handle", "uv": [ 9.0, 4.0, 10.0, 5.5 ] },
						"west": { "texture": "#handle", "uv": [ 3.0, 4.0, 4.5, 5.5 ] },
						"up": { "texture": "#handle", "uv": [ 8.0, 4.0, 9.0, 5.5 ] },
						"down": { "texture": "#handle", "uv": [ 10.0, 4.0, 11.0, 5.5 ] }
					}
				},
				{
					"name": "hilt2",
					"from": [ -5.0, -0.6, -0.55 ],
					"to": [ -4.0, 1.2, 1.25 ],
					"autoUnwrap": false,
					"uv": [ 8.0, 1.0 ],
					"rotationOrigin": [ -5.0, -0.6, -0.5 ],
					"faces": {
						"north": { "texture": "#handle", "uv": [ 7.0, 4.0, 8.0, 5.5 ] },
						"east": { "texture": "#handle", "uv": [ 5.0, 4.0, 6.5, 5.5 ] },
						"south": { "texture": "#handle", "uv": [ 9.0, 4.0, 10.0, 5.5 ] },
						"west": { "texture": "#handle", "uv": [ 3.0, 4.0, 4.5, 5.5 ] },
						"up": { "texture": "#handle", "uv": [ 8.0, 4.0, 9.0, 5.5 ] },
						"down": { "texture": "#handle", "uv": [ 10.0, 4.0, 11.0, 5.5 ] }
					}
				}
			]
		},
		{
			"name": "symbolbase",
			"from": [ 4.0, 0.7, 7.35 ],
			"to": [ 4.8, 1.3, 8.85 ],
			"autoUnwrap": false,
			"uv": [ 3.5, 2.0 ],
			"rotationOrigin": [ 4.0, 0.7, 7.4 ],
			"faces": {
				"north": { "texture": "#handel-k", "uv": [ 3.0, 10.0, 3.5, 10.5 ] },
				"east": { "texture": "#handel-k", "uv": [ 3.0, 10.5, 4.5, 11.0 ] },
				"south": { "texture": "#handel-k", "uv": [ 3.0, 9.5, 3.5, 10.0 ] },
				"up": { "texture": "#handel-k", "uv": [ 3.0, 12.0, 3.5, 13.5 ] },
				"down": { "texture": "#handel-k", "uv": [ 0.0, 9.5, 0.5, 11.0 ] }
			},
			"children": [
				{
					"name": "symbolledge",
					"from": [ 0.0, -0.1, -0.36 ],
					"to": [ 0.5, 0.7, 1.66 ],
					"autoUnwrap": false,
					"uv": [ 10.5, 8.5 ],
					"rotationOrigin": [ 0.0, -0.1, -0.4 ],
					"faces": {
						"north": { "texture": "#handle", "uv": [ 0.0, 9.0, 0.5, 9.5 ] },
						"east": { "texture": "#handle", "uv": [ 0.5, 9.0, 2.5, 9.5 ] },
						"south": { "texture": "#handle", "uv": [ 2.5, 9.0, 3.0, 9.5 ] },
						"west": { "texture": "#handle", "uv": [ 3.0, 9.0, 5.0, 9.5 ] },
						"up": { "texture": "#handle", "uv": [ 5.0, 9.0, 7.0, 9.5 ], "rotation": 90 },
						"down": { "texture": "#handle", "uv": [ 7.0, 9.0, 9.0, 9.5 ], "rotation": 90 }
					}
				}
			]
		},
		{
			"name": "pommel",
			"from": [ -0.3, 0.02, 8.0 ],
			"to": [ 0.4, 1.42, 9.4 ],
			"autoUnwrap": false,
			"uv": [ 4.5, 3.5 ],
			"rotationOrigin": [ -0.3, 0.0, 8.0 ],
			"rotationX": -45.0,
			"faces": {
				"north": { "texture": "#handle", "uv": [ 7.0, 6.0, 7.5, 7.0 ] },
				"east": { "texture": "#handle", "uv": [ 5.0, 6.0, 6.0, 7.0 ] },
				"south": { "texture": "#handle", "uv": [ 9.0, 6.0, 9.5, 7.0 ] },
				"west": { "texture": "#handle", "uv": [ 3.0, 6.0, 4.0, 7.0 ] },
				"up": { "texture": "#handle", "uv": [ 8.0, 6.0, 8.5, 7.0 ] },
				"down": { "texture": "#handle", "uv": [ 10.0, 6.0, 10.5, 7.0 ] }
			}
		},
		{
			"name": "pommel2",
			"from": [ -0.3, 0.32, 8.7 ],
			"to": [ 0.4, 1.72, 10.1 ],
			"autoUnwrap": false,
			"uv": [ 4.5, 3.5 ],
			"rotationOrigin": [ -0.3, 0.3, 8.7 ],
			"rotationX": -90.0,
			"faces": {
				"north": { "texture": "#handle", "uv": [ 7.0, 6.0, 7.5, 7.0 ] },
				"east": { "texture": "#handle", "uv": [ 5.0, 6.0, 6.0, 7.0 ] },
				"south": { "texture": "#handle", "uv": [ 9.0, 6.0, 9.5, 7.0 ] },
				"west": { "texture": "#handle", "uv": [ 3.0, 6.0, 4.0, 7.0 ] },
				"up": { "texture": "#handle", "uv": [ 8.0, 6.0, 8.5, 7.0 ] },
				"down": { "texture": "#handle", "uv": [ 10.0, 6.0, 10.5, 7.0 ] }
			}
		},
		{
			"name": "pommel3",
			"from": [ -1.0, 0.32, 8.7 ],
			"to": [ -0.3, 1.72, 10.1 ],
			"autoUnwrap": false,
			"uv": [ 4.5, 3.5 ],
			"rotationOrigin": [ -1.0, 0.3, 8.7 ],
			"rotationX": -90.0,
			"faces": {
				"north": { "texture": "#handle", "uv": [ 7.0, 6.0, 7.5, 7.0 ] },
				"east": { "texture": "#handle", "uv": [ 5.0, 6.0, 6.0, 7.0 ] },
				"south": { "texture": "#handle", "uv": [ 9.0, 6.0, 9.5, 7.0 ] },
				"west": { "texture": "#handle", "uv": [ 3.0, 6.0, 4.0, 7.0 ] },
				"up": { "texture": "#handle", "uv": [ 8.0, 6.0, 8.5, 7.0 ] },
				"down": { "texture": "#handle", "uv": [ 10.0, 6.0, 10.5, 7.0 ] }
			}
		},
		{
			"name": "symboledge1",
			"from": [ 4.5, 0.7, 6.99 ],
			"to": [ 5.0, 1.3, 7.49 ],
			"uv": [ 0.0, 8.0 ],
			"rotationOrigin": [ 4.5, 0.7, 6.95 ],
			"faces": {
				"north": { "texture": "#handel-k", "uv": [ 0.0, 8.5, 0.5, 9.0 ] },
				"east": { "texture": "#handel-k", "uv": [ 0.5, 8.5, 1.0, 9.0 ] },
				"south": { "texture": "#handel-k", "uv": [ 1.0, 8.5, 1.5, 9.0 ] },
				"up": { "texture": "#handel-k", "uv": [ 0.0, 8.0, 0.5, 8.5 ] },
				"down": { "texture": "#handel-k", "uv": [ 0.5, 8.0, 1.0, 8.5 ] }
			}
		},
		{
			"name": "symboledge2",
			"from": [ 4.5, 0.7, 7.75 ],
			"to": [ 5.0, 1.3, 8.25 ],
			"uv": [ 4.0, 8.0 ],
			"rotationOrigin": [ 4.5, 0.7, 7.75 ],
			"faces": {
				"north": { "texture": "#handel-k", "uv": [ 4.0, 8.5, 4.5, 9.0 ] },
				"east": { "texture": "#handel-k", "uv": [ 4.5, 8.5, 5.0, 9.0 ] },
				"south": { "texture": "#handel-k", "uv": [ 5.0, 8.5, 5.5, 9.0 ] },
				"up": { "texture": "#handel-k", "uv": [ 4.0, 8.0, 4.5, 8.5 ] },
				"down": { "texture": "#handel-k", "uv": [ 4.5, 8.0, 5.0, 8.5 ] }
			}
		},
		{
			"name": "symboledge3",
			"from": [ 4.5, 0.7, 8.51 ],
			"to": [ 5.0, 1.3, 9.01 ],
			"uv": [ 6.5, 10.0 ],
			"rotationOrigin": [ 4.5, 0.7, 8.45 ],
			"faces": {
				"north": { "texture": "#handel-k", "uv": [ 6.5, 10.5, 7.0, 11.0 ] },
				"east": { "texture": "#handel-k", "uv": [ 7.0, 10.5, 7.5, 11.0 ] },
				"south": { "texture": "#handel-k", "uv": [ 7.5, 10.5, 8.0, 11.0 ] },
				"up": { "texture": "#handel-k", "uv": [ 6.5, 10.0, 7.0, 10.5 ] },
				"down": { "texture": "#handel-k", "uv": [ 7.0, 10.0, 7.5, 10.5 ] }
			}
		}
	]}