{
	"editor": {
		"allAngles": false,
		"entityTextureMode": false
	},
	"textureWidth": 16,
	"textureHeight": 8,
	"textureSizes": {
	},
	"textures": {
		"handel-k": "tstools:item/handel-k",
		"metal": "tstools:item/iron",
		"titan-tip": "tstools:item/titan-tip"
	},
	"elements": [
		{
			"name": "handle",
			"from": [ 3.5, 7.5, 7.5 ],
			"to": [ 15.5, 8.5, 8.5 ],
			"rotationOrigin": [ 0.0, 0.0, 8.0 ],
			"faces": {
				"north": { "texture": "#handel-k", "uv": [ 2.0, 3.0, 14.0, 4.0 ] },
				"east": { "texture": "#handel-k", "uv": [ 3.0, 0.0, 4.0, 1.0 ] },
				"south": { "texture": "#handel-k", "uv": [ 1.0, 5.5, 13.0, 6.5 ] },
				"west": { "texture": "#handel-k", "uv": [ 4.0, 0.0, 5.0, 1.0 ] },
				"up": { "texture": "#handel-k", "uv": [ 1.5, 3.0, 13.5, 4.0 ] },
				"down": { "texture": "#handel-k", "uv": [ 0.0, 5.0, 12.0, 6.0 ] }
			}
		},
		{
			"name": "Cube1",
			"from": [ 12.0, 7.0, 6.0 ],
			"to": [ 14.0, 9.0, 10.0 ],
			"faces": {
				"north": { "texture": "#iron", "uv": [ 1.0, 5.0, 3.0, 7.0 ] },
				"east": { "texture": "#metal", "uv": [ 2.0, 1.0, 6.0, 3.0 ] },
				"south": { "texture": "#metal", "uv": [ 2.0, 3.0, 4.0, 5.0 ] },
				"west": { "texture": "#metal", "uv": [ 1.0, 5.0, 5.0, 7.0 ] },
				"up": { "texture": "#metal", "uv": [ 5.0, 2.0, 7.0, 6.0 ] },
				"down": { "texture": "#metal", "uv": [ 1.0, 3.0, 3.0, 7.0 ] }
			}
		},
		{
			"name": "Cube2",
			"from": [ 33.0, 6.8, 4.0 ],
			"to": [ 35.0, 9.2, 7.0 ],
			"rotationOrigin": [ 21.0, -0.2, -2.0 ],
			"rotationY": -90.0,
			"faces": {
				"north": { "texture": "#titan-tip", "uv": [ 1.0, 5.0, 3.0, 7.25 ] },
				"east": { "texture": "#titan-tip", "uv": [ 2.0, 1.0, 5.0, 3.25 ] },
				"south": { "texture": "#titan-tip", "uv": [ 2.0, 3.0, 4.0, 5.25 ] },
				"west": { "texture": "#titan-tip", "uv": [ 1.0, 5.0, 4.0, 7.25 ] },
				"up": { "texture": "#titan-tip", "uv": [ 5.0, 2.0, 7.0, 5.0 ] },
				"down": { "texture": "#titan-tip", "uv": [ 1.0, 3.0, 3.0, 6.0 ] }
			}
		},
		{
			"name": "Cube3",
			"from": [ 33.0, 6.8, -2.0 ],
			"to": [ 35.0, 9.2, 1.0 ],
			"rotationOrigin": [ 21.0, -0.2, -8.0 ],
			"rotationY": -90.0,
			"faces": {
				"north": { "texture": "#titan-tip", "uv": [ 1.0, 5.0, 3.0, 7.25 ] },
				"east": { "texture": "#titan-tip", "uv": [ 2.0, 1.0, 5.0, 3.25 ] },
				"south": { "texture": "#titan-tip", "uv": [ 2.0, 3.0, 4.0, 5.25 ] },
				"west": { "texture": "#titan-tip", "uv": [ 1.0, 5.0, 4.0, 7.25 ] },
				"up": { "texture": "#titan-tip", "uv": [ 5.0, 2.0, 7.0, 5.0 ] },
				"down": { "texture": "#titan-tip", "uv": [ 1.0, 3.0, 3.0, 6.0 ] }
			},
			"children": [
				{
					"name": "Cube5",
					"from": [ 1.3, 0.7, 3.8 ],
					"to": [ 2.3, 1.9, 4.6 ],
					"rotationOrigin": [ -11.6, -6.8, -2.6 ],
					"faces": {
						"north": { "texture": "#titan-tip", "uv": [ 1.0, 5.0, 2.0, 6.0 ] },
						"east": { "texture": "#titan-tip", "uv": [ 2.0, 1.0, 2.5, 2.0 ] },
						"south": { "texture": "#titan-tip", "uv": [ 2.0, 3.0, 3.0, 4.0 ] },
						"west": { "texture": "#titan-tip", "uv": [ 1.0, 5.0, 1.5, 6.0 ] },
						"up": { "texture": "#titan-tip", "uv": [ 5.0, 2.0, 6.0, 2.5 ] },
						"down": { "texture": "#titan-tip", "uv": [ 1.0, 3.0, 2.0, 3.5 ] }
					}
				},
				{
					"name": "Cube4",
					"from": [ 0.4, 0.4, 3.0 ],
					"to": [ 1.9, 2.1, 3.8 ],
					"rotationOrigin": [ -11.4, -6.8, -3.2 ],
					"faces": {
						"north": { "texture": "#titan-tip", "uv": [ 1.0, 5.0, 2.5, 6.5 ] },
						"east": { "texture": "#titan-tip", "uv": [ 2.0, 1.0, 2.5, 2.5 ] },
						"south": { "texture": "#titan-tip", "uv": [ 2.0, 3.0, 3.5, 4.5 ] },
						"west": { "texture": "#titan-tip", "uv": [ 1.0, 5.0, 1.5, 6.5 ] },
						"up": { "texture": "#titan-tip", "uv": [ 5.0, 2.0, 6.5, 2.5 ] },
						"down": { "texture": "#titan-tip", "uv": [ 1.0, 3.0, 2.5, 3.5 ] }
					}
				},
				{
					"name": "Cube8",
					"from": [ 5.3, 0.7, 3.8 ],
					"to": [ 6.3, 1.9, 4.6 ],
					"rotationOrigin": [ -7.6, -6.8, -2.6 ],
					"faces": {
						"north": { "texture": "#titan-tip", "uv": [ 1.0, 5.0, 2.0, 6.0 ] },
						"east": { "texture": "#titan-tip", "uv": [ 2.0, 1.0, 2.5, 2.0 ] },
						"south": { "texture": "#titan-tip", "uv": [ 2.0, 3.0, 3.0, 4.0 ] },
						"west": { "texture": "#titan-tip", "uv": [ 1.0, 5.0, 1.5, 6.0 ] },
						"up": { "texture": "#titan-tip", "uv": [ 5.0, 2.0, 6.0, 2.75 ] },
						"down": { "texture": "#titan-tip", "uv": [ 1.0, 3.0, 2.0, 3.75 ] }
					}
				},
				{
					"name": "Cube9",
					"from": [ 5.6, 0.4, 3.0 ],
					"to": [ 7.1, 2.1, 3.8 ],
					"rotationOrigin": [ -6.2, -6.8, -3.2 ],
					"faces": {
						"north": { "texture": "#titan-tip", "uv": [ 1.0, 5.0, 2.5, 6.5 ] },
						"east": { "texture": "#titan-tip", "uv": [ 2.0, 1.0, 2.5, 2.5 ] },
						"south": { "texture": "#titan-tip", "uv": [ 2.0, 3.0, 3.5, 4.5 ] },
						"west": { "texture": "#titan-tip", "uv": [ 1.0, 5.0, 1.5, 6.5 ] },
						"up": { "texture": "#titan-tip", "uv": [ 5.0, 2.0, 6.5, 2.75 ] },
						"down": { "texture": "#titan-tip", "uv": [ 1.0, 3.0, 2.5, 3.75 ] }
					}
				},
				{
					"name": "Cube12",
					"from": [ 3.27, 0.4, 10.9 ],
					"to": [ 4.77, 1.9, 11.2 ],
					"rotationOrigin": [ -8.6, -6.8, 4.7 ],
					"faces": {
						"north": { "texture": "#titan-tip", "uv": [ 1.0, 5.0, 2.5, 6.5 ] },
						"east": { "texture": "#titan-tip", "uv": [ 2.0, 1.0, 2.5, 2.5 ] },
						"south": { "texture": "#titan-tip", "uv": [ 2.0, 3.0, 3.5, 4.5 ] },
						"west": { "texture": "#titan-tip", "uv": [ 1.0, 5.0, 1.5, 6.5 ] },
						"up": { "texture": "#titan-tip", "uv": [ 5.0, 2.0, 6.5, 2.25 ] },
						"down": { "texture": "#titan-tip", "uv": [ 1.0, 3.0, 2.5, 3.25 ] }
					}
				},
				{
					"name": "Cube13",
					"from": [ 3.3, 0.4, 11.5 ],
					"to": [ 4.8, 1.9, 12.0 ],
					"rotationOrigin": [ -8.6, -6.8, 5.3 ],
					"faces": {
						"north": { "texture": "#titan-tip", "uv": [ 1.0, 5.0, 2.5, 6.5 ] },
						"east": { "texture": "#titan-tip", "uv": [ 2.0, 1.0, 2.5, 2.5 ] },
						"south": { "texture": "#titan-tip", "uv": [ 2.0, 3.0, 3.5, 4.5 ] },
						"west": { "texture": "#titan-tip", "uv": [ 1.0, 5.0, 1.5, 6.5 ] },
						"up": { "texture": "#titan-tip", "uv": [ 5.0, 2.0, 6.5, 2.5 ] },
						"down": { "texture": "#titan-tip", "uv": [ 1.0, 3.0, 2.5, 3.5 ] }
					}
				},
				{
					"name": "Cube14",
					"from": [ 3.55, 0.7, 12.0 ],
					"to": [ 4.55, 1.7, 12.5 ],
					"rotationOrigin": [ -8.3, -6.5, 5.8 ],
					"faces": {
						"north": { "texture": "#titan-tip", "uv": [ 1.0, 5.0, 2.0, 6.0 ] },
						"east": { "texture": "#titan-tip", "uv": [ 2.0, 1.0, 2.5, 2.0 ] },
						"south": { "texture": "#titan-tip", "uv": [ 2.0, 3.0, 3.0, 4.0 ] },
						"west": { "texture": "#titan-tip", "uv": [ 1.0, 5.0, 1.5, 6.0 ] },
						"up": { "texture": "#titan-tip", "uv": [ 5.0, 2.0, 6.0, 2.5 ] },
						"down": { "texture": "#titan-tip", "uv": [ 1.0, 3.0, 2.0, 3.5 ] }
					}
				},
				{
					"name": "Cube15",
					"from": [ 3.27, 0.4, 0.7 ],
					"to": [ 4.77, 1.9, 1.0 ],
					"rotationOrigin": [ -8.6, -6.8, -5.5 ],
					"faces": {
						"north": { "texture": "#titan-tip", "uv": [ 1.0, 5.0, 2.5, 6.5 ] },
						"east": { "texture": "#titan-tip", "uv": [ 2.0, 1.0, 2.5, 2.5 ] },
						"south": { "texture": "#titan-tip", "uv": [ 2.0, 3.0, 3.5, 4.5 ] },
						"west": { "texture": "#titan-tip", "uv": [ 1.0, 5.0, 1.5, 6.5 ] },
						"up": { "texture": "#titan-tip", "uv": [ 5.0, 2.0, 6.5, 2.25 ] },
						"down": { "texture": "#titan-tip", "uv": [ 1.0, 3.0, 2.5, 3.25 ] }
					}
				},
				{
					"name": "Cube16",
					"from": [ 3.27, 0.4, 3.0 ],
					"to": [ 4.77, 1.9, 3.3 ],
					"rotationOrigin": [ -8.6, -6.8, -3.2 ],
					"faces": {
						"north": { "texture": "#titan-tip", "uv": [ 1.0, 5.0, 2.5, 6.5 ] },
						"east": { "texture": "#titan-tip", "uv": [ 2.0, 1.0, 2.5, 2.5 ] },
						"south": { "texture": "#titan-tip", "uv": [ 2.0, 3.0, 3.5, 4.5 ] },
						"west": { "texture": "#titan-tip", "uv": [ 1.0, 5.0, 1.5, 6.5 ] },
						"up": { "texture": "#titan-tip", "uv": [ 5.0, 2.0, 6.5, 2.25 ] },
						"down": { "texture": "#titan-tip", "uv": [ 1.0, 3.0, 2.5, 3.25 ] }
					}
				}
			]
		},
		{
			"name": "Cube6",
			"from": [ 34.5, 7.2, 3.3 ],
			"to": [ 36.0, 8.9, 4.1 ],
			"rotationOrigin": [ 22.0, 0.0, -2.9 ],
			"rotationY": -90.0,
			"faces": {
				"north": { "texture": "#titan-tip", "uv": [ 1.0, 5.0, 2.5, 6.5 ] },
				"east": { "texture": "#titan-tip", "uv": [ 2.0, 1.0, 2.5, 2.5 ] },
				"south": { "texture": "#titan-tip", "uv": [ 2.0, 3.0, 3.5, 4.5 ] },
				"west": { "texture": "#titan-tip", "uv": [ 1.0, 5.0, 1.5, 6.5 ] },
				"up": { "texture": "#titan-tip", "uv": [ 5.0, 2.0, 6.5, 2.5 ] },
				"down": { "texture": "#titan-tip", "uv": [ 1.0, 3.0, 2.5, 3.5 ] }
			}
		},
		{
			"name": "Cube7",
			"from": [ 35.9, 7.5, 2.7 ],
			"to": [ 36.9, 8.7, 3.5 ],
			"rotationOrigin": [ 23.0, 0.0, -3.7 ],
			"rotationY": -90.0,
			"faces": {
				"north": { "texture": "#titan-tip", "uv": [ 1.0, 5.0, 2.0, 6.0 ] },
				"east": { "texture": "#titan-tip", "uv": [ 2.0, 1.0, 2.5, 2.0 ] },
				"south": { "texture": "#titan-tip", "uv": [ 2.0, 3.0, 3.0, 4.0 ] },
				"west": { "texture": "#titan-tip", "uv": [ 1.0, 5.0, 1.5, 6.0 ] },
				"up": { "texture": "#titan-tip", "uv": [ 5.0, 2.0, 6.0, 2.5 ] },
				"down": { "texture": "#titan-tip", "uv": [ 1.0, 3.0, 2.0, 3.5 ] }
			}
		},
		{
			"name": "Cube10",
			"from": [ 34.5, 7.2, -1.5 ],
			"to": [ 36.0, 8.9, -0.7 ],
			"rotationOrigin": [ 22.0, 0.0, -7.7 ],
			"rotationY": -90.0,
			"faces": {
				"north": { "texture": "#titan-tip", "uv": [ 1.0, 5.0, 2.5, 6.5 ] },
				"east": { "texture": "#titan-tip", "uv": [ 2.0, 1.0, 2.5, 2.5 ] },
				"south": { "texture": "#titan-tip", "uv": [ 2.0, 3.0, 3.5, 4.5 ] },
				"west": { "texture": "#titan-tip", "uv": [ 1.0, 5.0, 1.5, 6.5 ] },
				"up": { "texture": "#titan-tip", "uv": [ 5.0, 2.0, 6.5, 2.75 ] },
				"down": { "texture": "#titan-tip", "uv": [ 1.0, 3.0, 2.5, 3.75 ] }
			}
		},
		{
			"name": "Cube11",
			"from": [ 35.9, 7.5, -0.9 ],
			"to": [ 36.9, 8.7, -0.1 ],
			"rotationOrigin": [ 23.0, 0.0, -7.3 ],
			"rotationY": -90.0,
			"faces": {
				"north": { "texture": "#titan-tip", "uv": [ 1.0, 5.0, 2.0, 6.0 ] },
				"east": { "texture": "#titan-tip", "uv": [ 2.0, 1.0, 2.5, 2.0 ] },
				"south": { "texture": "#titan-tip", "uv": [ 2.0, 3.0, 3.0, 4.0 ] },
				"west": { "texture": "#titan-tip", "uv": [ 1.0, 5.0, 1.5, 6.0 ] },
				"up": { "texture": "#titan-tip", "uv": [ 5.0, 2.0, 6.0, 2.75 ] },
				"down": { "texture": "#titan-tip", "uv": [ 1.0, 3.0, 2.0, 3.75 ] }
			}
		},
		{
			"name": "Cube17",
			"from": [ 32.6, 7.0, -2.4 ],
			"to": [ 33.0, 9.0, -0.2 ],
			"rotationOrigin": [ 20.6, 0.0, -8.4 ],
			"rotationY": -90.0,
			"faces": {
				"north": { "texture": "#titan-tip", "uv": [ 1.0, 5.0, 1.5, 7.0 ] },
				"east": { "texture": "#titan-tip", "uv": [ 2.0, 1.0, 4.0, 3.0 ] },
				"south": { "texture": "#titan-tip", "uv": [ 2.0, 3.0, 2.5, 5.0 ] },
				"west": { "texture": "#titan-tip", "uv": [ 1.0, 5.0, 3.0, 7.0 ] },
				"up": { "texture": "#titan-tip", "uv": [ 5.0, 2.0, 5.5, 4.0 ] },
				"down": { "texture": "#titan-tip", "uv": [ 1.0, 3.0, 1.5, 5.0 ] }
			}
		},
		{
			"name": "Cube18",
			"from": [ 32.6, 7.0, 6.0 ],
			"to": [ 33.0, 9.0, 8.2 ],
			"rotationOrigin": [ 20.6, 0.0, 0.0 ],
			"rotationY": -90.0,
			"faces": {
				"north": { "texture": "#titan-tip", "uv": [ 1.0, 5.0, 1.5, 7.0 ] },
				"east": { "texture": "#titan-tip", "uv": [ 2.0, 1.0, 4.0, 3.0 ] },
				"south": { "texture": "#titan-tip", "uv": [ 2.0, 3.0, 2.5, 5.0 ] },
				"west": { "texture": "#titan-tip", "uv": [ 1.0, 5.0, 3.0, 7.0 ] },
				"up": { "texture": "#titan-tip", "uv": [ 5.0, 2.0, 5.5, 4.0 ] },
				"down": { "texture": "#titan-tip", "uv": [ 1.0, 3.0, 1.5, 5.0 ] }
			}
		}
	]}