{
	"editor": {
		"allAngles": false,
		"entityTextureMode": false
	},
	"textureWidth": 16,
	"textureHeight": 16,
	"textureSizes": {
	},
	"textures": {
		"handel-k": "tstools:item/handel-k",
		"iron": "tstools:item/iron",
		"string": "tstools:item/string",
		"titan-tip": "tstools:item/titan-tip"
	},
	"elements": [
		{
			"name": "origin",
			"from": [ 10.0, 0.5, 7.7 ],
			"to": [ 10.0, 0.5, 7.7 ],
			"rotationOrigin": [ 8.0, 0.0, 8.0 ],
			"faces": {
				"north": { "texture": "#string", "uv": [ 0.0, 0.0, 0.5, 0.5 ] },
				"east": { "texture": "#string", "uv": [ 0.0, 0.0, 0.5, 0.5 ] },
				"south": { "texture": "#string", "uv": [ 0.0, 0.0, 0.5, 0.5 ] },
				"west": { "texture": "#string", "uv": [ 0.0, 0.0, 0.5, 0.5 ] },
				"up": { "texture": "#string", "uv": [ 0.0, 0.0, 0.5, 0.5 ] },
				"down": { "texture": "#string", "uv": [ 0.0, 0.0, 0.5, 0.5 ] }
			},
			"children": [
				{
					"name": "handle",
					"from": [ -8.0, -0.5, -0.5 ],
					"to": [ 7.5, 1.0, 1.0 ],
					"rotationOrigin": [ -9.5, -8.0, 0.0 ],
					"faces": {
						"north": { "texture": "#handel-k", "uv": [ 0.0, 5.5, 15.5, 7.0 ] },
						"east": { "texture": "#handel-k", "uv": [ 0.5, 0.5, 2.0, 2.0 ] },
						"south": { "texture": "#handel-k", "uv": [ 0.0, 10.5, 15.5, 12.0 ] },
						"up": { "texture": "#handel-k", "uv": [ 0.0, 4.5, 15.5, 6.0 ] },
						"down": { "texture": "#handel-k", "uv": [ 0.0, 5.0, 15.5, 6.5 ] }
					}
				},
				{
					"name": "segment main",
					"from": [ 4.5, -0.8, -1.0 ],
					"to": [ 6.5, 1.2, 1.5 ],
					"rotationOrigin": [ 4.5, -0.8, -1.0 ],
					"faces": {
						"north": { "texture": "#iron", "uv": [ 7.0, 3.0, 9.0, 5.0 ] },
						"east": { "texture": "#iron", "uv": [ 1.0, 2.0, 3.5, 4.0 ] },
						"south": { "texture": "#iron", "uv": [ 6.0, 4.0, 8.0, 6.0 ] },
						"west": { "texture": "#iron", "uv": [ 6.0, 2.0, 8.5, 4.0 ] },
						"up": { "texture": "#iron", "uv": [ 6.0, 7.5, 8.5, 9.5 ], "rotation": 90 },
						"down": { "texture": "#iron", "uv": [ 4.0, 3.0, 6.0, 5.5 ] }
					}
				},
				{
					"name": "segment 1",
					"from": [ 4.9, -0.3, -3.8 ],
					"to": [ 5.9, 0.7, 4.2 ],
					"rotationOrigin": [ 5.9, -0.3, -0.8 ],
					"faces": {
						"north": { "texture": "#iron", "uv": [ 1.0, 5.0, 2.0, 6.0 ] },
						"east": { "texture": "#iron", "uv": [ 2.0, 5.0, 10.0, 6.0 ] },
						"south": { "texture": "#iron", "uv": [ 2.0, 7.0, 3.0, 8.0 ] },
						"west": { "texture": "#iron", "uv": [ 2.0, 6.0, 10.0, 7.0 ] },
						"up": { "texture": "#iron", "uv": [ 7.0, 3.5, 8.0, 11.5 ] },
						"down": { "texture": "#iron", "uv": [ 3.0, 3.0, 4.0, 11.0 ] }
					},
					"children": [
						{
							"name": "segment 2",
							"from": [ 0.0, 0.3, -1.9 ],
							"to": [ 1.0, 0.8, 0.1 ],
							"rotationOrigin": [ 0.5, 0.8, 0.1 ],
							"rotationX": -1.0,
							"rotationY": 10.0,
							"faces": {
								"north": { "texture": "#iron", "uv": [ 0.0, 0.0, 1.0, 0.5 ] },
								"east": { "texture": "#iron", "uv": [ 0.0, 0.0, 2.0, 0.5 ] },
								"south": { "texture": "#iron", "uv": [ 0.0, 0.0, 1.0, 0.5 ] },
								"west": { "texture": "#iron", "uv": [ 0.0, 0.0, 2.0, 0.5 ] },
								"up": { "texture": "#iron", "uv": [ 0.0, 0.0, 1.0, 2.0 ] },
								"down": { "texture": "#iron", "uv": [ 0.0, 0.0, 1.0, 2.0 ] }
							}
						},
						{
							"name": "segment 2 tip",
							"from": [ -1.3, 0.35, -3.9 ],
							"to": [ -0.8, 0.85, -2.4 ],
							"rotationOrigin": [ -0.8, 1.6, -2.9 ],
							"rotationY": 45.0,
							"faces": {
								"north": { "texture": "#titan-tip", "uv": [ 0.0, 0.0, 0.5, 0.5 ] },
								"east": { "texture": "#titan-tip", "uv": [ 0.0, 0.0, 1.5, 0.5 ] },
								"south": { "texture": "#titan-tip", "uv": [ 0.0, 0.0, 0.5, 0.5 ] },
								"west": { "texture": "#titan-tip", "uv": [ 0.0, 0.0, 1.5, 0.5 ] },
								"up": { "texture": "#titan-tip", "uv": [ 0.0, 0.0, 0.5, 1.5 ] },
								"down": { "texture": "#titan-tip", "uv": [ 0.0, 0.0, 0.5, 1.5 ] }
							}
						},
						{
							"name": "segment 3",
							"from": [ 0.0, 0.3, 7.8 ],
							"to": [ 1.0, 0.8, 9.8 ],
							"rotationOrigin": [ 0.5, 0.8, 7.8 ],
							"rotationX": -1.0,
							"rotationY": -10.0,
							"faces": {
								"north": { "texture": "#iron", "uv": [ 0.0, 0.0, 1.0, 0.5 ] },
								"east": { "texture": "#iron", "uv": [ 0.0, 0.0, 2.0, 0.5 ] },
								"south": { "texture": "#iron", "uv": [ 0.0, 0.0, 1.0, 0.5 ] },
								"west": { "texture": "#iron", "uv": [ 0.0, 0.0, 2.0, 0.5 ] },
								"up": { "texture": "#iron", "uv": [ 0.0, 0.0, 1.0, 2.0 ] },
								"down": { "texture": "#iron", "uv": [ 0.0, 0.0, 1.0, 2.0 ] }
							}
						},
						{
							"name": "segment 3 tip",
							"from": [ -0.6, 0.3, 10.6 ],
							"to": [ -0.1, 0.8, 12.1 ],
							"rotationOrigin": [ -0.1, 0.8, 10.6 ],
							"rotationY": -45.0,
							"faces": {
								"north": { "texture": "#titan-tip", "uv": [ 0.0, 0.0, 0.5, 0.5 ] },
								"east": { "texture": "#titan-tip", "uv": [ 0.0, 0.0, 1.5, 0.5 ] },
								"south": { "texture": "#titan-tip", "uv": [ 0.0, 0.0, 0.5, 0.5 ] },
								"west": { "texture": "#titan-tip", "uv": [ 0.0, 0.0, 1.5, 0.5 ] },
								"up": { "texture": "#titan-tip", "uv": [ 0.0, 0.0, 0.5, 1.5 ] },
								"down": { "texture": "#titan-tip", "uv": [ 0.0, 0.0, 0.5, 1.5 ] }
							}
						},
						{
							"name": "tip",
							"from": [ 0.0, 0.3, 9.5 ],
							"to": [ 1.0, 0.9, 11.5 ],
							"rotationOrigin": [ 0.5, 0.8, 9.5 ],
							"rotationY": -40.0,
							"faces": {
								"north": { "texture": "#titan-tip", "uv": [ 0.0, 0.0, 1.0, 0.5 ] },
								"east": { "texture": "#titan-tip", "uv": [ 0.0, 0.0, 2.0, 0.5 ] },
								"south": { "texture": "#titan-tip", "uv": [ 0.0, 0.0, 1.0, 0.5 ] },
								"west": { "texture": "#titan-tip", "uv": [ 0.0, 0.0, 2.0, 0.5 ] },
								"up": { "texture": "#titan-tip", "uv": [ 0.0, 0.0, 1.0, 2.0 ] },
								"down": { "texture": "#titan-tip", "uv": [ 0.0, 0.0, 1.0, 2.0 ] }
							}
						},
						{
							"name": "tip2",
							"from": [ 1.3, 0.3, 8.5 ],
							"to": [ 2.3, 0.9, 10.5 ],
							"rotationOrigin": [ 1.8, 0.8, 8.5 ],
							"rotationY": -48.0,
							"faces": {
								"north": { "texture": "#titan-tip", "uv": [ 0.0, 0.0, 1.0, 0.5 ] },
								"east": { "texture": "#titan-tip", "uv": [ 0.0, 0.0, 2.0, 0.5 ] },
								"south": { "texture": "#titan-tip", "uv": [ 0.0, 0.0, 1.0, 0.5 ] },
								"west": { "texture": "#titan-tip", "uv": [ 0.0, 0.0, 2.0, 0.5 ] },
								"up": { "texture": "#titan-tip", "uv": [ 0.0, 0.0, 1.0, 2.0 ] },
								"down": { "texture": "#titan-tip", "uv": [ 0.0, 0.0, 1.0, 2.0 ] }
							}
						},
						{
							"name": "tip3",
							"from": [ -2.0, 0.3, -2.5 ],
							"to": [ -1.0, 0.9, -0.5 ],
							"rotationOrigin": [ -1.5, 0.8, -3.5 ],
							"rotationY": 40.0,
							"faces": {
								"north": { "texture": "#titan-tip", "uv": [ 0.0, 0.0, 1.0, 0.5 ] },
								"east": { "texture": "#titan-tip", "uv": [ 0.0, 0.0, 2.0, 0.5 ] },
								"south": { "texture": "#titan-tip", "uv": [ 0.0, 0.0, 1.0, 0.5 ] },
								"west": { "texture": "#titan-tip", "uv": [ 0.0, 0.0, 2.0, 0.5 ] },
								"up": { "texture": "#titan-tip", "uv": [ 0.0, 0.0, 1.0, 2.0 ] },
								"down": { "texture": "#titan-tip", "uv": [ 0.0, 0.0, 1.0, 2.0 ] }
							}
						},
						{
							"name": "tip4",
							"from": [ -1.3, 0.25, -1.6 ],
							"to": [ -0.3, 0.9, 1.0 ],
							"rotationOrigin": [ -0.8, 0.7, -2.6 ],
							"rotationY": 48.0,
							"faces": {
								"north": { "texture": "#titan-tip", "uv": [ 0.0, 0.0, 1.0, 0.5 ] },
								"east": { "texture": "#titan-tip", "uv": [ 0.0, 0.0, 2.5, 0.5 ] },
								"south": { "texture": "#titan-tip", "uv": [ 0.0, 0.0, 1.0, 0.5 ] },
								"west": { "texture": "#titan-tip", "uv": [ 0.0, 0.0, 2.5, 0.5 ] },
								"up": { "texture": "#titan-tip", "uv": [ 0.0, 0.0, 1.0, 2.5 ] },
								"down": { "texture": "#titan-tip", "uv": [ 0.0, 0.0, 1.0, 2.5 ] }
							}
						}
					]
				},
				{
					"name": "segment 4",
					"from": [ 5.9, -0.3, -1.5 ],
					"to": [ 6.4, 0.7, 2.0 ],
					"rotationOrigin": [ 6.9, -0.3, 1.5 ],
					"faces": {
						"north": { "texture": "#iron", "uv": [ 1.0, 5.0, 1.5, 6.0 ] },
						"east": { "texture": "#iron", "uv": [ 2.0, 5.0, 5.5, 6.0 ] },
						"south": { "texture": "#iron", "uv": [ 2.0, 7.0, 2.5, 8.0 ] },
						"west": { "texture": "#iron", "uv": [ 2.0, 6.0, 5.5, 7.0 ] },
						"up": { "texture": "#iron", "uv": [ 1.0, 15.5, 4.5, 16.0 ], "rotation": 90 },
						"down": { "texture": "#iron", "uv": [ 3.0, 3.0, 3.5, 6.5 ] }
					}
				},
				{
					"name": "string 6",
					"from": [ 6.4, -0.6, -0.8 ],
					"to": [ 6.9, 1.1, 1.2 ],
					"rotationOrigin": [ 6.4, -0.6, 0.7 ],
					"rotationY": 6.0,
					"rotationZ": 2.0,
					"faces": {
						"north": { "texture": "#string", "uv": [ 7.5, 1.0, 9.0, 1.5 ], "rotation": 90 },
						"east": { "texture": "#string", "uv": [ 0.0, 2.0, 2.0, 3.5 ] },
						"south": { "texture": "#string", "uv": [ 6.0, 3.5, 7.5, 4.0 ], "rotation": 90 },
						"west": { "texture": "#string", "uv": [ 3.0, 2.5, 5.0, 4.0 ] },
						"up": { "texture": "#string", "uv": [ 6.5, 1.0, 8.5, 1.5 ], "rotation": 90 },
						"down": { "texture": "#string", "uv": [ 7.0, 2.0, 9.0, 2.5 ], "rotation": 90 }
					}
				},
				{
					"name": "handle16",
					"from": [ -11.0, -0.5, -0.5 ],
					"to": [ -8.0, 1.0, 1.0 ],
					"rotationOrigin": [ -12.5, -8.0, 0.0 ],
					"faces": {
						"north": { "texture": "#handel-k", "uv": [ 0.0, 2.5, 3.0, 0.0 ], "autoUv": false },
						"south": { "texture": "#handel-k", "uv": [ 0.0, 10.5, 3.0, 12.0 ] },
						"west": { "texture": "#handel-k", "uv": [ 14.0, 10.0, 15.5, 11.5 ] },
						"up": { "texture": "#handel-k", "uv": [ 0.0, 4.5, 3.0, 6.0 ] },
						"down": { "texture": "#handel-k", "uv": [ 0.0, 5.0, 3.0, 6.5 ] }
					}
				}
			]
		}
	]}