{
	"editor": {
		"allAngles": false,
		"entityTextureMode": false
	},
	"textureWidth": 16,
	"textureHeight": 16,
	"textureSizes": {
	},
	"textures": {
		"handel-k": "tstools:item/handel-k",
		"iron": "tstools:item/iron",
		"string": "tstools:string",
		"titan-tip": "tstools:item/titan-tip"
	},
	"elements": [
		{
			"name": "origin",
			"from": [ 24.0, 0.5, 8.0 ],
			"to": [ 24.0, 0.5, 8.0 ],
			"rotationOrigin": [ 8.0, 0.0, 8.0 ],
			"faces": {
			},
			"children": [
				{
					"name": "handle 1",
					"from": [ -21.0, -0.5, -0.5 ],
					"to": [ -5.0, 1.0, 1.0 ],
					"rotationOrigin": [ -20.5, 0.0, 0.0 ],
					"faces": {
						"north": { "texture": "#handel-k", "uv": [ 0.0, 5.5, 16.0, 7.0 ] },
						"east": { "texture": "#handel-k", "uv": [ 0.5, 0.5, 2.0, 2.0 ] },
						"south": { "texture": "#handel-k", "uv": [ 0.0, 10.5, 16.0, 12.0 ] },
						"up": { "texture": "#handel-k", "uv": [ 0.0, 4.5, 16.0, 6.0 ] },
						"down": { "texture": "#handel-k", "uv": [ 0.0, 5.0, 16.0, 6.5 ] }
					},
					"children": [
						{
							"name": "handle 2",
							"from": [ -10.0, 0.0, 0.0 ],
							"to": [ 0.0, 1.5, 1.5 ],
							"rotationOrigin": [ -9.5, 0.5, 0.5 ],
							"faces": {
								"north": { "texture": "#handel-k", "uv": [ 1.0, 8.5, 11.0, 10.0 ] },
								"south": { "texture": "#handel-k", "uv": [ 1.5, 3.5, 11.5, 5.0 ] },
								"west": { "texture": "#handel-k", "uv": [ 11.0, 10.0, 12.5, 11.5 ] },
								"up": { "texture": "#handel-k", "uv": [ 4.0, 2.5, 14.0, 4.0 ] },
								"down": { "texture": "#handel-k", "uv": [ 1.5, 5.0, 11.5, 6.5 ] }
							}
						},
						{
							"name": "Cube2",
							"from": [ 15.0, -0.4, -0.4 ],
							"to": [ 16.0, 1.8, 1.8 ],
							"rotationOrigin": [ 15.0, -1.0, -1.0 ],
							"faces": {
								"north": { "texture": "#titan-tip", "uv": [ 0.0, 0.0, 1.0, 2.0 ] },
								"east": { "texture": "#titan-tip", "uv": [ 0.0, 0.0, 2.0, 2.0 ] },
								"south": { "texture": "#titan-tip", "uv": [ 0.0, 0.0, 1.0, 2.0 ] },
								"west": { "texture": "#titan-tip", "uv": [ 0.0, 0.0, 2.0, 2.0 ] },
								"up": { "texture": "#titan-tip", "uv": [ 0.0, 0.0, 1.0, 2.0 ] },
								"down": { "texture": "#titan-tip", "uv": [ 0.0, 0.0, 1.0, 2.0 ] }
							}
						},
						{
							"name": "Cube3",
							"from": [ 13.0, -0.4, -0.4 ],
							"to": [ 14.0, 1.8, 1.8 ],
							"rotationOrigin": [ 13.0, -1.0, -1.0 ],
							"faces": {
								"north": { "texture": "#titan-tip", "uv": [ 0.0, 0.0, 1.0, 2.0 ] },
								"east": { "texture": "#titan-tip", "uv": [ 0.0, 0.0, 2.0, 2.0 ] },
								"south": { "texture": "#titan-tip", "uv": [ 0.0, 0.0, 1.0, 2.0 ] },
								"west": { "texture": "#titan-tip", "uv": [ 0.0, 0.0, 2.0, 2.0 ] },
								"up": { "texture": "#titan-tip", "uv": [ 0.0, 0.0, 1.0, 2.0 ] },
								"down": { "texture": "#titan-tip", "uv": [ 0.0, 0.0, 1.0, 2.0 ] }
							}
						},
						{
							"name": "Cube4",
							"from": [ -11.0, -0.9, 1.7 ],
							"to": [ -10.0, 1.3, 3.9 ],
							"rotationOrigin": [ -11.0, -2.0, 1.0 ],
							"rotationX": -45.0,
							"faces": {
								"north": { "texture": "#titan-tip", "uv": [ 0.0, 0.0, 1.0, 2.0 ] },
								"east": { "texture": "#titan-tip", "uv": [ 0.0, 0.0, 2.0, 2.0 ] },
								"south": { "texture": "#titan-tip", "uv": [ 0.0, 0.0, 1.0, 2.0 ] },
								"west": { "texture": "#titan-tip", "uv": [ 0.0, 0.0, 2.0, 2.0 ] },
								"up": { "texture": "#titan-tip", "uv": [ 0.0, 0.0, 1.0, 2.0 ] },
								"down": { "texture": "#titan-tip", "uv": [ 0.0, 0.0, 1.0, 2.0 ] }
							}
						},
						{
							"name": "Cube5",
							"from": [ -12.0, -0.3, -0.4 ],
							"to": [ -11.0, 1.9, 1.8 ],
							"rotationOrigin": [ -12.0, -1.0, -1.0 ],
							"faces": {
								"north": { "texture": "#titan-tip", "uv": [ 0.0, 0.0, 1.0, 2.0 ] },
								"east": { "texture": "#titan-tip", "uv": [ 0.0, 0.0, 2.0, 2.0 ] },
								"south": { "texture": "#titan-tip", "uv": [ 0.0, 0.0, 1.0, 2.0 ] },
								"west": { "texture": "#titan-tip", "uv": [ 0.0, 0.0, 2.0, 2.0 ] },
								"up": { "texture": "#titan-tip", "uv": [ 0.0, 0.0, 1.0, 2.0 ] },
								"down": { "texture": "#titan-tip", "uv": [ 0.0, 0.0, 1.0, 2.0 ] }
							}
						}
					]
				},
				{
					"name": "holder",
					"from": [ -5.0, -0.6, -0.6 ],
					"to": [ -3.0, 1.1, 1.1 ],
					"rotationOrigin": [ -5.0, -0.6, -0.6 ],
					"faces": {
						"north": { "texture": "#iron", "uv": [ 7.0, 3.0, 9.0, 4.5 ] },
						"east": { "texture": "#iron", "uv": [ 1.0, 2.0, 2.5, 3.5 ] },
						"south": { "texture": "#iron", "uv": [ 6.0, 4.0, 8.0, 5.5 ] },
						"west": { "texture": "#iron", "uv": [ 6.0, 2.0, 7.5, 3.5 ] },
						"up": { "texture": "#iron", "uv": [ 11.0, 3.5, 12.5, 5.5 ], "rotation": 90 },
						"down": { "texture": "#iron", "uv": [ 4.0, 3.0, 6.0, 4.5 ] }
					},
					"children": [
						{
							"name": "Blade",
							"from": [ 1.0, 0.3, -2.05 ],
							"to": [ 6.5, 0.8, 0.95 ],
							"rotationOrigin": [ 2.5, 0.3, 0.9 ],
							"rotationX": 18.0,
							"faces": {
								"north": { "texture": "#iron", "uv": [ 7.0, 3.0, 12.5, 3.5 ] },
								"east": { "texture": "#iron", "uv": [ 8.5, 3.5, 11.5, 4.0 ] },
								"south": { "texture": "#iron", "uv": [ 5.0, 6.0, 10.5, 6.5 ] },
								"west": { "texture": "#iron", "uv": [ 2.0, 6.0, 5.0, 6.5 ] },
								"up": { "texture": "#iron", "uv": [ 0.5, 5.5, 6.0, 8.5 ], "rotation": 180 },
								"down": { "texture": "#iron", "uv": [ 4.5, 8.5, 10.0, 11.5 ] }
							},
							"children": [
								{
									"name": "Blade13",
									"from": [ 5.5, 0.0, -0.2 ],
									"to": [ 6.5, 0.5, 2.8 ],
									"rotationOrigin": [ 5.5, 0.0, 3.2 ],
									"faces": {
										"north": { "texture": "#titan-tip", "uv": [ 1.0, 8.5, 2.0, 9.0 ] },
										"east": { "texture": "#titan-tip", "uv": [ 9.0, 3.0, 12.0, 3.5 ] },
										"south": { "texture": "#titan-tip", "uv": [ 2.0, 7.0, 3.0, 7.5 ] },
										"west": { "texture": "#titan-tip", "uv": [ 2.0, 6.0, 5.0, 6.5 ] },
										"up": { "texture": "#titan-tip", "uv": [ 5.5, 7.5, 8.5, 8.5 ], "rotation": 90 },
										"down": { "texture": "#titan-tip", "uv": [ 3.5, 6.0, 4.5, 9.0 ] }
									}
								},
								{
									"name": "Blade16",
									"from": [ 6.0, 0.1, 0.7 ],
									"to": [ 7.0, 0.4, 2.9 ],
									"rotationOrigin": [ 6.0, 0.0, 3.0 ],
									"faces": {
										"north": { "texture": "#titan-tip", "uv": [ 1.0, 8.5, 2.0, 9.0 ] },
										"east": { "texture": "#titan-tip", "uv": [ 8.5, 3.5, 10.5, 4.0 ] },
										"south": { "texture": "#titan-tip", "uv": [ 2.0, 7.0, 3.0, 7.5 ] },
										"west": { "texture": "#titan-tip", "uv": [ 2.0, 6.0, 4.0, 6.5 ] },
										"up": { "texture": "#titan-tip", "uv": [ 8.5, 3.0, 10.5, 4.0 ], "rotation": 90 },
										"down": { "texture": "#titan-tip", "uv": [ 8.0, 8.0, 9.0, 10.0 ] }
									}
								},
								{
									"name": "Blade27",
									"from": [ -0.3, 0.0, -0.7 ],
									"to": [ 0.2, 0.5, 1.7 ],
									"rotationOrigin": [ -1.0, 0.0, 1.5 ],
									"rotationY": 10.0,
									"rotationZ": -1.0,
									"faces": {
										"north": { "texture": "#titan-tip", "uv": [ 1.0, 5.0, 1.5, 5.5 ] },
										"east": { "texture": "#titan-tip", "uv": [ 4.0, 3.5, 6.0, 4.0 ] },
										"south": { "texture": "#titan-tip", "uv": [ 2.0, 7.0, 2.5, 7.5 ] },
										"west": { "texture": "#titan-tip", "uv": [ 2.0, 6.0, 4.0, 6.5 ] },
										"up": { "texture": "#titan-tip", "uv": [ 2.5, 7.0, 4.5, 7.5 ], "rotation": 90 },
										"down": { "texture": "#titan-tip", "uv": [ 3.0, 3.0, 3.5, 5.0 ] }
									}
								}
							]
						},
						{
							"name": "tang",
							"from": [ -4.0, 0.0, 0.6 ],
							"to": [ 0.0, 1.7, 1.1 ],
							"rotationOrigin": [ -2.5, 0.0, 3.2 ],
							"faces": {
								"north": { "texture": "#iron", "uv": [ 1.0, 5.0, 5.0, 6.5 ] },
								"east": { "texture": "#iron", "uv": [ 2.0, 5.0, 2.5, 6.5 ] },
								"south": { "texture": "#iron", "uv": [ 2.0, 7.0, 6.0, 8.5 ] },
								"west": { "texture": "#iron", "uv": [ 2.0, 6.0, 2.5, 7.5 ] },
								"up": { "texture": "#iron", "uv": [ 4.0, 9.5, 4.5, 13.5 ], "rotation": 90 },
								"down": { "texture": "#iron", "uv": [ 3.0, 3.0, 7.0, 3.5 ] }
							}
						},
						{
							"name": "Blade12",
							"from": [ 1.0, 0.3, 0.95 ],
							"to": [ 6.5, 0.8, 3.95 ],
							"rotationOrigin": [ 2.5, 0.3, 1.0 ],
							"rotationX": -18.0,
							"faces": {
								"north": { "texture": "#iron", "uv": [ 1.0, 5.0, 6.5, 5.5 ] },
								"east": { "texture": "#iron", "uv": [ 7.0, 5.0, 10.0, 5.5 ] },
								"south": { "texture": "#iron", "uv": [ 6.0, 3.5, 11.5, 4.0 ] },
								"west": { "texture": "#iron", "uv": [ 2.0, 6.0, 5.0, 6.5 ] },
								"up": { "texture": "#iron", "uv": [ 4.0, 1.0, 9.5, 4.0 ] },
								"down": { "texture": "#iron", "uv": [ 3.0, 7.0, 8.5, 10.0 ] }
							},
							"children": [
								{
									"name": "Blade14",
									"from": [ 5.5, 0.0, 0.0 ],
									"to": [ 6.5, 0.5, 3.3 ],
									"rotationOrigin": [ 5.5, 0.0021, 0.0 ],
									"faces": {
										"north": { "texture": "#titan-tip", "uv": [ 1.0, 5.0, 2.0, 5.5 ] },
										"east": { "texture": "#titan-tip", "uv": [ 9.5, 3.5, 12.5, 4.0 ] },
										"south": { "texture": "#titan-tip", "uv": [ 8.5, 3.0, 9.5, 3.5 ] },
										"west": { "texture": "#titan-tip", "uv": [ 2.0, 6.0, 5.0, 6.5 ] },
										"up": { "texture": "#titan-tip", "uv": [ 8.5, 3.0, 11.5, 4.0 ], "rotation": 90 },
										"down": { "texture": "#titan-tip", "uv": [ 3.0, 3.0, 4.0, 6.0 ] }
									}
								},
								{
									"name": "Blade15",
									"from": [ 6.0, 0.1, 0.0 ],
									"to": [ 7.0, 0.4, 2.2 ],
									"rotationOrigin": [ 6.0, 0.0021, 0.0 ],
									"faces": {
										"north": { "texture": "#titan-tip", "uv": [ 1.0, 5.0, 2.0, 5.5 ] },
										"east": { "texture": "#titan-tip", "uv": [ 10.0, 3.0, 12.0, 3.5 ] },
										"south": { "texture": "#titan-tip", "uv": [ 8.5, 3.5, 9.5, 4.0 ] },
										"west": { "texture": "#titan-tip", "uv": [ 2.0, 6.0, 4.0, 6.5 ] },
										"up": { "texture": "#titan-tip", "uv": [ 10.0, 3.0, 12.0, 4.0 ], "rotation": 90 },
										"down": { "texture": "#titan-tip", "uv": [ 4.5, 4.0, 5.5, 6.0 ] }
									}
								},
								{
									"name": "Blade28",
									"from": [ -0.3, 0.0, 1.1 ],
									"to": [ 0.2, 0.5, 3.5 ],
									"rotationOrigin": [ 0.5, 0.0021, 1.5 ],
									"rotationY": -10.0,
									"rotationZ": 1.0,
									"faces": {
										"north": { "texture": "#titan-tip", "uv": [ 1.0, 5.0, 1.5, 5.5 ] },
										"east": { "texture": "#titan-tip", "uv": [ 9.0, 3.5, 11.0, 4.0 ] },
										"south": { "texture": "#titan-tip", "uv": [ 2.0, 7.0, 2.5, 7.5 ] },
										"west": { "texture": "#titan-tip", "uv": [ 2.0, 6.0, 4.0, 6.5 ] },
										"up": { "texture": "#titan-tip", "uv": [ 2.0, 9.5, 4.0, 10.0 ], "rotation": 90 },
										"down": { "texture": "#titan-tip", "uv": [ 3.0, 3.0, 3.5, 5.0 ] }
									}
								}
							]
						}
					]
				}
			]
		}
	]}