﻿[
 {
   file: "expandedfoods:recipes/kneading/acorns/acornstuffedpepper.json",
    "side": "server",
    op: "addeach", 
    path: "/0/ingredients/1/inputs/-", 
    value: [{ type: "item", code: "expandedfoods:sausagefish-*-raw", quantity: 1 }, { type: "item", code: "expandedfoods:sausagefish-*-dried", quantity: 1 }, { type: "item", code: "expandedfoods:sausagecrab-*-raw", quantity: 1 }, { type: "item", code: "expandedfoods:sausagecrab-*-dried", quantity: 1 }, { type: "item", code: "expandedfoods:sausagesnake-*-raw", quantity: 1 }, { type: "item", code: "expandedfoods:sausagesnake-*-dried", quantity: 1 }, { type: "item", code: "expandedfoods:fishnugget-raw", quantity: 1 }, { type: "item", code: "expandedfoods:crabnugget-raw", quantity: 1 }, { type: "item", code: "expandedfoods:snakenugget-raw", quantity: 1 },],
    dependsOn: [{ "modid": "acorns" }, { "modid": "primitivesurvival" }]
 },
 {
   file: "expandedfoods:recipes/kneading/acorns/acornstuffedpepper.json",
    "side": "server",
    op: "addeach", 
    path: "/1/ingredients/1/inputs/-", 
    value: [{ type: "item", code: "expandedfoods:sausagefish-*-raw", quantity: 1 }, { type: "item", code: "expandedfoods:sausagefish-*-dried", quantity: 1 }, { type: "item", code: "expandedfoods:sausagecrab-*-raw", quantity: 1 }, { type: "item", code: "expandedfoods:sausagecrab-*-dried", quantity: 1 }, { type: "item", code: "expandedfoods:sausagesnake-*-raw", quantity: 1 }, { type: "item", code: "expandedfoods:sausagesnake-*-dried", quantity: 1 }, { type: "item", code: "expandedfoods:fishnugget-raw", quantity: 1 }, { type: "item", code: "expandedfoods:crabnugget-raw", quantity: 1 }, { type: "item", code: "expandedfoods:snakenugget-raw", quantity: 1 },],
    dependsOn: [{ "modid": "acorns" }, { "modid": "primitivesurvival" }]
 },
 {
   file: "expandedfoods:recipes/kneading/acorns/acornstuffedpepper.json",
    "side": "server",
    op: "addeach", 
    path: "/1/ingredients/2/inputs/-", 
    value: [{ type: "item", code: "expandedfoods:sausagefish-*-raw", quantity: 1 }, { type: "item", code: "expandedfoods:sausagefish-*-dried", quantity: 1 }, { type: "item", code: "expandedfoods:sausagecrab-*-raw", quantity: 1 }, { type: "item", code: "expandedfoods:sausagecrab-*-dried", quantity: 1 }, { type: "item", code: "expandedfoods:sausagesnake-*-raw", quantity: 1 }, { type: "item", code: "expandedfoods:sausagesnake-*-dried", quantity: 1 }, { type: "item", code: "expandedfoods:fishnugget-raw", quantity: 1 }, { type: "item", code: "expandedfoods:crabnugget-raw", quantity: 1 }, { type: "item", code: "expandedfoods:snakenugget-raw", quantity: 1 },],
    dependsOn: [{ "modid": "acorns" }, { "modid": "primitivesurvival" }]
 },
 {
   file: "expandedfoods:recipes/kneading/acorns/acornstuffedpepper.json",
    "side": "server",
    op: "addeach", 
    path: "/2/ingredients/1/inputs/-", 
    value: [{ type: "item", code: "expandedfoods:sausagefish-*-raw", quantity: 1 }, { type: "item", code: "expandedfoods:sausagefish-*-dried", quantity: 1 }, { type: "item", code: "expandedfoods:sausagecrab-*-raw", quantity: 1 }, { type: "item", code: "expandedfoods:sausagecrab-*-dried", quantity: 1 }, { type: "item", code: "expandedfoods:sausagesnake-*-raw", quantity: 1 }, { type: "item", code: "expandedfoods:sausagesnake-*-dried", quantity: 1 }, { type: "item", code: "expandedfoods:fishnugget-raw", quantity: 1 }, { type: "item", code: "expandedfoods:crabnugget-raw", quantity: 1 }, { type: "item", code: "expandedfoods:snakenugget-raw", quantity: 1 },],
    dependsOn: [{ "modid": "acorns" }, { "modid": "primitivesurvival" }]
 },
]