[
  {
    "op": "addeach",
    "path": "/ingredient/allowedVariants/-",
    "value": [ "brown", "red" ],
    "file": "game:recipes/clayforming/anvilmold.json"
  },
  {
    "op": "addeach",
    "path": "/ingredient/allowedVariants/-",
    "value": [ "brown", "red" ],
    "file": "game:recipes/clayforming/axemold.json"
  },
  {
    "op": "addeach",
    "path": "/ingredient/allowedVariants/-",
    "value": [ "brown", "red" ],
    "file": "game:recipes/clayforming/blade-falxmold.json"
  },
  {
    "op": "addeach",
    "path": "/ingredient/allowedVariants/-",
    "value": [ "brown", "red" ],
    "file": "game:recipes/clayforming/bowl.json"
  },
  {
    "op": "addeach",
    "path": "/ingredient/allowedVariants/-",
    "value": [ "brown", "red" ],
    "file": "game:recipes/clayforming/clayplanter.json"
  },
  {
    "op": "addeach",
    "path": "/ingredient/allowedVariants/-",
    "value": [ "brown", "red" ],
    "file": "game:recipes/clayforming/claypot.json"
  },
  {
    "op": "addeach",
    "path": "/ingredient/allowedVariants/-",
    "value": [ "brown", "red" ],
    "file": "game:recipes/clayforming/crock.json"
  },
  {
    "op": "addeach",
    "path": "/ingredient/allowedVariants/-",
    "value": [ "brown", "red" ],
    "file": "game:recipes/clayforming/crucible.json"
  },
  {
    "op": "addeach",
    "path": "/ingredient/allowedVariants/-",
    "value": [ "brown", "red" ],
    "file": "game:recipes/clayforming/flowerpot.json"
  },
  {
    "op": "addeach",
    "path": "/ingredient/allowedVariants/-",
    "value": [ "brown", "red" ],
    "file": "game:recipes/clayforming/fourbowls.json"
  },
  {
    "op": "addeach",
    "path": "/ingredient/allowedVariants/-",
    "value": [ "brown", "red" ],
    "file": "game:recipes/clayforming/fourclaypots.json"
  },
  {
    "op": "addeach",
    "path": "/ingredient/allowedVariants/-",
    "value": [ "brown", "red" ],
    "file": "game:recipes/clayforming/fourcrock.json"
  },
  {
    "op": "addeach",
    "path": "/ingredient/allowedVariants/-",
    "value": [ "brown", "red" ],
    "file": "game:recipes/clayforming/fourcrucible.json"
  },
  {
    "op": "addeach",
    "path": "/ingredient/allowedVariants/-",
    "value": [ "brown", "red" ],
    "file": "game:recipes/clayforming/fourflowerpots.json"
  },
  {
    "op": "addeach",
    "path": "/ingredient/allowedVariants/-",
    "value": [ "brown", "red" ],
    "file": "game:recipes/clayforming/hammermold.json"
  },
  {
    "op": "addeach",
    "path": "/ingredient/allowedVariants/-",
    "value": [ "brown", "red" ],
    "file": "game:recipes/clayforming/helvehammer.json"
  },
  {
    "op": "addeach",
    "path": "/ingredient/allowedVariants/-",
    "value": [ "brown", "red" ],
    "file": "game:recipes/clayforming/ingotmold.json"
  },
  {
    "op": "addeach",
    "path": "/ingredient/allowedVariants/-",
    "value": [ "brown", "red" ],
    "file": "game:recipes/clayforming/jug.json"
  },
  {
    "op": "addeach",
    "path": "/ingredient/allowedVariants/-",
    "value": [ "brown", "red" ],
    "file": "game:recipes/clayforming/lamellaemold.json"
  },
  {
    "op": "addeach",
    "path": "/ingredient/allowedVariants/-",
    "value": [ "brown", "red" ],
    "file": "game:recipes/clayforming/pickaxemold.json"
  },
  {
    "op": "addeach",
    "path": "/ingredient/allowedVariants/-",
    "value": [ "brown", "red" ],
    "file": "game:recipes/clayforming/propickmold.json"
  },
  {
    "op": "addeach",
    "path": "/ingredient/allowedVariants/-",
    "value": [ "brown", "red" ],
    "file": "game:recipes/clayforming/shingles.json"
  },
  {
    "op": "addeach",
    "path": "/ingredient/allowedVariants/-",
    "value": [ "brown", "red" ],
    "file": "game:recipes/clayforming/shovelmold.json",
  },
  {
    "op": "addeach",
    "path": "/ingredient/allowedVariants/-",
    "value": [ "brown", "red" ],
    "file": "game:recipes/clayforming/twoingotmold.json"
  },
  {
    "op": "addeach",
    "path": "/ingredient/allowedVariants/-",
    "value": [ "brown", "red" ],
    "file": "game:recipes/clayforming/wateringcan.json"
  },
  {
    "op": "addeach",
    "path": "/ingredient/allowedVariants/-",
    "value": [ "brown", "red" ],
    "file": "game:recipes/clayforming/storagevessel.json"
  },
]