[
  {
    "op": "addeach",
    "path": "/variantgroups/0/states/-",
    "value": [ "brown", "red" ],
    "file": "game:itemtypes/resource/clay.json"
  },
  {
    "op": "addeach",
    "path": "/variantgroups/0/states/-",
    "value": [ "brown", "red" ],
    "file": "game:itemtypes/resource/clayworkitem.json"
  },
  {
    "op": "addeach",
    "path": "/variantgroups/0/states/-",
    "value": [ "brown", "red" ],
    "file": "game:itemtypes/resource/rawbrick.json"
  },
  {
    "op": "remove",
    "path": "/skipVariants",
    "file": "game:itemtypes/resource/shingle.json"
  }
]