[
  {
    "op": "addeach",
    "path": "/variantgroups/0/states/-",
    "value": [ "brown", "red" ],
    "file": "game:blocktypes/soil/clay.json"
  },
  {
    "op": "add",
    "path": "/textures/clayworkitem-brown",
    "value": { base: "block/clay/brownclay" },
    "file": "game:blocktypes/clay/clayform.json"
  },
  {
    "op": "add",
    "path": "/textures/clayworkitem-red",
    "value": { base: "block/clay/redclay" },
    "file": "game:blocktypes/clay/clayform.json"
  },
  {
    "op": "remove",
    "path": "/attributes/handbook/excludeByType",
    "file": "game:blocktypes/clay/brick.json"
  },
  {
    "op": "remove",
    "path": "/attributes/handbook/excludeByType",
    "file": "game:blocktypes/clay/brickslab.json"
  },
  {
    "op": "remove",
    "path": "/attributes/handbook/excludeByType",
    "file": "game:blocktypes/clay/brickstairs.json"
  },
  {
    "op": "remove",
    "path": "/attributes/handbook/excludeByType",
    "file": "game:blocktypes/clay/chimney.json"
  },
  {
    "op": "remove",
    "path": "/attributes/handbook/excludeByType",
    "file": "game:blocktypes/clay/hardenedclay.json"
  }
]