{
	"editor": {
		"allAngles": false,
		"entityTextureMode": false
	},
	"textureWidth": 16,
	"textureHeight": 16,
	"textureSizes": {
	},
	"textures": {
		"iron4": "/Users/HARPWNER/AppData/Roaming/Vintagestory/assets/survival/textures/block/metal/sheet/iron4",
		"iron": "/Users/HARPWNER/AppData/Roaming/Vintagestory/assets/survival/textures/block/metal/plate/iron"
	},
	"elements": [
		{
			"name": "Bracket",
			"from": [ 2.0, 0.0, 2.0 ], 
			"to": [ 14.0, 1.0, 14.0 ], 
			"rotationOrigin": [ 2.0, 0.0, 2.0 ],
			"faces": {
				"north": { "texture": "#iron4", "uv": [ 1.5, 15.0, 13.5, 16.0 ] },
				"east": { "texture": "#iron4", "uv": [ 2.5, 15.0, 14.5, 16.0 ] },
				"south": { "texture": "#iron4", "uv": [ 3.5, 15.0, 15.5, 16.0 ] },
				"west": { "texture": "#iron4", "uv": [ 3.0, 15.0, 15.0, 16.0 ] },
				"up": { "texture": "#iron4", "uv": [ 0.0, 0.0, 16.0, 16.0 ], "autoUv": false },
				"down": { "texture": "#iron4", "uv": [ 0.0, 0.0, 16.0, 16.0 ], "autoUv": false }
			},
			"children": [
				{
					"name": "1",
					"from": [ 2.0, 1.0, 0.0 ], 
					"to": [ 10.0, 11.0, 1.0 ], 
					"rotationOrigin": [ 2.0, 1.0, 0.0 ],
					"faces": {
						"north": { "texture": "#iron", "uv": [ 0.0, 0.0, 8.0, 10.0 ] },
						"east": { "texture": "#iron", "uv": [ 0.0, 0.0, 1.0, 10.0 ] },
						"south": { "texture": "#iron", "uv": [ 0.0, 0.0, 8.0, 10.0 ] },
						"west": { "texture": "#iron", "uv": [ 0.0, 0.0, 1.0, 10.0 ] },
						"up": { "texture": "#iron", "uv": [ 0.0, 0.0, 8.0, 1.0 ] },
						"down": { "texture": "#iron", "uv": [ 0.0, 0.0, 8.0, 1.0 ] }
					}
				},
				{
					"name": "2",
					"from": [ 2.0, 1.0, 11.0 ], 
					"to": [ 10.0, 11.0, 12.0 ], 
					"rotationOrigin": [ 2.0, 1.0, 11.0 ],
					"faces": {
						"north": { "texture": "#iron", "uv": [ 0.0, 0.0, 8.0, 10.0 ] },
						"east": { "texture": "#iron", "uv": [ 0.0, 0.0, 1.0, 10.0 ] },
						"south": { "texture": "#iron", "uv": [ 0.0, 0.0, 8.0, 10.0 ] },
						"west": { "texture": "#iron", "uv": [ 0.0, 0.0, 1.0, 10.0 ] },
						"up": { "texture": "#iron", "uv": [ 0.0, 0.0, 8.0, 1.0 ] },
						"down": { "texture": "#iron", "uv": [ 0.0, 0.0, 8.0, 1.0 ] }
					}
				}
			]
		}
	]}