[
  {
    "op": "add",
    "path": "/combustiblePropsByType",
    "value": {
      "*-scraps": {
        "meltingPoint": 1154,
        "meltingDuration": 30,
        "smeltedRatio": 2,
        "smeltedStack": {
          "type": "item",
          "code": "ironbloom"
        }
      },
      "*-parts": {
        "meltingPoint": 1154,
        "meltingDuration": 30,
        "smeltedRatio": 4,
        "smeltedStack": {
          "type": "item",
          "code": "ingot-blistersteel"
        }
      }
    },
    "file": "blocktypes/metal/metalpartsandscraps.json"
  }
]