﻿{
	"code": "aurochsfood",
	"class": "ItemDryGrass",
	"creativeinventory": {
		"general": [ "*" ],
		"construction": [ "*" ]
	},
	"maxStackSize": 64,
	"shape": { "base": "game:item/resource/haybundle" },
	"textures": { "bundle": { "base": "game:block/wood/trough/large/bellpepper" } },
	"groundTransform": {
		"translation": {
			"x": 0,
			"y": 0,
			"z": 0
		},
		"rotation": {
			"x": 90,
			"y": 0,
			"z": 0
		},
		"origin": {
			"x": 0.5,
			"y": 0.5,
			"z": 0.61
		},
		"scale": 2.48
	},
	"guiTransform": {
		"translation": {
			"x": 0,
			"y": 0,
			"z": 0
		},
		"rotation": {
			"x": -53,
			"y": -38,
			"z": 31
		},
		"origin": {
			"x": 0.46,
			"y": 0.2,
			"z": 0.5
		},
		"scale": 1.77
	},
	"fpHandTransform": {
		"rotation": {
			"x": 84,
			"y": 92,
			"z": -30
		},
		"origin": {
			"x": 0.5,
			"y": 0.3,
			"z": 0.6
		},
		"scale": 1.31
	},
	"tpHandTransform": {
		"translation": {
			"x": -1.01,
			"y": -0.22,
			"z": -0.89
		},
		"rotation": {
			"x": -90,
			"y": -14,
			"z": -6
		},
		"origin": {
			"x": 0.5,
			"y": 0.1,
			"z": 0.5
		},
		"scale": 0.44
	}
}
