[
  {
    "file": "blocktypes/stationarybasket",
    "op": "add",
    "path": "/behaviors/-",
    "value": {
      "name": "Carryable",
      "properties": {
        "interactDelay": 0.4,
        "slots": {
          "Hands": {
            "animation": "carrycapacity:holdlight",
            "walkSpeedModifier": -0.15
          },
          "Back": {
            "walkSpeedModifier": 0.0,
            "translation": [0.09375, 0, 0.03125],
            "rotation": [0, 0, -90],
            "scale": 0.6
          }
        }
      }
    },
    "dependsOn": [{ "modid": "carrycapacity" }]
  },
  {
    "file": "blocktypes/storagevessel",
    "op": "add",
    "path": "/behaviors/-",
    "value": {
      "name": "Carryable",
      "properties": {
        "translation": [-0.125, 0, 0],
        "slots": { "Hands": {}, "Back": {} }
      }
    },
    "dependsOn": [{ "modid": "carrycapacity" }]
  },
  {
    "op": "add",
    "path": "/behaviors/-",
    "value": {
      "name": "Carryable",
      "properties": {
        "translation": [0, 0, 0],
        "rotation": [0, 0, 0],
        "origin": [0.5, 0.5, 0.5],
        "scale": [0.5, 0.5, 0.5],

        "interactDelay": 0.4,
        "slots": {
          "Hands": {
            "animation": "carrycapacity:holdlight",
            "walkSpeedModifier": -0.15
          },
          "Back": {
            "walkSpeedModifier": 0.0,
            "translation": [0.09375, 0, 0.03125],
            "rotation": [0, 0, -90],
            "scale": 0.6
          }
        }
      }
    },
    "file": "blocktypes/ancienttools/barkbasket",
    "dependsOn": [{ "modid": "carrycapacity" }, { "modid": "ancienttools" }]
  }
]
