{
	"editor": {
		"allAngles": false,
		"entityTextureMode": false
	},
	"textureWidth": 16,
	"textureHeight": 16,
	"textureSizes": {
	},
	"textures": {
		"catalpa_seed": "item/resource/seeds/catalpa"
	},
	"elements": [
		{
			"name": "Cube3",
			"from": [ 7.0, 8.0, 8.5 ], 
			"to": [ 10.0, 11.0, 8.5 ], 
			"rotationOrigin": [ 8.5, 8.0, 8.5 ],
			"rotationX": -25.0,
			"faces": {
				"north": { "texture": "#catalpa_seed", "uv": [ 7.0, 1.0, 10.0, 4.0 ], "enabled": false },
				"east": { "texture": "#catalpa_seed", "uv": [ 0.0, 0.0, 1.0, 3.0 ], "enabled": false },
				"south": { "texture": "#catalpa_seed", "uv": [ 10.0, 0.0, 16.0, 6.0 ], "autoUv": false },
				"west": { "texture": "#catalpa_seed", "uv": [ 0.0, 0.0, 1.0, 3.0 ], "enabled": false },
				"up": { "texture": "#catalpa_seed", "uv": [ 0.0, 0.0, 3.0, 1.0 ], "enabled": false },
				"down": { "texture": "#catalpa_seed", "uv": [ 0.0, 0.0, 3.0, 1.0 ], "enabled": false }
			},
			"children": [
				{
					"name": "Cube1",
					"from": [ 1.0, -4.0, -0.5 ], 
					"to": [ 2.0, 0.0, 0.5 ], 
					"rotationOrigin": [ 1.5, 0.0, 0.0 ],
					"rotationX": 10.0,
					"rotationY": 10.0,
					"faces": {
						"north": { "texture": "#catalpa_seed", "uv": [ 4.0, 0.0, 6.0, 8.0 ], "autoUv": false },
						"east": { "texture": "#catalpa_seed", "uv": [ 6.0, 0.0, 8.0, 8.0 ], "autoUv": false },
						"south": { "texture": "#catalpa_seed", "uv": [ 6.0, 8.0, 8.0, 16.0 ], "autoUv": false },
						"west": { "texture": "#catalpa_seed", "uv": [ 4.0, 8.0, 6.0, 16.0 ], "autoUv": false },
						"up": { "texture": "#catalpa_seed", "uv": [ 4.0, 12.0, 6.0, 14.0 ], "autoUv": false },
						"down": { "texture": "#catalpa_seed", "uv": [ 6.0, 12.0, 8.0, 14.0 ], "autoUv": false }
					},
					"children": [
						{
							"name": "Cube2",
							"from": [ 0.02, -3.9, 0.0 ], 
							"to": [ 1.02, 0.1, 1.0 ], 
							"rotationOrigin": [ 0.6, 0.1, 0.5 ],
							"rotationX": -11.0,
							"faces": {
								"north": { "texture": "#catalpa_seed", "uv": [ 4.0, 0.0, 6.0, 8.0 ], "autoUv": false },
								"east": { "texture": "#catalpa_seed", "uv": [ 6.0, 0.0, 8.0, 8.0 ], "autoUv": false },
								"south": { "texture": "#catalpa_seed", "uv": [ 6.0, 8.0, 8.0, 16.0 ], "autoUv": false },
								"west": { "texture": "#catalpa_seed", "uv": [ 4.0, 8.0, 6.0, 16.0 ], "autoUv": false },
								"up": { "texture": "#catalpa_seed", "uv": [ 4.0, 12.0, 6.0, 14.0 ], "autoUv": false },
								"down": { "texture": "#catalpa_seed", "uv": [ 6.0, 12.0, 8.0, 14.0 ], "autoUv": false }
							},
							"children": [
								{
									"name": "Cube8",
									"from": [ 0.25, -2.5, 0.25 ], 
									"to": [ 0.75, 0.0, 0.75 ], 
									"rotationOrigin": [ 0.2, -2.5, 0.2 ],
									"faces": {
										"north": { "texture": "#catalpa_seed", "uv": [ 5.0, 0.0, 6.0, 2.0 ], "autoUv": false },
										"east": { "texture": "#catalpa_seed", "uv": [ 5.0, 2.0, 6.0, 7.0 ], "autoUv": false },
										"south": { "texture": "#catalpa_seed", "uv": [ 5.0, 1.0, 6.0, 6.0 ], "autoUv": false },
										"west": { "texture": "#catalpa_seed", "uv": [ 6.0, 1.0, 7.0, 6.0 ], "autoUv": false },
										"up": { "texture": "#catalpa_seed", "uv": [ 4.0, 3.0, 5.0, 4.0 ] },
										"down": { "texture": "#catalpa_seed", "uv": [ 7.0, 1.0, 8.0, 2.0 ] }
									}
								}
							]
						}
					]
				},
				{
					"name": "Cube4",
					"from": [ -0.5, -4.0, -0.5 ], 
					"to": [ 0.5, 0.0, 0.5 ], 
					"rotationOrigin": [ 0.0, 0.0, 0.0 ],
					"rotationX": 20.0,
					"rotationY": -30.0,
					"faces": {
						"north": { "texture": "#catalpa_seed", "uv": [ 4.0, 0.0, 6.0, 8.0 ], "autoUv": false },
						"east": { "texture": "#catalpa_seed", "uv": [ 6.0, 0.0, 8.0, 8.0 ], "autoUv": false },
						"south": { "texture": "#catalpa_seed", "uv": [ 6.0, 8.0, 8.0, 16.0 ], "autoUv": false },
						"west": { "texture": "#catalpa_seed", "uv": [ 4.0, 8.0, 6.0, 16.0 ], "autoUv": false },
						"up": { "texture": "#catalpa_seed", "uv": [ 4.0, 12.0, 6.0, 14.0 ], "autoUv": false },
						"down": { "texture": "#catalpa_seed", "uv": [ 6.0, 12.0, 8.0, 14.0 ], "autoUv": false }
					},
					"children": [
						{
							"name": "Cube5",
							"from": [ 0.02, -3.9, 0.0 ], 
							"to": [ 1.02, 0.1, 1.0 ], 
							"rotationOrigin": [ 0.5, 0.1, 0.5 ],
							"rotationX": -11.0,
							"faces": {
								"north": { "texture": "#catalpa_seed", "uv": [ 4.0, 0.0, 6.0, 8.0 ], "autoUv": false },
								"east": { "texture": "#catalpa_seed", "uv": [ 6.0, 0.0, 8.0, 8.0 ], "autoUv": false },
								"south": { "texture": "#catalpa_seed", "uv": [ 6.0, 8.0, 8.0, 16.0 ], "autoUv": false },
								"west": { "texture": "#catalpa_seed", "uv": [ 4.0, 8.0, 6.0, 16.0 ], "autoUv": false },
								"up": { "texture": "#catalpa_seed", "uv": [ 4.0, 12.0, 6.0, 14.0 ], "autoUv": false },
								"down": { "texture": "#catalpa_seed", "uv": [ 6.0, 12.0, 8.0, 14.0 ], "autoUv": false }
							},
							"children": [
								{
									"name": "Cube9",
									"from": [ 0.25, -1.5, 0.25 ], 
									"to": [ 0.75, 0.0, 0.75 ], 
									"rotationOrigin": [ 0.3, -1.5, 0.2 ],
									"faces": {
										"north": { "texture": "#catalpa_seed", "uv": [ 5.0, 0.0, 6.0, 3.0 ], "autoUv": false },
										"east": { "texture": "#catalpa_seed", "uv": [ 7.0, 2.0, 8.0, 5.0 ], "autoUv": false },
										"south": { "texture": "#catalpa_seed", "uv": [ 5.0, 1.0, 6.0, 4.0 ], "autoUv": false },
										"west": { "texture": "#catalpa_seed", "uv": [ 6.0, 1.0, 7.0, 4.0 ], "autoUv": false },
										"up": { "texture": "#catalpa_seed", "uv": [ 4.0, 3.0, 5.0, 4.0 ] },
										"down": { "texture": "#catalpa_seed", "uv": [ 7.0, 1.0, 8.0, 2.0 ] }
									}
								}
							]
						}
					]
				},
				{
					"name": "Cube6",
					"from": [ 2.5, -3.25, -0.5 ], 
					"to": [ 3.5, 0.75, 0.5 ], 
					"rotationOrigin": [ 3.0, 0.7, 0.0 ],
					"rotationX": 20.0,
					"rotationY": 15.0,
					"faces": {
						"north": { "texture": "#catalpa_seed", "uv": [ 0.0, 0.0, 2.0, 8.0 ], "autoUv": false },
						"east": { "texture": "#catalpa_seed", "uv": [ 2.0, 0.0, 4.0, 8.0 ], "autoUv": false },
						"south": { "texture": "#catalpa_seed", "uv": [ 2.0, 8.0, 4.0, 16.0 ], "autoUv": false },
						"west": { "texture": "#catalpa_seed", "uv": [ 0.0, 8.0, 2.0, 16.0 ], "autoUv": false },
						"up": { "texture": "#catalpa_seed", "uv": [ 2.0, 12.0, 4.0, 14.0 ], "autoUv": false },
						"down": { "texture": "#catalpa_seed", "uv": [ 2.0, 12.0, 4.0, 14.0 ], "autoUv": false }
					},
					"children": [
						{
							"name": "Cube7",
							"from": [ 0.02, -3.9, 0.0 ], 
							"to": [ 1.02, 0.1, 1.0 ], 
							"rotationOrigin": [ 0.5, 0.1, 0.5 ],
							"rotationX": -11.0,
							"faces": {
								"north": { "texture": "#catalpa_seed", "uv": [ 0.0, 8.0, 2.0, 16.0 ], "autoUv": false },
								"east": { "texture": "#catalpa_seed", "uv": [ 2.0, 8.0, 4.0, 16.0 ], "autoUv": false },
								"south": { "texture": "#catalpa_seed", "uv": [ 2.0, 0.0, 4.0, 8.0 ], "autoUv": false },
								"west": { "texture": "#catalpa_seed", "uv": [ 0.0, 0.0, 2.0, 8.0 ], "autoUv": false },
								"up": { "texture": "#catalpa_seed", "uv": [ 2.0, 0.0, 4.0, 2.0 ], "autoUv": false },
								"down": { "texture": "#catalpa_seed", "uv": [ 0.0, 2.0, 2.0, 4.0 ], "autoUv": false }
							},
							"children": [
								{
									"name": "Cube10",
									"from": [ 0.25, -2.0, 0.25 ], 
									"to": [ 0.75, 0.0, 0.75 ], 
									"rotationOrigin": [ 0.2, -2.0, 0.2 ],
									"faces": {
										"north": { "texture": "#catalpa_seed", "uv": [ 0.0, 0.0, 1.0, 4.0 ], "autoUv": false },
										"east": { "texture": "#catalpa_seed", "uv": [ 0.0, 0.0, 1.0, 4.0 ], "autoUv": false },
										"south": { "texture": "#catalpa_seed", "uv": [ 0.0, 0.0, 1.0, 4.0 ], "autoUv": false },
										"west": { "texture": "#catalpa_seed", "uv": [ 0.0, 0.0, 1.0, 4.0 ], "autoUv": false },
										"up": { "texture": "#catalpa_seed", "uv": [ 0.0, 0.0, 1.0, 1.0 ] },
										"down": { "texture": "#catalpa_seed", "uv": [ 0.0, 0.0, 1.0, 1.0 ] }
									}
								}
							]
						}
					]
				}
			]
		}
	]}