{
	"editor": {
		"allAngles": false,
		"entityTextureMode": false
	},
	"textureWidth": 16,
	"textureHeight": 16,
	"textureSizes": {
	},
	"textures": {
		"sal_seed": "item/resource/seeds/sal"
	},
	"elements": [
		{
			"name": "Cube1",
			"from": [ 7.5, 1.5, 7.5 ], 
			"to": [ 8.5, 2.75, 8.5 ], 
			"rotationOrigin": [ 8.0, 1.5, 7.5 ],
			"rotationZ": 180.0,
			"faces": {
				"north": { "texture": "#sal_seed", "uv": [ 0.0, 0.0, 4.0, 4.0 ], "autoUv": false },
				"east": { "texture": "#sal_seed", "uv": [ 0.0, 0.0, 4.0, 4.0 ], "autoUv": false },
				"south": { "texture": "#sal_seed", "uv": [ 0.0, 0.0, 4.0, 4.0 ], "autoUv": false },
				"west": { "texture": "#sal_seed", "uv": [ 0.0, 0.0, 4.0, 4.0 ], "autoUv": false },
				"up": { "texture": "#sal_seed", "uv": [ 0.0, 6.0, 4.0, 10.0 ], "autoUv": false },
				"down": { "texture": "#sal_seed", "uv": [ 0.0, 0.0, 4.0, 4.0 ], "autoUv": false }
			},
			"children": [
				{
					"name": "Cube2",
					"from": [ 0.125, 1.25, 0.125 ], 
					"to": [ 0.875, 1.5, 0.875 ], 
					"rotationOrigin": [ 0.2, 1.2, 0.3 ],
					"faces": {
						"north": { "texture": "#sal_seed", "uv": [ 1.0, 4.0, 4.0, 5.0 ], "autoUv": false },
						"east": { "texture": "#sal_seed", "uv": [ 0.0, 4.0, 3.0, 5.0 ], "autoUv": false },
						"south": { "texture": "#sal_seed", "uv": [ 0.0, 4.0, 3.0, 5.0 ], "autoUv": false },
						"west": { "texture": "#sal_seed", "uv": [ 1.0, 4.0, 4.0, 5.0 ], "autoUv": false },
						"up": { "texture": "#sal_seed", "uv": [ 11.0, 3.0, 14.0, 6.0 ], "autoUv": false },
						"down": { "texture": "#null", "uv": [ 0.0, 0.0, 0.5, 0.5 ], "enabled": false }
					}
				},
				{
					"name": "Cube3",
					"from": [ -0.002, 0.75, 0.0 ], 
					"to": [ -0.002, 1.25, 1.0 ], 
					"rotationOrigin": [ -0.05, 0.75, 0.5 ],
					"faces": {
						"north": { "texture": "#sal_seed", "uv": [ 11.0, 0.0, 15.0, 4.0 ], "enabled": false, "autoUv": false },
						"east": { "texture": "#sal_seed", "uv": [ 11.0, 9.0, 15.0, 11.0 ], "autoUv": false, "windMode": [-1,-1,-1,-1] },
						"south": { "texture": "#null", "uv": [ 0.0, 0.0, 0.5, 0.5 ], "enabled": false },
						"west": { "texture": "#null", "uv": [ 0.0, 0.0, 1.0, 0.5 ], "enabled": false },
						"up": { "texture": "#null", "uv": [ 0.0, 0.0, 0.5, 1.0 ], "enabled": false },
						"down": { "texture": "#null", "uv": [ 0.0, 0.0, 0.5, 1.0 ], "enabled": false }
					},
					"children": [
						{
							"name": "Cube4",
							"from": [ 0.0, -0.75, 0.0 ], 
							"to": [ 0.0, 0.0, 1.0 ], 
							"rotationOrigin": [ 0.0, 0.0, 0.6 ],
							"rotationZ": -12.0,
							"faces": {
								"north": { "texture": "#null", "uv": [ 0.0, 0.0, 0.5, 0.5 ], "enabled": false },
								"east": { "texture": "#sal_seed", "uv": [ 11.0, 6.0, 15.0, 9.0 ], "rotation": 180, "autoUv": false },
								"south": { "texture": "#null", "uv": [ 0.0, 0.0, 0.5, 0.5 ], "enabled": false },
								"west": { "texture": "#null", "uv": [ 0.0, 0.0, 1.0, 0.5 ], "enabled": false },
								"up": { "texture": "#null", "uv": [ 0.0, 0.0, 0.5, 1.0 ], "enabled": false },
								"down": { "texture": "#null", "uv": [ 0.0, 0.0, 0.5, 1.0 ], "enabled": false }
							},
							"children": [
								{
									"name": "Cube5",
									"from": [ 0.0, -0.75, 0.0 ], 
									"to": [ 0.0, 0.0, 1.0 ], 
									"rotationOrigin": [ 0.0, 0.0, 0.5 ],
									"rotationZ": -12.0,
									"faces": {
										"north": { "texture": "#null", "uv": [ 0.0, 0.0, 0.5, 0.5 ], "enabled": false },
										"east": { "texture": "#sal_seed", "uv": [ 11.0, 3.0, 15.0, 6.0 ], "rotation": 180, "autoUv": false },
										"south": { "texture": "#null", "uv": [ 0.0, 0.0, 0.5, 0.5 ], "enabled": false },
										"west": { "texture": "#null", "uv": [ 0.0, 0.0, 1.0, 0.5 ], "enabled": false },
										"up": { "texture": "#null", "uv": [ 0.0, 0.0, 13.5, 7.0 ], "enabled": false, "autoUv": false },
										"down": { "texture": "#null", "uv": [ 0.0, 0.0, 0.5, 1.0 ], "enabled": false }
									},
									"children": [
										{
											"name": "Cube6",
											"from": [ 0.0, -0.75, 0.0 ], 
											"to": [ 0.0, 0.0, 1.0 ], 
											"rotationOrigin": [ 0.0, 0.0, 0.45 ],
											"faces": {
												"north": { "texture": "#null", "uv": [ 0.0, 0.0, 0.5, 0.5 ], "enabled": false },
												"east": { "texture": "#sal_seed", "uv": [ 11.0, 0.0, 15.0, 3.0 ], "rotation": 180, "autoUv": false },
												"south": { "texture": "#null", "uv": [ 0.0, 0.0, 0.5, 0.5 ], "enabled": false },
												"west": { "texture": "#null", "uv": [ 0.0, 0.0, 1.0, 0.5 ], "enabled": false },
												"up": { "texture": "#null", "uv": [ 0.0, 0.0, 0.5, 1.0 ], "enabled": false },
												"down": { "texture": "#null", "uv": [ 0.0, 0.0, 0.5, 1.0 ], "enabled": false }
											}
										}
									]
								}
							]
						},
						{
							"name": "Cube7",
							"from": [ 0.0, 0.5, 0.25 ], 
							"to": [ 0.0, 0.785, 0.75 ], 
							"rotationOrigin": [ 0.0, 0.5, 0.5 ],
							"rotationZ": -27.0,
							"faces": {
								"north": { "texture": "#sal_seed", "uv": [ 0.0, 0.0, 1.0, 1.0 ], "enabled": false },
								"east": { "texture": "#sal_seed", "uv": [ 0.0, 0.0, 1.0, 1.0 ], "enabled": false },
								"south": { "texture": "#sal_seed", "uv": [ 0.0, 0.0, 1.0, 1.0 ], "enabled": false },
								"west": { "texture": "#sal_seed", "uv": [ 12.0, 11.0, 14.0, 12.0 ], "autoUv": false, "windMode": [-1,-1,-1,-1] },
								"up": { "texture": "#sal_seed", "uv": [ 0.0, 0.0, 1.0, 1.0 ], "enabled": false },
								"down": { "texture": "#sal_seed", "uv": [ 0.0, 0.0, 1.0, 1.0 ], "enabled": false }
							}
						}
					]
				},
				{
					"name": "Cube10",
					"from": [ 1.098, 0.75, 0.0 ], 
					"to": [ 1.098, 1.25, 1.0 ], 
					"rotationOrigin": [ 1.05, 0.75, 0.5 ],
					"rotationX": -180.0,
					"rotationY": 0.0,
					"rotationZ": -180.0,
					"faces": {
						"north": { "texture": "#sal_seed", "uv": [ 11.0, 0.0, 15.0, 4.0 ], "enabled": false, "autoUv": false },
						"east": { "texture": "#sal_seed", "uv": [ 11.0, 9.0, 15.0, 11.0 ], "autoUv": false },
						"south": { "texture": "#null", "uv": [ 0.0, 0.0, 0.5, 0.5 ], "enabled": false },
						"west": { "texture": "#null", "uv": [ 0.0, 0.0, 1.0, 0.5 ], "enabled": false },
						"up": { "texture": "#null", "uv": [ 0.0, 0.0, 0.5, 1.0 ], "enabled": false },
						"down": { "texture": "#null", "uv": [ 0.0, 0.0, 0.5, 1.0 ], "enabled": false }
					},
					"children": [
						{
							"name": "Cube11",
							"from": [ 0.0, -0.75, 0.0 ], 
							"to": [ 0.0, 0.0, 1.0 ], 
							"rotationOrigin": [ 0.0, 0.0, 0.6 ],
							"rotationZ": -12.0,
							"faces": {
								"north": { "texture": "#null", "uv": [ 0.0, 0.0, 0.5, 0.5 ], "enabled": false },
								"east": { "texture": "#sal_seed", "uv": [ 11.0, 6.0, 15.0, 9.0 ], "rotation": 180, "autoUv": false },
								"south": { "texture": "#null", "uv": [ 0.0, 0.0, 0.5, 0.5 ], "enabled": false },
								"west": { "texture": "#null", "uv": [ 0.0, 0.0, 1.0, 0.5 ], "enabled": false },
								"up": { "texture": "#null", "uv": [ 0.0, 0.0, 0.5, 1.0 ], "enabled": false },
								"down": { "texture": "#null", "uv": [ 0.0, 0.0, 0.5, 1.0 ], "enabled": false }
							},
							"children": [
								{
									"name": "Cube12",
									"from": [ 0.0, -0.75, 0.0 ], 
									"to": [ 0.0, 0.0, 1.0 ], 
									"rotationOrigin": [ 0.0, 0.0, 0.5 ],
									"rotationZ": -12.0,
									"faces": {
										"north": { "texture": "#null", "uv": [ 0.0, 0.0, 0.5, 0.5 ], "enabled": false },
										"east": { "texture": "#sal_seed", "uv": [ 11.0, 3.0, 15.0, 6.0 ], "rotation": 180, "autoUv": false },
										"south": { "texture": "#null", "uv": [ 0.0, 0.0, 0.5, 0.5 ], "enabled": false },
										"west": { "texture": "#null", "uv": [ 0.0, 0.0, 1.0, 0.5 ], "enabled": false },
										"up": { "texture": "#null", "uv": [ 0.0, 0.0, 13.5, 7.0 ], "enabled": false, "autoUv": false },
										"down": { "texture": "#null", "uv": [ 0.0, 0.0, 0.5, 1.0 ], "enabled": false }
									},
									"children": [
										{
											"name": "Cube13",
											"from": [ 0.0, -0.75, 0.0 ], 
											"to": [ 0.0, 0.0, 1.0 ], 
											"rotationOrigin": [ 0.0, 0.0, 0.45 ],
											"faces": {
												"north": { "texture": "#null", "uv": [ 0.0, 0.0, 0.5, 0.5 ], "enabled": false },
												"east": { "texture": "#sal_seed", "uv": [ 11.0, 0.0, 15.0, 3.0 ], "rotation": 180, "autoUv": false },
												"south": { "texture": "#null", "uv": [ 0.0, 0.0, 0.5, 0.5 ], "enabled": false },
												"west": { "texture": "#null", "uv": [ 0.0, 0.0, 1.0, 0.5 ], "enabled": false },
												"up": { "texture": "#null", "uv": [ 0.0, 0.0, 0.5, 1.0 ], "enabled": false },
												"down": { "texture": "#null", "uv": [ 0.0, 0.0, 0.5, 1.0 ], "enabled": false }
											}
										}
									]
								}
							]
						},
						{
							"name": "Cube14",
							"from": [ 0.0, 0.5, 0.25 ], 
							"to": [ 0.0, 0.785, 0.75 ], 
							"rotationOrigin": [ 0.0, 0.5, 0.5 ],
							"rotationZ": -27.0,
							"faces": {
								"north": { "texture": "#sal_seed", "uv": [ 0.0, 0.0, 1.0, 1.0 ], "enabled": false },
								"east": { "texture": "#sal_seed", "uv": [ 0.0, 0.0, 1.0, 1.0 ], "enabled": false },
								"south": { "texture": "#sal_seed", "uv": [ 0.0, 0.0, 1.0, 1.0 ], "enabled": false },
								"west": { "texture": "#sal_seed", "uv": [ 12.0, 11.0, 14.0, 12.0 ], "autoUv": false },
								"up": { "texture": "#sal_seed", "uv": [ 0.0, 0.0, 1.0, 1.0 ], "enabled": false },
								"down": { "texture": "#sal_seed", "uv": [ 0.0, 0.0, 1.0, 1.0 ], "enabled": false }
							}
						}
					]
				},
				{
					"name": "Cube15",
					"from": [ 0.398, 0.75, -0.5 ], 
					"to": [ 0.398, 1.25, 0.25 ], 
					"rotationOrigin": [ 0.4, 0.75, 0.0 ],
					"rotationY": -90.0,
					"faces": {
						"north": { "texture": "#sal_seed", "uv": [ 11.0, 0.0, 15.0, 4.0 ], "enabled": false, "autoUv": false },
						"east": { "texture": "#sal_seed", "uv": [ 7.0, 10.0, 10.0, 12.0 ], "autoUv": false },
						"south": { "texture": "#null", "uv": [ 0.0, 0.0, 0.5, 0.5 ], "enabled": false },
						"west": { "texture": "#null", "uv": [ 0.0, 0.0, 0.5, 0.5 ], "enabled": false },
						"up": { "texture": "#null", "uv": [ 0.0, 0.0, 0.5, 0.5 ], "enabled": false },
						"down": { "texture": "#null", "uv": [ 0.0, 0.0, 0.5, 0.5 ], "enabled": false }
					},
					"children": [
						{
							"name": "Cube16",
							"from": [ 0.0, -0.75, 0.0 ], 
							"to": [ 0.0, 0.0, 0.75 ], 
							"rotationOrigin": [ 0.0, 0.0, 0.6 ],
							"rotationZ": -12.0,
							"faces": {
								"north": { "texture": "#null", "uv": [ 0.0, 0.0, 0.5, 0.5 ], "enabled": false },
								"east": { "texture": "#sal_seed", "uv": [ 7.0, 8.0, 10.0, 11.0 ], "rotation": 180, "autoUv": false },
								"south": { "texture": "#null", "uv": [ 0.0, 0.0, 0.5, 0.5 ], "enabled": false },
								"west": { "texture": "#null", "uv": [ 0.0, 0.0, 0.5, 0.5 ], "enabled": false },
								"up": { "texture": "#null", "uv": [ 0.0, 0.0, 0.5, 0.5 ], "enabled": false },
								"down": { "texture": "#null", "uv": [ 0.0, 0.0, 0.5, 0.5 ], "enabled": false }
							},
							"children": [
								{
									"name": "Cube17",
									"from": [ 0.0, -0.5, 0.0 ], 
									"to": [ 0.0, 0.0, 0.75 ], 
									"rotationOrigin": [ 0.0, 0.0, 0.5 ],
									"rotationZ": -12.0,
									"faces": {
										"north": { "texture": "#null", "uv": [ 0.0, 0.0, 0.5, 0.5 ], "enabled": false },
										"east": { "texture": "#sal_seed", "uv": [ 7.0, 6.0, 10.0, 8.0 ], "rotation": 180, "autoUv": false },
										"south": { "texture": "#null", "uv": [ 0.0, 0.0, 0.5, 0.5 ], "enabled": false },
										"west": { "texture": "#null", "uv": [ 0.0, 0.0, 0.5, 0.5 ], "enabled": false },
										"up": { "texture": "#null", "uv": [ 0.0, 0.0, 13.5, 7.0 ], "enabled": false, "autoUv": false },
										"down": { "texture": "#null", "uv": [ 0.0, 0.0, 0.5, 0.5 ], "enabled": false }
									},
									"children": [
										{
											"name": "Cube18",
											"from": [ 0.0, -0.5, 0.0 ], 
											"to": [ 0.0, 0.0, 0.75 ], 
											"rotationOrigin": [ 0.0, 0.0, 0.45 ],
											"faces": {
												"north": { "texture": "#null", "uv": [ 0.0, 0.0, 0.5, 0.5 ], "enabled": false },
												"east": { "texture": "#sal_seed", "uv": [ 7.0, 4.0, 10.0, 6.0 ], "rotation": 180, "autoUv": false },
												"south": { "texture": "#null", "uv": [ 0.0, 0.0, 0.5, 0.5 ], "enabled": false },
												"west": { "texture": "#null", "uv": [ 0.0, 0.0, 0.5, 0.5 ], "enabled": false },
												"up": { "texture": "#null", "uv": [ 0.0, 0.0, 0.5, 0.5 ], "enabled": false },
												"down": { "texture": "#null", "uv": [ 0.0, 0.0, 0.5, 0.5 ], "enabled": false }
											}
										}
									]
								}
							]
						},
						{
							"name": "Cube21",
							"from": [ 0.0, 0.5, 0.0 ], 
							"to": [ 0.0, 0.785, 0.75 ], 
							"rotationOrigin": [ 0.0, 0.5, 0.3 ],
							"rotationZ": -27.0,
							"faces": {
								"north": { "texture": "#sal_seed", "uv": [ 0.0, 0.0, 1.0, 1.0 ], "enabled": false },
								"east": { "texture": "#sal_seed", "uv": [ 0.0, 0.0, 1.0, 1.0 ], "enabled": false },
								"south": { "texture": "#sal_seed", "uv": [ 0.0, 0.0, 1.0, 1.0 ], "enabled": false },
								"west": { "texture": "#sal_seed", "uv": [ 7.0, 11.0, 10.0, 12.0 ], "autoUv": false },
								"up": { "texture": "#sal_seed", "uv": [ 0.0, 0.0, 1.0, 1.0 ], "enabled": false },
								"down": { "texture": "#sal_seed", "uv": [ 0.0, 0.0, 1.0, 1.0 ], "enabled": false }
							}
						}
					]
				},
				{
					"name": "Cube22",
					"from": [ 0.61, 0.75, 0.5 ], 
					"to": [ 0.61, 1.25, 1.25 ], 
					"rotationOrigin": [ 0.62, 0.75, 1.0 ],
					"rotationY": 90.0,
					"faces": {
						"north": { "texture": "#sal_seed", "uv": [ 11.0, 0.0, 15.0, 4.0 ], "enabled": false, "autoUv": false },
						"east": { "texture": "#sal_seed", "uv": [ 7.0, 10.0, 10.0, 12.0 ], "autoUv": false },
						"south": { "texture": "#null", "uv": [ 0.0, 0.0, 0.5, 0.5 ], "enabled": false },
						"west": { "texture": "#null", "uv": [ 0.0, 0.0, 0.5, 0.5 ], "enabled": false },
						"up": { "texture": "#null", "uv": [ 0.0, 0.0, 0.5, 0.5 ], "enabled": false },
						"down": { "texture": "#null", "uv": [ 0.0, 0.0, 0.5, 0.5 ], "enabled": false }
					},
					"children": [
						{
							"name": "Cube23",
							"from": [ 0.0, -0.75, 0.0 ], 
							"to": [ 0.0, 0.0, 0.75 ], 
							"rotationOrigin": [ 0.0, 0.0, 0.6 ],
							"rotationZ": -12.0,
							"faces": {
								"north": { "texture": "#null", "uv": [ 0.0, 0.0, 0.5, 0.5 ], "enabled": false },
								"east": { "texture": "#sal_seed", "uv": [ 7.0, 8.0, 10.0, 11.0 ], "rotation": 180, "autoUv": false },
								"south": { "texture": "#null", "uv": [ 0.0, 0.0, 0.5, 0.5 ], "enabled": false },
								"west": { "texture": "#null", "uv": [ 0.0, 0.0, 0.5, 0.5 ], "enabled": false },
								"up": { "texture": "#null", "uv": [ 0.0, 0.0, 0.5, 0.5 ], "enabled": false },
								"down": { "texture": "#null", "uv": [ 0.0, 0.0, 0.5, 0.5 ], "enabled": false }
							},
							"children": [
								{
									"name": "Cube24",
									"from": [ 0.0, -0.5, 0.0 ], 
									"to": [ 0.0, 0.0, 0.75 ], 
									"rotationOrigin": [ 0.0, 0.0, 0.5 ],
									"rotationZ": -12.0,
									"faces": {
										"north": { "texture": "#null", "uv": [ 0.0, 0.0, 0.5, 0.5 ], "enabled": false },
										"east": { "texture": "#sal_seed", "uv": [ 7.0, 6.0, 10.0, 8.0 ], "rotation": 180, "autoUv": false },
										"south": { "texture": "#null", "uv": [ 0.0, 0.0, 0.5, 0.5 ], "enabled": false },
										"west": { "texture": "#null", "uv": [ 0.0, 0.0, 0.5, 0.5 ], "enabled": false },
										"up": { "texture": "#null", "uv": [ 0.0, 0.0, 13.5, 7.0 ], "enabled": false, "autoUv": false },
										"down": { "texture": "#null", "uv": [ 0.0, 0.0, 0.5, 0.5 ], "enabled": false }
									},
									"children": [
										{
											"name": "Cube25",
											"from": [ 0.0, -0.5, 0.0 ], 
											"to": [ 0.0, 0.0, 0.75 ], 
											"rotationOrigin": [ 0.0, 0.0, 0.45 ],
											"faces": {
												"north": { "texture": "#null", "uv": [ 0.0, 0.0, 0.5, 0.5 ], "enabled": false },
												"east": { "texture": "#sal_seed", "uv": [ 7.0, 4.0, 10.0, 6.0 ], "rotation": 180, "autoUv": false },
												"south": { "texture": "#null", "uv": [ 0.0, 0.0, 0.5, 0.5 ], "enabled": false },
												"west": { "texture": "#null", "uv": [ 0.0, 0.0, 0.5, 0.5 ], "enabled": false },
												"up": { "texture": "#null", "uv": [ 0.0, 0.0, 0.5, 0.5 ], "enabled": false },
												"down": { "texture": "#null", "uv": [ 0.0, 0.0, 0.5, 0.5 ], "enabled": false }
											}
										}
									]
								}
							]
						},
						{
							"name": "Cube26",
							"from": [ 0.0, 0.5, 0.0 ], 
							"to": [ 0.0, 0.785, 0.75 ], 
							"rotationOrigin": [ 0.0, 0.5, 0.3 ],
							"rotationZ": -27.0,
							"faces": {
								"north": { "texture": "#sal_seed", "uv": [ 0.0, 0.0, 1.0, 1.0 ], "enabled": false },
								"east": { "texture": "#sal_seed", "uv": [ 0.0, 0.0, 1.0, 1.0 ], "enabled": false },
								"south": { "texture": "#sal_seed", "uv": [ 0.0, 0.0, 1.0, 1.0 ], "enabled": false },
								"west": { "texture": "#sal_seed", "uv": [ 7.0, 11.0, 10.0, 12.0 ], "autoUv": false },
								"up": { "texture": "#sal_seed", "uv": [ 0.0, 0.0, 1.0, 1.0 ], "enabled": false },
								"down": { "texture": "#sal_seed", "uv": [ 0.0, 0.0, 1.0, 1.0 ], "enabled": false }
							}
						}
					]
				}
			]
		}
	]}