﻿[
  {
    "op": "addeach",
    "path": "/ingredients/0/validStacks/-",
    "value": [{ type: "item", code: "expandedfoods:wildfruitsyrupportion-huckleberry",  shapeElement: "bowl/syrup/*", textureMapping: ["syrup", "huckleberrysyrup"] }, { type: "item", code: "expandedfoods:wildfruitsyrupportion-huckleberry",  shapeElement: "bowl/syrup/*", textureMapping: ["syrup", "huckleberrysyrup"] }, { type: "item", code: "expandedfoods:wildfruitsyrupportion-brambleberry",  shapeElement: "bowl/syrup/*", textureMapping: ["syrup", "brambleberrysyrup"] }, { type: "item", code: "expandedfoods:wildfruitsyrupportion-dogrose",  shapeElement: "bowl/syrup/*", textureMapping: ["syrup", "dogrosesyrup"] }, { type: "item", code: "expandedfoods:wildfruitsyrupportion-gooseberry",  shapeElement: "bowl/syrup/*", textureMapping: ["syrup", "gooseberrysyrup"] }, { type: "item", code: "expandedfoods:wildfruitsyrupportion-honeysuckle",  shapeElement: "bowl/syrup/*", textureMapping: ["syrup", "honeysucklesyrup"] }, { type: "item", code: "expandedfoods:wildfruitsyrupportion-snowberry",  shapeElement: "bowl/syrup/*", textureMapping: ["syrup", "snowberrysyrup"] }, { type: "item", code: "expandedfoods:wildfruitsyrupportion-elderberry",  shapeElement: "bowl/syrup/*", textureMapping: ["syrup", "elderberrysyrup"] }, { type: "item", code: "expandedfoods:wildfruitsyrupportion-strawberry",  shapeElement: "bowl/syrup/*", textureMapping: ["syrup", "strawberrysyrup"] }, { type: "item", code: "expandedfoods:wildfruitsyrupportion-cloudberry",  shapeElement: "bowl/syrup/*", textureMapping: ["syrup", "cloudberrysyrup"] }, { type: "item", code: "expandedfoods:wildfruitsyrupportion-raspberry",  shapeElement: "bowl/syrup/*", textureMapping: ["syrup", "raspberrysyrup"] }, ],
    "file": "game:recipes/cooking/compote.json",
    "side": "server",
    dependsOn: [{ "modid": "wildcraft" }]
  },
  {
    "op": "addeach",
    "path": "/ingredients/1/validStacks/-",
    "value": [{ type: "item", code: "wildcraft:fruit-elderberry",  shapeElement: "bowl/fruit 1/*", textureMapping: ["fruit", "group16"] }, { type: "item", code: "wildcraft:fruit-snowberry",  shapeElement: "bowl/fruit 1/*", textureMapping: ["fruit", "group17"] }, { type: "item", code: "wildcraft:fruit-cloudberry",  shapeElement: "bowl/fruit 1/*", textureMapping: ["fruit", "group18"] }, { type: "item", code: "wildcraft:fruit-raspberry",  shapeElement: "bowl/fruit 1/*", textureMapping: ["fruit", "group19"] },  { type: "item", code: "wildcraft:fruit-dogrose",  shapeElement: "bowl/fruit 1/*", textureMapping: ["fruit", "group20"] },  { type: "item", code: "wildcraft:fruit-brambleberry",  shapeElement: "bowl/fruit 1/*", textureMapping: ["fruit", "group21"] },  { type: "item", code: "wildcraft:fruit-honeysuckle", shapeElement: "bowl/fruit 1/*", textureMapping: ["fruit", "group22"] },  { type: "item", code: "wildcraft:fruit-gooseberry", shapeElement: "bowl/fruit 1/*", textureMapping: ["fruit", "group23"] },  { type: "item", code: "wildcraft:fruit-huckleberry", shapeElement: "bowl/fruit 1/*", textureMapping: ["fruit", "group24"] },  { type: "item", code: "wildcraft:fruit-strawberry", shapeElement: "bowl/fruit 1/*", textureMapping: ["fruit", "group25"] },  { type: "item", code: "expandedfoods:wilddryfruit-elderberry", shapeElement: "bowl/fruit 1/*", textureMapping: ["fruit", "group16"] }, { type: "item", code: "expandedfoods:wilddryfruit-snowberry",  shapeElement: "bowl/fruit 1/*", textureMapping: ["fruit", "group17"] }, { type: "item", code: "expandedfoods:wilddryfruit-cloudberry",  shapeElement: "bowl/fruit 1/*", textureMapping: ["fruit", "group18"] }, { type: "item", code: "expandedfoods:wilddryfruit-raspberry",  shapeElement: "bowl/fruit 1/*", textureMapping: ["fruit", "group19"] }, { type: "item", code: "expandedfoods:wilddryfruit-dogrose",  shapeElement: "bowl/fruit 1/*", textureMapping: ["fruit", "group20"] }, { type: "item", code: "expandedfoods:wilddryfruit-brambleberry",  shapeElement: "bowl/fruit 1/*", textureMapping: ["fruit", "group21"] }, { type: "item", code: "expandedfoods:wilddryfruit-honeysuckle",  shapeElement: "bowl/fruit 1/*", textureMapping: ["fruit", "group22"] }, { type: "item", code: "expandedfoods:wilddryfruit-gooseberry",  shapeElement: "bowl/fruit 1/*", textureMapping: ["fruit", "group23"] }, { type: "item", code: "expandedfoods:wilddryfruit-huckleberry",  shapeElement: "bowl/fruit 1/*", textureMapping: ["fruit", "group24"] }, { type: "item", code: "expandedfoods:wilddryfruit-strawberry",  shapeElement: "bowl/fruit 1/*", textureMapping: ["fruit", "group25"] }, { type: "item", code: "expandedfoods:wilddehydratedfruit-elderberry",  shapeElement: "bowl/fruit 1/*", textureMapping: ["fruit", "group16"] }, { type: "item", code: "expandedfoods:wilddehydratedfruit-snowberry",  shapeElement: "bowl/fruit 1/*", textureMapping: ["fruit", "group17"] }, { type: "item", code: "expandedfoods:wilddehydratedfruit-cloudberry",  shapeElement: "bowl/fruit 1/*", textureMapping: ["fruit", "group18"] }, { type: "item", code: "expandedfoods:wilddehydratedfruit-raspberry",  shapeElement: "bowl/fruit 1/*", textureMapping: ["fruit", "group19"] }, { type: "item", code: "expandedfoods:wilddehydratedfruit-dogrose",  shapeElement: "bowl/fruit 1/*", textureMapping: ["fruit", "group20"] }, { type: "item", code: "expandedfoods:wilddehydratedfruit-brambleberry",  shapeElement: "bowl/fruit 1/*", textureMapping: ["fruit", "group21"] }, { type: "item", code: "expandedfoods:wilddehydratedfruit-honeysuckle",  shapeElement: "bowl/fruit 1/*", textureMapping: ["fruit", "group22"] }, { type: "item", code: "expandedfoods:wilddehydratedfruit-gooseberry",  shapeElement: "bowl/fruit 1/*", textureMapping: ["fruit", "group23"] }, { type: "item", code: "expandedfoods:wilddehydratedfruit-huckleberry",  shapeElement: "bowl/fruit 1/*", textureMapping: ["fruit", "group24"] }, { type: "item", code: "expandedfoods:wilddehydratedfruit-strawberry",  shapeElement: "bowl/fruit 1/*", textureMapping: ["fruit", "group25"] },],
    "file": "game:recipes/cooking/compote.json",
    "side": "server",
    dependsOn: [{ "modid": "wildcraft" }]
  },
  {
    "op": "addeach",
    "path": "/ingredients/2/validStacks/-",
    "value": [{ type: "item", code: "wildcraft:fruit-elderberry",  shapeElement: "bowl/fruit 2/*", textureMapping: ["fruit", "group16"] }, { type: "item", code: "wildcraft:fruit-snowberry",  shapeElement: "bowl/fruit 2/*", textureMapping: ["fruit", "group17"] }, { type: "item", code: "wildcraft:fruit-cloudberry",  shapeElement: "bowl/fruit 2/*", textureMapping: ["fruit", "group18"] }, { type: "item", code: "wildcraft:fruit-raspberry",  shapeElement: "bowl/fruit 2/*", textureMapping: ["fruit", "group19"] },  { type: "item", code: "wildcraft:fruit-dogrose",  shapeElement: "bowl/fruit 2/*", textureMapping: ["fruit", "group20"] },  { type: "item", code: "wildcraft:fruit-brambleberry",  shapeElement: "bowl/fruit 2/*", textureMapping: ["fruit", "group21"] },  { type: "item", code: "wildcraft:fruit-honeysuckle", shapeElement: "bowl/fruit 2/*", textureMapping: ["fruit", "group22"] },  { type: "item", code: "wildcraft:fruit-gooseberry", shapeElement: "bowl/fruit 2/*", textureMapping: ["fruit", "group23"] },  { type: "item", code: "wildcraft:fruit-huckleberry", shapeElement: "bowl/fruit 2/*", textureMapping: ["fruit", "group24"] },  { type: "item", code: "wildcraft:fruit-strawberry", shapeElement: "bowl/fruit 2/*", textureMapping: ["fruit", "group25"] },  { type: "item", code: "expandedfoods:wilddryfruit-elderberry", shapeElement: "bowl/fruit 2/*", textureMapping: ["fruit", "group16"] }, { type: "item", code: "expandedfoods:wilddryfruit-snowberry",  shapeElement: "bowl/fruit 2/*", textureMapping: ["fruit", "group17"] }, { type: "item", code: "expandedfoods:wilddryfruit-cloudberry",  shapeElement: "bowl/fruit 2/*", textureMapping: ["fruit", "group18"] }, { type: "item", code: "expandedfoods:wilddryfruit-raspberry",  shapeElement: "bowl/fruit 2/*", textureMapping: ["fruit", "group19"] }, { type: "item", code: "expandedfoods:wilddryfruit-dogrose",  shapeElement: "bowl/fruit 2/*", textureMapping: ["fruit", "group20"] }, { type: "item", code: "expandedfoods:wilddryfruit-brambleberry",  shapeElement: "bowl/fruit 2/*", textureMapping: ["fruit", "group21"] }, { type: "item", code: "expandedfoods:wilddryfruit-honeysuckle",  shapeElement: "bowl/fruit 2/*", textureMapping: ["fruit", "group22"] }, { type: "item", code: "expandedfoods:wilddryfruit-gooseberry",  shapeElement: "bowl/fruit 2/*", textureMapping: ["fruit", "group23"] }, { type: "item", code: "expandedfoods:wilddryfruit-huckleberry",  shapeElement: "bowl/fruit 2/*", textureMapping: ["fruit", "group24"] }, { type: "item", code: "expandedfoods:wilddryfruit-strawberry",  shapeElement: "bowl/fruit 2/*", textureMapping: ["fruit", "group25"] }, { type: "item", code: "expandedfoods:wilddehydratedfruit-elderberry",  shapeElement: "bowl/fruit 2/*", textureMapping: ["fruit", "group16"] }, { type: "item", code: "expandedfoods:wilddehydratedfruit-snowberry",  shapeElement: "bowl/fruit 2/*", textureMapping: ["fruit", "group17"] }, { type: "item", code: "expandedfoods:wilddehydratedfruit-cloudberry",  shapeElement: "bowl/fruit 2/*", textureMapping: ["fruit", "group18"] }, { type: "item", code: "expandedfoods:wilddehydratedfruit-raspberry",  shapeElement: "bowl/fruit 2/*", textureMapping: ["fruit", "group19"] }, { type: "item", code: "expandedfoods:wilddehydratedfruit-dogrose",  shapeElement: "bowl/fruit 2/*", textureMapping: ["fruit", "group20"] }, { type: "item", code: "expandedfoods:wilddehydratedfruit-brambleberry",  shapeElement: "bowl/fruit 2/*", textureMapping: ["fruit", "group21"] }, { type: "item", code: "expandedfoods:wilddehydratedfruit-honeysuckle",  shapeElement: "bowl/fruit 2/*", textureMapping: ["fruit", "group22"] }, { type: "item", code: "expandedfoods:wilddehydratedfruit-gooseberry",  shapeElement: "bowl/fruit 2/*", textureMapping: ["fruit", "group23"] }, { type: "item", code: "expandedfoods:wilddehydratedfruit-huckleberry",  shapeElement: "bowl/fruit 2/*", textureMapping: ["fruit", "group24"] }, { type: "item", code: "expandedfoods:wilddehydratedfruit-strawberry",  shapeElement: "bowl/fruit 2/*", textureMapping: ["fruit", "group25"] },],
    "file": "game:recipes/cooking/compote.json",
    "side": "server",
    dependsOn: [{ "modid": "wildcraft" }]
  },
  {
    "op": "addeach",
    "path": "/ingredients/3/validStacks/-",
    "value": [{ type: "item", code: "wildcraft:fruit-elderberry",  shapeElement: "bowl/fruit 3/*", textureMapping: ["fruit", "group16"] }, { type: "item", code: "wildcraft:fruit-snowberry",  shapeElement: "bowl/fruit 3/*", textureMapping: ["fruit", "group17"] }, { type: "item", code: "wildcraft:fruit-cloudberry",  shapeElement: "bowl/fruit 3/*", textureMapping: ["fruit", "group18"] }, { type: "item", code: "wildcraft:fruit-raspberry",  shapeElement: "bowl/fruit 3/*", textureMapping: ["fruit", "group19"] },  { type: "item", code: "wildcraft:fruit-dogrose",  shapeElement: "bowl/fruit 3/*", textureMapping: ["fruit", "group20"] },  { type: "item", code: "wildcraft:fruit-brambleberry",  shapeElement: "bowl/fruit 3/*", textureMapping: ["fruit", "group21"] },  { type: "item", code: "wildcraft:fruit-honeysuckle", shapeElement: "bowl/fruit 3/*", textureMapping: ["fruit", "group22"] },  { type: "item", code: "wildcraft:fruit-gooseberry", shapeElement: "bowl/fruit 3/*", textureMapping: ["fruit", "group23"] },  { type: "item", code: "wildcraft:fruit-huckleberry", shapeElement: "bowl/fruit 3/*", textureMapping: ["fruit", "group24"] },  { type: "item", code: "wildcraft:fruit-strawberry", shapeElement: "bowl/fruit 3/*", textureMapping: ["fruit", "group25"] },  { type: "item", code: "expandedfoods:wilddryfruit-elderberry", shapeElement: "bowl/fruit 3/*", textureMapping: ["fruit", "group16"] }, { type: "item", code: "expandedfoods:wilddryfruit-snowberry",  shapeElement: "bowl/fruit 3/*", textureMapping: ["fruit", "group17"] }, { type: "item", code: "expandedfoods:wilddryfruit-cloudberry",  shapeElement: "bowl/fruit 3/*", textureMapping: ["fruit", "group18"] }, { type: "item", code: "expandedfoods:wilddryfruit-raspberry",  shapeElement: "bowl/fruit 3/*", textureMapping: ["fruit", "group19"] }, { type: "item", code: "expandedfoods:wilddryfruit-dogrose",  shapeElement: "bowl/fruit 3/*", textureMapping: ["fruit", "group20"] }, { type: "item", code: "expandedfoods:wilddryfruit-brambleberry",  shapeElement: "bowl/fruit 3/*", textureMapping: ["fruit", "group21"] }, { type: "item", code: "expandedfoods:wilddryfruit-honeysuckle",  shapeElement: "bowl/fruit 3/*", textureMapping: ["fruit", "group22"] }, { type: "item", code: "expandedfoods:wilddryfruit-gooseberry",  shapeElement: "bowl/fruit 3/*", textureMapping: ["fruit", "group23"] }, { type: "item", code: "expandedfoods:wilddryfruit-huckleberry",  shapeElement: "bowl/fruit 3/*", textureMapping: ["fruit", "group24"] }, { type: "item", code: "expandedfoods:wilddryfruit-strawberry",  shapeElement: "bowl/fruit 3/*", textureMapping: ["fruit", "group25"] }, { type: "item", code: "expandedfoods:wilddehydratedfruit-elderberry",  shapeElement: "bowl/fruit 3/*", textureMapping: ["fruit", "group16"] }, { type: "item", code: "expandedfoods:wilddehydratedfruit-snowberry",  shapeElement: "bowl/fruit 3/*", textureMapping: ["fruit", "group17"] }, { type: "item", code: "expandedfoods:wilddehydratedfruit-cloudberry",  shapeElement: "bowl/fruit 3/*", textureMapping: ["fruit", "group18"] }, { type: "item", code: "expandedfoods:wilddehydratedfruit-raspberry",  shapeElement: "bowl/fruit 3/*", textureMapping: ["fruit", "group19"] }, { type: "item", code: "expandedfoods:wilddehydratedfruit-dogrose",  shapeElement: "bowl/fruit 3/*", textureMapping: ["fruit", "group20"] }, { type: "item", code: "expandedfoods:wilddehydratedfruit-brambleberry",  shapeElement: "bowl/fruit 3/*", textureMapping: ["fruit", "group21"] }, { type: "item", code: "expandedfoods:wilddehydratedfruit-honeysuckle",  shapeElement: "bowl/fruit 3/*", textureMapping: ["fruit", "group22"] }, { type: "item", code: "expandedfoods:wilddehydratedfruit-gooseberry",  shapeElement: "bowl/fruit 3/*", textureMapping: ["fruit", "group23"] }, { type: "item", code: "expandedfoods:wilddehydratedfruit-huckleberry",  shapeElement: "bowl/fruit 3/*", textureMapping: ["fruit", "group24"] }, { type: "item", code: "expandedfoods:wilddehydratedfruit-strawberry",  shapeElement: "bowl/fruit 3/*", textureMapping: ["fruit", "group25"] },],
    "file": "game:recipes/cooking/compote.json",
    "side": "server",
    dependsOn: [{ "modid": "wildcraft" }]
  },
  {
    "op": "addeach",
    "path": "/ingredients/4/validStacks/-",
    "value": [{ type: "item", code: "expandedfoods:wildfruitsyrupportion-huckleberry",  shapeElement: "bowl/topping/*", textureMapping: ["topping", "huckleberrysyrup"] }, { type: "item", code: "expandedfoods:wildfruitsyrupportion-huckleberry",  shapeElement: "bowl/topping/*", textureMapping: ["topping", "huckleberrysyrup"] }, { type: "item", code: "expandedfoods:wildfruitsyrupportion-brambleberry",  shapeElement: "bowl/topping/*", textureMapping: ["topping", "brambleberrysyrup"] }, { type: "item", code: "expandedfoods:wildfruitsyrupportion-dogrose",  shapeElement: "bowl/topping/*", textureMapping: ["topping", "dogrosesyrup"] }, { type: "item", code: "expandedfoods:wildfruitsyrupportion-gooseberry",  shapeElement: "bowl/topping/*", textureMapping: ["topping", "gooseberrysyrup"] }, { type: "item", code: "expandedfoods:wildfruitsyrupportion-honeysuckle",  shapeElement: "bowl/topping/*", textureMapping: ["topping", "honeysucklesyrup"] }, { type: "item", code: "expandedfoods:wildfruitsyrupportion-snowberry",  shapeElement: "bowl/topping/*", textureMapping: ["topping", "snowberrysyrup"] }, { type: "item", code: "expandedfoods:wildfruitsyrupportion-elderberry",  shapeElement: "bowl/topping/*", textureMapping: ["topping", "elderberrysyrup"] }, { type: "item", code: "expandedfoods:wildfruitsyrupportion-strawberry",  shapeElement: "bowl/topping/*", textureMapping: ["topping", "strawberrysyrup"] }, { type: "item", code: "expandedfoods:wildfruitsyrupportion-cloudberry",  shapeElement: "bowl/topping/*", textureMapping: ["topping", "cloudberrysyrup"] }, { type: "item", code: "expandedfoods:wildfruitsyrupportion-raspberry",  shapeElement: "bowl/topping/*", textureMapping: ["topping", "raspberrysyrup"] }, { type: "item", code: "expandedfoods:gelatin-elderberry",  shapeElement: "bowl/topping/*", textureMapping: ["topping", "gelatinelderberry"] }, { type: "item", code: "expandedfoods:gelatin-snowberry",  shapeElement: "bowl/topping/*", textureMapping: ["topping", "gelatinsnowberry"] }, { type: "item", code: "expandedfoods:gelatin-dogrose",  shapeElement: "bowl/topping/*", textureMapping: ["topping", "gelatindogrose"] }, { type: "item", code: "expandedfoods:gelatin-cloudberry",  shapeElement: "bowl/topping/*", textureMapping: ["topping", "gelatincloudberry"] }, { type: "item", code: "expandedfoods:gelatin-raspberry",  shapeElement: "bowl/topping/*", textureMapping: ["topping", "gelatinraspberry"] }, { type: "item", code: "expandedfoods:gelatin-brambleberry",  shapeElement: "bowl/topping/*", textureMapping: ["topping", "gelatinbrambleberry"] }, { type: "item", code: "expandedfoods:gelatin-honeysuckle",  shapeElement: "bowl/topping/*", textureMapping: ["topping", "gelatinhoneysuckle"] }, { type: "item", code: "expandedfoods:gelatin-gooseberry",  shapeElement: "bowl/topping/*", textureMapping: ["topping", "gelatingooseberry"] }, { type: "item", code: "expandedfoods:gelatin-huckleberry",  shapeElement: "bowl/topping/*", textureMapping: ["topping", "gelatinhuckleberry"] }, { type: "item", code: "expandedfoods:gelatin-strawberry",  shapeElement: "bowl/topping/*", textureMapping: ["topping", "gelatinstrawberry"] },],
    "file": "game:recipes/cooking/compote.json",
    "side": "server",
    dependsOn: [{ "modid": "wildcraft" }]
  },
]