﻿[
  {
    "op": "addeach",
    "path": "/ingredients/6/validStacks/-",
    "value": [{ type: "item", code: "wildcraft:fruit-elderberry",  shapeElement: "bowl/fruit 1/*", textureMapping: ["fruit", "group16"] }, { type: "item", code: "wildcraft:fruit-snowberry",  shapeElement: "bowl/fruit 1/*", textureMapping: ["fruit", "group17"] }, { type: "item", code: "wildcraft:fruit-cloudberry",  shapeElement: "bowl/fruit 1/*", textureMapping: ["fruit", "group18"] }, { type: "item", code: "wildcraft:fruit-raspberry",  shapeElement: "bowl/fruit 1/*", textureMapping: ["fruit", "group19"] },  { type: "item", code: "wildcraft:fruit-dogrose",  shapeElement: "bowl/fruit 1/*", textureMapping: ["fruit", "group20"] },  { type: "item", code: "wildcraft:fruit-brambleberry",  shapeElement: "bowl/fruit 1/*", textureMapping: ["fruit", "group21"] },  { type: "item", code: "wildcraft:fruit-honeysuckle", shapeElement: "bowl/fruit 1/*", textureMapping: ["fruit", "group22"] },  { type: "item", code: "wildcraft:fruit-gooseberry", shapeElement: "bowl/fruit 1/*", textureMapping: ["fruit", "group23"] },  { type: "item", code: "wildcraft:fruit-huckleberry", shapeElement: "bowl/fruit 1/*", textureMapping: ["fruit", "group24"] },  { type: "item", code: "wildcraft:fruit-strawberry", shapeElement: "bowl/fruit 1/*", textureMapping: ["fruit", "group25"] },  { type: "item", code: "expandedfoods:wilddryfruit-elderberry", shapeElement: "bowl/fruit 1/*", textureMapping: ["fruit", "group16"] }, { type: "item", code: "expandedfoods:wilddryfruit-snowberry",  shapeElement: "bowl/fruit 1/*", textureMapping: ["fruit", "group17"] }, { type: "item", code: "expandedfoods:wilddryfruit-cloudberry",  shapeElement: "bowl/fruit 1/*", textureMapping: ["fruit", "group18"] }, { type: "item", code: "expandedfoods:wilddryfruit-raspberry",  shapeElement: "bowl/fruit 1/*", textureMapping: ["fruit", "group19"] }, { type: "item", code: "expandedfoods:wilddryfruit-dogrose",  shapeElement: "bowl/fruit 1/*", textureMapping: ["fruit", "group20"] }, { type: "item", code: "expandedfoods:wilddryfruit-brambleberry",  shapeElement: "bowl/fruit 1/*", textureMapping: ["fruit", "group21"] }, { type: "item", code: "expandedfoods:wilddryfruit-honeysuckle",  shapeElement: "bowl/fruit 1/*", textureMapping: ["fruit", "group22"] }, { type: "item", code: "expandedfoods:wilddryfruit-gooseberry",  shapeElement: "bowl/fruit 1/*", textureMapping: ["fruit", "group23"] }, { type: "item", code: "expandedfoods:wilddryfruit-huckleberry",  shapeElement: "bowl/fruit 1/*", textureMapping: ["fruit", "group24"] }, { type: "item", code: "expandedfoods:wilddryfruit-strawberry",  shapeElement: "bowl/fruit 1/*", textureMapping: ["fruit", "group25"] }, { type: "item", code: "expandedfoods:wilddehydratedfruit-elderberry",  shapeElement: "bowl/fruit 1/*", textureMapping: ["fruit", "group16"] }, { type: "item", code: "expandedfoods:wilddehydratedfruit-snowberry",  shapeElement: "bowl/fruit 1/*", textureMapping: ["fruit", "group17"] }, { type: "item", code: "expandedfoods:wilddehydratedfruit-cloudberry",  shapeElement: "bowl/fruit 1/*", textureMapping: ["fruit", "group18"] }, { type: "item", code: "expandedfoods:wilddehydratedfruit-raspberry",  shapeElement: "bowl/fruit 1/*", textureMapping: ["fruit", "group19"] }, { type: "item", code: "expandedfoods:wilddehydratedfruit-dogrose",  shapeElement: "bowl/fruit 1/*", textureMapping: ["fruit", "group20"] }, { type: "item", code: "expandedfoods:wilddehydratedfruit-brambleberry",  shapeElement: "bowl/fruit 1/*", textureMapping: ["fruit", "group21"] }, { type: "item", code: "expandedfoods:wilddehydratedfruit-honeysuckle",  shapeElement: "bowl/fruit 1/*", textureMapping: ["fruit", "group22"] }, { type: "item", code: "expandedfoods:wilddehydratedfruit-gooseberry",  shapeElement: "bowl/fruit 1/*", textureMapping: ["fruit", "group23"] }, { type: "item", code: "expandedfoods:wilddehydratedfruit-huckleberry",  shapeElement: "bowl/fruit 1/*", textureMapping: ["fruit", "group24"] }, { type: "item", code: "expandedfoods:wilddehydratedfruit-strawberry",  shapeElement: "bowl/fruit 1/*", textureMapping: ["fruit", "group25"] },],
    "file": "recipes/mixing/salad.json",
    "side": "server",
    dependsOn: [{ "modid": "wildcraft" }] 
  },
  {
    "op": "addeach",
    "path": "/ingredients/7/validStacks/-",
    "value": [{ type: "item", code: "wildcraft:fruit-elderberry",  shapeElement: "bowl/fruit 2/*", textureMapping: ["fruit", "group16"] }, { type: "item", code: "wildcraft:fruit-snowberry",  shapeElement: "bowl/fruit 2/*", textureMapping: ["fruit", "group17"] }, { type: "item", code: "wildcraft:fruit-cloudberry",  shapeElement: "bowl/fruit 2/*", textureMapping: ["fruit", "group18"] }, { type: "item", code: "wildcraft:fruit-raspberry",  shapeElement: "bowl/fruit 2/*", textureMapping: ["fruit", "group19"] },  { type: "item", code: "wildcraft:fruit-dogrose",  shapeElement: "bowl/fruit 2/*", textureMapping: ["fruit", "group20"] },  { type: "item", code: "wildcraft:fruit-brambleberry",  shapeElement: "bowl/fruit 2/*", textureMapping: ["fruit", "group21"] },  { type: "item", code: "wildcraft:fruit-honeysuckle", shapeElement: "bowl/fruit 2/*", textureMapping: ["fruit", "group22"] },  { type: "item", code: "wildcraft:fruit-gooseberry", shapeElement: "bowl/fruit 2/*", textureMapping: ["fruit", "group23"] },  { type: "item", code: "wildcraft:fruit-huckleberry", shapeElement: "bowl/fruit 2/*", textureMapping: ["fruit", "group24"] },  { type: "item", code: "wildcraft:fruit-strawberry", shapeElement: "bowl/fruit 2/*", textureMapping: ["fruit", "group25"] },  { type: "item", code: "expandedfoods:wilddryfruit-elderberry", shapeElement: "bowl/fruit 2/*", textureMapping: ["fruit", "group16"] }, { type: "item", code: "expandedfoods:wilddryfruit-snowberry",  shapeElement: "bowl/fruit 2/*", textureMapping: ["fruit", "group17"] }, { type: "item", code: "expandedfoods:wilddryfruit-cloudberry",  shapeElement: "bowl/fruit 2/*", textureMapping: ["fruit", "group18"] }, { type: "item", code: "expandedfoods:wilddryfruit-raspberry",  shapeElement: "bowl/fruit 2/*", textureMapping: ["fruit", "group19"] }, { type: "item", code: "expandedfoods:wilddryfruit-dogrose",  shapeElement: "bowl/fruit 2/*", textureMapping: ["fruit", "group20"] }, { type: "item", code: "expandedfoods:wilddryfruit-brambleberry",  shapeElement: "bowl/fruit 2/*", textureMapping: ["fruit", "group21"] }, { type: "item", code: "expandedfoods:wilddryfruit-honeysuckle",  shapeElement: "bowl/fruit 2/*", textureMapping: ["fruit", "group22"] }, { type: "item", code: "expandedfoods:wilddryfruit-gooseberry",  shapeElement: "bowl/fruit 2/*", textureMapping: ["fruit", "group23"] }, { type: "item", code: "expandedfoods:wilddryfruit-huckleberry",  shapeElement: "bowl/fruit 2/*", textureMapping: ["fruit", "group24"] }, { type: "item", code: "expandedfoods:wilddryfruit-strawberry",  shapeElement: "bowl/fruit 2/*", textureMapping: ["fruit", "group25"] }, { type: "item", code: "expandedfoods:wilddehydratedfruit-elderberry",  shapeElement: "bowl/fruit 2/*", textureMapping: ["fruit", "group16"] }, { type: "item", code: "expandedfoods:wilddehydratedfruit-snowberry",  shapeElement: "bowl/fruit 2/*", textureMapping: ["fruit", "group17"] }, { type: "item", code: "expandedfoods:wilddehydratedfruit-cloudberry",  shapeElement: "bowl/fruit 2/*", textureMapping: ["fruit", "group18"] }, { type: "item", code: "expandedfoods:wilddehydratedfruit-raspberry",  shapeElement: "bowl/fruit 2/*", textureMapping: ["fruit", "group19"] }, { type: "item", code: "expandedfoods:wilddehydratedfruit-dogrose",  shapeElement: "bowl/fruit 2/*", textureMapping: ["fruit", "group20"] }, { type: "item", code: "expandedfoods:wilddehydratedfruit-brambleberry",  shapeElement: "bowl/fruit 2/*", textureMapping: ["fruit", "group21"] }, { type: "item", code: "expandedfoods:wilddehydratedfruit-honeysuckle",  shapeElement: "bowl/fruit 2/*", textureMapping: ["fruit", "group22"] }, { type: "item", code: "expandedfoods:wilddehydratedfruit-gooseberry",  shapeElement: "bowl/fruit 2/*", textureMapping: ["fruit", "group23"] }, { type: "item", code: "expandedfoods:wilddehydratedfruit-huckleberry",  shapeElement: "bowl/fruit 2/*", textureMapping: ["fruit", "group24"] }, { type: "item", code: "expandedfoods:wilddehydratedfruit-strawberry",  shapeElement: "bowl/fruit 2/*", textureMapping: ["fruit", "group25"] },],
    "file": "recipes/mixing/salad.json",
    "side": "server",
    dependsOn: [{ "modid": "wildcraft" }]
  },
  {
    "op": "addeach",
    "path": "/ingredients/8/validStacks/-",
    "value": [{ type: "item", code: "expandedfoods:wildfruitsyrupportion-huckleberry",  shapeElement: "bowl/topping/*", textureMapping: ["topping", "huckleberrysyrup"] }, { type: "item", code: "expandedfoods:wildfruitsyrupportion-huckleberry",  shapeElement: "bowl/topping/*", textureMapping: ["topping", "huckleberrysyrup"] }, { type: "item", code: "expandedfoods:wildfruitsyrupportion-brambleberry",  shapeElement: "bowl/topping/*", textureMapping: ["topping", "brambleberrysyrup"] }, { type: "item", code: "expandedfoods:wildfruitsyrupportion-dogrose",  shapeElement: "bowl/topping/*", textureMapping: ["topping", "dogrosesyrup"] }, { type: "item", code: "expandedfoods:wildfruitsyrupportion-gooseberry",  shapeElement: "bowl/topping/*", textureMapping: ["topping", "gooseberrysyrup"] }, { type: "item", code: "expandedfoods:wildfruitsyrupportion-honeysuckle",  shapeElement: "bowl/topping/*", textureMapping: ["topping", "honeysucklesyrup"] }, { type: "item", code: "expandedfoods:wildfruitsyrupportion-snowberry",  shapeElement: "bowl/topping/*", textureMapping: ["topping", "snowberrysyrup"] }, { type: "item", code: "expandedfoods:wildfruitsyrupportion-elderberry",  shapeElement: "bowl/topping/*", textureMapping: ["topping", "elderberrysyrup"] }, { type: "item", code: "expandedfoods:wildfruitsyrupportion-strawberry",  shapeElement: "bowl/topping/*", textureMapping: ["topping", "strawberrysyrup"] }, { type: "item", code: "expandedfoods:wildfruitsyrupportion-cloudberry",  shapeElement: "bowl/topping/*", textureMapping: ["topping", "cloudberrysyrup"] }, { type: "item", code: "expandedfoods:wildfruitsyrupportion-raspberry",  shapeElement: "bowl/topping/*", textureMapping: ["topping", "raspberrysyrup"] }, ],
    "file": "recipes/mixing/salad.json",
    "side": "server",
    dependsOn: [{ "modid": "wildcraft" }]
  },
]