{
  "code": "twine",
  "shape": { "base": "game:item/resource/flaxtwine" },
  "textures": {
    "kapok": { "base": "game:block/wood/debarked/kapok" },
    "linenByType": {
      "*-cotton": { "base": "block/cotton" },
      "*-wool": { "base": "game:block/cloth/wool/white1" },
      "*-jute": { "base": "block/cloth/burlap/normal1" }
    }
  },
  "attributes": {
    "clothingRepairStrength": 0.1
  },
  "variantGroups": [{ "code": "material", "states": ["cotton", "wool", "jute"] }],
  "creativeinventory": { "general": ["*"], "items": ["*"], "hideandfabric": ["*"] },
  "maxstacksize": 32,
  "materialDensity": 210,
  "guiTransform": {
    "rotation": { "x": 1, "y": 43, "z": -37 },
    "origin": { "x": 0.5, "y": 0.1, "z": 0.5 },
    "scale": 2.41
  },
  "fpHandTransform": {
    "rotation": { "x": 109, "y": 89, "z": -42 },
    "origin": { "x": 0.6, "y": 0.3, "z": 0.5 },
    "scale": 1.48
  },
  "tpHandTransform": {
    "translation": { "x": -1, "y": -1, "z": -1.3 },
    "rotation": { "x": -93, "y": -3, "z": -5 },
    "scale": 0.51
  },
  "groundTransform": {
    "translation": { "x": 0, "y": 0, "z": 0 },
    "rotation": { "x": 90, "y": 0, "z": 0 },
    "origin": { "x": 0.5, "y": 0.5, "z": 0.5299 },
    "scale": 2.19
  }
}
                                                                   