{
  "code": "fibers",
  "shape": { "base": "game:item/resource/flaxfibers" },
  "shapeByType": {
    "*-cotton":{
      "base": "item/resource/cottonfibers" 
    },
		"*": {
			"base": "game:item/resource/flaxfibers" 
		}
	},
  "texturesByType": {
    "*-cotton":{
      "cottonplant": { "base": "item/resource/cottonplant" }
    },
    "*": {
      "fibers": { "base": "item/resource/{material}fibers" }
    }
  },
  "variantGroups": [{ "code": "material", "states": ["cotton", "wool", "jute"] }],
  "creativeinventory": { "general": ["*"], "items": ["*"], "hideandfabric": ["*"] },
  "maxstacksize": 64,
  "materialDensity": 120,
  "guiTransformByType": {
    "*-cotton":{
        "translation": { "x": 2, "y": -7, "z": 0 },
        "rotation": { "x": -125, "y": 15, "z": 15 },
        "origin": { "x": 0, "y": 0, "z": 0 },
        "scale": 3.8
    },
    "*":{
      "rotation": { "x": 120, "y": 11, "z": -30 },
      "origin": { "x": 0.45, "y": 0.3, "z": 0.4 },
      "scale": 1.69
    }
  },
  "fpHandTransformByType": {
    "*-cotton":{
        "translation": { "x": 0.05, "y": 0.7, "z": 0 },
        "rotation": { "x": 80, "y": 15, "z": -15 },
        "origin": { "x": 0, "y": 0, "z": 0 },
        "scale": 2
    },
    "*": {
      "rotation": { "x": 110, "y": 92, "z": -30 },
      "origin": { "x": 0.6, "y": 0.2, "z": 0.4 },
      "scale": 1.1
    }
  },
  "tpHandTransformByType": {
    "*-cotton":{
        "translation": { "x": -0.3, "y": 0, "z": 0 },
        "rotation": {"x": 0, "y": -90, "z": 0 },
        "origin": { "x": 0, "y": 0, "z": 0 },
        "scale": 0.6

    },
    "*":{
	  "translation": { x: -1.7, y: -1.1, z: -1.45 },
	  "rotation": { x: -10, y: -1, z: -29 },
	  "scale": 0.34
    }
  },
  "groundTransformByType": {
    "*-cotton":{
      "translation": { "x": 0, "y": 0.12, "z": 0 },
      "rotation": { "x": 0, "y": 0, "z": 0 },
      "origin": { "x": 0, "y": 0, "z": 0 },
      "scale": 3
    },
    "*":{
	  "translation": { "x": 0, "y": 0.18, "z": 0 },
	  "rotation": { "x": 0, "y": 0, "z": 0 },
	  "origin": { "x": 0.5, "y": 0.22, "z": 0.5299 },
	  "scale": 2.4
    }
  }
}
