{
	"editor": {
		"allAngles": false,
		"entityTextureMode": false
	},
	"textureWidth": 16,
	"textureHeight": 16,
	"textureSizes": {
	},
	"textures": {
		"bulb": "morecrops:block/plant/crop/beet/bulb",
		"e1": "morecrops:block/plant/crop/beet/e1",
		"s1": "morecrops:block/plant/crop/beet/s1"
	},
	"elements": [
		{
			"name": "beet 1",
			"from": [ 6.5, 3.0, 6.5 ], 
			"to": [ 9.5, 5.5, 9.5 ], 
			"rotationOrigin": [ 8.0, 1.4, 8.0 ],
			"faces": {
				"north": { "texture": "#bulb", "uv": [ 8.0, 9.0, 11.0, 11.5 ] },
				"east": { "texture": "#bulb", "uv": [ 5.0, 8.5, 8.0, 11.0 ] },
				"south": { "texture": "#bulb", "uv": [ 10.0, 9.0, 13.0, 11.5 ] },
				"west": { "texture": "#bulb", "uv": [ 9.0, 9.0, 12.0, 11.5 ] },
				"up": { "texture": "#bulb", "uv": [ 7.0, 0.0, 10.0, 3.0 ] },
				"down": { "texture": "#bulb", "uv": [ 7.0, 9.0, 10.0, 12.0 ] }
			},
			"children": [
				{
					"name": "beet 1 top",
					"from": [ 0.5, 2.5, 0.5 ], 
					"to": [ 2.5, 3.0, 2.5 ], 
					"rotationOrigin": [ 0.5, 0.0, 0.5 ],
					"faces": {
						"north": { "texture": "#bulb", "uv": [ 12.0, 0.5, 14.0, 1.0 ] },
						"east": { "texture": "#bulb", "uv": [ 12.5, 0.0, 14.5, 0.5 ] },
						"south": { "texture": "#bulb", "uv": [ 11.0, 0.5, 13.0, 1.0 ] },
						"west": { "texture": "#bulb", "uv": [ 10.0, 0.5, 12.0, 1.0 ] },
						"up": { "texture": "#bulb", "uv": [ 4.5, 0.5, 6.5, 2.5 ] },
						"down": { "texture": "#bulb", "uv": [ 9.0, 7.0, 11.0, 9.0 ], "enabled": false }
					},
					"children": [
						{
							"name": "Cube5",
							"from": [ 1.0, 0.5, -2.0 ], 
							"to": [ 1.0, 4.5, 4.0 ], 
							"rotationOrigin": [ 1.0, 0.0, -2.0 ],
							"faces": {
								"north": { "texture": "#e1", "uv": [ 0.0, 0.0, 0.5, 4.0 ], "enabled": false },
								"east": { "texture": "#e1", "uv": [ 5.0, 10.5, 11.0, 14.5 ] },
								"south": { "texture": "#e1", "uv": [ 0.0, 0.0, 0.5, 4.0 ], "enabled": false },
								"west": { "texture": "#e1", "uv": [ 0.0, 0.0, 6.0, 4.0 ], "enabled": false },
								"up": { "texture": "#e1", "uv": [ 0.0, 0.0, 0.5, 6.0 ], "enabled": false },
								"down": { "texture": "#e1", "uv": [ 0.0, 0.0, 0.5, 6.0 ], "enabled": false }
							}
						},
						{
							"name": "Cube6",
							"from": [ -1.5, 0.5, 1.0 ], 
							"to": [ 3.5, 4.5, 1.0 ], 
							"rotationOrigin": [ -1.0, 0.0, 0.0 ],
							"faces": {
								"north": { "texture": "#s1", "uv": [ 0.0, 0.0, 5.0, 4.0 ], "enabled": false },
								"east": { "texture": "#s1", "uv": [ 0.0, 0.0, 0.5, 4.0 ], "enabled": false },
								"south": { "texture": "#s1", "uv": [ 5.5, 10.5, 10.5, 14.5 ] },
								"west": { "texture": "#s1", "uv": [ 0.0, 0.0, 0.5, 4.0 ], "enabled": false },
								"up": { "texture": "#s1", "uv": [ 0.0, 0.0, 5.0, 0.5 ], "enabled": false },
								"down": { "texture": "#s1", "uv": [ 0.0, 0.0, 5.0, 0.5 ], "enabled": false }
							}
						}
					]
				},
				{
					"name": "root",
					"from": [ 0.8, -1.5, 0.8 ], 
					"to": [ 2.3, 0.0, 2.3 ], 
					"rotationOrigin": [ 0.3, -1.5, 0.3 ],
					"faces": {
						"north": { "texture": "#bulb", "uv": [ 12.0, 6.5, 13.5, 8.0 ] },
						"east": { "texture": "#bulb", "uv": [ 13.0, 6.0, 14.5, 7.5 ] },
						"south": { "texture": "#bulb", "uv": [ 6.5, 6.0, 8.0, 7.5 ] },
						"west": { "texture": "#bulb", "uv": [ 0.5, 5.0, 2.0, 6.5 ] },
						"up": { "texture": "#bulb", "uv": [ 6.0, 9.5, 7.5, 11.0 ], "enabled": false },
						"down": { "texture": "#bulb", "uv": [ 14.0, 6.5, 15.5, 8.0 ] }
					},
					"children": [
						{
							"name": "Cube1",
							"from": [ 0.5, -1.0, 0.5 ], 
							"to": [ 1.0, 0.0, 1.0 ], 
							"rotationOrigin": [ 0.0, -1.0, 0.0 ],
							"faces": {
								"north": { "texture": "#bulb", "uv": [ 14.5, 7.0, 15.0, 8.0 ] },
								"east": { "texture": "#bulb", "uv": [ 14.0, 7.0, 14.5, 8.0 ] },
								"south": { "texture": "#bulb", "uv": [ 14.5, 6.5, 15.0, 7.5 ] },
								"west": { "texture": "#bulb", "uv": [ 13.5, 6.5, 14.0, 7.5 ] },
								"up": { "texture": "#bulb", "uv": [ 15.0, 7.0, 15.5, 7.5 ] },
								"down": { "texture": "#bulb", "uv": [ 14.5, 7.0, 15.0, 7.5 ] }
							}
						}
					]
				}
			]
		}
	]}