{
	"editor": {
		"allAngles": false,
		"entityTextureMode": false
	},
	"textureWidth": 16,
	"textureHeight": 16,
	"textureSizes": {
	},
	"textures": {
		"sproutsandstem": "morecrops:block/plant/crop/eggplant/sproutsandstem",
		"eggplant": "morecrops:block/plant/crop/eggplant/eggplant"
	},
	"elements": [
		{
			"name": "fruitstem3",
			"from": [ 7.6, 0.9, 9.8 ], 
			"to": [ 8.0, 2.4, 10.2 ], 
			"rotationOrigin": [ 7.8, 0.9, 10.0 ],
			"rotationX": 90.0,
			"rotationZ": -5.0,
			"faces": {
				"north": { "texture": "#sproutsandstem", "uv": [ 0.0, 0.0, 0.5, 1.5 ], "windMode": [-1,-1,-1,-1] },
				"east": { "texture": "#sproutsandstem", "uv": [ 0.0, 0.0, 0.5, 1.5 ], "windMode": [-1,-1,-1,-1] },
				"south": { "texture": "#sproutsandstem", "uv": [ 0.0, 0.0, 0.5, 1.5 ], "windMode": [-1,-1,-1,-1] },
				"west": { "texture": "#sproutsandstem", "uv": [ 0.0, 0.0, 0.5, 1.5 ], "windMode": [-1,-1,-1,-1] },
				"up": { "texture": "#sproutsandstem", "uv": [ 0.0, 0.0, 0.5, 0.5 ], "windMode": [-1,-1,-1,-1] },
				"down": { "texture": "#sproutsandstem", "uv": [ 0.0, 0.0, 0.5, 0.5 ], "windMode": [-1,-1,-1,-1] }
			}
		},
		{
			"name": "eggplanttop3",
			"from": [ 7.2015, -2.7438, 9.9853 ], 
			"to": [ 8.4015, 1.3562, 11.1853 ], 
			"rotationOrigin": [ 7.4015, 1.2562, 10.1853 ],
			"rotationX": 90.077,
			"rotationY": 1.911,
			"rotationZ": -4.621,
			"faces": {
				"north": { "texture": "#eggplant", "uv": [ 9.0, 6.0, 12.0, 13.0 ], "autoUv": false, "windMode": [-1,-1,-1,-1] },
				"east": { "texture": "#eggplant", "uv": [ 4.0, 5.0, 7.0, 12.0 ], "autoUv": false, "windMode": [-1,-1,-1,-1] },
				"south": { "texture": "#eggplant", "uv": [ 5.0, 2.0, 8.0, 9.0 ], "autoUv": false, "windMode": [-1,-1,-1,-1] },
				"west": { "texture": "#eggplant", "uv": [ 5.0, 6.0, 8.0, 13.0 ], "autoUv": false, "windMode": [-1,-1,-1,-1] },
				"up": { "texture": "#eggplant", "uv": [ 2.0, 9.0, 4.0, 11.0 ], "autoUv": false, "windMode": [-1,-1,-1,-1] },
				"down": { "texture": "#eggplant", "uv": [ 3.0, 3.0, 5.0, 5.0 ], "autoUv": false, "windMode": [-1,-1,-1,-1] }
			},
			"children": [
				{
					"name": "eggplanttop19",
					"from": [ -0.3, -2.2, -0.3 ], 
					"to": [ 1.5, 0.8, 1.5 ], 
					"rotationOrigin": [ 0.6, 0.8, 0.6 ],
					"rotationZ": 14.0,
					"faces": {
						"north": { "texture": "#eggplant", "uv": [ 4.0, 4.0, 7.0, 11.0 ], "autoUv": false, "windMode": [-1,-1,-1,-1] },
						"east": { "texture": "#eggplant", "uv": [ 8.0, 2.0, 11.0, 9.0 ], "autoUv": false, "windMode": [-1,-1,-1,-1] },
						"south": { "texture": "#eggplant", "uv": [ 4.0, 2.0, 7.0, 10.0 ], "autoUv": false, "windMode": [-1,-1,-1,-1] },
						"west": { "texture": "#eggplant", "uv": [ 5.0, 5.0, 8.0, 12.0 ], "autoUv": false, "windMode": [-1,-1,-1,-1] },
						"up": { "texture": "#eggplant", "uv": [ 5.0, 4.0, 7.0, 6.0 ], "autoUv": false, "windMode": [-1,-1,-1,-1] },
						"down": { "texture": "#eggplant", "uv": [ 7.0, 2.0, 9.0, 4.0 ], "autoUv": false, "windMode": [-1,-1,-1,-1] }
					}
				},
				{
					"name": "eggplanttop20",
					"from": [ -0.1, 3.3, -0.1 ], 
					"to": [ 1.3, 4.3, 1.3 ], 
					"rotationOrigin": [ 0.1, 7.3, 0.1 ],
					"faces": {
						"north": { "texture": "#sproutsandstem", "uv": [ 8.5, 5.5, 10.0, 6.5 ], "autoUv": false, "windMode": [-1,-1,-1,-1] },
						"east": { "texture": "#sproutsandstem", "uv": [ 0.5, 5.0, 2.0, 6.0 ], "autoUv": false, "windMode": [-1,-1,-1,-1] },
						"south": { "texture": "#sproutsandstem", "uv": [ 9.5, 5.5, 11.0, 6.5 ], "autoUv": false, "windMode": [4,4,4,4] },
						"west": { "texture": "#sproutsandstem", "uv": [ 0.5, 10.0, 2.0, 11.0 ], "autoUv": false, "windMode": [-1,-1,-1,-1] },
						"up": { "texture": "#sproutsandstem", "uv": [ 0.5, 6.5, 2.0, 7.5 ], "autoUv": false, "windMode": [-1,-1,-1,-1] },
						"down": { "texture": "#sproutsandstem", "uv": [ 0.0, 4.5, 1.5, 5.5 ], "autoUv": false, "windMode": [-1,-1,-1,-1] }
					}
				}
			]
		}
	]}