{
	"ingredient": {
		"type": "item",
		"code": "game:ingot-legendary"
	},
	"name": "paxelhead-legendary-rough",
	"enabled": true,
	"pattern": [
		[
			"__###____",
			"_#####___",
			"#######__",
			"#######__",
			"#######__",
			"#######__",
			"#######__",
			"_########",
			"_#_______"
		],
		[
			"__###____",
			"_#####___",
			"#######__",
			"#######__",
			"#######__",
			"#######__",
			"#######__",
			"_########",
			"_#_______"
		]
	],
	"output": {
		"type": "item",
		"code": "paxel:paxelhead-legendary-rough",
		"quantity": 1
	}
}