{
  "code": "rockpolished",
  "replaceable": 120,
  "variantgroups": [
    {
      "code": "rock",
      "loadFromProperties": "salty:block/rock"
    }
  ],
  "vertexFlags": { "reflective": true },
  "attributes": {
    "handbook": {
      "groupBy": ["rockpolished-*"]
    }
  },
  "creativeinventory": { "general": ["*"], "construction": ["*"], "salty": ["*"] },
  "shape": { "base": "game:block/basic/cube" },
  "drawtype": "cube",
  "heldTpIdleAnimation": "holdbothhandslarge",
  "heldTpUseAnimation": "twohandplaceblock",
  "textures": {
    "all": { "base": "salty:block/stone/polishedrock/{rock}" },
    "inside-north": { "base": "salty:block/stone/polishedrock/{rock}-inside" },
    "inside-east": { "base": "salty:block/stone/polishedrock/{rock}-inside" },
    "inside-south": { "base": "salty:block/stone/polishedrock/{rock}-inside" },
    "inside-west": { "base": "salty:block/stone/polishedrock/{rock}-inside" },
    "inside-up": { "base": "salty:block/stone/polishedrock/{rock}-inside" },
    "inside-down": { "base": "salty:block/stone/polishedrock/{rock}-inside" }
  },
  "sounds": {
    "walk": "walk/stone",
    "byTool": {
      "Pickaxe": {
        "hit": "game:block/rock-hit-pickaxe",
        "break": "game:block/rock-break-pickaxe"
      }
    }
  },
  "tpHandTransform": {
    "translation": { "x": -1.23, "y": -0.91, "z": -0.8 },
    "rotation": { "x": -2, "y": 25, "z": -78 },
    "scale": 0.4
  }
}
