{
  "code": "wildseeds",
  "class": "wildseed",
  "creativeinventory": {
    "general": [ "*" ],
    "items": [ "*" ],
    "wildfarming": [ "*" ]
  },
  "attributes": {
    "handbook": {
      "groupBy": [ "wildseeds-*" ]
    }
  },
  "maxstacksize": 64,
  "variantgroups": [
    {
      "code": "type",
      "states": [ "flower-croton" ]
    },
    {
      "code": "size",
      "states": [ "small", "medium" ]
    },
    {
      "code": "color",
      "states": [
        "crimson-brown-green",
        "crimson-green",
        "crimson-orange",
        "darkgreen-gold",
        "darkgreen-gold-crimson",
        "green-orange",
        "lemongreen",
        "lemongreen-crimson"
      ]
    }
  ],

  "texture": {
    "base": "item/wildseeds",
    "overlays": [ "item/wildseeds-overlay-exotic" ]
  }
}
