{
  "code": "wildseeds",
  "class": "wildseed",
  "creativeinventory": {
    "general": [ "*-free" ],
    "items": [ "*-free" ],
    "wildfarming": [ "*-free" ]
  },
  "attributes": {
    "handbook": {
      "groupBy": [ "wildseeds-*" ]
    }
  },
  "maxstacksize": 64,
  "variantgroups": [
    {
      "code": "type",
      "states": [ "flower-lupine" ]
    },
    {
      "code": "color",
      "states": [ "blue", "orange", "purple", "red", "white" ]
    },
    {
      "code": "cover",
      "states": [ "free", "snow" ]
    }
  ],

  "texture": {
    "base": "item/wildseeds",
    "overlays": [ "item/wildseeds-overlay-lupine" ]
  }
}
