{
  "code": "wildseeds",
  "class": "wildseed",
  "creativeinventory": {
    "general": [ "*" ],
    "items": [ "*" ],
    "wildfarming": [ "*" ]
  },
  "attributes": {
    "handbook": {
      "groupBy": [ "wildseeds-*" ]
    }
  },
  "maxstacksize": 64,
  "variantgroups": [
    {
      "code": "type",
      "states": [ "fern" ]
    },
    {
      "code": "fern",
      "states": [ "cinnamonfern", "deerfern", "eaglefern", "hartstongue" ]
    }
  ],

  "texture": {
    "base": "item/wildseeds",
    "overlays": [ "item/wildseeds-overlay-herb" ]
  }
}
