{
  "code": "wildseeds",
  "class": "wildseed",
  "creativeinventory": {
    "general": [ "*" ],
    "items": [ "*" ],
    "wildfarming": [ "*" ]
  },
  "attributes": {
    "handbook": {
      "groupBy": [ "wildseeds-*" ]
    }
  },
  "maxstacksize": 64,
  "variantgroups": [
    {
      "code": "type",
      "states": [ "smallberrybush" ]
    },
    {
      "code": "berry",
      "states": [ "blueberry", "cranberry" ]
    },
    {
      "code": "state",
      "states": [ "empty" ]
    }
  ],

  "texture": {
    "base": "item/wildseeds",
    "overlays": [ "item/wildseeds-overlay-bush" ]
  }
}
