[
  {
    "op": "add",
    "path": "/behaviors/-",
    "file": "blocktypes/chests",
    "value": {
      "name": "Carryable",
      "properties": {
        "translation": [ 0.0625, 0, 0 ],
        "rotation": [ 0, 180, 0 ],
        "slots": {
          "Hands": {}         
        }
      }
    },
    "dependsOn": [ { "modid": "carryon" } ]
  },
  {
    "op": "add",
    "path": "/behaviors/-",
    "file": "blocktypes/labeledchests",
    "value": {
      "name": "Carryable",
      "properties": {
        "translation": [ 0.0625, 0, 0 ],
        "rotation": [ 0, 180, 0 ],
        "slots": {
          "Hands": {}	     
        }
      }
    },
    "dependsOn": [ { "modid": "carryon" } ]
  }
]
