{
  "Type": 1,
  "TextureSize": 32,
  "Name": "Autorotor",
  "Version": "1.1.2",
  "NetworkVersion": null,
  "Description": "TESTING In this mod we DO NOT obay the second law of Thermal Dynamics! With the makings two barrels, 40L of water, a small water wheel, and the magic of some temporal gears, you too can have a perpetual motor!",
  "Website": "",
  "ModID": "Autorotor",
  "Authors": [
    "Op Point Baker"
  ],
  "Contributors": [],
  "Side": "Universal",
  "RequiredOnClient": true,
  "RequiredOnServer": true,
  "Dependencies": {}
}