{
	"ingredient": { "type": "item", "code": "game:clay-*", "name": "type", "allowedVariants": ["blue", "fire"] },
	"pattern": [[
		"##############",
		"##############",
		"##############",
		"##############",
		"##############",
		"##############",
		"##############",
		"##############",
		"##############",
		"##############",
		"##############",
		"##############",
		"##############",
		"##############"
	],
	[
		"##############",
		"##############",
		"##############",
		"###___########",
		"###_________##",
		"###___########",
		"##############",
		"##############",
		"###___########",
		"###_________##",
		"###___########",
		"##############",
		"##############",
		"##############"
	]
],
	"name": "Chisel Mold",
	"output": { "type": "block", "code": "moremolds:chiselmold-raw"  }
}