{
	"ingredient": { "type": "item", "code": "game:clay-*", "name": "type", "allowedVariants": ["blue", "fire"] },
	"pattern": [[
		"##############",
		"##############",
		"##############",
		"##############",
		"##############",
		"##############",
		"##############",
		"##############",
		"##############",
		"##############",
		"##############",
		"##############",
		"##############",
		"##############"
	],
	[
		"##############",
		"####__###__###",
		"###___##___###",
		"####__###__###",
		"###___##___###",
		"####__###__###",
		"###___##___###",
		"####__###__###",
		"###___##___###",
		"####__###__###",
		"###___##___###",
		"####__###__###",
		"###__###__####",
		"##############"
	]],
	"name": "Handsaw Mold",
	"output": { "type": "block", "code": "moremolds:handsawmold-raw"  }
}