{
	"ingredient": { "type": "item", "code": "game:clay-*", "name": "type", "allowedVariants": ["blue", "fire"] },
	"pattern": [[
		"##############",
		"##############",
		"##############",
		"##############",
		"##############",
		"##############",
		"##############",
		"##############",
		"##############",
		"##############",
		"##############",
		"##############",
		"##############",
		"##############"
	],
	[
		"##############",
		"###________###",
		"##__######__##",
		"#__########__#",
		"#_##########_#",
		"#_##########_#",
		"#_##########_#",
		"#_##########_#",
		"#_##########_#",
		"#_##########_#",
		"#__########__#",
		"##__######__##",
		"###________###",
		"##############"
	]
],
	"name": "Hoop Mold",
	"output": { "type": "block", "code": "moremolds:hoopmold-raw"  }
}