{
	"ingredient": { "type": "item", "code": "game:clay-*", "name": "type", "allowedVariants": ["blue", "fire"] },
	"pattern": [[
		"##############",
		"##############",
		"##############",
		"##############",
		"##############",
		"##############",
		"##############",
		"##############",
		"##############",
		"##############",
		"##############",
		"##############",
		"##############",
		"##############"
	],
	[
		"##############",
		"###__####__###",
		"###__####__###",
		"###__####__###",
		"###__####__###",
		"###__####__###",
		"####_####_####",
		"####_####_####",
		"####_####_####",
		"####_####_####",
		"####_####_####",
		"####_####_####",
		"##############",
		"##############"
	]],
	"name": "Knife Mold",
	"output": { "type": "block", "code": "moremolds:knifemold-raw"  }
}