{
	"ingredient": { "type": "item", "code": "game:clay-*", "name": "type", "allowedVariants": ["blue", "fire"] },
	"pattern": [[
		"##############",
		"##############",
		"##############",
		"##############",
		"##############",
		"##############",
		"##############",
		"##############",
		"##############",
		"##############",
		"##############",
		"##############",
		"##############",
		"##############"
	],
	[
		"##############",
		"##__##__##__##",
		"##__##__##__##",
		"##__##__##__##",
		"##__##__##__##",
		"##__##__##__##",
		"##__##__##__##",
		"##############",
		"##############",
		"##_##_##_##_##",
		"##_##_##_##_##",
		"##_##_##_##_##",
		"##_##_##_##_##",
		"##############"
	]
],
	"name": "Nail and Strip Mold Kit",
	"output": { "type": "block", "code": "moremolds:nailsinglemold-raw"  }
}