{
	"ingredient": { "type": "item", "code": "game:clay-*", "name": "type", "allowedVariants": ["blue", "fire"] },
	"pattern": [[
		"##############",
		"##############",
		"##############",
		"##############",
		"##############",
		"##############",
		"##############",
		"##############",
		"##############",
		"##############",
		"##############",
		"##############",
		"##############",
		"##############"
	],
	[
		"##############",
		"#____________#",
		"#____________#",
		"#____________#",
		"#____________#",
		"#____________#",
		"#____________#",
		"#____________#",
		"#____________#",
		"#____________#",
		"#____________#",
		"#____________#",
		"#____________#",
		"##############"
	]
],
	"name": "Sheet Mold",
	"output": { "type": "block", "code": "moremolds:sheetmold-raw"  }
}