{
	"ingredient": { "type": "item", "code": "game:clay-*", "name": "type", "allowedVariants": ["blue", "fire"] },
	"pattern": [[
		"##############",
		"##############",
		"##############",
		"##############",
		"##############",
		"##############",
		"##############",
		"##############",
		"##############",
		"##############",
		"##############",
		"##############",
		"##############",
		"##############"
	],
	[
		"##############",
		"##############",
		"##############",
		"##############",
		"#######____###",
		"####_____#####",
		"###_______####",
		"###_______####",
		"####_____#####",
		"#######____###",
		"##############",
		"##############",
		"##############",
		"##############"
	]
],
	"name": "Spearhead Mold",
	"output": { "type": "block", "code": "moremolds:spearheadmold-raw"  }
}