{
	"ingredient": { "type": "item", "code": "game:clay-*", "name": "type", "allowedVariants": ["blue", "fire"] },
	"pattern": [[
		"##############",
		"##############",
		"##############",
		"##############",
		"##############",
		"##############",
		"##############",
		"##############",
		"##############",
		"##############",
		"##############",
		"##############",
		"##############",
		"##############"
	],
	[
		"##############",
		"##############",
		"##############",
		"##___#########",
		"####_______###",
		"##___#########",
		"##############",
		"##############",
		"#########___##",
		"###_______####",
		"#########___##",
		"##############",
		"##############",
		"##############"
	]
],
	"name": "Wrench Mold",
	"output": { "type": "block", "code": "moremolds:wrenchmold-raw"  }
}