{
	code: "omnichute",
	class: "BlockOmniChute",
  entityclass: "ItemFlow",
	behaviors: [
		{ name: "Lockable" }
	],

	attributes: {
		"pullFacesByType": {
			"*-nsud": ["up"],
			"*-ewud": ["up"],
		},
		"pushFacesByType": {
			"*-nsud": ["down", "north", "south"],
			"*-ewud": ["down", "east", "west"],
			"*-nsew": ["north", "east", "west", "south"],
		},
		"acceptFromFacesByType": {
			"*-nsud": ["north", "south"],
			"*-ewud": ["east", "west"],
			"*-nsew": ["north", "east", "west", "south"],
		},
		"item-flowrate": 1,
		"inventoryClassName": "chute",
		"quantitySlots": 1,
		handbook: {
			groupBy: ["omnichute-*"]
		}
	},
	variantgroups: [
		{ code: "type", states: [ "nsew", "nsud", "ewud"] }
	],
	creativeinventory: { "general": ["omnichute-ns"] },
	shapebytype: {
		"*-ewud": { base: "game:block/metal/chute/cross", rotateY: 0 },
		"*-nsud": { base: "game:block/metal/chute/cross", rotateY: 90 },
		"*-nsew": { base: "game:block/metal/chute/cross", rotateX: 90 },
	},
	drawtype: "JSON",
	blockmaterial: "Metal",
	textures: {
		all: { base: "game:block/metal/sheet/copper1" },
	},
	sidesolid: {
		all: false
	},
	sideopaque: {
		all: false
	},
	replaceable: 160,
	resistance: 1.75,
	lightAbsorption: 0,
	sounds: {
		"place": "game:block/chute",
		"break": "game:block/chute",
		"hit": "game:block/chute",
		"walk": "game:walk/stone"
	},

	collisionselectionboxByType: {
		"*-ewud": { x1: 0, y1: 0, z1: 0.25, x2: 1, y2: 1, z2: 0.75, rotateY: 0 },
		"*-nsud": { x1: 0, y1: 0, z1: 0.25, x2: 1, y2: 1, z2: 0.75, rotateY: 90 },
		"*-nsew": { x1: 0, y1: 0, z1: 0.25, x2: 1, y2: 1, z2: 0.75, rotateX: 90 },
	},
	guiTransform: {
		scale: 1.22
	}
}
