{
	"editor": {
		"allAngles": false,
		"entityTextureMode": false
	},
	"textureWidth": 16,
	"textureHeight": 16,
	"textureSizes": {
	},
	"textures": {
		"other": "block/clay/ceramic",
		"floor": "block/clay/ceramic-dark"
	},
	"elements": [
		{
			"name": "origin",
			"from": [ 8.0, 0.0, 8.0 ], 
			"to": [ 8.0, 0.0, 8.0 ], 
			"rotationOrigin": [ 8.0, 0.0, 8.0 ],
			"faces": {
				"north": { "texture": "#other", "uv": [ 15.0, 14.0, 15.5, 14.5 ] },
				"east": { "texture": "#other", "uv": [ 11.5, 12.5, 12.0, 13.0 ] },
				"south": { "texture": "#other", "uv": [ 12.0, 5.0, 12.5, 5.5 ] },
				"west": { "texture": "#other", "uv": [ 0.5, 6.0, 1.0, 6.5 ] },
				"up": { "texture": "#other", "uv": [ 1.5, 14.0, 2.0, 14.5 ] },
				"down": { "texture": "#other", "uv": [ 2.5, 0.0, 3.0, 0.5 ] }
			},
			"children": [
				{
					"name": "L1",
					"from": [ -7.0, 0.0, -7.0 ], 
					"to": [ -7.0, 0.0, -7.0 ], 
					"rotationOrigin": [ -7.0, 0.0, -7.0 ],
					"faces": {
						"north": { "texture": "#other", "uv": [ 3.0, 12.0, 3.5, 12.5 ] },
						"east": { "texture": "#other", "uv": [ 13.5, 13.5, 14.0, 14.0 ] },
						"south": { "texture": "#other", "uv": [ 7.0, 11.0, 7.5, 11.5 ] },
						"west": { "texture": "#other", "uv": [ 10.0, 11.5, 10.5, 12.0 ] },
						"up": { "texture": "#other", "uv": [ 1.0, 14.5, 1.5, 15.0 ] },
						"down": { "texture": "#other", "uv": [ 11.5, 5.5, 12.0, 6.0 ] }
					},
					"children": [
						{
							"name": "L1_1",
							"from": [ 0.0, 0.0, 0.0 ], 
							"to": [ 14.0, 1.0, 14.0 ], 
							"faces": {
								"north": { "texture": "#other", "uv": [ 0.5, 11.0, 14.5, 12.0 ], "windMode": [-1,-1,-1,-1] },
								"east": { "texture": "#other", "uv": [ 0.5, 7.0, 14.5, 8.0 ], "windMode": [-1,-1,-1,-1] },
								"south": { "texture": "#other", "uv": [ 1.5, 13.0, 15.5, 14.0 ], "windMode": [-1,-1,-1,-1] },
								"west": { "texture": "#other", "uv": [ 0.0, 8.0, 14.0, 9.0 ], "windMode": [-1,-1,-1,-1] },
								"up": { "texture": "#floor", "uv": [ 1.0, 1.5, 15.0, 15.5 ], "windMode": [-1,-1,-1,-1] },
								"down": { "texture": "#other", "uv": [ 1.5, 0.0, 15.5, 14.0 ], "windMode": [-1,-1,-1,-1] }
							}
						}
					]
				},
				{
					"name": "L2",
					"from": [ -7.0, 1.0, -7.0 ], 
					"to": [ -7.0, 1.0, -7.0 ], 
					"rotationOrigin": [ -7.0, 1.0, -7.0 ],
					"faces": {
						"north": { "texture": "#other", "uv": [ 6.5, 9.5, 7.0, 10.0 ] },
						"east": { "texture": "#other", "uv": [ 5.0, 5.5, 5.5, 6.0 ] },
						"south": { "texture": "#other", "uv": [ 2.0, 6.0, 2.5, 6.5 ] },
						"west": { "texture": "#other", "uv": [ 7.5, 7.5, 8.0, 8.0 ] },
						"up": { "texture": "#other", "uv": [ 12.0, 14.0, 12.5, 14.5 ] },
						"down": { "texture": "#other", "uv": [ 9.5, 7.5, 10.0, 8.0 ] }
					},
					"children": [
						{
							"name": "L2_2",
							"from": [ 0.0, 0.0, 0.0 ], 
							"to": [ 14.0, 1.0, 3.0 ], 
							"faces": {
								"north": { "texture": "#other", "uv": [ 0.0, 11.0, 14.0, 12.0 ] },
								"east": { "texture": "#other", "uv": [ 6.5, 0.0, 9.5, 1.0 ], "windMode": [-1,-1,-1,-1] },
								"south": { "texture": "#floor", "uv": [ 0.0, 7.0, 14.0, 8.0 ] },
								"west": { "texture": "#other", "uv": [ 4.5, 9.5, 7.5, 10.5 ], "windMode": [-1,-1,-1,-1] },
								"up": { "texture": "#other", "uv": [ 3.0, 6.5, 13.0, 9.5 ], "autoUv": false },
								"down": { "texture": "#other", "uv": [ 1.0, 2.0, 15.0, 5.0 ], "enabled": false }
							}
						},
						{
							"name": "L2_4",
							"from": [ 0.0, 0.0, 3.0 ], 
							"to": [ 3.0, 1.0, 11.0 ], 
							"rotationOrigin": [ 0.0, 0.0, 3.0 ],
							"faces": {
								"north": { "texture": "#other", "uv": [ 6.5, 7.0, 9.5, 8.0 ], "enabled": false },
								"east": { "texture": "#floor", "uv": [ 0.0, 13.5, 8.0, 14.5 ] },
								"south": { "texture": "#other", "uv": [ 0.0, 0.0, 3.0, 1.0 ], "enabled": false },
								"west": { "texture": "#other", "uv": [ 2.5, 14.0, 10.5, 15.0 ] },
								"up": { "texture": "#other", "uv": [ 5.5, 0.0, 8.5, 8.0 ] },
								"down": { "texture": "#other", "uv": [ 9.0, 0.5, 12.0, 8.5 ], "enabled": false }
							}
						},
						{
							"name": "L2_6",
							"from": [ 11.0, 0.0, 3.0 ], 
							"to": [ 14.0, 1.0, 11.0 ], 
							"rotationOrigin": [ 4.0, 0.0, 3.0 ],
							"faces": {
								"north": { "texture": "#other", "uv": [ 5.5, 14.0, 8.5, 15.0 ], "enabled": false },
								"east": { "texture": "#other", "uv": [ 6.0, 0.0, 14.0, 1.0 ] },
								"south": { "texture": "#other", "uv": [ 0.5, 0.5, 3.5, 1.5 ], "enabled": false },
								"west": { "texture": "#other", "uv": [ 5.0, 12.0, 13.0, 13.0 ] },
								"up": { "texture": "#other", "uv": [ 5.5, 5.5, 8.5, 13.5 ] },
								"down": { "texture": "#other", "uv": [ 3.0, 6.5, 6.0, 14.5 ], "enabled": false }
							}
						},
						{
							"name": "L2_8",
							"from": [ 0.0, 0.0, 11.0 ], 
							"to": [ 14.0, 1.0, 14.0 ], 
							"rotationOrigin": [ 0.0, 0.0, 11.0 ],
							"faces": {
								"north": { "texture": "#floor", "uv": [ 1.0, 5.0, 15.0, 6.0 ] },
								"east": { "texture": "#other", "uv": [ 3.5, 2.5, 6.5, 3.5 ], "windMode": [-1,-1,-1,-1] },
								"south": { "texture": "#other", "uv": [ 0.5, 4.5, 14.5, 5.5 ] },
								"west": { "texture": "#other", "uv": [ 5.5, 12.0, 8.5, 13.0 ], "windMode": [-1,-1,-1,-1] },
								"up": { "texture": "#other", "uv": [ 1.0, 6.0, 15.0, 9.0 ] },
								"down": { "texture": "#other", "uv": [ 0.5, 0.5, 14.5, 3.5 ], "enabled": false, "windMode": [-1,-1,-1,-1] }
							}
						},
						{
							"name": "Cube19",
							"from": [ 4.5, 0.0, 4.5 ], 
							"to": [ 9.5, 1.0, 9.5 ], 
							"rotationOrigin": [ 4.5, 0.0, 4.5 ],
							"faces": {
								"north": { "texture": "#other", "uv": [ 6.5, 13.5, 11.5, 14.5 ] },
								"east": { "texture": "#other", "uv": [ 9.5, 5.5, 14.5, 6.5 ] },
								"south": { "texture": "#other", "uv": [ 3.0, 3.0, 8.0, 4.0 ] },
								"west": { "texture": "#other", "uv": [ 7.5, 7.0, 12.5, 8.0 ] },
								"up": { "texture": "#other", "uv": [ 4.0, 0.5, 9.0, 5.5 ] },
								"down": { "texture": "#other", "uv": [ 3.0, 3.0, 8.0, 8.0 ], "enabled": false, "windMode": [-1,-1,-1,-1] }
							}
						}
					]
				},
				{
					"name": "L20",
					"from": [ -7.0, 2.0, -7.0 ], 
					"to": [ -7.0, 2.0, -7.0 ], 
					"rotationOrigin": [ -7.0, 2.0, -7.0 ],
					"faces": {
						"north": { "texture": "#other", "uv": [ 6.5, 9.5, 7.0, 10.0 ] },
						"east": { "texture": "#other", "uv": [ 5.0, 5.5, 5.5, 6.0 ] },
						"south": { "texture": "#other", "uv": [ 2.0, 6.0, 2.5, 6.5 ] },
						"west": { "texture": "#other", "uv": [ 7.5, 7.5, 8.0, 8.0 ] },
						"up": { "texture": "#other", "uv": [ 12.0, 14.0, 12.5, 14.5 ] },
						"down": { "texture": "#other", "uv": [ 9.5, 7.5, 10.0, 8.0 ] }
					},
					"children": [
						{
							"name": "L2_21",
							"from": [ 0.0, 0.0, 0.0 ], 
							"to": [ 14.0, 1.0, 4.0 ], 
							"faces": {
								"north": { "texture": "#other", "uv": [ 0.0, 11.0, 14.0, 12.0 ] },
								"east": { "texture": "#other", "uv": [ 6.5, 0.0, 10.5, 1.0 ] },
								"south": { "texture": "#floor", "uv": [ 0.0, 7.0, 14.0, 8.0 ] },
								"west": { "texture": "#other", "uv": [ 4.5, 9.5, 8.5, 10.5 ] },
								"up": { "texture": "#other", "uv": [ 3.0, 6.5, 13.0, 9.5 ], "autoUv": false },
								"down": { "texture": "#other", "uv": [ 1.0, 2.0, 15.0, 6.0 ], "enabled": false }
							}
						},
						{
							"name": "L2_22",
							"from": [ 0.0, 0.0, 4.0 ], 
							"to": [ 4.0, 1.0, 10.0 ], 
							"rotationOrigin": [ 0.0, 0.0, 4.0 ],
							"faces": {
								"north": { "texture": "#other", "uv": [ 6.5, 7.0, 10.5, 8.0 ], "enabled": false },
								"east": { "texture": "#floor", "uv": [ 0.0, 13.5, 6.0, 14.5 ] },
								"south": { "texture": "#other", "uv": [ 0.0, 0.0, 4.0, 1.0 ], "enabled": false },
								"west": { "texture": "#other", "uv": [ 2.5, 14.0, 8.5, 15.0 ] },
								"up": { "texture": "#other", "uv": [ 5.5, 0.0, 9.5, 6.0 ] },
								"down": { "texture": "#other", "uv": [ 9.0, 0.5, 13.0, 6.5 ], "enabled": false }
							}
						},
						{
							"name": "L2_23",
							"from": [ 10.0, 0.0, 4.0 ], 
							"to": [ 14.0, 1.0, 10.0 ], 
							"rotationOrigin": [ 3.0, 0.0, 4.0 ],
							"faces": {
								"north": { "texture": "#other", "uv": [ 5.5, 14.0, 9.5, 15.0 ], "enabled": false },
								"east": { "texture": "#other", "uv": [ 6.0, 0.0, 12.0, 1.0 ] },
								"south": { "texture": "#other", "uv": [ 0.5, 0.5, 4.5, 1.5 ], "enabled": false },
								"west": { "texture": "#other", "uv": [ 5.0, 12.0, 11.0, 13.0 ] },
								"up": { "texture": "#other", "uv": [ 5.5, 5.5, 9.5, 11.5 ] },
								"down": { "texture": "#other", "uv": [ 3.0, 6.5, 7.0, 12.5 ], "enabled": false }
							}
						},
						{
							"name": "L2_24",
							"from": [ 0.0, 0.0, 10.0 ], 
							"to": [ 14.0, 1.0, 14.0 ], 
							"rotationOrigin": [ 0.0, 0.0, 10.0 ],
							"faces": {
								"north": { "texture": "#floor", "uv": [ 1.0, 5.0, 15.0, 6.0 ] },
								"east": { "texture": "#other", "uv": [ 3.5, 2.5, 7.5, 3.5 ] },
								"south": { "texture": "#other", "uv": [ 0.5, 4.5, 14.5, 5.5 ] },
								"west": { "texture": "#other", "uv": [ 5.5, 12.0, 9.5, 13.0 ] },
								"up": { "texture": "#other", "uv": [ 1.0, 6.0, 15.0, 10.0 ] },
								"down": { "texture": "#other", "uv": [ 0.5, 0.5, 14.5, 4.5 ], "enabled": false }
							}
						},
						{
							"name": "Cube25",
							"from": [ 5.5, 0.0, 5.5 ], 
							"to": [ 8.5, 1.0, 8.5 ], 
							"rotationOrigin": [ 5.5, 0.0, 5.5 ],
							"faces": {
								"north": { "texture": "#other", "uv": [ 6.5, 13.5, 9.5, 14.5 ] },
								"east": { "texture": "#other", "uv": [ 9.5, 5.5, 12.5, 6.5 ] },
								"south": { "texture": "#other", "uv": [ 3.0, 3.0, 6.0, 4.0 ] },
								"west": { "texture": "#other", "uv": [ 7.5, 7.0, 10.5, 8.0 ] },
								"up": { "texture": "#other", "uv": [ 4.0, 0.5, 7.0, 3.5 ] },
								"down": { "texture": "#other", "uv": [ 3.0, 3.0, 6.0, 6.0 ], "enabled": false }
							}
						}
					]
				}
			]
		},
		{
			"name": "Cube1",
			"from": [ 5.0, 2.0, 6.0 ], 
			"to": [ 7.8, 2.5, 8.9 ], 
			"renderInEditor": false,
			"rotationOrigin": [ 7.0, 2.0, 8.0 ],
			"rotationZ": 180.0,
			"faces": {
				"north": { "texture": "#wood-generic", "uv": [ 3.0, 1.0, 5.5, 1.5 ] },
				"east": { "texture": "#wood-generic", "uv": [ 6.5, 6.0, 9.0, 6.5 ] },
				"south": { "texture": "#wood-generic", "uv": [ 6.0, 10.0, 8.5, 10.5 ] },
				"west": { "texture": "#wood-generic", "uv": [ 5.0, 3.5, 7.5, 4.0 ] },
				"up": { "texture": "#wood-generic", "uv": [ 3.5, 7.5, 6.0, 10.0 ] },
				"down": { "texture": "#wood-generic", "uv": [ 0.5, 10.5, 3.0, 13.0 ] }
			},
			"children": [
				{
					"name": "Cube2",
					"from": [ -0.5, 0.5, -0.5 ], 
					"to": [ 3.4, 1.0, 0.0 ], 
					"rotationOrigin": [ 0.0, 0.2, 0.0 ],
					"faces": {
						"north": { "texture": "#wood-generic", "uv": [ 4.5, 5.0, 8.49, 5.57 ] },
						"east": { "texture": "#wood-generic", "uv": [ 12.5, 11.5, 13.07, 12.07 ] },
						"south": { "texture": "#wood-generic", "uv": [ 5.0, 8.0, 8.99, 8.57 ] },
						"west": { "texture": "#wood-generic", "uv": [ 10.5, 9.0, 11.07, 9.57 ] },
						"up": { "texture": "#wood-generic", "uv": [ 9.5, 3.0, 13.49, 3.57 ] },
						"down": { "texture": "#wood-generic", "uv": [ 5.5, 3.0, 9.49, 3.57 ] }
					}
				},
				{
					"name": "Cube3",
					"from": [ -0.5, 0.5, 2.8 ], 
					"to": [ 3.4, 1.0, 3.3 ], 
					"rotationOrigin": [ 0.0, 0.2, 0.0 ],
					"faces": {
						"north": { "texture": "#wood-generic", "uv": [ 10.0, 1.5, 13.99, 2.07 ] },
						"east": { "texture": "#wood-generic", "uv": [ 10.5, 6.5, 11.07, 7.07 ] },
						"south": { "texture": "#wood-generic", "uv": [ 11.0, 14.5, 14.99, 15.07 ] },
						"west": { "texture": "#wood-generic", "uv": [ 4.5, 4.5, 5.07, 5.07 ] },
						"up": { "texture": "#wood-generic", "uv": [ 1.5, 12.0, 5.49, 12.57 ] },
						"down": { "texture": "#wood-generic", "uv": [ 5.0, 2.0, 8.99, 2.57 ] }
					}
				},
				{
					"name": "Cube4",
					"from": [ -0.5, 0.5, 0.0 ], 
					"to": [ 0.0, 1.0, 2.8 ], 
					"rotationOrigin": [ 0.0, 0.2, 0.0 ],
					"faces": {
						"north": { "texture": "#wood-generic", "uv": [ 10.5, 1.5, 11.07, 2.07 ], "enabled": false },
						"east": { "texture": "#wood-generic", "uv": [ 10.0, 6.0, 12.85, 6.57 ] },
						"south": { "texture": "#wood-generic", "uv": [ 0.5, 5.5, 1.07, 6.07 ], "enabled": false },
						"west": { "texture": "#wood-generic", "uv": [ 0.5, 1.5, 3.35, 2.07 ] },
						"up": { "texture": "#wood-generic", "uv": [ 4.5, 10.0, 5.07, 12.85 ] },
						"down": { "texture": "#wood-generic", "uv": [ 10.0, 10.5, 10.57, 13.35 ] }
					}
				},
				{
					"name": "Cube5",
					"from": [ 2.8, 0.5, 0.0 ], 
					"to": [ 3.3, 1.0, 2.8 ], 
					"rotationOrigin": [ -0.5, 0.2, 0.0 ],
					"faces": {
						"north": { "texture": "#wood-generic", "uv": [ 10.5, 3.5, 11.07, 4.07 ], "enabled": false },
						"east": { "texture": "#wood-generic", "uv": [ 7.5, 13.0, 10.35, 13.57 ] },
						"south": { "texture": "#wood-generic", "uv": [ 15.0, 2.5, 15.57, 3.07 ], "enabled": false },
						"west": { "texture": "#wood-generic", "uv": [ 0.5, 10.5, 3.35, 11.07 ] },
						"up": { "texture": "#wood-generic", "uv": [ 12.0, 1.0, 12.57, 3.85 ] },
						"down": { "texture": "#wood-generic", "uv": [ 8.0, 7.0, 8.57, 9.85 ] }
					}
				}
			]
		},
		{
			"name": "Cube1",
			"from": [ 3.5, 3.0, 5.5 ], 
			"to": [ 8.5, 4.0, 10.5 ], 
			"renderInEditor": false,
			"rotationOrigin": [ 7.0, 3.0, 9.0 ],
			"rotationZ": 180.0,
			"faces": {
				"north": { "texture": "#wood-generic", "uv": [ 8.5, 0.0, 13.5, 1.0 ] },
				"east": { "texture": "#wood-generic", "uv": [ 8.0, 12.5, 13.0, 13.5 ] },
				"south": { "texture": "#wood-generic", "uv": [ 2.5, 4.0, 7.5, 5.0 ] },
				"west": { "texture": "#wood-generic", "uv": [ 5.5, 5.0, 10.5, 6.0 ] },
				"up": { "texture": "#wood-generic", "uv": [ 0.5, 3.0, 5.5, 8.0 ] },
				"down": { "texture": "#wood-generic", "uv": [ 9.0, 10.0, 14.0, 15.0 ] }
			},
			"children": [
				{
					"name": "Cube2",
					"from": [ -1.0, 1.0, -1.0 ], 
					"to": [ 6.0, 2.0, 0.0 ], 
					"rotationOrigin": [ 0.0, 0.5, 0.0 ],
					"faces": {
						"north": { "texture": "#wood-generic", "uv": [ 7.0, 5.0, 14.0, 6.0 ] },
						"east": { "texture": "#wood-generic", "uv": [ 14.0, 9.5, 15.0, 10.5 ] },
						"south": { "texture": "#wood-generic", "uv": [ 2.0, 3.5, 9.0, 4.5 ] },
						"west": { "texture": "#wood-generic", "uv": [ 2.5, 13.5, 3.5, 14.5 ] },
						"up": { "texture": "#wood-generic", "uv": [ 4.5, 1.5, 11.5, 2.5 ] },
						"down": { "texture": "#wood-generic", "uv": [ 8.0, 2.5, 15.0, 3.5 ] }
					}
				},
				{
					"name": "Cube3",
					"from": [ -1.0, 1.0, 5.0 ], 
					"to": [ 6.0, 2.0, 6.0 ], 
					"rotationOrigin": [ 0.0, 0.5, 0.0 ],
					"faces": {
						"north": { "texture": "#wood-generic", "uv": [ 3.0, 14.0, 10.0, 15.0 ] },
						"east": { "texture": "#wood-generic", "uv": [ 12.5, 0.5, 13.5, 1.5 ] },
						"south": { "texture": "#wood-generic", "uv": [ 6.0, 13.5, 13.0, 14.5 ] },
						"west": { "texture": "#wood-generic", "uv": [ 11.5, 12.5, 12.5, 13.5 ] },
						"up": { "texture": "#wood-generic", "uv": [ 4.0, 9.5, 11.0, 10.5 ] },
						"down": { "texture": "#wood-generic", "uv": [ 0.5, 9.0, 7.5, 10.0 ] }
					}
				},
				{
					"name": "Cube4",
					"from": [ -1.0, 1.0, 0.0 ], 
					"to": [ 0.0, 2.0, 5.0 ], 
					"rotationOrigin": [ 0.0, 0.5, 0.0 ],
					"faces": {
						"north": { "texture": "#wood-generic", "uv": [ 9.0, 2.5, 10.0, 3.5 ], "enabled": false },
						"east": { "texture": "#wood-generic", "uv": [ 4.5, 10.0, 9.5, 11.0 ] },
						"south": { "texture": "#wood-generic", "uv": [ 5.5, 9.0, 6.5, 10.0 ], "enabled": false },
						"west": { "texture": "#wood-generic", "uv": [ 9.0, 2.5, 14.0, 3.5 ] },
						"up": { "texture": "#wood-generic", "uv": [ 0.0, 2.5, 1.0, 7.5 ] },
						"down": { "texture": "#wood-generic", "uv": [ 2.5, 0.0, 3.5, 5.0 ] }
					}
				},
				{
					"name": "Cube5",
					"from": [ 5.0, 1.0, 0.0 ], 
					"to": [ 6.0, 2.0, 5.0 ], 
					"rotationOrigin": [ -1.0, 0.5, 0.0 ],
					"faces": {
						"north": { "texture": "#wood-generic", "uv": [ 3.5, 2.5, 4.5, 3.5 ], "enabled": false },
						"east": { "texture": "#wood-generic", "uv": [ 7.5, 10.0, 12.5, 11.0 ] },
						"south": { "texture": "#wood-generic", "uv": [ 14.0, 1.0, 15.0, 2.0 ], "enabled": false },
						"west": { "texture": "#wood-generic", "uv": [ 8.5, 6.5, 13.5, 7.5 ] },
						"up": { "texture": "#wood-generic", "uv": [ 7.0, 4.5, 8.0, 9.5 ] },
						"down": { "texture": "#wood-generic", "uv": [ 6.5, 9.5, 7.5, 14.5 ] }
					}
				}
			]
		}
	]}