{
	"editor": {
		"allAngles": false,
		"entityTextureMode": false
	},
	"textureWidth": 16,
	"textureHeight": 16,
	"textures": {
		"other": "game:block/clay/ceramic",
		"floor": "game:block/clay/ceramic-dark"
	},
	"elements": [
		{
			"name": "Cube1",
			"from": [ 1.0, 0.0, 1.0 ], 
			"to": [ 15.0, 1.0, 15.0 ], 
			"rotationOrigin": [ -4.0, 0.0, -3.0 ],
			"faces": {
				"north": { "texture": "#other", "uv": [ 1.0, 1.0, 15.0, 2.0 ] },
				"east": { "texture": "#other", "uv": [ 1.0, 1.0, 15.0, 2.0 ] },
				"south": { "texture": "#other", "uv": [ 1.0, 1.0, 15.0, 2.0 ] },
				"west": { "texture": "#other", "uv": [ 1.0, 1.0, 15.0, 2.0 ] },
				"up": { "texture": "#floor", "uv": [ 1.0, 1.0, 15.0, 15.0 ] },
				"down": { "texture": "#other", "uv": [ 1.0, 1.0, 15.0, 15.0 ] }
			},
			"children": [
				{
					"name": "Cube6",
					"from": [ 0.0, 1.0, 0.0 ], 
					"to": [ 14.0, 6.0, 1.0 ], 
					"rotationOrigin": [ 0.0, 0.0, -3.0 ],
					"faces": {
						"north": { "texture": "#other", "uv": [ 1.5, 7.0, 15.5, 12.0 ] },
						"east": { "texture": "#other", "uv": [ 8.0, 5.0, 9.0, 10.0 ] },
						"south": { "texture": "#floor", "uv": [ 1.0, 3.0, 15.0, 8.0 ] },
						"west": { "texture": "#other", "uv": [ 14.0, 5.0, 15.0, 10.0 ] },
						"up": { "texture": "#other", "uv": [ 1.5, 4.0, 15.5, 5.0 ] },
						"down": { "texture": "#other", "uv": [ 2.5, 6.0, 16.5, 7.0 ], "enabled": false }
					}
				},
				{
					"name": "Cube7",
					"from": [ 0.0, 1.0, 1.0 ], 
					"to": [ 1.0, 6.0, 14.0 ], 
					"rotationOrigin": [ 0.0, 1.0, 1.0 ],
					"faces": {
						"north": { "texture": "#other", "uv": [ 0.0, 0.0, 1.0, 5.0 ], "enabled": false },
						"east": { "texture": "#floor", "uv": [ -0.5, 3.0, 12.5, 8.0 ] },
						"south": { "texture": "#other", "uv": [ 0.0, 0.0, 1.0, 5.0 ] },
						"west": { "texture": "#other", "uv": [ 1.5, 0.5, 14.5, 5.5 ] },
						"up": { "texture": "#other", "uv": [ 0.0, 0.0, 1.0, 13.0 ] },
						"down": { "texture": "#other", "uv": [ 0.0, 0.0, 1.0, 13.0 ], "enabled": false }
					}
				},
				{
					"name": "Cube8",
					"from": [ 1.0, 1.0, 13.0 ], 
					"to": [ 13.0, 6.0, 14.0 ], 
					"rotationOrigin": [ 1.0, 1.0, 13.0 ],
					"faces": {
						"north": { "texture": "#floor", "uv": [ 0.0, 2.5, 12.0, 7.5 ] },
						"east": { "texture": "#other", "uv": [ 0.5, 0.0, 1.5, 5.0 ], "enabled": false },
						"south": { "texture": "#other", "uv": [ 1.5, 3.5, 13.5, 8.5 ] },
						"west": { "texture": "#other", "uv": [ 0.0, 0.0, 1.0, 5.0 ], "enabled": false },
						"up": { "texture": "#other", "uv": [ 0.0, 0.0, 12.0, 1.0 ] },
						"down": { "texture": "#other", "uv": [ 0.0, 0.0, 12.0, 1.0 ], "enabled": false }
					}
				},
				{
					"name": "Cube9",
					"from": [ 13.0, 1.0, 1.0 ], 
					"to": [ 14.0, 6.0, 14.0 ], 
					"rotationOrigin": [ 13.0, 1.0, 1.0 ],
					"faces": {
						"north": { "texture": "#other", "uv": [ 0.0, 0.0, 1.0, 5.0 ], "enabled": false },
						"east": { "texture": "#other", "uv": [ 0.0, 0.0, 13.0, 5.0 ] },
						"south": { "texture": "#other", "uv": [ 0.0, 0.0, 1.0, 5.0 ] },
						"west": { "texture": "#floor", "uv": [ 1.5, 2.0, 14.5, 7.0 ] },
						"up": { "texture": "#other", "uv": [ 0.0, 0.0, 1.0, 13.0 ] },
						"down": { "texture": "#other", "uv": [ 0.0, 0.0, 1.0, 13.0 ], "enabled": false }
					}
				},
				{
					"name": "Cube10",
					"from": [ 2.0, 1.0, 2.0 ], 
					"to": [ 5.0, 6.0, 5.0 ], 
					"rotationOrigin": [ 2.0, 1.0, 2.0 ],
					"faces": {
						"north": { "texture": "#other", "uv": [ 0.0, 0.0, 3.0, 5.0 ] },
						"east": { "texture": "#other", "uv": [ 0.0, 0.0, 3.0, 5.0 ] },
						"south": { "texture": "#other", "uv": [ 0.0, 0.0, 3.0, 5.0 ] },
						"west": { "texture": "#other", "uv": [ 0.0, 0.0, 3.0, 5.0 ] },
						"up": { "texture": "#other", "uv": [ 0.0, 0.0, 3.0, 3.0 ] },
						"down": { "texture": "#other", "uv": [ 0.0, 0.0, 3.0, 3.0 ], "enabled": false }
					}
				},
				{
					"name": "Cube11",
					"from": [ 9.0, 1.0, 2.0 ], 
					"to": [ 12.0, 6.0, 5.0 ], 
					"rotationOrigin": [ 9.0, 1.0, 2.0 ],
					"faces": {
						"north": { "texture": "#other", "uv": [ 0.0, 0.0, 3.0, 5.0 ] },
						"east": { "texture": "#other", "uv": [ 0.0, 0.0, 3.0, 5.0 ] },
						"south": { "texture": "#other", "uv": [ 0.0, 0.0, 3.0, 5.0 ] },
						"west": { "texture": "#other", "uv": [ 0.0, 0.0, 3.0, 5.0 ] },
						"up": { "texture": "#other", "uv": [ 0.0, 0.0, 3.0, 3.0 ] },
						"down": { "texture": "#null", "uv": [ 0.0, 0.0, 3.0, 3.0 ], "enabled": false }
					}
				},
				{
					"name": "Cube12",
					"from": [ 9.0, 1.0, 9.0 ], 
					"to": [ 12.0, 6.0, 12.0 ], 
					"rotationOrigin": [ 9.0, 1.0, 9.0 ],
					"faces": {
						"north": { "texture": "#other", "uv": [ 0.0, 0.0, 3.0, 5.0 ] },
						"east": { "texture": "#other", "uv": [ 0.0, 0.0, 3.0, 5.0 ] },
						"south": { "texture": "#other", "uv": [ 0.0, 0.0, 3.0, 5.0 ] },
						"west": { "texture": "#other", "uv": [ 0.0, 0.0, 3.0, 5.0 ] },
						"up": { "texture": "#other", "uv": [ 0.0, 0.0, 3.0, 3.0 ] },
						"down": { "texture": "#null", "uv": [ 0.0, 0.0, 3.0, 3.0 ], "enabled": false }
					}
				},
				{
					"name": "Cube13",
					"from": [ 2.0, 1.0, 9.0 ], 
					"to": [ 5.0, 6.0, 12.0 ], 
					"rotationOrigin": [ 2.0, 1.0, 9.0 ],
					"faces": {
						"north": { "texture": "#other", "uv": [ 0.0, 0.0, 3.0, 5.0 ] },
						"east": { "texture": "#other", "uv": [ 0.0, 0.0, 3.0, 5.0 ] },
						"south": { "texture": "#other", "uv": [ 0.0, 0.0, 3.0, 5.0 ] },
						"west": { "texture": "#other", "uv": [ 0.0, 0.0, 3.0, 5.0 ] },
						"up": { "texture": "#other", "uv": [ 0.0, 0.0, 3.0, 3.0 ] },
						"down": { "texture": "#null", "uv": [ 0.0, 0.0, 3.0, 3.0 ], "enabled": false }
					}
				},
				{
					"name": "Cube14",
					"from": [ 1.0, 1.0, 6.0 ], 
					"to": [ 13.0, 6.0, 8.0 ], 
					"rotationOrigin": [ 1.0, 1.0, 6.0 ],
					"faces": {
						"north": { "texture": "#other", "uv": [ 0.0, 0.0, 12.0, 5.0 ] },
						"east": { "texture": "#other", "uv": [ 0.0, 0.0, 2.0, 5.0 ], "enabled": false },
						"south": { "texture": "#other", "uv": [ 0.0, 0.0, 12.0, 5.0 ] },
						"west": { "texture": "#other", "uv": [ 0.0, 0.0, 2.0, 5.0 ], "enabled": false },
						"up": { "texture": "#other", "uv": [ 0.0, 0.0, 12.0, 2.0 ] },
						"down": { "texture": "#other", "uv": [ 0.0, 0.0, 12.0, 2.0 ], "enabled": false }
					}
				},
				{
					"name": "Cube15",
					"from": [ 6.0, 1.0, 1.0 ], 
					"to": [ 8.0, 6.0, 6.0 ], 
					"rotationOrigin": [ 6.0, 1.0, 1.0 ],
					"faces": {
						"north": { "texture": "#other", "uv": [ 0.0, 0.0, 2.0, 5.0 ], "enabled": false },
						"east": { "texture": "#other", "uv": [ 0.0, 0.0, 5.0, 5.0 ] },
						"south": { "texture": "#other", "uv": [ 0.0, 0.0, 2.0, 5.0 ], "enabled": false },
						"west": { "texture": "#other", "uv": [ 0.0, 0.0, 5.0, 5.0 ] },
						"up": { "texture": "#other", "uv": [ 0.0, 0.0, 2.0, 5.0 ] },
						"down": { "texture": "#null", "uv": [ 0.0, 0.0, 2.0, 5.0 ], "enabled": false }
					}
				},
				{
					"name": "Cube16",
					"from": [ 6.0, 1.0, 8.0 ], 
					"to": [ 8.0, 6.0, 13.0 ], 
					"rotationOrigin": [ 6.0, 1.0, 8.0 ],
					"faces": {
						"north": { "texture": "#other", "uv": [ 0.0, 0.0, 2.0, 5.0 ], "enabled": false },
						"east": { "texture": "#other", "uv": [ 0.0, 0.0, 5.0, 5.0 ] },
						"south": { "texture": "#other", "uv": [ 0.0, 0.0, 2.0, 5.0 ], "enabled": false },
						"west": { "texture": "#other", "uv": [ 0.0, 0.0, 5.0, 5.0 ] },
						"up": { "texture": "#other", "uv": [ 0.0, 0.0, 2.0, 5.0 ] },
						"down": { "texture": "#null", "uv": [ 0.0, 0.0, 2.0, 5.0 ], "enabled": false }
					}
				}
			]
		}
	]}