{
	"editor": {
		"allAngles": false,
		"entityTextureMode": false
	},
	"textureWidth": 16,
	"textureHeight": 16,
	"textureSizes": {
	},
	"textures": {
	},
	"elements": [
		{
			"name": "Cube1",
			"from": [ 1.5, 0.0, 1.5 ], 
			"to": [ 14.5, 1.0, 14.5 ], 
			"rotationOrigin": [ -4.0, 0.0, -3.0 ],
			"faces": {
				"north": { "texture": "#other", "uv": [ 2.5, 9.0, 15.5, 10.0 ] },
				"east": { "texture": "#other", "uv": [ 0.0, 11.0, 13.0, 12.0 ] },
				"south": { "texture": "#other", "uv": [ 1.5, 13.0, 14.5, 14.0 ] },
				"west": { "texture": "#other", "uv": [ 0.5, 8.5, 13.5, 9.5 ] },
				"up": { "texture": "#floor", "uv": [ 2.5, 1.5, 15.5, 14.5 ] },
				"down": { "texture": "#other", "uv": [ 1.5, 2.5, 14.5, 15.5 ] }
			},
			"children": [
				{
					"name": "Rotation Point",
					"from": [ 0.0, 1.0, 0.0 ], 
					"to": [ 0.0, 1.0, 0.0 ], 
					"rotationOrigin": [ 6.5, 1.0, 6.5 ],
					"rotationY": 90.0,
					"faces": {
						"north": { "texture": "#null", "uv": [ 7.0, 12.0, 7.5, 12.5 ] },
						"east": { "texture": "#null", "uv": [ 0.0, 8.5, 0.5, 9.0 ] },
						"south": { "texture": "#null", "uv": [ 12.5, 14.5, 13.0, 15.0 ] },
						"west": { "texture": "#null", "uv": [ 5.5, 7.5, 6.0, 8.0 ] },
						"up": { "texture": "#null", "uv": [ 12.5, 8.0, 13.0, 8.5 ] },
						"down": { "texture": "#null", "uv": [ 13.0, 11.5, 13.5, 12.0 ] }
					},
					"children": [
						{
							"name": "Cube2",
							"from": [ 0.0, 0.0, 0.0 ], 
							"to": [ 13.0, 9.0, 2.0 ], 
							"faces": {
								"north": { "texture": "#other", "uv": [ 1.5, 4.5, 14.5, 13.5 ] },
								"east": { "texture": "#other", "uv": [ 6.0, 4.0, 8.0, 13.0 ] },
								"south": { "texture": "#other", "uv": [ 2.0, 1.5, 15.0, 10.5 ] },
								"west": { "texture": "#other", "uv": [ 5.5, 4.0, 7.5, 13.0 ] },
								"up": { "texture": "#other", "uv": [ 2.5, 9.0, 15.5, 11.0 ] },
								"down": { "texture": "#other", "uv": [ 0.5, 9.0, 13.5, 11.0 ], "enabled": false, "windMode": [-1,-1,-1,-1] }
							}
						},
						{
							"name": "Cube3",
							"from": [ 0.0, 0.0, 3.0 ], 
							"to": [ 13.0, 9.0, 4.0 ], 
							"rotationOrigin": [ 0.0, 0.0, 3.0 ],
							"faces": {
								"north": { "texture": "#other", "uv": [ 1.5, 2.0, 14.5, 11.0 ] },
								"east": { "texture": "#other", "uv": [ 14.0, 6.0, 15.0, 15.0 ] },
								"south": { "texture": "#other", "uv": [ 0.5, 0.5, 13.5, 9.5 ] },
								"west": { "texture": "#other", "uv": [ 8.0, 3.5, 9.0, 12.5 ] },
								"up": { "texture": "#other", "uv": [ 0.5, 12.5, 13.5, 13.5 ] },
								"down": { "texture": "#other", "uv": [ 1.5, 6.5, 14.5, 7.5 ], "enabled": false, "windMode": [-1,-1,-1,-1] }
							}
						},
						{
							"name": "Cube4",
							"from": [ 0.0, 0.0, 5.0 ], 
							"to": [ 13.0, 9.0, 6.0 ], 
							"rotationOrigin": [ 0.0, 0.0, 5.0 ],
							"faces": {
								"north": { "texture": "#other", "uv": [ 2.5, 6.5, 15.5, 15.5 ] },
								"east": { "texture": "#other", "uv": [ 8.5, 2.5, 9.5, 11.5 ] },
								"south": { "texture": "#other", "uv": [ 1.5, 4.0, 14.5, 13.0 ] },
								"west": { "texture": "#other", "uv": [ 10.0, 1.0, 11.0, 10.0 ] },
								"up": { "texture": "#other", "uv": [ 0.0, 0.0, 13.0, 1.0 ] },
								"down": { "texture": "#other", "uv": [ 0.0, 4.5, 13.0, 5.5 ], "enabled": false }
							}
						},
						{
							"name": "Cube5",
							"from": [ 0.0, 0.0, 7.0 ], 
							"to": [ 13.0, 9.0, 8.0 ], 
							"rotationOrigin": [ 0.0, 0.0, 7.0 ],
							"faces": {
								"north": { "texture": "#other", "uv": [ 0.5, 0.5, 13.5, 9.5 ] },
								"east": { "texture": "#other", "uv": [ 8.0, 4.5, 9.0, 13.5 ] },
								"south": { "texture": "#other", "uv": [ 1.0, 0.5, 14.0, 9.5 ] },
								"west": { "texture": "#other", "uv": [ 10.0, 0.5, 11.0, 9.5 ] },
								"up": { "texture": "#other", "uv": [ 0.0, 9.5, 13.0, 10.5 ] },
								"down": { "texture": "#other", "uv": [ 2.0, 8.0, 15.0, 9.0 ], "enabled": false }
							}
						},
						{
							"name": "Cube6",
							"from": [ 0.0, 0.0, 9.0 ], 
							"to": [ 13.0, 9.0, 10.0 ], 
							"rotationOrigin": [ 0.0, 0.0, 9.0 ],
							"faces": {
								"north": { "texture": "#other", "uv": [ 1.0, 6.0, 14.0, 15.0 ] },
								"east": { "texture": "#other", "uv": [ 9.0, 3.5, 10.0, 12.5 ] },
								"south": { "texture": "#other", "uv": [ 2.0, 5.0, 15.0, 14.0 ] },
								"west": { "texture": "#other", "uv": [ 14.5, 1.0, 15.5, 10.0 ] },
								"up": { "texture": "#other", "uv": [ 0.0, 9.5, 13.0, 10.5 ] },
								"down": { "texture": "#other", "uv": [ 2.5, 14.0, 15.5, 15.0 ], "enabled": false }
							}
						},
						{
							"name": "Cube7",
							"from": [ 0.0, 0.0, 11.0 ], 
							"to": [ 13.0, 9.0, 13.0 ], 
							"rotationOrigin": [ 0.0, 0.0, 11.0 ],
							"faces": {
								"north": { "texture": "#other", "uv": [ 1.0, 5.5, 14.0, 14.5 ] },
								"east": { "texture": "#other", "uv": [ 11.5, 5.0, 13.5, 14.0 ] },
								"south": { "texture": "#other", "uv": [ 0.5, 2.0, 13.5, 11.0 ] },
								"west": { "texture": "#other", "uv": [ 3.0, 5.5, 5.0, 14.5 ] },
								"up": { "texture": "#other", "uv": [ 1.5, 4.0, 14.5, 6.0 ] },
								"down": { "texture": "#other", "uv": [ 0.0, 8.5, 13.0, 10.5 ], "enabled": false }
							}
						},
						{
							"name": "Cube8",
							"from": [ 0.0, 0.0, 2.0 ], 
							"to": [ 2.0, 9.0, 3.0 ], 
							"rotationOrigin": [ 0.0, 0.0, 2.0 ],
							"faces": {
								"north": { "texture": "#other", "uv": [ 3.5, 1.0, 5.5, 10.0 ], "enabled": false, "windMode": [-1,-1,-1,-1] },
								"east": { "texture": "#other", "uv": [ 8.5, 2.0, 9.5, 11.0 ] },
								"south": { "texture": "#other", "uv": [ 8.5, 4.0, 10.5, 13.0 ], "enabled": false, "windMode": [-1,-1,-1,-1] },
								"west": { "texture": "#other", "uv": [ 12.0, 3.5, 13.0, 12.5 ] },
								"up": { "texture": "#other", "uv": [ 3.0, 11.5, 5.0, 12.5 ] },
								"down": { "texture": "#other", "uv": [ 11.0, 11.0, 13.0, 12.0 ], "enabled": false }
							}
						},
						{
							"name": "Cube9",
							"from": [ 0.0, 0.0, 4.0 ], 
							"to": [ 2.0, 9.0, 5.0 ], 
							"rotationOrigin": [ 0.0, 0.0, 4.0 ],
							"faces": {
								"north": { "texture": "#other", "uv": [ 12.5, 4.5, 14.5, 13.5 ], "enabled": false },
								"east": { "texture": "#other", "uv": [ 3.0, 4.5, 4.0, 13.5 ] },
								"south": { "texture": "#other", "uv": [ 2.0, 2.0, 4.0, 11.0 ], "enabled": false },
								"west": { "texture": "#other", "uv": [ 2.0, 2.0, 3.0, 11.0 ] },
								"up": { "texture": "#other", "uv": [ 3.5, 4.0, 5.5, 5.0 ] },
								"down": { "texture": "#other", "uv": [ 7.0, 3.0, 9.0, 4.0 ], "enabled": false }
							}
						},
						{
							"name": "Cube10",
							"from": [ 0.0, 0.0, 6.0 ], 
							"to": [ 2.0, 9.0, 7.0 ], 
							"rotationOrigin": [ 0.0, 0.0, 6.0 ],
							"faces": {
								"north": { "texture": "#other", "uv": [ 12.5, 2.5, 14.5, 11.5 ], "enabled": false },
								"east": { "texture": "#other", "uv": [ 13.0, 5.5, 14.0, 14.5 ] },
								"south": { "texture": "#other", "uv": [ 5.0, 3.5, 7.0, 12.5 ], "enabled": false },
								"west": { "texture": "#other", "uv": [ 6.0, 5.0, 7.0, 14.0 ] },
								"up": { "texture": "#other", "uv": [ 10.5, 4.5, 12.5, 5.5 ] },
								"down": { "texture": "#other", "uv": [ 3.0, 3.5, 5.0, 4.5 ], "enabled": false }
							}
						},
						{
							"name": "Cube11",
							"from": [ 0.0, 0.0, 8.0 ], 
							"to": [ 2.0, 9.0, 9.0 ], 
							"rotationOrigin": [ 0.0, 0.0, 8.0 ],
							"faces": {
								"north": { "texture": "#other", "uv": [ 11.5, 4.5, 13.5, 13.5 ], "enabled": false },
								"east": { "texture": "#other", "uv": [ 14.5, 0.5, 15.5, 9.5 ] },
								"south": { "texture": "#other", "uv": [ 2.0, 1.5, 4.0, 10.5 ], "enabled": false },
								"west": { "texture": "#other", "uv": [ 12.0, 0.0, 13.0, 9.0 ] },
								"up": { "texture": "#other", "uv": [ 13.5, 12.5, 15.5, 13.5 ] },
								"down": { "texture": "#other", "uv": [ 11.0, 10.0, 13.0, 11.0 ], "enabled": false }
							}
						},
						{
							"name": "Cube12",
							"from": [ 0.0, 0.0, 10.0 ], 
							"to": [ 2.0, 9.0, 11.0 ], 
							"rotationOrigin": [ 0.0, 0.0, 10.0 ],
							"faces": {
								"north": { "texture": "#other", "uv": [ 11.5, 1.5, 13.5, 10.5 ], "enabled": false },
								"east": { "texture": "#other", "uv": [ 11.0, 4.0, 12.0, 13.0 ] },
								"south": { "texture": "#other", "uv": [ 13.0, 6.5, 15.0, 15.5 ], "enabled": false },
								"west": { "texture": "#other", "uv": [ 12.0, 6.0, 13.0, 15.0 ] },
								"up": { "texture": "#other", "uv": [ 5.5, 10.0, 7.5, 11.0 ] },
								"down": { "texture": "#other", "uv": [ 12.5, 1.5, 14.5, 2.5 ], "enabled": false }
							}
						},
						{
							"name": "Cube13",
							"from": [ 11.0, 0.0, 10.0 ], 
							"to": [ 13.0, 9.0, 11.0 ], 
							"rotationOrigin": [ 11.0, 0.0, 10.0 ],
							"faces": {
								"north": { "texture": "#other", "uv": [ 5.5, 5.0, 7.5, 14.0 ], "enabled": false },
								"east": { "texture": "#other", "uv": [ 12.5, 6.0, 13.5, 15.0 ] },
								"south": { "texture": "#other", "uv": [ 5.0, 0.0, 7.0, 9.0 ], "enabled": false },
								"west": { "texture": "#other", "uv": [ 9.0, 0.5, 10.0, 9.5 ] },
								"up": { "texture": "#other", "uv": [ 5.5, 6.5, 7.5, 7.5 ] },
								"down": { "texture": "#other", "uv": [ 10.5, 12.5, 12.5, 13.5 ], "enabled": false }
							}
						},
						{
							"name": "Cube14",
							"from": [ 11.0, 0.0, 8.0 ], 
							"to": [ 13.0, 9.0, 9.0 ], 
							"rotationOrigin": [ 11.0, 0.0, 8.0 ],
							"faces": {
								"north": { "texture": "#other", "uv": [ 2.0, 6.0, 4.0, 15.0 ], "enabled": false },
								"east": { "texture": "#other", "uv": [ 14.5, 0.5, 15.5, 9.5 ] },
								"south": { "texture": "#other", "uv": [ 7.0, 1.0, 9.0, 10.0 ], "enabled": false },
								"west": { "texture": "#other", "uv": [ 11.0, 2.0, 12.0, 11.0 ] },
								"up": { "texture": "#other", "uv": [ 5.0, 6.5, 7.0, 7.5 ] },
								"down": { "texture": "#other", "uv": [ 9.0, 5.5, 11.0, 6.5 ], "enabled": false }
							}
						},
						{
							"name": "Cube15",
							"from": [ 11.0, 0.0, 6.0 ], 
							"to": [ 13.0, 9.0, 7.0 ], 
							"rotationOrigin": [ 11.0, 0.0, 6.0 ],
							"faces": {
								"north": { "texture": "#other", "uv": [ 1.0, 0.0, 3.0, 9.0 ], "enabled": false },
								"east": { "texture": "#other", "uv": [ 11.0, 4.5, 12.0, 13.5 ] },
								"south": { "texture": "#other", "uv": [ 11.0, 5.5, 13.0, 14.5 ], "enabled": false },
								"west": { "texture": "#other", "uv": [ 3.5, 5.0, 4.5, 14.0 ] },
								"up": { "texture": "#other", "uv": [ 6.0, 8.0, 8.0, 9.0 ] },
								"down": { "texture": "#other", "uv": [ 0.5, 8.0, 2.5, 9.0 ], "enabled": false }
							}
						},
						{
							"name": "Cube16",
							"from": [ 11.0, 0.0, 4.0 ], 
							"to": [ 13.0, 9.0, 5.0 ], 
							"rotationOrigin": [ 11.0, 0.0, 4.0 ],
							"faces": {
								"north": { "texture": "#other", "uv": [ 10.5, 2.5, 12.5, 11.5 ], "enabled": false },
								"east": { "texture": "#other", "uv": [ 7.5, 5.5, 8.5, 14.5 ] },
								"south": { "texture": "#other", "uv": [ 13.5, 2.0, 15.5, 11.0 ], "enabled": false },
								"west": { "texture": "#other", "uv": [ 4.0, 1.5, 5.0, 10.5 ] },
								"up": { "texture": "#other", "uv": [ 6.0, 0.0, 8.0, 1.0 ] },
								"down": { "texture": "#other", "uv": [ 9.0, 5.5, 11.0, 6.5 ], "enabled": false }
							}
						},
						{
							"name": "Cube17",
							"from": [ 11.0, 0.0, 2.0 ], 
							"to": [ 13.0, 9.0, 3.0 ], 
							"rotationOrigin": [ 11.0, 0.0, 2.0 ],
							"faces": {
								"north": { "texture": "#other", "uv": [ 10.0, 0.5, 12.0, 9.5 ], "enabled": false },
								"east": { "texture": "#other", "uv": [ 6.0, 6.0, 7.0, 15.0 ] },
								"south": { "texture": "#other", "uv": [ 9.5, 6.0, 11.5, 15.0 ], "enabled": false },
								"west": { "texture": "#other", "uv": [ 1.5, 5.0, 2.5, 14.0 ] },
								"up": { "texture": "#other", "uv": [ 7.0, 10.0, 9.0, 11.0 ] },
								"down": { "texture": "#other", "uv": [ 7.0, 9.0, 9.0, 10.0 ], "enabled": false }
							}
						}
					]
				}
			]
		}
	]}