{
	"editor": {
		"allAngles": false,
		"entityTextureMode": false
	},
	"textureWidth": 16,
	"textureHeight": 16,
	"textureSizes": {
	},
	"textures": {
		"other": "block/clay/ceramic",
		"floor": "block/clay/ceramic-dark"
	},
	"elements": [
		{
			"name": "Cube1",
			"from": [ 1.0, 0.0, 1.0 ], 
			"to": [ 15.0, 1.0, 15.0 ], 
			"rotationOrigin": [ -4.0, 0.0, -3.0 ],
			"faces": {
				"north": { "texture": "#other", "uv": [ 2.0, 1.5, 15.0, 2.5 ] },
				"east": { "texture": "#other", "uv": [ 0.0, 13.5, 13.0, 14.5 ] },
				"south": { "texture": "#other", "uv": [ 2.0, 11.5, 15.0, 12.5 ] },
				"west": { "texture": "#other", "uv": [ 2.5, 4.0, 15.5, 5.0 ] },
				"up": { "texture": "#floor", "uv": [ 0.5, 2.5, 13.5, 15.5 ] },
				"down": { "texture": "#other", "uv": [ 1.0, 1.0, 14.0, 14.0 ] }
			},
			"children": [
				{
					"name": "Cube6",
					"from": [ 0.0, 1.0, 0.0 ], 
					"to": [ 14.0, 2.0, 1.0 ], 
					"rotationOrigin": [ 0.0, 0.0, -3.0 ],
					"faces": {
						"north": { "texture": "#other", "uv": [ 1.0, 0.5, 15.0, 1.5 ] },
						"east": { "texture": "#other", "uv": [ 4.5, 6.0, 5.5, 7.0 ], "windMode": [-1,-1,-1,-1] },
						"south": { "texture": "#other", "uv": [ 0.5, 2.5, 14.5, 3.5 ] },
						"west": { "texture": "#other", "uv": [ 5.5, 9.5, 6.5, 10.5 ], "windMode": [-1,-1,-1,-1] },
						"up": { "texture": "#other", "uv": [ 1.5, 8.0, 15.5, 9.0 ] },
						"down": { "texture": "#other", "uv": [ 0.0, 11.0, 14.0, 12.0 ], "enabled": false }
					}
				},
				{
					"name": "Cube7",
					"from": [ 0.0, 1.0, 1.0 ], 
					"to": [ 1.0, 2.0, 13.0 ], 
					"rotationOrigin": [ 0.0, 1.0, 1.0 ],
					"faces": {
						"north": { "texture": "#other", "uv": [ 0.5, 10.5, 1.5, 11.5 ], "enabled": false },
						"east": { "texture": "#other", "uv": [ 2.0, 12.5, 14.0, 13.5 ] },
						"south": { "texture": "#other", "uv": [ 13.5, 4.5, 14.5, 5.5 ], "enabled": false },
						"west": { "texture": "#other", "uv": [ 0.0, 14.0, 12.0, 15.0 ] },
						"up": { "texture": "#other", "uv": [ 2.0, 1.5, 3.0, 13.5 ] },
						"down": { "texture": "#other", "uv": [ 7.0, 1.0, 8.0, 13.0 ], "enabled": false }
					}
				},
				{
					"name": "Cube8",
					"from": [ 0.0, 1.0, 13.0 ], 
					"to": [ 14.0, 2.0, 14.0 ], 
					"rotationOrigin": [ 0.0, 1.0, 13.0 ],
					"faces": {
						"north": { "texture": "#other", "uv": [ 0.5, 10.0, 14.5, 11.0 ] },
						"east": { "texture": "#other", "uv": [ 4.0, 9.0, 5.0, 10.0 ], "windMode": [-1,-1,-1,-1] },
						"south": { "texture": "#other", "uv": [ 0.5, 10.5, 14.5, 11.5 ] },
						"west": { "texture": "#other", "uv": [ 5.0, 8.0, 6.0, 9.0 ], "windMode": [-1,-1,-1,-1] },
						"up": { "texture": "#other", "uv": [ 1.5, 1.0, 15.5, 2.0 ] },
						"down": { "texture": "#other", "uv": [ 0.5, 5.0, 14.5, 6.0 ], "enabled": false }
					}
				},
				{
					"name": "Cube9",
					"from": [ 13.0, 1.0, 1.0 ], 
					"to": [ 14.0, 2.0, 13.0 ], 
					"rotationOrigin": [ 13.0, 1.0, 1.0 ],
					"faces": {
						"north": { "texture": "#other", "uv": [ 6.0, 14.0, 7.0, 15.0 ], "enabled": false },
						"east": { "texture": "#other", "uv": [ 2.5, 2.5, 14.5, 3.5 ] },
						"south": { "texture": "#other", "uv": [ 0.0, 4.0, 1.0, 5.0 ], "enabled": false },
						"west": { "texture": "#other", "uv": [ 1.5, 5.0, 13.5, 6.0 ] },
						"up": { "texture": "#other", "uv": [ 11.5, 1.5, 12.5, 13.5 ] },
						"down": { "texture": "#other", "uv": [ 12.5, 1.0, 13.5, 13.0 ], "enabled": false }
					}
				},
				{
					"name": "HoopCenter",
					"from": [ 2.0, 1.0, 4.0 ], 
					"to": [ 12.0, 2.0, 10.0 ], 
					"rotationOrigin": [ 2.0, 1.0, 4.0 ],
					"faces": {
						"north": { "texture": "#other", "uv": [ 5.0, 0.5, 15.0, 1.5 ] },
						"east": { "texture": "#other", "uv": [ 3.5, 0.0, 9.5, 1.0 ] },
						"south": { "texture": "#other", "uv": [ 1.5, 1.0, 11.5, 2.0 ] },
						"west": { "texture": "#other", "uv": [ 4.0, 12.0, 10.0, 13.0 ] },
						"up": { "texture": "#other", "uv": [ 2.5, 0.0, 12.5, 6.0 ] },
						"down": { "texture": "#other", "uv": [ 4.5, 1.5, 14.5, 7.5 ], "enabled": false, "windMode": [-1,-1,-1,-1] }
					}
				},
				{
					"name": "HoopCenterS",
					"from": [ 4.0, 1.0, 11.0 ], 
					"to": [ 10.0, 2.0, 12.0 ], 
					"rotationOrigin": [ 4.0, 1.0, 11.0 ],
					"faces": {
						"north": { "texture": "#other", "uv": [ 3.5, 6.5, 9.5, 7.5 ], "enabled": false, "windMode": [-1,-1,-1,-1] },
						"east": { "texture": "#other", "uv": [ 14.0, 4.0, 15.0, 5.0 ] },
						"south": { "texture": "#other", "uv": [ 6.0, 11.5, 12.0, 12.5 ] },
						"west": { "texture": "#other", "uv": [ 4.0, 10.5, 5.0, 11.5 ] },
						"up": { "texture": "#other", "uv": [ 1.0, 14.5, 7.0, 15.5 ] },
						"down": { "texture": "#other", "uv": [ 7.5, 11.5, 13.5, 12.5 ], "enabled": false }
					}
				},
				{
					"name": "HoopCenterN",
					"from": [ 4.0, 1.0, 2.0 ], 
					"to": [ 10.0, 2.0, 3.0 ], 
					"rotationOrigin": [ 4.0, 1.0, 2.0 ],
					"faces": {
						"north": { "texture": "#other", "uv": [ 4.5, 3.0, 10.5, 4.0 ] },
						"east": { "texture": "#other", "uv": [ 5.0, 8.5, 6.0, 9.5 ] },
						"south": { "texture": "#other", "uv": [ 8.0, 14.0, 14.0, 15.0 ], "enabled": false, "windMode": [-1,-1,-1,-1] },
						"west": { "texture": "#other", "uv": [ 0.0, 14.5, 1.0, 15.5 ] },
						"up": { "texture": "#other", "uv": [ 6.0, 10.5, 12.0, 11.5 ] },
						"down": { "texture": "#other", "uv": [ 2.0, 6.5, 8.0, 7.5 ], "enabled": false }
					}
				},
				{
					"name": "HoopCenterN32",
					"from": [ 3.0, 1.0, 3.0 ], 
					"to": [ 11.0, 2.0, 4.0 ], 
					"rotationOrigin": [ 3.0, 1.0, 3.0 ],
					"faces": {
						"north": { "texture": "#other", "uv": [ 1.0, 10.5, 9.0, 11.5 ] },
						"east": { "texture": "#other", "uv": [ 7.0, 9.5, 8.0, 10.5 ] },
						"south": { "texture": "#other", "uv": [ 6.5, 7.5, 14.5, 8.5 ], "enabled": false },
						"west": { "texture": "#other", "uv": [ 12.5, 5.5, 13.5, 6.5 ] },
						"up": { "texture": "#other", "uv": [ 0.0, 1.0, 8.0, 2.0 ] },
						"down": { "texture": "#other", "uv": [ 6.5, 14.5, 14.5, 15.5 ], "enabled": false }
					}
				},
				{
					"name": "HoopCenterS33",
					"from": [ 3.0, 1.0, 10.0 ], 
					"to": [ 11.0, 2.0, 11.0 ], 
					"rotationOrigin": [ 3.0, 1.0, 10.0 ],
					"faces": {
						"north": { "texture": "#other", "uv": [ 2.0, 4.0, 10.0, 5.0 ], "enabled": false },
						"east": { "texture": "#other", "uv": [ 8.0, 3.5, 9.0, 4.5 ] },
						"south": { "texture": "#other", "uv": [ 7.5, 14.5, 15.5, 15.5 ] },
						"west": { "texture": "#other", "uv": [ 1.5, 14.5, 2.5, 15.5 ] },
						"up": { "texture": "#other", "uv": [ 4.5, 1.0, 12.5, 2.0 ] },
						"down": { "texture": "#other", "uv": [ 0.0, 0.0, 8.0, 1.0 ], "enabled": false }
					}
				},
				{
					"name": "CornerNW",
					"from": [ 1.0, 1.0, 1.0 ], 
					"to": [ 1.0, 1.0, 1.0 ], 
					"rotationOrigin": [ 1.0, 1.0, 1.0 ],
					"faces": {
						"north": { "texture": "#other", "uv": [ 3.5, 1.0, 4.0, 1.5 ] },
						"east": { "texture": "#other", "uv": [ 11.5, 12.5, 12.0, 13.0 ] },
						"south": { "texture": "#other", "uv": [ 13.5, 2.0, 14.0, 2.5 ] },
						"west": { "texture": "#other", "uv": [ 2.0, 11.5, 2.5, 12.0 ] },
						"up": { "texture": "#other", "uv": [ 3.5, 5.0, 4.0, 5.5 ] },
						"down": { "texture": "#other", "uv": [ 0.0, 10.5, 0.5, 11.0 ] }
					},
					"children": [
						{
							"name": "Cube35",
							"from": [ 0.0, 0.0, 0.0 ], 
							"to": [ 2.0, 1.0, 1.0 ], 
							"faces": {
								"north": { "texture": "#other", "uv": [ 11.0, 14.0, 13.0, 15.0 ], "enabled": false },
								"east": { "texture": "#other", "uv": [ 10.5, 3.5, 11.5, 4.5 ] },
								"south": { "texture": "#other", "uv": [ 7.5, 2.0, 9.5, 3.0 ] },
								"west": { "texture": "#other", "uv": [ 0.5, 5.0, 1.5, 6.0 ], "enabled": false, "windMode": [-1,-1,-1,-1] },
								"up": { "texture": "#other", "uv": [ 0.5, 3.5, 2.5, 4.5 ] },
								"down": { "texture": "#other", "uv": [ 6.5, 11.0, 8.5, 12.0 ], "enabled": false, "windMode": [-1,-1,-1,-1] }
							}
						},
						{
							"name": "Cube36",
							"from": [ 0.0, 0.0, 1.0 ], 
							"to": [ 1.0, 1.0, 2.0 ], 
							"rotationOrigin": [ 0.0, 0.0, 1.0 ],
							"faces": {
								"north": { "texture": "#other", "uv": [ 13.0, 13.5, 14.0, 14.5 ], "enabled": false },
								"east": { "texture": "#other", "uv": [ 1.0, 7.5, 2.0, 8.5 ] },
								"south": { "texture": "#other", "uv": [ 12.0, 0.5, 13.0, 1.5 ] },
								"west": { "texture": "#other", "uv": [ 5.5, 0.0, 6.5, 1.0 ], "enabled": false },
								"up": { "texture": "#other", "uv": [ 8.5, 14.5, 9.5, 15.5 ] },
								"down": { "texture": "#other", "uv": [ 3.0, 8.5, 4.0, 9.5 ], "enabled": false }
							}
						}
					]
				},
				{
					"name": "CornerNE",
					"from": [ 13.0, 1.0, 1.0 ], 
					"to": [ 13.0, 1.0, 1.0 ], 
					"rotationOrigin": [ 13.0, 1.0, 1.0 ],
					"rotationY": -90.0,
					"faces": {
						"north": { "texture": "#other", "uv": [ 1.0, 6.0, 1.5, 6.5 ] },
						"east": { "texture": "#other", "uv": [ 13.5, 2.5, 14.0, 3.0 ] },
						"south": { "texture": "#other", "uv": [ 5.5, 13.0, 6.0, 13.5 ] },
						"west": { "texture": "#other", "uv": [ 10.0, 0.5, 10.5, 1.0 ] },
						"up": { "texture": "#other", "uv": [ 1.0, 1.0, 1.5, 1.5 ] },
						"down": { "texture": "#other", "uv": [ 5.0, 8.0, 5.5, 8.5 ] }
					},
					"children": [
						{
							"name": "Cube38",
							"from": [ 0.0, 0.0, 0.0 ], 
							"to": [ 2.0, 1.0, 1.0 ], 
							"faces": {
								"north": { "texture": "#other", "uv": [ 8.0, 5.5, 10.0, 6.5 ], "enabled": false },
								"east": { "texture": "#other", "uv": [ 1.0, 7.5, 2.0, 8.5 ] },
								"south": { "texture": "#other", "uv": [ 0.5, 11.0, 2.5, 12.0 ] },
								"west": { "texture": "#other", "uv": [ 7.0, 8.5, 8.0, 9.5 ], "enabled": false },
								"up": { "texture": "#other", "uv": [ 11.5, 14.5, 13.5, 15.5 ] },
								"down": { "texture": "#other", "uv": [ 1.5, 2.0, 3.5, 3.0 ], "enabled": false }
							}
						},
						{
							"name": "Cube39",
							"from": [ 0.0, 0.0, 1.0 ], 
							"to": [ 1.0, 1.0, 2.0 ], 
							"rotationOrigin": [ 0.0, 0.0, 1.0 ],
							"faces": {
								"north": { "texture": "#other", "uv": [ 6.0, 5.5, 7.0, 6.5 ], "enabled": false },
								"east": { "texture": "#other", "uv": [ 14.0, 12.5, 15.0, 13.5 ] },
								"south": { "texture": "#other", "uv": [ 13.0, 7.0, 14.0, 8.0 ] },
								"west": { "texture": "#other", "uv": [ 12.5, 5.5, 13.5, 6.5 ], "enabled": false },
								"up": { "texture": "#other", "uv": [ 9.0, 0.0, 10.0, 1.0 ] },
								"down": { "texture": "#other", "uv": [ 5.5, 2.0, 6.5, 3.0 ], "enabled": false }
							}
						}
					]
				},
				{
					"name": "CornerSE",
					"from": [ 13.0, 1.0, 13.0 ], 
					"to": [ 13.0, 1.0, 13.0 ], 
					"rotationOrigin": [ 13.0, 1.0, 13.0 ],
					"rotationY": -180.0,
					"faces": {
						"north": { "texture": "#other", "uv": [ 10.0, 1.0, 10.5, 1.5 ] },
						"east": { "texture": "#other", "uv": [ 9.0, 2.5, 9.5, 3.0 ] },
						"south": { "texture": "#other", "uv": [ 14.5, 0.0, 15.0, 0.5 ] },
						"west": { "texture": "#other", "uv": [ 1.5, 4.5, 2.0, 5.0 ] },
						"up": { "texture": "#other", "uv": [ 5.5, 13.5, 6.0, 14.0 ] },
						"down": { "texture": "#other", "uv": [ 6.5, 1.5, 7.0, 2.0 ] }
					},
					"children": [
						{
							"name": "Cube41",
							"from": [ 0.0, 0.0, 0.0 ], 
							"to": [ 2.0, 1.0, 1.0 ], 
							"faces": {
								"north": { "texture": "#other", "uv": [ 12.0, 8.5, 14.0, 9.5 ], "enabled": false },
								"east": { "texture": "#other", "uv": [ 3.0, 8.5, 4.0, 9.5 ] },
								"south": { "texture": "#other", "uv": [ 11.5, 11.0, 13.5, 12.0 ] },
								"west": { "texture": "#other", "uv": [ 1.5, 5.0, 2.5, 6.0 ], "enabled": false },
								"up": { "texture": "#other", "uv": [ 3.5, 2.0, 5.5, 3.0 ] },
								"down": { "texture": "#other", "uv": [ 7.5, 10.0, 9.5, 11.0 ], "enabled": false }
							}
						},
						{
							"name": "Cube42",
							"from": [ 0.0, 0.0, 1.0 ], 
							"to": [ 1.0, 1.0, 2.0 ], 
							"rotationOrigin": [ 0.0, 0.0, 1.0 ],
							"faces": {
								"north": { "texture": "#other", "uv": [ 6.5, 8.5, 7.5, 9.5 ], "enabled": false },
								"east": { "texture": "#other", "uv": [ 13.0, 2.5, 14.0, 3.5 ] },
								"south": { "texture": "#other", "uv": [ 12.5, 11.0, 13.5, 12.0 ] },
								"west": { "texture": "#other", "uv": [ 0.0, 5.5, 1.0, 6.5 ], "enabled": false },
								"up": { "texture": "#other", "uv": [ 13.0, 5.0, 14.0, 6.0 ] },
								"down": { "texture": "#other", "uv": [ 7.5, 11.5, 8.5, 12.5 ], "enabled": false }
							}
						}
					]
				},
				{
					"name": "CornerSW",
					"from": [ 1.0, 1.0, 13.0 ], 
					"to": [ 1.0, 1.0, 13.0 ], 
					"rotationOrigin": [ 1.0, 1.0, 13.0 ],
					"rotationY": 90.0,
					"faces": {
						"north": { "texture": "#other", "uv": [ 8.5, 7.5, 9.0, 8.0 ] },
						"east": { "texture": "#other", "uv": [ 13.5, 15.0, 14.0, 15.5 ] },
						"south": { "texture": "#other", "uv": [ 1.0, 0.0, 1.5, 0.5 ] },
						"west": { "texture": "#other", "uv": [ 5.5, 0.5, 6.0, 1.0 ] },
						"up": { "texture": "#other", "uv": [ 3.5, 13.0, 4.0, 13.5 ] },
						"down": { "texture": "#other", "uv": [ 3.0, 14.0, 3.5, 14.5 ] }
					},
					"children": [
						{
							"name": "Cube44",
							"from": [ 0.0, 0.0, 0.0 ], 
							"to": [ 2.0, 1.0, 1.0 ], 
							"faces": {
								"north": { "texture": "#other", "uv": [ 4.5, 10.0, 6.5, 11.0 ], "enabled": false },
								"east": { "texture": "#other", "uv": [ 4.5, 5.0, 5.5, 6.0 ] },
								"south": { "texture": "#other", "uv": [ 9.0, 13.5, 11.0, 14.5 ] },
								"west": { "texture": "#other", "uv": [ 0.5, 3.0, 1.5, 4.0 ], "enabled": false },
								"up": { "texture": "#other", "uv": [ 13.5, 8.0, 15.5, 9.0 ] },
								"down": { "texture": "#other", "uv": [ 5.0, 7.5, 7.0, 8.5 ], "enabled": false }
							}
						},
						{
							"name": "Cube45",
							"from": [ 0.0, 0.0, 1.0 ], 
							"to": [ 1.0, 1.0, 2.0 ], 
							"rotationOrigin": [ 0.0, 0.0, 1.0 ],
							"faces": {
								"north": { "texture": "#other", "uv": [ 11.0, 14.0, 12.0, 15.0 ], "enabled": false },
								"east": { "texture": "#other", "uv": [ 12.5, 2.0, 13.5, 3.0 ] },
								"south": { "texture": "#other", "uv": [ 3.0, 13.0, 4.0, 14.0 ] },
								"west": { "texture": "#other", "uv": [ 6.0, 5.0, 7.0, 6.0 ], "enabled": false },
								"up": { "texture": "#other", "uv": [ 13.0, 13.5, 14.0, 14.5 ] },
								"down": { "texture": "#other", "uv": [ 5.0, 4.5, 6.0, 5.5 ], "enabled": false }
							}
						}
					]
				}
			]
		}
	]}