{
	"editor": {
		"allAngles": false,
		"entityTextureMode": false
	},
	"textureWidth": 16,
	"textureHeight": 16,
	"textureSizes": {
	},
	"textures": {
	},
	"elements": [
		{
			"name": "Cube1",
			"from": [ 1.0, 0.0, 1.0 ], 
			"to": [ 15.0, 1.0, 15.0 ], 
			"rotationOrigin": [ -4.0, 0.0, -3.0 ],
			"faces": {
				"north": { "texture": "#other", "uv": [ 0.0, 8.0, 14.0, 9.0 ] },
				"east": { "texture": "#other", "uv": [ 0.5, 6.0, 14.5, 7.0 ] },
				"south": { "texture": "#other", "uv": [ 0.0, 11.0, 14.0, 12.0 ] },
				"west": { "texture": "#other", "uv": [ 0.5, 10.0, 14.5, 11.0 ] },
				"up": { "texture": "#floor", "uv": [ 0.0, 1.5, 14.0, 15.5 ] },
				"down": { "texture": "#other", "uv": [ 0.0, 0.0, 14.0, 14.0 ], "snapUv": false }
			},
			"children": [
				{
					"name": "Cube6",
					"from": [ 0.0, 1.0, 0.0 ], 
					"to": [ 14.0, 2.0, 3.0 ], 
					"rotationOrigin": [ 0.0, 0.0, -3.0 ],
					"faces": {
						"north": { "texture": "#other", "uv": [ 1.0, 6.0, 15.0, 7.0 ] },
						"east": { "texture": "#other", "uv": [ 10.5, 9.0, 13.5, 10.0 ] },
						"south": { "texture": "#other", "uv": [ 1.0, 5.0, 15.0, 6.0 ] },
						"west": { "texture": "#other", "uv": [ 7.5, 11.5, 10.5, 12.5 ] },
						"up": { "texture": "#other", "uv": [ 0.5, 4.0, 14.5, 7.0 ] },
						"down": { "texture": "#other", "uv": [ 1.5, 10.0, 15.5, 13.0 ], "enabled": false }
					}
				},
				{
					"name": "Cube7",
					"from": [ 0.0, 1.0, 3.0 ], 
					"to": [ 2.0, 2.0, 14.0 ], 
					"rotationOrigin": [ 0.0, 1.0, 3.0 ],
					"faces": {
						"north": { "texture": "#other", "uv": [ 1.0, 1.5, 3.0, 2.5 ], "enabled": false },
						"east": { "texture": "#other", "uv": [ 3.5, 5.5, 14.5, 6.5 ] },
						"south": { "texture": "#other", "uv": [ 7.5, 0.5, 9.5, 1.5 ] },
						"west": { "texture": "#other", "uv": [ 2.0, 5.0, 13.0, 6.0 ] },
						"up": { "texture": "#other", "uv": [ 2.0, 1.5, 4.0, 12.5 ] },
						"down": { "texture": "#other", "uv": [ 6.0, 2.0, 8.0, 13.0 ], "enabled": false }
					}
				},
				{
					"name": "Cube8",
					"from": [ 2.0, 1.0, 11.0 ], 
					"to": [ 13.0, 2.0, 14.0 ], 
					"rotationOrigin": [ 2.0, 1.0, 11.0 ],
					"faces": {
						"north": { "texture": "#other", "uv": [ 1.0, 13.0, 12.0, 14.0 ] },
						"east": { "texture": "#other", "uv": [ 7.0, 7.5, 10.0, 8.5 ], "enabled": false },
						"south": { "texture": "#other", "uv": [ 4.0, 0.5, 15.0, 1.5 ] },
						"west": { "texture": "#other", "uv": [ 3.0, 14.5, 6.0, 15.5 ], "enabled": false },
						"up": { "texture": "#other", "uv": [ 2.0, 6.0, 13.0, 9.0 ] },
						"down": { "texture": "#other", "uv": [ 4.5, 2.5, 15.5, 5.5 ], "enabled": false }
					}
				},
				{
					"name": "Cube9",
					"from": [ 13.0, 1.0, 3.0 ], 
					"to": [ 14.0, 2.0, 14.0 ], 
					"rotationOrigin": [ 13.0, 1.0, 3.0 ],
					"faces": {
						"north": { "texture": "#other", "uv": [ 6.0, 5.5, 7.0, 6.5 ], "enabled": false },
						"east": { "texture": "#other", "uv": [ 4.0, 2.0, 15.0, 3.0 ] },
						"south": { "texture": "#other", "uv": [ 1.5, 11.5, 2.5, 12.5 ] },
						"west": { "texture": "#other", "uv": [ 0.5, 1.5, 11.5, 2.5 ] },
						"up": { "texture": "#other", "uv": [ 2.0, 1.5, 3.0, 12.5 ] },
						"down": { "texture": "#other", "uv": [ 3.5, 0.0, 4.5, 11.0 ], "enabled": false }
					}
				},
				{
					"name": "Cube11",
					"from": [ 7.0, 1.0, 3.0 ], 
					"to": [ 13.0, 2.0, 4.0 ], 
					"rotationOrigin": [ 7.0, 1.0, 3.0 ],
					"faces": {
						"north": { "texture": "#other", "uv": [ 1.5, 12.0, 7.5, 13.0 ], "enabled": false },
						"east": { "texture": "#other", "uv": [ 10.5, 7.0, 11.5, 8.0 ], "enabled": false },
						"south": { "texture": "#other", "uv": [ 4.0, 2.5, 10.0, 3.5 ] },
						"west": { "texture": "#other", "uv": [ 2.0, 6.5, 3.0, 7.5 ] },
						"up": { "texture": "#other", "uv": [ 5.5, 5.0, 11.5, 6.0 ] },
						"down": { "texture": "#null", "uv": [ 1.5, 13.0, 7.5, 14.0 ], "enabled": false }
					}
				},
				{
					"name": "Cube13",
					"from": [ 7.0, 1.0, 10.0 ], 
					"to": [ 13.0, 2.0, 11.0 ], 
					"rotationOrigin": [ 7.0, 1.0, 10.0 ],
					"faces": {
						"north": { "texture": "#other", "uv": [ 3.0, 14.0, 9.0, 15.0 ] },
						"east": { "texture": "#other", "uv": [ 10.0, 7.5, 11.0, 8.5 ], "enabled": false },
						"south": { "texture": "#other", "uv": [ 7.0, 2.5, 13.0, 3.5 ], "enabled": false },
						"west": { "texture": "#other", "uv": [ 11.0, 11.0, 12.0, 12.0 ] },
						"up": { "texture": "#other", "uv": [ 7.0, 1.0, 13.0, 2.0 ] },
						"down": { "texture": "#null", "uv": [ 6.0, 4.0, 12.0, 5.0 ], "enabled": false }
					}
				},
				{
					"name": "Cube14",
					"from": [ 2.0, 1.0, 5.0 ], 
					"to": [ 13.0, 2.0, 9.0 ], 
					"rotationOrigin": [ 2.0, 1.0, 5.0 ],
					"faces": {
						"north": { "texture": "#other", "uv": [ 0.0, 5.5, 11.0, 6.5 ] },
						"east": { "texture": "#other", "uv": [ 1.0, 5.5, 5.0, 6.5 ], "enabled": false },
						"south": { "texture": "#other", "uv": [ 1.0, 5.0, 12.0, 6.0 ] },
						"west": { "texture": "#other", "uv": [ 5.0, 7.5, 9.0, 8.5 ], "enabled": false },
						"up": { "texture": "#other", "uv": [ 4.0, 3.5, 15.0, 7.5 ] },
						"down": { "texture": "#other", "uv": [ 0.5, 1.5, 11.5, 5.5 ], "enabled": false }
					}
				}
			]
		}
	]}