{
	"editor": {
		"allAngles": false,
		"entityTextureMode": false
	},
	"textureWidth": 16,
	"textureHeight": 16,
	"textureSizes": {
	},
	"textures": {
	},
	"elements": [
		{
			"name": "Cube1",
			"from": [ 1.0, 0.0, 1.0 ], 
			"to": [ 15.0, 1.0, 15.0 ], 
			"rotationOrigin": [ -4.0, 0.0, -3.0 ],
			"faces": {
				"north": { "texture": "#other", "uv": [ 2.0, 7.0, 15.0, 8.0 ] },
				"east": { "texture": "#other", "uv": [ 0.5, 10.5, 13.5, 11.5 ] },
				"south": { "texture": "#other", "uv": [ 0.0, 9.0, 13.0, 10.0 ] },
				"west": { "texture": "#other", "uv": [ 0.5, 12.0, 13.5, 13.0 ] },
				"up": { "texture": "#floor", "uv": [ 2.0, 1.0, 15.0, 14.0 ] },
				"down": { "texture": "#other", "uv": [ 2.0, 2.0, 15.0, 15.0 ] }
			},
			"children": [
				{
					"name": "Cube6",
					"from": [ 1.0, 1.0, 0.0 ], 
					"to": [ 13.0, 2.0, 1.0 ], 
					"rotationOrigin": [ 1.0, 0.0, -3.0 ],
					"faces": {
						"north": { "texture": "#other", "uv": [ 1.0, 7.0, 13.0, 8.0 ] },
						"east": { "texture": "#other", "uv": [ 13.0, 5.0, 14.0, 6.0 ], "enabled": false },
						"south": { "texture": "#other", "uv": [ 2.0, 11.5, 14.0, 12.5 ] },
						"west": { "texture": "#other", "uv": [ 9.5, 14.0, 10.5, 15.0 ], "enabled": false },
						"up": { "texture": "#other", "uv": [ 1.0, 12.5, 13.0, 13.5 ] },
						"down": { "texture": "#other", "uv": [ 0.5, 10.0, 12.5, 11.0 ], "enabled": false }
					},
					"children": [
						{
							"name": "Cube10",
							"from": [ -1.0, 0.0, 0.0 ], 
							"to": [ 0.0, 1.0, 1.0 ], 
							"rotationOrigin": [ -1.0, -1.0, -3.0 ],
							"faces": {
								"north": { "texture": "#other", "uv": [ 6.0, 1.0, 7.0, 2.0 ] },
								"east": { "texture": "#other", "uv": [ 10.5, 1.5, 11.5, 2.5 ], "enabled": false },
								"south": { "texture": "#other", "uv": [ 5.5, 7.0, 6.5, 8.0 ], "enabled": false },
								"west": { "texture": "#other", "uv": [ 1.5, 7.5, 2.5, 8.5 ] },
								"up": { "texture": "#other", "uv": [ 12.0, 9.0, 13.0, 10.0 ] },
								"down": { "texture": "#other", "uv": [ 12.0, 2.5, 13.0, 3.5 ], "enabled": false }
							}
						},
						{
							"name": "Cube11",
							"from": [ 12.0, 0.0, 0.0 ], 
							"to": [ 13.0, 1.0, 1.0 ], 
							"rotationOrigin": [ 12.0, -1.0, -3.0 ],
							"faces": {
								"north": { "texture": "#other", "uv": [ 10.5, 12.5, 11.5, 13.5 ] },
								"east": { "texture": "#other", "uv": [ 9.5, 2.5, 10.5, 3.5 ] },
								"south": { "texture": "#other", "uv": [ 3.0, 2.0, 4.0, 3.0 ], "enabled": false },
								"west": { "texture": "#other", "uv": [ 3.5, 6.0, 4.5, 7.0 ], "enabled": false },
								"up": { "texture": "#other", "uv": [ 4.0, 8.5, 5.0, 9.5 ] },
								"down": { "texture": "#other", "uv": [ 3.5, 8.0, 4.5, 9.0 ], "enabled": false }
							}
						},
						{
							"name": "Cube12",
							"from": [ 12.0, 0.0, 13.0 ], 
							"to": [ 13.0, 1.0, 14.0 ], 
							"rotationOrigin": [ 12.0, -1.0, 10.0 ],
							"faces": {
								"north": { "texture": "#other", "uv": [ 8.0, 2.0, 9.0, 3.0 ], "enabled": false },
								"east": { "texture": "#other", "uv": [ 12.5, 6.5, 13.5, 7.5 ] },
								"south": { "texture": "#other", "uv": [ 7.5, 11.0, 8.5, 12.0 ] },
								"west": { "texture": "#other", "uv": [ 11.0, 4.5, 12.0, 5.5 ], "enabled": false },
								"up": { "texture": "#other", "uv": [ 9.0, 0.0, 10.0, 1.0 ] },
								"down": { "texture": "#other", "uv": [ 3.0, 1.0, 4.0, 2.0 ], "enabled": false }
							}
						},
						{
							"name": "Cube13",
							"from": [ -1.0, 0.0, 13.0 ], 
							"to": [ 0.0, 1.0, 14.0 ], 
							"rotationOrigin": [ -1.0, -1.0, 10.0 ],
							"faces": {
								"north": { "texture": "#other", "uv": [ 1.0, 10.5, 2.0, 11.5 ], "enabled": false },
								"east": { "texture": "#other", "uv": [ 11.5, 14.0, 12.5, 15.0 ], "enabled": false },
								"south": { "texture": "#other", "uv": [ 9.5, 5.0, 10.5, 6.0 ] },
								"west": { "texture": "#other", "uv": [ 1.0, 3.0, 2.0, 4.0 ] },
								"up": { "texture": "#other", "uv": [ 10.0, 0.0, 11.0, 1.0 ] },
								"down": { "texture": "#other", "uv": [ 8.0, 1.5, 9.0, 2.5 ], "enabled": false }
							}
						}
					]
				},
				{
					"name": "Cube7",
					"from": [ 0.0, 1.0, 1.0 ], 
					"to": [ 1.0, 2.0, 13.0 ], 
					"rotationOrigin": [ 0.0, 1.0, 1.0 ],
					"faces": {
						"north": { "texture": "#other", "uv": [ 5.5, 10.5, 6.5, 11.5 ], "enabled": false },
						"east": { "texture": "#other", "uv": [ 0.5, 14.5, 12.5, 15.5 ] },
						"south": { "texture": "#other", "uv": [ 5.0, 12.5, 6.0, 13.5 ], "enabled": false },
						"west": { "texture": "#other", "uv": [ 3.0, 7.5, 15.0, 8.5 ] },
						"up": { "texture": "#other", "uv": [ 9.5, 3.5, 10.5, 15.5 ] },
						"down": { "texture": "#other", "uv": [ 0.5, 1.0, 1.5, 13.0 ], "enabled": false }
					}
				},
				{
					"name": "Cube8",
					"from": [ 1.0, 1.0, 13.0 ], 
					"to": [ 13.0, 2.0, 14.0 ], 
					"rotationOrigin": [ 1.0, 1.0, 13.0 ],
					"faces": {
						"north": { "texture": "#other", "uv": [ 3.5, 14.0, 15.5, 15.0 ] },
						"east": { "texture": "#other", "uv": [ 3.0, 9.5, 4.0, 10.5 ], "enabled": false },
						"south": { "texture": "#other", "uv": [ 2.0, 2.0, 14.0, 3.0 ] },
						"west": { "texture": "#other", "uv": [ 0.5, 8.0, 1.5, 9.0 ], "enabled": false },
						"up": { "texture": "#other", "uv": [ 2.0, 6.5, 14.0, 7.5 ] },
						"down": { "texture": "#other", "uv": [ 0.5, 3.0, 12.5, 4.0 ], "enabled": false }
					}
				},
				{
					"name": "Cube9",
					"from": [ 13.0, 1.0, 1.0 ], 
					"to": [ 14.0, 2.0, 13.0 ], 
					"rotationOrigin": [ 13.0, 1.0, 1.0 ],
					"faces": {
						"north": { "texture": "#other", "uv": [ 6.5, 7.0, 7.5, 8.0 ], "enabled": false },
						"east": { "texture": "#other", "uv": [ 2.5, 14.0, 14.5, 15.0 ] },
						"south": { "texture": "#other", "uv": [ 2.5, 13.5, 3.5, 14.5 ], "enabled": false },
						"west": { "texture": "#other", "uv": [ 0.5, 13.5, 12.5, 14.5 ] },
						"up": { "texture": "#other", "uv": [ 7.0, 0.0, 8.0, 12.0 ] },
						"down": { "texture": "#other", "uv": [ 3.5, 2.0, 4.5, 14.0 ], "enabled": false }
					}
				}
			]
		}
	]}