[	
	{
	"ingredientPattern": "GS",
	"ingredients": 
	{
		"G": 
		{
			"type": "block",
			"code": "game:glass-pink"
		},
		"S": 
		{
			"type": "item",
			"code": "game:saw-*",
			"isTool": true,
			"toolDurabilityCost": 10
		},
					
	},
	"width": 1,
	"height": 2,
	"shapeless": false,
	
	"output": 
	{
		"type": "block",
		"code": "game:glassslab-pink-down-free",
		"quantity": 1
	}
	},
	
	
	{
	"ingredientPattern": "GS",
	"ingredients": 
	{
		"G": 
		{
			"type": "block",
			"code": "game:glass-smoky"
		},
		"S": 
		{
			"type": "item",
			"code": "game:saw-*",
			"isTool": true,
			"toolDurabilityCost": 10
		},
					
	},
	"width": 1,
	"height": 2,
	"shapeless": false,
	
	"output": 
	{
		"type": "block",
		"code": "game:glassslab-smoky-down-free",
		"quantity": 1
	}
	},
	]