[
{
	"ingredientPattern": "SPS,P_P,SPS",
	"ingredients": 
	{
		"S": 
		{
			"type": "item",
			"code": "game:stick",
			"quantity": 2
		},
		"P": 
		{
			"type": "item",
			"code": "game:paper-parchment",
		},
					
	},
	"width": 3,
	"height": 3,
	"shapeless": false,
	
	"output": 
	{
		"type": "block",
		"code": "game:paperlantern-off",
		"quantity": 1
	}
},
	
	
	{
	"ingredientPattern": "SPS,PLP,SPS",
	"ingredients": 
	{
		"S": 
		{
			"type": "item",
			"code": "game:stick",
			"quantity": 2
		},
		"P": 
		{
			"type": "item",
			"code": "game:paper-parchment",
		},
		"L": 
		{
			"type": "block",
			"code": "game:oillamp-up",
		},
					
	},
	"width": 3,
	"height": 3,
	"shapeless": false,
	
	"output": 
	{
		"type": "block",
		"code": "game:paperlantern-on",
		"quantity": 1
	}
	},
	
	{
	"ingredientPattern": "PL",
	"ingredients": 
	{
		"P": 
		{
			"type": "block",
			"code": "game:paperlantern-off"
		},
		"L": 
		{
			"type": "block",
			"code": "game:oillamp-up",
		},
					
	},
	"width": 2,
	"height": 1,
	"shapeless": false,
	
	"output": 
	{
		"type": "block",
		"code": "game:paperlantern-on",
		"quantity": 1
	}
	}
	]