[
{
	"ingredientPattern": "_G_,GCG,_G_",
	"ingredients": 
	{
		"G": 
		{
			"type": "item",
			"code": "game:drygrass",
			"quantity": 2
		},
		"C": 
		{
			"type": "item",
			"code": "game:charcoal"
		}
		
					
	},
	"width": 3,
	"height": 3,
	"shapeless": false,
	
	"output": 
	{
		"type": "block",
		"code": "game:hay-aged-ud",
		"quantity": 1
	}
},


{
	"ingredientPattern": "_G_,GS_,_G_",
	"ingredients": 
	{
		"G": 
		{
			"type": "block",
			"code": "game:hay-aged-ud"
		},
		"S": 
		{
			"type": "item",
			"code": "game:stick",
		},
		
					
	},
	"width": 3,
	"height": 3,
	"shapeless": false,
	
	"output": 
	{
		"type": "block",
		"code": "game:slantedroofingcornerinner-agedthatch-east-free",
		"quantity": 4
	}
},


{
	"ingredientPattern": "SG_,GG_",
	"ingredients": 
	{
		"G": 
		{
			"type": "block",
			"code": "game:hay-aged-ud"
		},
		"S": 
		{
			"type": "item",
			"code": "game:stick",
		},
		
					
	},
	"width": 3,
	"height": 2,
	"shapeless": false,
	
	"output": 
	{
		"type": "block",
		"code": "game:slantedroofingcornerouter-agedthatch-east-free",
		"quantity": 4
	}
},


{
	"ingredientPattern": "_G_,GSG",
	"ingredients": 
	{
		"G": 
		{
			"type": "block",
			"code": "game:hay-aged-ud"
		},
		"S": 
		{
			"type": "item",
			"code": "game:stick",
		},
		
					
	},
	"width": 3,
	"height": 2,
	"shapeless": false,
	
	"output": 
	{
		"type": "block",
		"code": "game:slantedroofingridge-agedthatch-ns-free",
		"quantity": 4
	}
},


{
	"ingredientPattern": "_G_,GGG,_S_",
	"ingredients": 
	{
		"G": 
		{
			"type": "block",
			"code": "game:hay-aged-ud"
		},
		"S": 
		{
			"type": "item",
			"code": "game:stick",
		},
		
					
	},
	"width": 3,
	"height": 3,
	"shapeless": false,
	
	"output": 
	{
		"type": "block",
		"code": "game:slantedroofingtip-agedthatch-free",
		"quantity": 4
	}
},


{
	"ingredientPattern": "SG_,G__",
	"ingredients": 
	{
		"G": 
		{
			"type": "block",
			"code": "game:hay-aged-ud"
		},
		"S": 
		{
			"type": "item",
			"code": "game:stick",
		},
		
					
	},
	"width": 3,
	"height": 2,
	"shapeless": false,
	
	"output": 
	{
		"type": "block",
		"code": "game:slantedroofing-agedthatch-east-free",
		"quantity": 4
	}
}
]