{
	"editor": {
		"allAngles": false,
		"entityTextureMode": false
	},
	"textureWidth": 16,
	"textureHeight": 16,
	"textureSizes": {
	},
	"textures": {
	},
	"elements": [
		{
			"name": "Cube1",
			"from": [ 5.0, 0.0, 4.0 ], 
			"to": [ 11.0, 1.0, 13.0 ], 
			"faces": {
				"north": { "texture": "#other", "uv": [ 0.0, 12.0, 6.0, 13.0 ] },
				"east": { "texture": "#other", "uv": [ 2.0, 12.0, 11.0, 13.0 ] },
				"south": { "texture": "#other", "uv": [ 2.0, 15.0, 8.0, 16.0 ] },
				"west": { "texture": "#other", "uv": [ 2.0, 15.0, 11.0, 16.0 ] },
				"up": { "texture": "#floor", "uv": [ 0.0, 0.0, 6.0, 9.0 ] },
				"down": { "texture": "#other", "uv": [ 6.0, 0.0, 12.0, 9.0 ] }
			},
			"children": [
				{
					"name": "Cube2",
					"from": [ 0.0, 0.0, -3.0 ], 
					"to": [ 2.0, 2.0, 0.0 ], 
					"faces": {
						"north": { "texture": "#other", "uv": [ 0.0, 4.0, 3.0, 6.0 ] },
						"east": { "texture": "#other", "uv": [ 12.0, 2.0, 15.0, 4.0 ] },
						"south": { "texture": "#other", "uv": [ 6.0, 4.0, 9.0, 6.0 ] },
						"west": { "texture": "#other", "uv": [ 14.0, 2.0, 17.0, 4.0 ] },
						"up": { "texture": "#other", "uv": [ 0.0, 1.0, 3.0, 4.0 ] },
						"down": { "texture": "#other", "uv": [ 6.0, 1.0, 9.0, 4.0 ] }
					}
				},
				{
					"name": "Cube3",
					"from": [ 0.0, 0.0, 9.0 ], 
					"to": [ 6.0, 2.0, 11.0 ], 
					"faces": {
						"north": { "texture": "#other", "uv": [ 0.0, 2.0, 6.0, 4.0 ] },
						"east": { "texture": "#other", "uv": [ 12.0, 2.0, 14.0, 4.0 ] },
						"south": { "texture": "#other", "uv": [ 6.0, 2.0, 12.0, 4.0 ] },
						"west": { "texture": "#other", "uv": [ 15.0, 2.0, 17.0, 4.0 ] },
						"up": { "texture": "#other", "uv": [ 0.0, 0.0, 6.0, 2.0 ] },
						"down": { "texture": "#other", "uv": [ 6.0, 0.0, 12.0, 2.0 ] }
					}
				},
				{
					"name": "Cube4",
					"from": [ -4.0, 0.0, -3.0 ], 
					"to": [ 0.0, 2.0, 11.0 ], 
					"faces": {
						"north": { "texture": "#other", "uv": [ 0.0, 14.0, 4.0, 16.0 ] },
						"east": { "texture": "#other", "uv": [ 4.0, 14.0, 18.0, 16.0 ] },
						"south": { "texture": "#other", "uv": [ 4.0, 12.0, 6.0, 14.0 ] },
						"west": { "texture": "#other", "uv": [ 2.0, 14.0, 16.0, 16.0 ] },
						"up": { "texture": "#other", "uv": [ 0.0, 0.0, 4.0, 14.0 ] },
						"down": { "texture": "#other", "uv": [ 4.0, 0.0, 8.0, 14.0 ] }
					}
				},
				{
					"name": "Cube5",
					"from": [ 6.0, 0.0, -3.0 ], 
					"to": [ 10.0, 2.0, 11.0 ], 
					"faces": {
						"north": { "texture": "#other", "uv": [ 4.0, 9.0, 8.0, 11.0 ] },
						"east": { "texture": "#other", "uv": [ 2.0, 14.0, 16.0, 16.0 ] },
						"south": { "texture": "#other", "uv": [ 4.0, 12.0, 6.0, 14.0 ] },
						"west": { "texture": "#other", "uv": [ 2.0, 14.0, 16.0, 16.0 ] },
						"up": { "texture": "#other", "uv": [ 0.0, 0.0, 4.0, 14.0 ] },
						"down": { "texture": "#other", "uv": [ 4.0, 0.0, 8.0, 14.0 ] }
					}
				},
				{
					"name": "Cube7",
					"from": [ 4.0, 0.0, -3.0 ], 
					"to": [ 6.0, 2.0, 0.0 ], 
					"rotationOrigin": [ 4.0, 0.0, 0.0 ],
					"faces": {
						"north": { "texture": "#other", "uv": [ 0.0, 4.0, 2.0, 6.0 ] },
						"east": { "texture": "#other", "uv": [ 12.0, 2.0, 15.0, 4.0 ] },
						"south": { "texture": "#other", "uv": [ 6.0, 4.0, 8.0, 6.0 ] },
						"west": { "texture": "#other", "uv": [ 14.0, 2.0, 17.0, 4.0 ] },
						"up": { "texture": "#other", "uv": [ 0.0, 1.0, 2.0, 4.0 ] },
						"down": { "texture": "#other", "uv": [ 6.0, 1.0, 8.0, 4.0 ] }
					}
				},
				{
					"name": "Cube8",
					"from": [ 2.0, 0.0, -3.0 ], 
					"to": [ 4.0, 2.0, -1.0 ], 
					"rotationOrigin": [ 2.0, 0.0, 0.0 ],
					"faces": {
						"north": { "texture": "#other", "uv": [ 0.0, 4.0, 2.0, 6.0 ] },
						"east": { "texture": "#other", "uv": [ 12.0, 2.0, 14.0, 4.0 ] },
						"south": { "texture": "#other", "uv": [ 6.0, 4.0, 8.0, 6.0 ] },
						"west": { "texture": "#other", "uv": [ 14.0, 2.0, 16.0, 4.0 ] },
						"up": { "texture": "#other", "uv": [ 0.0, 1.0, 2.0, 3.0 ] },
						"down": { "texture": "#other", "uv": [ 6.0, 1.0, 8.0, 3.0 ] }
					}
				},
				{
					"name": "Cube9",
					"from": [ 2.0, 0.0, -2.0 ], 
					"to": [ 4.0, 0.5, 0.0 ], 
					"rotationOrigin": [ 2.0, 0.0, 1.0 ],
					"faces": {
						"north": { "texture": "#other", "uv": [ 0.0, 4.0, 2.0, 4.5 ] },
						"east": { "texture": "#other", "uv": [ 12.0, 2.0, 14.0, 2.5 ] },
						"south": { "texture": "#other", "uv": [ 6.0, 4.0, 8.0, 4.5 ] },
						"west": { "texture": "#other", "uv": [ 14.0, 2.0, 16.0, 2.5 ] },
						"up": { "texture": "#other", "uv": [ 0.0, 1.0, 2.0, 3.0 ] },
						"down": { "texture": "#other", "uv": [ 6.0, 1.0, 8.0, 3.0 ] }
					}
				}
			]
		}
	]}