[
  // agriculture bag
  { "file": "game:blocktypes/clay/wateringcan", "op": "add", "path": "/storageFlags", "value": 33},
  { "file": "game:blocktypes/plant/bigberrybush", "op": "add", "path": "/storageFlags", "value": 33},
  { "file": "game:blocktypes/plant/croton", "op": "add", "path": "/storageFlags", "value": 33},
  { "file": "game:blocktypes/plant/fern", "op": "add", "path": "/storageFlags", "value": 33},
  { "file": "game:blocktypes/plant/flower", "op": "add", "path": "/storageFlags", "value": 33},
  { "file": "game:blocktypes/plant/flower-lupine", "op": "add", "path": "/storageFlags", "value": 33},
  { "file": "game:blocktypes/plant/mushroom", "op": "add", "path": "/storageFlags", "value": 33},
  { "file": "game:blocktypes/plant/mushroom-legacy", "op": "add", "path": "/storageFlags", "value": 33},
  { "file": "game:blocktypes/plant/mushroom-side", "op": "add", "path": "/storageFlags", "value": 33},
  { "file": "game:blocktypes/plant/pumpkin/fruit", "op": "add", "path": "/storageFlags", "value": 33},
  { "file": "game:blocktypes/plant/rafflesia", "op": "add", "path": "/storageFlags", "value": 33},
  { "file": "game:blocktypes/plant/smallberrybush", "op": "add", "path": "/storageFlags", "value": 33},
  { "file": "game:blocktypes/plant/tallfern", "op": "add", "path": "/storageFlags", "value": 33},
  { "file": "game:blocktypes/plant/waterlily", "op": "add", "path": "/storageFlags", "value": 33},
  { "file": "game:blocktypes/plant/wildvine", "op": "add", "path": "/storageFlags", "value": 33},
  { "file": "game:itemtypes/food/fruit", "op": "add", "path": "/storageFlags", "value": 33},
  { "file": "game:itemtypes/food/grain", "op": "add", "path": "/storageFlags", "value": 33},
  { "file": "game:itemtypes/food/legume", "op": "add", "path": "/storageFlags", "value": 33},
  { "file": "game:itemtypes/food/vegetable", "op": "add", "path": "/storageFlags", "value": 33},
  { "file": "game:itemtypes/resource/catttailroot", "op": "add", "path": "/storageFlags", "value": 33},
  { "file": "game:itemtypes/resource/catttailtops", "op": "add", "path": "/storageFlags", "value": 33},
  { "file": "game:itemtypes/resource/compost", "op": "add", "path": "/storageFlags", "value": 33},
  { "file": "game:itemtypes/resource/crushed/bonemeal", "op": "add", "path": "/storageFlags", "value": 33},
  { "file": "game:itemtypes/resource/crushed/potash", "op": "add", "path": "/storageFlags", "value": 33},
  { "file": "game:itemtypes/resource/crushed/saltpeter", "op": "add", "path": "/storageFlags", "value": 33},
  { "file": "game:itemtypes/resource/drygrass", "op": "add", "path": "/storageFlags", "value": 33},
  { "file": "game:itemtypes/resource/flaxfibers", "op": "add", "path": "/storageFlags", "value": 33},
  { "file": "game:itemtypes/resource/papyrusroot", "op": "add", "path": "/storageFlags", "value": 33},
  { "file": "game:itemtypes/resource/papyrustops", "op": "add", "path": "/storageFlags", "value": 33},
  { "file": "game:itemtypes/resource/seeds", "op": "add", "path": "/storageFlags", "value": 33},
  { "file": "game:itemtypes/tool/hoe", "op": "add", "path": "/storageFlags", "value": 33},
  { "file": "game:itemtypes/tool/scythe", "op": "add", "path": "/storageFlags", "value": 33},
  
  // forestry bag
  { "file": "game:blocktypes/plant/plaintreesapling", "op": "add", "path": "/storageFlags", "value": 4097},
  { "file": "game:blocktypes/plant/fruittreebranch", "op": "add", "path": "/storageFlags", "value": 4097},  
  { "file": "game:itemtypes/resource/bamboostakes", "op": "add", "path": "/storageFlags", "value": 4097},  
  { "file": "game:itemtypes/resource/firewood", "op": "add", "path": "/storageFlags", "value": 4097},
  { "file": "game:itemtypes/resource/honeycomb", "op": "add", "path": "/storageFlags", "value": 4097},
  { "file": "game:itemtypes/resource/plank", "op": "add", "path": "/storageFlags", "value": 4097},
  { "file": "game:itemtypes/resource/resin", "op": "add", "path": "/storageFlags", "value": 4097},
  { "file": "game:itemtypes/resource/stick", "op": "add", "path": "/storageFlags", "value": 4097},
  { "file": "game:itemtypes/resource/treeseed", "op": "add", "path": "/storageFlags", "value": 4097},
  { "file": "game:itemtypes/tool/axe-metal", "op": "add", "path": "/storageFlags", "value": 4097},
  { "file": "game:itemtypes/tool/axe-stone", "op": "add", "path": "/storageFlags", "value": 4097},
  { "file": "game:itemtypes/tool/saw", "op": "add", "path": "/storageFlags", "value": 4097},
  { "file": "game:itemtypes/tool/shears", "op": "add", "path": "/storageFlags", "value": 4097},
  
  // builder bag
  { "file": "game:blocktypes/chiseled/chiseledblock", "op": "add", "path": "/storageFlags", "value": 8193},
  { "file": "game:blocktypes/chiseled/microblock", "op": "add", "path": "/storageFlags", "value": 8193},
  { "file": "game:blocktypes/clay/brick", "op": "add", "path": "/storageFlags", "value": 8193},
  { "file": "game:blocktypes/clay/brickslab", "op": "add", "path": "/storageFlags", "value": 8193},
  { "file": "game:blocktypes/clay/brickstairs", "op": "add", "path": "/storageFlags", "value": 8193},
  { "file": "game:blocktypes/clay/chimney", "op": "add", "path": "/storageFlags", "value": 8193},
  { "file": "game:blocktypes/clay/flowerpot", "op": "add", "path": "/storageFlags", "value": 8193},
  { "file": "game:blocktypes/clay/hardenedclay", "op": "add", "path": "/storageFlags", "value": 8193},
  { "file": "game:blocktypes/clay/oven", "op": "add", "path": "/storageFlags", "value": 8193},
  { "file": "game:blocktypes/clay/planter", "op": "add", "path": "/storageFlags", "value": 8193},
  { "file": "game:blocktypes/clay/refractorybrick", "op": "add", "path": "/storageFlags", "value": 8193},
  { "file": "game:blocktypes/clay/refractorybrickgrating", "op": "add", "path": "/storageFlags", "value": 8193},
  { "file": "game:blocktypes/clay/shingleblock", "op": "add", "path": "/storageFlags", "value": 8193},
  { "file": "game:blocktypes/clay/shingleslab", "op": "add", "path": "/storageFlags", "value": 8193},
  { "file": "game:blocktypes/clay/shinglestairs", "op": "add", "path": "/storageFlags", "value": 8193},
  { "file": "game:blocktypes/clay/storagevessel", "op": "add", "path": "/storageFlags", "value": 8193},
  { "file": "game:blocktypes/cloth/linen", "op": "add", "path": "/storageFlags", "value": 8193},
  { "file": "game:blocktypes/cloth/mediumcarpet", "op": "add", "path": "/storageFlags", "value": 8193},
  { "file": "game:blocktypes/cloth/rushmat", "op": "add", "path": "/storageFlags", "value": 8193},
  { "file": "game:blocktypes/cloth/smallcarpet", "op": "add", "path": "/storageFlags", "value": 8193},
  { "file": "game:blocktypes/cloth/tapestry", "op": "add", "path": "/storageFlags", "value": 8193},
  { "file": "game:blocktypes/cloth/wallpaper", "op": "add", "path": "/storageFlags", "value": 8193},
  { "file": "game:blocktypes/cloth/wool", "op": "add", "path": "/storageFlags", "value": 8193},
  { "file": "game:blocktypes/glass/displaycase", "op": "add", "path": "/storageFlags", "value": 8193},
  { "file": "game:blocktypes/glass/full-colored", "op": "add", "path": "/storageFlags", "value": 8193},
  { "file": "game:blocktypes/glass/full-plain", "op": "add", "path": "/storageFlags", "value": 8193},
  { "file": "game:blocktypes/glass/full-quartz", "op": "add", "path": "/storageFlags", "value": 8193},
  { "file": "game:blocktypes/glass/pane", "op": "add", "path": "/storageFlags", "value": 8193},
  { "file": "game:blocktypes/glass/slab-colored", "op": "add", "path": "/storageFlags", "value": 8193},
  { "file": "game:blocktypes/glass/slab-plain", "op": "add", "path": "/storageFlags", "value": 8193},
  { "file": "game:blocktypes/glass/slab-quartz", "op": "add", "path": "/storageFlags", "value": 8193},
  { "file": "game:blocktypes/liquid/glacierice", "op": "add", "path": "/storageFlags", "value": 8193},
  { "file": "game:blocktypes/liquid/lakeice", "op": "add", "path": "/storageFlags", "value": 8193},
  { "file": "game:blocktypes/liquid/snowblock", "op": "add", "path": "/storageFlags", "value": 8193},
  { "file": "game:blocktypes/mechanics/angledgears", "op": "add", "path": "/storageFlags", "value": 8193},
  { "file": "game:blocktypes/mechanics/axle", "op": "add", "path": "/storageFlags", "value": 8193},
  { "file": "game:blocktypes/mechanics/brake", "op": "add", "path": "/storageFlags", "value": 8193},
  { "file": "game:blocktypes/mechanics/clutch", "op": "add", "path": "/storageFlags", "value": 8193},
  { "file": "game:blocktypes/mechanics/helvehammerbase", "op": "add", "path": "/storageFlags", "value": 8193},
  { "file": "game:blocktypes/mechanics/largegear3m", "op": "add", "path": "/storageFlags", "value": 8193},
  { "file": "game:blocktypes/mechanics/pulverizerframe", "op": "add", "path": "/storageFlags", "value": 8193},
  { "file": "game:blocktypes/mechanics/toggle", "op": "add", "path": "/storageFlags", "value": 8193},
  { "file": "game:blocktypes/mechanics/transmission", "op": "add", "path": "/storageFlags", "value": 8193},
  { "file": "game:blocktypes/mechanics/windmillrotor", "op": "add", "path": "/storageFlags", "value": 8193},
  { "file": "game:blocktypes/metal/fullmetalblock", "op": "add", "path": "/storageFlags", "value": 8193},
  { "file": "game:blocktypes/metal/irondoor", "op": "add", "path": "/storageFlags", "value": 8193},
  { "file": "game:blocktypes/metal/ironfence", "op": "add", "path": "/storageFlags", "value": 8193},
  { "file": "game:blocktypes/metal/lantern", "op": "add", "path": "/storageFlags", "value": 8449}, // plus 256 for offhand
  { "file": "game:blocktypes/metal/torchholder", "op": "add", "path": "/storageFlags", "value": 8193},
  { "file": "game:blocktypes/plant/hay", "op": "add", "path": "/storageFlags", "value": 8193},
  { "file": "game:blocktypes/roofing/slantedroofing", "op": "add", "path": "/storageFlags", "value": 8193},
  { "file": "game:blocktypes/roofing/slantedroofingcorner-inner", "op": "add", "path": "/storageFlags", "value": 8193},
  { "file": "game:blocktypes/roofing/slantedroofingcorner-outer", "op": "add", "path": "/storageFlags", "value": 8193},
  { "file": "game:blocktypes/roofing/slantedroofingridge", "op": "add", "path": "/storageFlags", "value": 8193},
  { "file": "game:blocktypes/roofing/slantedroofingtip", "op": "add", "path": "/storageFlags", "value": 8193},
  { "file": "game:blocktypes/soil/aridpackeddirt", "op": "add", "path": "/storageFlags", "value": 8193},
  { "file": "game:blocktypes/soil/bony", "op": "add", "path": "/storageFlags", "value": 8193},
  { "file": "game:blocktypes/soil/bony-layered", "op": "add", "path": "/storageFlags", "value": 8193},
  { "file": "game:blocktypes/soil/cob", "op": "add", "path": "/storageFlags", "value": 8193},
  { "file": "game:blocktypes/soil/mudbrick", "op": "add", "path": "/storageFlags", "value": 8193},
  { "file": "game:blocktypes/soil/mudbrickslab", "op": "add", "path": "/storageFlags", "value": 8193},
  { "file": "game:blocktypes/soil/muddygravel", "op": "add", "path": "/storageFlags", "value": 8193},
  { "file": "game:blocktypes/soil/packeddirt", "op": "add", "path": "/storageFlags", "value": 8193},
  { "file": "game:blocktypes/stone/cementationfurnace/stonecoffin", "op": "add", "path": "/storageFlags", "value": 8193},
  { "file": "game:blocktypes/stone/cementationfurnace/stonecoffinlid", "op": "add", "path": "/storageFlags", "value": 8193},
  { "file": "game:blocktypes/stone/cobble/cobbleskull", "op": "add", "path": "/storageFlags", "value": 8193},
  { "file": "game:blocktypes/stone/cobble/cobbleslab", "op": "add", "path": "/storageFlags", "value": 8193},
  { "file": "game:blocktypes/stone/cobble/cobblestone", "op": "add", "path": "/storageFlags", "value": 8193},
  { "file": "game:blocktypes/stone/cobble/cobblestonestairs", "op": "add", "path": "/storageFlags", "value": 8193},
  { "file": "game:blocktypes/stone/cobble/lichencobble", "op": "add", "path": "/storageFlags", "value": 8193},
  { "file": "game:blocktypes/stone/cobble/mossycobble", "op": "add", "path": "/storageFlags", "value": 8193},
  { "file": "game:blocktypes/stone/generic/stonepath", "op": "add", "path": "/storageFlags", "value": 8193},
  { "file": "game:blocktypes/stone/generic/stonepathslab", "op": "add", "path": "/storageFlags", "value": 8193},
  { "file": "game:blocktypes/stone/generic/stonepathstairs", "op": "add", "path": "/storageFlags", "value": 8193},
  { "file": "game:blocktypes/stone/gravel", "op": "add", "path": "/storageFlags", "value": 8193},
  { "file": "game:blocktypes/stone/gravel-layered", "op": "add", "path": "/storageFlags", "value": 8193},
  { "file": "game:blocktypes/stone/plaster-fancy", "op": "add", "path": "/storageFlags", "value": 8193},
  { "file": "game:blocktypes/stone/plaster-plain", "op": "add", "path": "/storageFlags", "value": 8193},
  { "file": "game:blocktypes/stone/polished/lichenpolished", "op": "add", "path": "/storageFlags", "value": 8193},
  { "file": "game:blocktypes/stone/polished/mossypolished", "op": "add", "path": "/storageFlags", "value": 8193},
  { "file": "game:blocktypes/stone/polished/polishedrock", "op": "add", "path": "/storageFlags", "value": 8193},
  { "file": "game:blocktypes/stone/polished/polishedrockslab", "op": "add", "path": "/storageFlags", "value": 8193},
  { "file": "game:blocktypes/stone/quartz/full", "op": "add", "path": "/storageFlags", "value": 8193},
  { "file": "game:blocktypes/stone/quartz/pillar", "op": "add", "path": "/storageFlags", "value": 8193},
  { "file": "game:blocktypes/stone/quartz/slab", "op": "add", "path": "/storageFlags", "value": 8193},
  { "file": "game:blocktypes/stone/quartz/stairs", "op": "add", "path": "/storageFlags", "value": 8193},
  { "file": "game:blocktypes/stone/rock", "op": "replace", "path": "/storageFlags", "value": 8197}, // 8197 for mining bag
  { "file": "game:blocktypes/stone/sand", "op": "add", "path": "/storageFlags", "value": 8193},
  { "file": "game:blocktypes/stone/sand-layered", "op": "add", "path": "/storageFlags", "value": 8193},
  { "file": "game:blocktypes/stone/stonebrick/lichenbrick", "op": "add", "path": "/storageFlags", "value": 8193},
  { "file": "game:blocktypes/stone/stonebrick/mossybrick", "op": "add", "path": "/storageFlags", "value": 8193},
  { "file": "game:blocktypes/stone/stonebrick/stonebrick", "op": "add", "path": "/storageFlags", "value": 8193},
  { "file": "game:blocktypes/stone/stonebrick/stonebrickslab", "op": "add", "path": "/storageFlags", "value": 8193},
  { "file": "game:blocktypes/stone/stonebrick/stonebrickstairs", "op": "add", "path": "/storageFlags", "value": 8193},
  { "file": "game:blocktypes/wood/agedwallpaperplanks", "op": "add", "path": "/storageFlags", "value": 8193},
  { "file": "game:blocktypes/wood/barrel", "op": "add", "path": "/storageFlags", "value": 8193},
  { "file": "game:blocktypes/wood/bed", "op": "add", "path": "/storageFlags", "value": 8193},
  { "file": "game:blocktypes/wood/bookshelves", "op": "add", "path": "/storageFlags", "value": 8193},
  { "file": "game:blocktypes/wood/chair", "op": "add", "path": "/storageFlags", "value": 8193},
  { "file": "game:blocktypes/wood/chest", "op": "add", "path": "/storageFlags", "value": 8193},
  { "file": "game:blocktypes/wood/chest-labeled", "op": "add", "path": "/storageFlags", "value": 8193},
  { "file": "game:blocktypes/wood/chest-trunk", "op": "add", "path": "/storageFlags", "value": 8193},
  { "file": "game:blocktypes/wood/crate-legacy", "op": "add", "path": "/storageFlags", "value": 8193},
  { "file": "game:blocktypes/wood/door", "op": "add", "path": "/storageFlags", "value": 8193},
  { "file": "game:blocktypes/wood/fruitpress", "op": "add", "path": "/storageFlags", "value": 8193},
  { "file": "game:blocktypes/wood/ladder", "op": "add", "path": "/storageFlags", "value": 8193},
  { "file": "game:blocktypes/wood/path", "op": "add", "path": "/storageFlags", "value": 8193},
  { "file": "game:blocktypes/wood/shelf", "op": "add", "path": "/storageFlags", "value": 8193},
  { "file": "game:blocktypes/wood/sign", "op": "add", "path": "/storageFlags", "value": 8193},
  { "file": "game:blocktypes/wood/signpost", "op": "add", "path": "/storageFlags", "value": 8193},
  { "file": "game:blocktypes/wood/stackedbamboo", "op": "add", "path": "/storageFlags", "value": 8193},
  { "file": "game:blocktypes/wood/table", "op": "add", "path": "/storageFlags", "value": 8193},
  { "file": "game:blocktypes/wood/toolrack", "op": "add", "path": "/storageFlags", "value": 8193},
  { "file": "game:blocktypes/wood/trapdoor", "op": "add", "path": "/storageFlags", "value": 8193},
  { "file": "game:blocktypes/wood/woodtyped/crate", "op": "add", "path": "/storageFlags", "value": 8193},
  { "file": "game:blocktypes/wood/woodtyped/fence", "op": "add", "path": "/storageFlags", "value": 8193},
  { "file": "game:blocktypes/wood/woodtyped/fencegate", "op": "add", "path": "/storageFlags", "value": 8193},
  { "file": "game:blocktypes/wood/woodtyped/planks", "op": "add", "path": "/storageFlags", "value": 8193},
  { "file": "game:blocktypes/wood/woodtyped/plankslab", "op": "add", "path": "/storageFlags", "value": 8193},
  { "file": "game:blocktypes/wood/woodtyped/plankstairs", "op": "add", "path": "/storageFlags", "value": 8193},
  { "file": "game:blocktypes/wood/woodtyped/roughhewnfence", "op": "add", "path": "/storageFlags", "value": 8193},
  { "file": "game:blocktypes/wood/woodtyped/roughhewnfencegate", "op": "add", "path": "/storageFlags", "value": 8193},

  // agriculture bag and builder bag
  { "file": "game:blocktypes/soil/farmland", "op": "add", "path": "/storageFlags", "value": 8225},
  { "file": "game:blocktypes/soil/soil", "op": "add", "path": "/storageFlags", "value": 8225},
  
  // builder bag and forestry bag
  { "file": "game:blocktypes/wood/woodtyped/log", "op": "add", "path": "/storageFlags", "value": 12289},
  { "file": "game:blocktypes/wood/woodtyped/log-section", "op": "add", "path": "/storageFlags", "value": 12289}
]
