{
  "code": "crop",
  "class": "BlockCrop",
  "behaviors": [{ "name": "Unstable" }],
  "variantgroups": [
    { "code": "type", "states": ["cotton"] },
    { "code": "stage", "states": ["1", "2", "3", "4", "5", "6", "7", "8"] }
  ],
  "creativeinventory": { "general": [""], "plants": [""], "hideandfabric": [""] },
  "renderpass": "OpaqueNoCull",
  "shape": { "base": "game:block/plant/crop/cross" },
  "blockmaterial": "Plant",
  "textures": {
    "0": { "base": "block/plant/crop/{type}/normal{stage}" }
  },
  "attributes": {
    "butterflyFeedByType": {
			"*-1": false,
      "*-2": false,
      "*-3": false,
			"*-4": false,
      "*-9": false,
      "*-8": false,
			"*": true
		},
		"beeFeedByType": {
			"*-1": false,
      "*-2": false,
      "*-3": false,
			"*-4": false,
      "*-9": false,
      "*-8": false,
			"*": true
		},
    "sitHeight": 0.55,
    "tickGrowthProbability": 0.05,
    "handbook": {
      "include": true
    }
  },
  "sideopaque": {
    "all": false
  },
  "sidesolid": {
    "all": false
  },
  "replaceable": 3000,
  "lightAbsorption": 0,
  "resistance": 0.5,
  "sounds": {
    "place": "game:block/plant",
    "break": "game:block/plant",
    "hit": "game:block/plant"
  },
  "rainPermeable": false,
  "dropsByType": {
    "*-8": [
      { "type": "item", "code": "seeds-cotton", "quantity": { "avg": 1.1 } },
      { "type": "item", "code": "fibers-cotton", "quantity": { "avg": 4, "var": 1 } }
    ],
    "*": [{ "type": "item", "code": "seeds-cotton", "quantity": { "avg": 0.7 } }]
  },
  "cropProps": {
    "__comment": "Gonna leave this consistent with flax",
    "requiredNutrient": "k",
    "nutrientConsumption": 50,
    "growthStages": 8,
    "totalGrowthDays": 9
  },
  "collisionbox": null,
  "selectionbox": { "x1": 0.0625, "y1": 0, "z1": 0.0625, "x2": 0.9375, "y2": 0.25, "z2": 0.9375 },
  "materialDensity": 200,
  "combustibleProps": {
    "burnTemperature": 600,
    "burnDuration": 10
  }
}
