{
    "code": "crop",
    "class": "BlockCrop",
    "behaviors": [{ "name": "Unstable" }],
    "variantgroups": [
      { "code": "type", "states": ["jute"] },
      { "code": "stage", "states": ["1", "2", "3", "4", "5", "6", "7", "8", "9"] }
    ],
    "creativeinventory": { "general": [""], "plants": [""], "hideandfabric": [""] },
    "renderpass": "OpaqueNoCull",
    "shape": {
        "base": "block/plant/croptall" 
    },
    "blockmaterial": "Plant",
    "textures": {
        "w": { "base": "block/plant/crop/jute/w{stage}" },
        "e": { "base": "block/plant/crop/jute/e{stage}"}
      },
    "attributes": {
        "butterflyFeedByType": {
			    "*": true
		    },
		"beeFeedByType": {
			"*": true
		  },
      "sitHeight": 0.55,
      "tickGrowthProbability": 0.05,
      "handbook": {
        "include": true
      }
    },
    "sideopaque": {
      "all": false
    },
    "sidesolid": {
      "all": false
    },
    "replaceable": 3000,
    "lightAbsorption": 0,
    "resistance": 0.5,
    "sounds": {
      "place": "game:block/plant",
      "break": "game:block/plant",
      "hit": "game:block/plant"
    },
    "rainPermeable": false,
    "dropsByType": {
      "*-9": [
        { "type": "item", "code": "seeds-jute", "quantity": { "avg": 1.1 } },
        { "type": "item", "code": "fibers-jute", "quantity": { "avg": 4, "var": 1 } }
      ],
      "*": [{ "type": "item", "code": "seeds-jute", "quantity": { "avg": 0.7 } }]
    },
    "cropProps": {
      "__comment": "Gonna leave this consistent with flax",
      "requiredNutrient": "k",
      "nutrientConsumption": 50,
      "growthStages": 9,
      "totalGrowthDays": 9
    },
    "collisionbox": null,
    "selectionbox": { "x1": 0.0625, "y1": 0, "z1": 0.0625, "x2": 0.9375, "y2": 0.25, "z2": 0.9375 },
    "materialDensity": 200,
    "combustibleProps": { 
      "burnTemperature": 600,
      "burnDuration": 10
    }
  }
  