[
{
  "ingredientPattern": "S,P",
  "ingredients": {
    "S": { "type": "item", "code": "game:hammer-*", "isTool": true },
    "P": { "type": "item", "code": "game:nugget-ilmenite", "quantity": 4 }
  },
  "width": 1,
  "height": 2,
  "output": { "type": "item", "code": "game:crushed-ilmenite", "quantity": 1 }
},
{
  "ingredientPattern": "S,P",
  "ingredients": {
    "S": { "type": "item", "code": "game:hammer-*", "isTool": true },
    "P": { "type": "item", "code": "game:nugget-cassiterite", "quantity": 4 }
  },
  "width": 1,
  "height": 2,
  "output": { "type": "item", "code": "game:crushed-cassiterite", "quantity": 1 }
},
{
  "ingredientPattern": "S,P",
  "ingredients": {
    "S": { "type": "item", "code": "game:hammer-*", "isTool": true },
    "P": { "type": "item", "code": "game:nugget-chromite", "quantity": 4 }
  },
  "width": 1,
  "height": 2,
  "output": { "type": "item", "code": "game:crushed-chromite", "quantity": 1 }
},
{
  "ingredientPattern": "S,P",
  "ingredients": {
    "S": { "type": "item", "code": "game:hammer-*", "isTool": true },
    "P": { "type": "item", "code": "game:nugget-galena", "quantity": 4 }
  },
  "width": 1,
  "height": 2,
  "output": { "type": "item", "code": "game:crushed-leadoxide", "quantity": 1 }
}
]