[
  {
    "op": "add",
    "path": "/attributesByType/*-glimmershield",
    "value": {
      "handbook": {
        "exclude": true
      },
      "stacks": [
        { "type": "item", "code": "game:lore-book-aged-orangebrown", "chance": 1, "attributes": { "category": "glimmershield" } }
      ]
    },
    "file": "game:itemtypes/meta/stackrandomizer.json",
    "side": "Server"
  },
  {
    "op": "add",
    "path": "/variantgroups/0/states/-",
    "value": "glimmershield",
    "file": "game:itemtypes/meta/stackrandomizer.json",
    "side": "Server"
  }
]