[
  {
    "op": "add",
    "path": "/attributesByType/*-lastwall",
    "value": {
      "handbook": {
        "exclude": true
      },
      "stacks": [
        { "type": "item", "code": "game:lore-book-aged-darkgray", "chance": 1, "attributes": { "category": "lastwall" } }
      ]
    },
    "file": "game:itemtypes/meta/stackrandomizer.json",
    "side": "Server"
  },
  {
    "op": "add",
    "path": "/variantgroups/0/states/-",
    "value": "lastwall",
    "file": "game:itemtypes/meta/stackrandomizer.json",
    "side": "Server"
  }
]